admin_code,admin_level,region_name_en,region_name_ru,country_iso,federal_district,occupation_category,occupation_code,wage_value,currency,wage_period,wage_measure,survey_type,year,population,parent_admin_code,classification_system,data_availability,source,last_updated
RU-NAT,0,Russian Federation,Российская Федерация,RU,,Total,,74854,RUB,monthly,average_monthly_nominal_accrued_wage,annual_regional_total,2023,,,OKATO_MACRO,national,https://rosstat.gov.ru/storage/mediabank/tab4-zpl-2025.xlsx,2026-07-29
RU-NAT,0,Russian Federation,Российская Федерация,RU,,Total,,89069.3,RUB,monthly,average_monthly_nominal_accrued_wage,annual_regional_total,2024,,,OKATO_MACRO,national,https://rosstat.gov.ru/storage/mediabank/tab4-zpl-2025.xlsx,2026-07-29
RU-NAT,0,Russian Federation,Российская Федерация,RU,,Total,,101784,RUB,monthly,average_monthly_nominal_accrued_wage,annual_regional_total,2025,,,OKATO_MACRO,national,https://rosstat.gov.ru/storage/mediabank/tab4-zpl-2025.xlsx,2026-07-29
RU-FD-Central,0,Central Federal District,Центральный федеральный округ,RU,Central,Total,,94239.4,RUB,monthly,average_monthly_nominal_accrued_wage,annual_regional_total,2023,,RU-NAT,OKATO_MACRO,federal_district,https://rosstat.gov.ru/storage/mediabank/tab4-zpl-2025.xlsx,2026-07-29
RU-FD-Central,0,Central Federal District,Центральный федеральный округ,RU,Central,Total,,112224.6,RUB,monthly,average_monthly_nominal_accrued_wage,annual_regional_total,2024,,RU-NAT,OKATO_MACRO,federal_district,https://rosstat.gov.ru/storage/mediabank/tab4-zpl-2025.xlsx,2026-07-29
RU-FD-Central,0,Central Federal District,Центральный федеральный округ,RU,Central,Total,,128525.4,RUB,monthly,average_monthly_nominal_accrued_wage,annual_regional_total,2025,,RU-NAT,OKATO_MACRO,federal_district,https://rosstat.gov.ru/storage/mediabank/tab4-zpl-2025.xlsx,2026-07-29
14,1,Belgorod Oblast,Белгородская область,RU,Central,Total,,54495.1,RUB,monthly,average_monthly_nominal_accrued_wage,annual_regional_total,2023,,RU-FD-Central,OKATO_FEDERAL_SUBJECT,federal_subject,https://rosstat.gov.ru/storage/mediabank/tab4-zpl-2025.xlsx,2026-07-29
14,1,Belgorod Oblast,Белгородская область,RU,Central,Total,,65822.1,RUB,monthly,average_monthly_nominal_accrued_wage,annual_regional_total,2024,,RU-FD-Central,OKATO_FEDERAL_SUBJECT,federal_subject,https://rosstat.gov.ru/storage/mediabank/tab4-zpl-2025.xlsx,2026-07-29
14,1,Belgorod Oblast,Белгородская область,RU,Central,Total,,74886.6,RUB,monthly,average_monthly_nominal_accrued_wage,annual_regional_total,2025,,RU-FD-Central,OKATO_FEDERAL_SUBJECT,federal_subject,https://rosstat.gov.ru/storage/mediabank/tab4-zpl-2025.xlsx,2026-07-29
15,1,Bryansk Oblast,Брянская область,RU,Central,Total,,48080.1,RUB,monthly,average_monthly_nominal_accrued_wage,annual_regional_total,2023,,RU-FD-Central,OKATO_FEDERAL_SUBJECT,federal_subject,https://rosstat.gov.ru/storage/mediabank/tab4-zpl-2025.xlsx,2026-07-29
15,1,Bryansk Oblast,Брянская область,RU,Central,Total,,58486.6,RUB,monthly,average_monthly_nominal_accrued_wage,annual_regional_total,2024,,RU-FD-Central,OKATO_FEDERAL_SUBJECT,federal_subject,https://rosstat.gov.ru/storage/mediabank/tab4-zpl-2025.xlsx,2026-07-29
15,1,Bryansk Oblast,Брянская область,RU,Central,Total,,67049.4,RUB,monthly,average_monthly_nominal_accrued_wage,annual_regional_total,2025,,RU-FD-Central,OKATO_FEDERAL_SUBJECT,federal_subject,https://rosstat.gov.ru/storage/mediabank/tab4-zpl-2025.xlsx,2026-07-29
17,1,Vladimir Oblast,Владимирская область,RU,Central,Total,,53285.6,RUB,monthly,average_monthly_nominal_accrued_wage,annual_regional_total,2023,,RU-FD-Central,OKATO_FEDERAL_SUBJECT,federal_subject,https://rosstat.gov.ru/storage/mediabank/tab4-zpl-2025.xlsx,2026-07-29
17,1,Vladimir Oblast,Владимирская область,RU,Central,Total,,64720.9,RUB,monthly,average_monthly_nominal_accrued_wage,annual_regional_total,2024,,RU-FD-Central,OKATO_FEDERAL_SUBJECT,federal_subject,https://rosstat.gov.ru/storage/mediabank/tab4-zpl-2025.xlsx,2026-07-29
17,1,Vladimir Oblast,Владимирская область,RU,Central,Total,,74887.5,RUB,monthly,average_monthly_nominal_accrued_wage,annual_regional_total,2025,,RU-FD-Central,OKATO_FEDERAL_SUBJECT,federal_subject,https://rosstat.gov.ru/storage/mediabank/tab4-zpl-2025.xlsx,2026-07-29
20,1,Voronezh Oblast,Воронежская область,RU,Central,Total,,53331.5,RUB,monthly,average_monthly_nominal_accrued_wage,annual_regional_total,2023,,RU-FD-Central,OKATO_FEDERAL_SUBJECT,federal_subject,https://rosstat.gov.ru/storage/mediabank/tab4-zpl-2025.xlsx,2026-07-29
20,1,Voronezh Oblast,Воронежская область,RU,Central,Total,,63352.6,RUB,monthly,average_monthly_nominal_accrued_wage,annual_regional_total,2024,,RU-FD-Central,OKATO_FEDERAL_SUBJECT,federal_subject,https://rosstat.gov.ru/storage/mediabank/tab4-zpl-2025.xlsx,2026-07-29
20,1,Voronezh Oblast,Воронежская область,RU,Central,Total,,75524.7,RUB,monthly,average_monthly_nominal_accrued_wage,annual_regional_total,2025,,RU-FD-Central,OKATO_FEDERAL_SUBJECT,federal_subject,https://rosstat.gov.ru/storage/mediabank/tab4-zpl-2025.xlsx,2026-07-29
24,1,Ivanovo Oblast,Ивановская область,RU,Central,Total,,41928.8,RUB,monthly,average_monthly_nominal_accrued_wage,annual_regional_total,2023,,RU-FD-Central,OKATO_FEDERAL_SUBJECT,federal_subject,https://rosstat.gov.ru/storage/mediabank/tab4-zpl-2025.xlsx,2026-07-29
24,1,Ivanovo Oblast,Ивановская область,RU,Central,Total,,49722.5,RUB,monthly,average_monthly_nominal_accrued_wage,annual_regional_total,2024,,RU-FD-Central,OKATO_FEDERAL_SUBJECT,federal_subject,https://rosstat.gov.ru/storage/mediabank/tab4-zpl-2025.xlsx,2026-07-29
24,1,Ivanovo Oblast,Ивановская область,RU,Central,Total,,58173.7,RUB,monthly,average_monthly_nominal_accrued_wage,annual_regional_total,2025,,RU-FD-Central,OKATO_FEDERAL_SUBJECT,federal_subject,https://rosstat.gov.ru/storage/mediabank/tab4-zpl-2025.xlsx,2026-07-29
29,1,Kaluga Oblast,Калужская область,RU,Central,Total,,61587.9,RUB,monthly,average_monthly_nominal_accrued_wage,annual_regional_total,2023,,RU-FD-Central,OKATO_FEDERAL_SUBJECT,federal_subject,https://rosstat.gov.ru/storage/mediabank/tab4-zpl-2025.xlsx,2026-07-29
29,1,Kaluga Oblast,Калужская область,RU,Central,Total,,74196.7,RUB,monthly,average_monthly_nominal_accrued_wage,annual_regional_total,2024,,RU-FD-Central,OKATO_FEDERAL_SUBJECT,federal_subject,https://rosstat.gov.ru/storage/mediabank/tab4-zpl-2025.xlsx,2026-07-29
29,1,Kaluga Oblast,Калужская область,RU,Central,Total,,86134.2,RUB,monthly,average_monthly_nominal_accrued_wage,annual_regional_total,2025,,RU-FD-Central,OKATO_FEDERAL_SUBJECT,federal_subject,https://rosstat.gov.ru/storage/mediabank/tab4-zpl-2025.xlsx,2026-07-29
34,1,Kostroma Oblast,Костромская область,RU,Central,Total,,46730.1,RUB,monthly,average_monthly_nominal_accrued_wage,annual_regional_total,2023,,RU-FD-Central,OKATO_FEDERAL_SUBJECT,federal_subject,https://rosstat.gov.ru/storage/mediabank/tab4-zpl-2025.xlsx,2026-07-29
34,1,Kostroma Oblast,Костромская область,RU,Central,Total,,56897.5,RUB,monthly,average_monthly_nominal_accrued_wage,annual_regional_total,2024,,RU-FD-Central,OKATO_FEDERAL_SUBJECT,federal_subject,https://rosstat.gov.ru/storage/mediabank/tab4-zpl-2025.xlsx,2026-07-29
34,1,Kostroma Oblast,Костромская область,RU,Central,Total,,64837.3,RUB,monthly,average_monthly_nominal_accrued_wage,annual_regional_total,2025,,RU-FD-Central,OKATO_FEDERAL_SUBJECT,federal_subject,https://rosstat.gov.ru/storage/mediabank/tab4-zpl-2025.xlsx,2026-07-29
38,1,Kursk Oblast,Курская область,RU,Central,Total,,53623.8,RUB,monthly,average_monthly_nominal_accrued_wage,annual_regional_total,2023,,RU-FD-Central,OKATO_FEDERAL_SUBJECT,federal_subject,https://rosstat.gov.ru/storage/mediabank/tab4-zpl-2025.xlsx,2026-07-29
38,1,Kursk Oblast,Курская область,RU,Central,Total,,65127.2,RUB,monthly,average_monthly_nominal_accrued_wage,annual_regional_total,2024,,RU-FD-Central,OKATO_FEDERAL_SUBJECT,federal_subject,https://rosstat.gov.ru/storage/mediabank/tab4-zpl-2025.xlsx,2026-07-29
38,1,Kursk Oblast,Курская область,RU,Central,Total,,75782.6,RUB,monthly,average_monthly_nominal_accrued_wage,annual_regional_total,2025,,RU-FD-Central,OKATO_FEDERAL_SUBJECT,federal_subject,https://rosstat.gov.ru/storage/mediabank/tab4-zpl-2025.xlsx,2026-07-29
42,1,Lipetsk Oblast,Липецкая область,RU,Central,Total,,54044.2,RUB,monthly,average_monthly_nominal_accrued_wage,annual_regional_total,2023,,RU-FD-Central,OKATO_FEDERAL_SUBJECT,federal_subject,https://rosstat.gov.ru/storage/mediabank/tab4-zpl-2025.xlsx,2026-07-29
42,1,Lipetsk Oblast,Липецкая область,RU,Central,Total,,67750.1,RUB,monthly,average_monthly_nominal_accrued_wage,annual_regional_total,2024,,RU-FD-Central,OKATO_FEDERAL_SUBJECT,federal_subject,https://rosstat.gov.ru/storage/mediabank/tab4-zpl-2025.xlsx,2026-07-29
42,1,Lipetsk Oblast,Липецкая область,RU,Central,Total,,77052.8,RUB,monthly,average_monthly_nominal_accrued_wage,annual_regional_total,2025,,RU-FD-Central,OKATO_FEDERAL_SUBJECT,federal_subject,https://rosstat.gov.ru/storage/mediabank/tab4-zpl-2025.xlsx,2026-07-29
46,1,Moscow Oblast,Московская область,RU,Central,Total,,83195.1,RUB,monthly,average_monthly_nominal_accrued_wage,annual_regional_total,2023,,RU-FD-Central,OKATO_FEDERAL_SUBJECT,federal_subject,https://rosstat.gov.ru/storage/mediabank/tab4-zpl-2025.xlsx,2026-07-29
46,1,Moscow Oblast,Московская область,RU,Central,Total,,99204.9,RUB,monthly,average_monthly_nominal_accrued_wage,annual_regional_total,2024,,RU-FD-Central,OKATO_FEDERAL_SUBJECT,federal_subject,https://rosstat.gov.ru/storage/mediabank/tab4-zpl-2025.xlsx,2026-07-29
46,1,Moscow Oblast,Московская область,RU,Central,Total,,117139.2,RUB,monthly,average_monthly_nominal_accrued_wage,annual_regional_total,2025,,RU-FD-Central,OKATO_FEDERAL_SUBJECT,federal_subject,https://rosstat.gov.ru/storage/mediabank/tab4-zpl-2025.xlsx,2026-07-29
54,1,Oryol Oblast,Орловская область,RU,Central,Total,,47381.6,RUB,monthly,average_monthly_nominal_accrued_wage,annual_regional_total,2023,,RU-FD-Central,OKATO_FEDERAL_SUBJECT,federal_subject,https://rosstat.gov.ru/storage/mediabank/tab4-zpl-2025.xlsx,2026-07-29
54,1,Oryol Oblast,Орловская область,RU,Central,Total,,56133.5,RUB,monthly,average_monthly_nominal_accrued_wage,annual_regional_total,2024,,RU-FD-Central,OKATO_FEDERAL_SUBJECT,federal_subject,https://rosstat.gov.ru/storage/mediabank/tab4-zpl-2025.xlsx,2026-07-29
54,1,Oryol Oblast,Орловская область,RU,Central,Total,,64142.8,RUB,monthly,average_monthly_nominal_accrued_wage,annual_regional_total,2025,,RU-FD-Central,OKATO_FEDERAL_SUBJECT,federal_subject,https://rosstat.gov.ru/storage/mediabank/tab4-zpl-2025.xlsx,2026-07-29
61,1,Ryazan Oblast,Рязанская область,RU,Central,Total,,53269.7,RUB,monthly,average_monthly_nominal_accrued_wage,annual_regional_total,2023,,RU-FD-Central,OKATO_FEDERAL_SUBJECT,federal_subject,https://rosstat.gov.ru/storage/mediabank/tab4-zpl-2025.xlsx,2026-07-29
61,1,Ryazan Oblast,Рязанская область,RU,Central,Total,,64454.7,RUB,monthly,average_monthly_nominal_accrued_wage,annual_regional_total,2024,,RU-FD-Central,OKATO_FEDERAL_SUBJECT,federal_subject,https://rosstat.gov.ru/storage/mediabank/tab4-zpl-2025.xlsx,2026-07-29
61,1,Ryazan Oblast,Рязанская область,RU,Central,Total,,74524.8,RUB,monthly,average_monthly_nominal_accrued_wage,annual_regional_total,2025,,RU-FD-Central,OKATO_FEDERAL_SUBJECT,federal_subject,https://rosstat.gov.ru/storage/mediabank/tab4-zpl-2025.xlsx,2026-07-29
66,1,Smolensk Oblast,Смоленская область,RU,Central,Total,,49184.6,RUB,monthly,average_monthly_nominal_accrued_wage,annual_regional_total,2023,,RU-FD-Central,OKATO_FEDERAL_SUBJECT,federal_subject,https://rosstat.gov.ru/storage/mediabank/tab4-zpl-2025.xlsx,2026-07-29
66,1,Smolensk Oblast,Смоленская область,RU,Central,Total,,60415.1,RUB,monthly,average_monthly_nominal_accrued_wage,annual_regional_total,2024,,RU-FD-Central,OKATO_FEDERAL_SUBJECT,federal_subject,https://rosstat.gov.ru/storage/mediabank/tab4-zpl-2025.xlsx,2026-07-29
66,1,Smolensk Oblast,Смоленская область,RU,Central,Total,,70223.8,RUB,monthly,average_monthly_nominal_accrued_wage,annual_regional_total,2025,,RU-FD-Central,OKATO_FEDERAL_SUBJECT,federal_subject,https://rosstat.gov.ru/storage/mediabank/tab4-zpl-2025.xlsx,2026-07-29
68,1,Tambov Oblast,Тамбовская область,RU,Central,Total,,45742.1,RUB,monthly,average_monthly_nominal_accrued_wage,annual_regional_total,2023,,RU-FD-Central,OKATO_FEDERAL_SUBJECT,federal_subject,https://rosstat.gov.ru/storage/mediabank/tab4-zpl-2025.xlsx,2026-07-29
68,1,Tambov Oblast,Тамбовская область,RU,Central,Total,,55168,RUB,monthly,average_monthly_nominal_accrued_wage,annual_regional_total,2024,,RU-FD-Central,OKATO_FEDERAL_SUBJECT,federal_subject,https://rosstat.gov.ru/storage/mediabank/tab4-zpl-2025.xlsx,2026-07-29
68,1,Tambov Oblast,Тамбовская область,RU,Central,Total,,63960.5,RUB,monthly,average_monthly_nominal_accrued_wage,annual_regional_total,2025,,RU-FD-Central,OKATO_FEDERAL_SUBJECT,federal_subject,https://rosstat.gov.ru/storage/mediabank/tab4-zpl-2025.xlsx,2026-07-29
28,1,Tver Oblast,Тверская область,RU,Central,Total,,53777.7,RUB,monthly,average_monthly_nominal_accrued_wage,annual_regional_total,2023,,RU-FD-Central,OKATO_FEDERAL_SUBJECT,federal_subject,https://rosstat.gov.ru/storage/mediabank/tab4-zpl-2025.xlsx,2026-07-29
28,1,Tver Oblast,Тверская область,RU,Central,Total,,64705.9,RUB,monthly,average_monthly_nominal_accrued_wage,annual_regional_total,2024,,RU-FD-Central,OKATO_FEDERAL_SUBJECT,federal_subject,https://rosstat.gov.ru/storage/mediabank/tab4-zpl-2025.xlsx,2026-07-29
28,1,Tver Oblast,Тверская область,RU,Central,Total,,73966.9,RUB,monthly,average_monthly_nominal_accrued_wage,annual_regional_total,2025,,RU-FD-Central,OKATO_FEDERAL_SUBJECT,federal_subject,https://rosstat.gov.ru/storage/mediabank/tab4-zpl-2025.xlsx,2026-07-29
70,1,Tula Oblast,Тульская область,RU,Central,Total,,60463.6,RUB,monthly,average_monthly_nominal_accrued_wage,annual_regional_total,2023,,RU-FD-Central,OKATO_FEDERAL_SUBJECT,federal_subject,https://rosstat.gov.ru/storage/mediabank/tab4-zpl-2025.xlsx,2026-07-29
70,1,Tula Oblast,Тульская область,RU,Central,Total,,73868,RUB,monthly,average_monthly_nominal_accrued_wage,annual_regional_total,2024,,RU-FD-Central,OKATO_FEDERAL_SUBJECT,federal_subject,https://rosstat.gov.ru/storage/mediabank/tab4-zpl-2025.xlsx,2026-07-29
70,1,Tula Oblast,Тульская область,RU,Central,Total,,85812.2,RUB,monthly,average_monthly_nominal_accrued_wage,annual_regional_total,2025,,RU-FD-Central,OKATO_FEDERAL_SUBJECT,federal_subject,https://rosstat.gov.ru/storage/mediabank/tab4-zpl-2025.xlsx,2026-07-29
78,1,Yaroslavl Oblast,Ярославская область,RU,Central,Total,,55535.7,RUB,monthly,average_monthly_nominal_accrued_wage,annual_regional_total,2023,,RU-FD-Central,OKATO_FEDERAL_SUBJECT,federal_subject,https://rosstat.gov.ru/storage/mediabank/tab4-zpl-2025.xlsx,2026-07-29
78,1,Yaroslavl Oblast,Ярославская область,RU,Central,Total,,66006.2,RUB,monthly,average_monthly_nominal_accrued_wage,annual_regional_total,2024,,RU-FD-Central,OKATO_FEDERAL_SUBJECT,federal_subject,https://rosstat.gov.ru/storage/mediabank/tab4-zpl-2025.xlsx,2026-07-29
78,1,Yaroslavl Oblast,Ярославская область,RU,Central,Total,,75143.4,RUB,monthly,average_monthly_nominal_accrued_wage,annual_regional_total,2025,,RU-FD-Central,OKATO_FEDERAL_SUBJECT,federal_subject,https://rosstat.gov.ru/storage/mediabank/tab4-zpl-2025.xlsx,2026-07-29
45,1,Moscow,г. Москва,RU,Central,Total,,138881.8,RUB,monthly,average_monthly_nominal_accrued_wage,annual_regional_total,2023,,RU-FD-Central,OKATO_FEDERAL_SUBJECT,federal_subject,https://rosstat.gov.ru/storage/mediabank/tab4-zpl-2025.xlsx,2026-07-29
45,1,Moscow,г. Москва,RU,Central,Total,,162571.7,RUB,monthly,average_monthly_nominal_accrued_wage,annual_regional_total,2024,,RU-FD-Central,OKATO_FEDERAL_SUBJECT,federal_subject,https://rosstat.gov.ru/storage/mediabank/tab4-zpl-2025.xlsx,2026-07-29
45,1,Moscow,г. Москва,RU,Central,Total,,181776.8,RUB,monthly,average_monthly_nominal_accrued_wage,annual_regional_total,2025,,RU-FD-Central,OKATO_FEDERAL_SUBJECT,federal_subject,https://rosstat.gov.ru/storage/mediabank/tab4-zpl-2025.xlsx,2026-07-29
RU-FD-Northwestern,0,Northwestern Federal District,Северо-Западный федеральный округ,RU,Northwestern,Total,,81442,RUB,monthly,average_monthly_nominal_accrued_wage,annual_regional_total,2023,,RU-NAT,OKATO_MACRO,federal_district,https://rosstat.gov.ru/storage/mediabank/tab4-zpl-2025.xlsx,2026-07-29
RU-FD-Northwestern,0,Northwestern Federal District,Северо-Западный федеральный округ,RU,Northwestern,Total,,94802.4,RUB,monthly,average_monthly_nominal_accrued_wage,annual_regional_total,2024,,RU-NAT,OKATO_MACRO,federal_district,https://rosstat.gov.ru/storage/mediabank/tab4-zpl-2025.xlsx,2026-07-29
RU-FD-Northwestern,0,Northwestern Federal District,Северо-Западный федеральный округ,RU,Northwestern,Total,,106872.4,RUB,monthly,average_monthly_nominal_accrued_wage,annual_regional_total,2025,,RU-NAT,OKATO_MACRO,federal_district,https://rosstat.gov.ru/storage/mediabank/tab4-zpl-2025.xlsx,2026-07-29
86,1,Republic of Karelia,Республика Карелия,RU,Northwestern,Total,,64778.7,RUB,monthly,average_monthly_nominal_accrued_wage,annual_regional_total,2023,,RU-FD-Northwestern,OKATO_FEDERAL_SUBJECT,federal_subject,https://rosstat.gov.ru/storage/mediabank/tab4-zpl-2025.xlsx,2026-07-29
86,1,Republic of Karelia,Республика Карелия,RU,Northwestern,Total,,74209.5,RUB,monthly,average_monthly_nominal_accrued_wage,annual_regional_total,2024,,RU-FD-Northwestern,OKATO_FEDERAL_SUBJECT,federal_subject,https://rosstat.gov.ru/storage/mediabank/tab4-zpl-2025.xlsx,2026-07-29
86,1,Republic of Karelia,Республика Карелия,RU,Northwestern,Total,,82437.9,RUB,monthly,average_monthly_nominal_accrued_wage,annual_regional_total,2025,,RU-FD-Northwestern,OKATO_FEDERAL_SUBJECT,federal_subject,https://rosstat.gov.ru/storage/mediabank/tab4-zpl-2025.xlsx,2026-07-29
87,1,Komi Republic,Республика Коми,RU,Northwestern,Total,,77601.1,RUB,monthly,average_monthly_nominal_accrued_wage,annual_regional_total,2023,,RU-FD-Northwestern,OKATO_FEDERAL_SUBJECT,federal_subject,https://rosstat.gov.ru/storage/mediabank/tab4-zpl-2025.xlsx,2026-07-29
87,1,Komi Republic,Республика Коми,RU,Northwestern,Total,,88854.2,RUB,monthly,average_monthly_nominal_accrued_wage,annual_regional_total,2024,,RU-FD-Northwestern,OKATO_FEDERAL_SUBJECT,federal_subject,https://rosstat.gov.ru/storage/mediabank/tab4-zpl-2025.xlsx,2026-07-29
87,1,Komi Republic,Республика Коми,RU,Northwestern,Total,,97935,RUB,monthly,average_monthly_nominal_accrued_wage,annual_regional_total,2025,,RU-FD-Northwestern,OKATO_FEDERAL_SUBJECT,federal_subject,https://rosstat.gov.ru/storage/mediabank/tab4-zpl-2025.xlsx,2026-07-29
11,1,Arkhangelsk Oblast,Архангельская область,RU,Northwestern,Total,,76367.9,RUB,monthly,average_monthly_nominal_accrued_wage,annual_regional_total,2023,,RU-FD-Northwestern,OKATO_FEDERAL_SUBJECT,federal_subject,https://rosstat.gov.ru/storage/mediabank/tab4-zpl-2025.xlsx,2026-07-29
11,1,Arkhangelsk Oblast,Архангельская область,RU,Northwestern,Total,,86404.1,RUB,monthly,average_monthly_nominal_accrued_wage,annual_regional_total,2024,,RU-FD-Northwestern,OKATO_FEDERAL_SUBJECT,federal_subject,https://rosstat.gov.ru/storage/mediabank/tab4-zpl-2025.xlsx,2026-07-29
11,1,Arkhangelsk Oblast,Архангельская область,RU,Northwestern,Total,,96694.6,RUB,monthly,average_monthly_nominal_accrued_wage,annual_regional_total,2025,,RU-FD-Northwestern,OKATO_FEDERAL_SUBJECT,federal_subject,https://rosstat.gov.ru/storage/mediabank/tab4-zpl-2025.xlsx,2026-07-29
RU-NAO-SUB-ARK,1,Nenets AO (within Arkhangelsk Oblast),в том числе Ненецкий авт.округ,RU,Northwestern,Total,,119386.4,RUB,monthly,average_monthly_nominal_accrued_wage,annual_regional_total,2023,,RU-FD-Northwestern,OKATO_FEDERAL_SUBJECT,federal_subject,https://rosstat.gov.ru/storage/mediabank/tab4-zpl-2025.xlsx,2026-07-29
RU-NAO-SUB-ARK,1,Nenets AO (within Arkhangelsk Oblast),в том числе Ненецкий авт.округ,RU,Northwestern,Total,,135205.6,RUB,monthly,average_monthly_nominal_accrued_wage,annual_regional_total,2024,,RU-FD-Northwestern,OKATO_FEDERAL_SUBJECT,federal_subject,https://rosstat.gov.ru/storage/mediabank/tab4-zpl-2025.xlsx,2026-07-29
RU-NAO-SUB-ARK,1,Nenets AO (within Arkhangelsk Oblast),в том числе Ненецкий авт.округ,RU,Northwestern,Total,,147999.4,RUB,monthly,average_monthly_nominal_accrued_wage,annual_regional_total,2025,,RU-FD-Northwestern,OKATO_FEDERAL_SUBJECT,federal_subject,https://rosstat.gov.ru/storage/mediabank/tab4-zpl-2025.xlsx,2026-07-29
RU-ARK-EXAO,1,Arkhangelsk Oblast (excl. Nenets AO),Архангельская область без авт. округа,RU,Northwestern,Total,,72540.2,RUB,monthly,average_monthly_nominal_accrued_wage,annual_regional_total,2023,,RU-FD-Northwestern,OKATO_FEDERAL_SUBJECT,federal_subject,https://rosstat.gov.ru/storage/mediabank/tab4-zpl-2025.xlsx,2026-07-29
RU-ARK-EXAO,1,Arkhangelsk Oblast (excl. Nenets AO),Архангельская область без авт. округа,RU,Northwestern,Total,,82025.5,RUB,monthly,average_monthly_nominal_accrued_wage,annual_regional_total,2024,,RU-FD-Northwestern,OKATO_FEDERAL_SUBJECT,federal_subject,https://rosstat.gov.ru/storage/mediabank/tab4-zpl-2025.xlsx,2026-07-29
RU-ARK-EXAO,1,Arkhangelsk Oblast (excl. Nenets AO),Архангельская область без авт. округа,RU,Northwestern,Total,,92131.9,RUB,monthly,average_monthly_nominal_accrued_wage,annual_regional_total,2025,,RU-FD-Northwestern,OKATO_FEDERAL_SUBJECT,federal_subject,https://rosstat.gov.ru/storage/mediabank/tab4-zpl-2025.xlsx,2026-07-29
19,1,Vologda Oblast,Вологодская область,RU,Northwestern,Total,,58939.2,RUB,monthly,average_monthly_nominal_accrued_wage,annual_regional_total,2023,,RU-FD-Northwestern,OKATO_FEDERAL_SUBJECT,federal_subject,https://rosstat.gov.ru/storage/mediabank/tab4-zpl-2025.xlsx,2026-07-29
19,1,Vologda Oblast,Вологодская область,RU,Northwestern,Total,,71493.1,RUB,monthly,average_monthly_nominal_accrued_wage,annual_regional_total,2024,,RU-FD-Northwestern,OKATO_FEDERAL_SUBJECT,federal_subject,https://rosstat.gov.ru/storage/mediabank/tab4-zpl-2025.xlsx,2026-07-29
19,1,Vologda Oblast,Вологодская область,RU,Northwestern,Total,,80996.7,RUB,monthly,average_monthly_nominal_accrued_wage,annual_regional_total,2025,,RU-FD-Northwestern,OKATO_FEDERAL_SUBJECT,federal_subject,https://rosstat.gov.ru/storage/mediabank/tab4-zpl-2025.xlsx,2026-07-29
27,1,Kaliningrad Oblast,Калининградская область,RU,Northwestern,Total,,54739,RUB,monthly,average_monthly_nominal_accrued_wage,annual_regional_total,2023,,RU-FD-Northwestern,OKATO_FEDERAL_SUBJECT,federal_subject,https://rosstat.gov.ru/storage/mediabank/tab4-zpl-2025.xlsx,2026-07-29
27,1,Kaliningrad Oblast,Калининградская область,RU,Northwestern,Total,,66607.5,RUB,monthly,average_monthly_nominal_accrued_wage,annual_regional_total,2024,,RU-FD-Northwestern,OKATO_FEDERAL_SUBJECT,federal_subject,https://rosstat.gov.ru/storage/mediabank/tab4-zpl-2025.xlsx,2026-07-29
27,1,Kaliningrad Oblast,Калининградская область,RU,Northwestern,Total,,78252.3,RUB,monthly,average_monthly_nominal_accrued_wage,annual_regional_total,2025,,RU-FD-Northwestern,OKATO_FEDERAL_SUBJECT,federal_subject,https://rosstat.gov.ru/storage/mediabank/tab4-zpl-2025.xlsx,2026-07-29
41,1,Leningrad Oblast,Ленинградская область,RU,Northwestern,Total,,68104.6,RUB,monthly,average_monthly_nominal_accrued_wage,annual_regional_total,2023,,RU-FD-Northwestern,OKATO_FEDERAL_SUBJECT,federal_subject,https://rosstat.gov.ru/storage/mediabank/tab4-zpl-2025.xlsx,2026-07-29
41,1,Leningrad Oblast,Ленинградская область,RU,Northwestern,Total,,82025.8,RUB,monthly,average_monthly_nominal_accrued_wage,annual_regional_total,2024,,RU-FD-Northwestern,OKATO_FEDERAL_SUBJECT,federal_subject,https://rosstat.gov.ru/storage/mediabank/tab4-zpl-2025.xlsx,2026-07-29
41,1,Leningrad Oblast,Ленинградская область,RU,Northwestern,Total,,96716.3,RUB,monthly,average_monthly_nominal_accrued_wage,annual_regional_total,2025,,RU-FD-Northwestern,OKATO_FEDERAL_SUBJECT,federal_subject,https://rosstat.gov.ru/storage/mediabank/tab4-zpl-2025.xlsx,2026-07-29
47,1,Murmansk Oblast,Мурманская область,RU,Northwestern,Total,,98818,RUB,monthly,average_monthly_nominal_accrued_wage,annual_regional_total,2023,,RU-FD-Northwestern,OKATO_FEDERAL_SUBJECT,federal_subject,https://rosstat.gov.ru/storage/mediabank/tab4-zpl-2025.xlsx,2026-07-29
47,1,Murmansk Oblast,Мурманская область,RU,Northwestern,Total,,114277.1,RUB,monthly,average_monthly_nominal_accrued_wage,annual_regional_total,2024,,RU-FD-Northwestern,OKATO_FEDERAL_SUBJECT,federal_subject,https://rosstat.gov.ru/storage/mediabank/tab4-zpl-2025.xlsx,2026-07-29
47,1,Murmansk Oblast,Мурманская область,RU,Northwestern,Total,,126373.5,RUB,monthly,average_monthly_nominal_accrued_wage,annual_regional_total,2025,,RU-FD-Northwestern,OKATO_FEDERAL_SUBJECT,federal_subject,https://rosstat.gov.ru/storage/mediabank/tab4-zpl-2025.xlsx,2026-07-29
49,1,Novgorod Oblast,Новгородская область,RU,Northwestern,Total,,53188.3,RUB,monthly,average_monthly_nominal_accrued_wage,annual_regional_total,2023,,RU-FD-Northwestern,OKATO_FEDERAL_SUBJECT,federal_subject,https://rosstat.gov.ru/storage/mediabank/tab4-zpl-2025.xlsx,2026-07-29
49,1,Novgorod Oblast,Новгородская область,RU,Northwestern,Total,,62974.8,RUB,monthly,average_monthly_nominal_accrued_wage,annual_regional_total,2024,,RU-FD-Northwestern,OKATO_FEDERAL_SUBJECT,federal_subject,https://rosstat.gov.ru/storage/mediabank/tab4-zpl-2025.xlsx,2026-07-29
49,1,Novgorod Oblast,Новгородская область,RU,Northwestern,Total,,72709.5,RUB,monthly,average_monthly_nominal_accrued_wage,annual_regional_total,2025,,RU-FD-Northwestern,OKATO_FEDERAL_SUBJECT,federal_subject,https://rosstat.gov.ru/storage/mediabank/tab4-zpl-2025.xlsx,2026-07-29
58,1,Pskov Oblast,Псковская область,RU,Northwestern,Total,,44853.3,RUB,monthly,average_monthly_nominal_accrued_wage,annual_regional_total,2023,,RU-FD-Northwestern,OKATO_FEDERAL_SUBJECT,federal_subject,https://rosstat.gov.ru/storage/mediabank/tab4-zpl-2025.xlsx,2026-07-29
58,1,Pskov Oblast,Псковская область,RU,Northwestern,Total,,54985.6,RUB,monthly,average_monthly_nominal_accrued_wage,annual_regional_total,2024,,RU-FD-Northwestern,OKATO_FEDERAL_SUBJECT,federal_subject,https://rosstat.gov.ru/storage/mediabank/tab4-zpl-2025.xlsx,2026-07-29
58,1,Pskov Oblast,Псковская область,RU,Northwestern,Total,,63662.1,RUB,monthly,average_monthly_nominal_accrued_wage,annual_regional_total,2025,,RU-FD-Northwestern,OKATO_FEDERAL_SUBJECT,federal_subject,https://rosstat.gov.ru/storage/mediabank/tab4-zpl-2025.xlsx,2026-07-29
40,1,Saint Petersburg,г.Санкт-Петербург,RU,Northwestern,Total,,96232.2,RUB,monthly,average_monthly_nominal_accrued_wage,annual_regional_total,2023,,RU-FD-Northwestern,OKATO_FEDERAL_SUBJECT,federal_subject,https://rosstat.gov.ru/storage/mediabank/tab4-zpl-2025.xlsx,2026-07-29
40,1,Saint Petersburg,г.Санкт-Петербург,RU,Northwestern,Total,,110473.4,RUB,monthly,average_monthly_nominal_accrued_wage,annual_regional_total,2024,,RU-FD-Northwestern,OKATO_FEDERAL_SUBJECT,federal_subject,https://rosstat.gov.ru/storage/mediabank/tab4-zpl-2025.xlsx,2026-07-29
40,1,Saint Petersburg,г.Санкт-Петербург,RU,Northwestern,Total,,123341.4,RUB,monthly,average_monthly_nominal_accrued_wage,annual_regional_total,2025,,RU-FD-Northwestern,OKATO_FEDERAL_SUBJECT,federal_subject,https://rosstat.gov.ru/storage/mediabank/tab4-zpl-2025.xlsx,2026-07-29
RU-FD-Southern,0,Southern Federal District,Южный федеральный округ,RU,Southern,Total,,53431.7,RUB,monthly,average_monthly_nominal_accrued_wage,annual_regional_total,2023,,RU-NAT,OKATO_MACRO,federal_district,https://rosstat.gov.ru/storage/mediabank/tab4-zpl-2025.xlsx,2026-07-29
RU-FD-Southern,0,Southern Federal District,Южный федеральный округ,RU,Southern,Total,,63869.8,RUB,monthly,average_monthly_nominal_accrued_wage,annual_regional_total,2024,,RU-NAT,OKATO_MACRO,federal_district,https://rosstat.gov.ru/storage/mediabank/tab4-zpl-2025.xlsx,2026-07-29
RU-FD-Southern,0,Southern Federal District,Южный федеральный округ,RU,Southern,Total,,73326.3,RUB,monthly,average_monthly_nominal_accrued_wage,annual_regional_total,2025,,RU-NAT,OKATO_MACRO,federal_district,https://rosstat.gov.ru/storage/mediabank/tab4-zpl-2025.xlsx,2026-07-29
79,1,Republic of Adygea,Республика Адыгея,RU,Southern,Total,,46430.6,RUB,monthly,average_monthly_nominal_accrued_wage,annual_regional_total,2023,,RU-FD-Southern,OKATO_FEDERAL_SUBJECT,federal_subject,https://rosstat.gov.ru/storage/mediabank/tab4-zpl-2025.xlsx,2026-07-29
79,1,Republic of Adygea,Республика Адыгея,RU,Southern,Total,,56300.8,RUB,monthly,average_monthly_nominal_accrued_wage,annual_regional_total,2024,,RU-FD-Southern,OKATO_FEDERAL_SUBJECT,federal_subject,https://rosstat.gov.ru/storage/mediabank/tab4-zpl-2025.xlsx,2026-07-29
79,1,Republic of Adygea,Республика Адыгея,RU,Southern,Total,,65412.4,RUB,monthly,average_monthly_nominal_accrued_wage,annual_regional_total,2025,,RU-FD-Southern,OKATO_FEDERAL_SUBJECT,federal_subject,https://rosstat.gov.ru/storage/mediabank/tab4-zpl-2025.xlsx,2026-07-29
85,1,Republic of Kalmykia,Республика Калмыкия,RU,Southern,Total,,42151.2,RUB,monthly,average_monthly_nominal_accrued_wage,annual_regional_total,2023,,RU-FD-Southern,OKATO_FEDERAL_SUBJECT,federal_subject,https://rosstat.gov.ru/storage/mediabank/tab4-zpl-2025.xlsx,2026-07-29
85,1,Republic of Kalmykia,Республика Калмыкия,RU,Southern,Total,,49161.5,RUB,monthly,average_monthly_nominal_accrued_wage,annual_regional_total,2024,,RU-FD-Southern,OKATO_FEDERAL_SUBJECT,federal_subject,https://rosstat.gov.ru/storage/mediabank/tab4-zpl-2025.xlsx,2026-07-29
85,1,Republic of Kalmykia,Республика Калмыкия,RU,Southern,Total,,56170.4,RUB,monthly,average_monthly_nominal_accrued_wage,annual_regional_total,2025,,RU-FD-Southern,OKATO_FEDERAL_SUBJECT,federal_subject,https://rosstat.gov.ru/storage/mediabank/tab4-zpl-2025.xlsx,2026-07-29
35,1,Republic of Crimea,Республика Крым,RU,Southern,Total,,47325.1,RUB,monthly,average_monthly_nominal_accrued_wage,annual_regional_total,2023,,RU-FD-Southern,OKATO_FEDERAL_SUBJECT,federal_subject,https://rosstat.gov.ru/storage/mediabank/tab4-zpl-2025.xlsx,2026-07-29
35,1,Republic of Crimea,Республика Крым,RU,Southern,Total,,55309.7,RUB,monthly,average_monthly_nominal_accrued_wage,annual_regional_total,2024,,RU-FD-Southern,OKATO_FEDERAL_SUBJECT,federal_subject,https://rosstat.gov.ru/storage/mediabank/tab4-zpl-2025.xlsx,2026-07-29
35,1,Republic of Crimea,Республика Крым,RU,Southern,Total,,65258.9,RUB,monthly,average_monthly_nominal_accrued_wage,annual_regional_total,2025,,RU-FD-Southern,OKATO_FEDERAL_SUBJECT,federal_subject,https://rosstat.gov.ru/storage/mediabank/tab4-zpl-2025.xlsx,2026-07-29
03,1,Krasnodar Krai,Краснодарский край,RU,Southern,Total,,58256.4,RUB,monthly,average_monthly_nominal_accrued_wage,annual_regional_total,2023,,RU-FD-Southern,OKATO_FEDERAL_SUBJECT,federal_subject,https://rosstat.gov.ru/storage/mediabank/tab4-zpl-2025.xlsx,2026-07-29
03,1,Krasnodar Krai,Краснодарский край,RU,Southern,Total,,70410.4,RUB,monthly,average_monthly_nominal_accrued_wage,annual_regional_total,2024,,RU-FD-Southern,OKATO_FEDERAL_SUBJECT,federal_subject,https://rosstat.gov.ru/storage/mediabank/tab4-zpl-2025.xlsx,2026-07-29
03,1,Krasnodar Krai,Краснодарский край,RU,Southern,Total,,80517.6,RUB,monthly,average_monthly_nominal_accrued_wage,annual_regional_total,2025,,RU-FD-Southern,OKATO_FEDERAL_SUBJECT,federal_subject,https://rosstat.gov.ru/storage/mediabank/tab4-zpl-2025.xlsx,2026-07-29
12,1,Astrakhan Oblast,Астраханская область,RU,Southern,Total,,53963.8,RUB,monthly,average_monthly_nominal_accrued_wage,annual_regional_total,2023,,RU-FD-Southern,OKATO_FEDERAL_SUBJECT,federal_subject,https://rosstat.gov.ru/storage/mediabank/tab4-zpl-2025.xlsx,2026-07-29
12,1,Astrakhan Oblast,Астраханская область,RU,Southern,Total,,62551,RUB,monthly,average_monthly_nominal_accrued_wage,annual_regional_total,2024,,RU-FD-Southern,OKATO_FEDERAL_SUBJECT,federal_subject,https://rosstat.gov.ru/storage/mediabank/tab4-zpl-2025.xlsx,2026-07-29
12,1,Astrakhan Oblast,Астраханская область,RU,Southern,Total,,70487.4,RUB,monthly,average_monthly_nominal_accrued_wage,annual_regional_total,2025,,RU-FD-Southern,OKATO_FEDERAL_SUBJECT,federal_subject,https://rosstat.gov.ru/storage/mediabank/tab4-zpl-2025.xlsx,2026-07-29
18,1,Volgograd Oblast,Волгоградская область,RU,Southern,Total,,51833.4,RUB,monthly,average_monthly_nominal_accrued_wage,annual_regional_total,2023,,RU-FD-Southern,OKATO_FEDERAL_SUBJECT,federal_subject,https://rosstat.gov.ru/storage/mediabank/tab4-zpl-2025.xlsx,2026-07-29
18,1,Volgograd Oblast,Волгоградская область,RU,Southern,Total,,61254.2,RUB,monthly,average_monthly_nominal_accrued_wage,annual_regional_total,2024,,RU-FD-Southern,OKATO_FEDERAL_SUBJECT,federal_subject,https://rosstat.gov.ru/storage/mediabank/tab4-zpl-2025.xlsx,2026-07-29
18,1,Volgograd Oblast,Волгоградская область,RU,Southern,Total,,69324.9,RUB,monthly,average_monthly_nominal_accrued_wage,annual_regional_total,2025,,RU-FD-Southern,OKATO_FEDERAL_SUBJECT,federal_subject,https://rosstat.gov.ru/storage/mediabank/tab4-zpl-2025.xlsx,2026-07-29
60,1,Rostov Oblast,Ростовская область,RU,Southern,Total,,52100.1,RUB,monthly,average_monthly_nominal_accrued_wage,annual_regional_total,2023,,RU-FD-Southern,OKATO_FEDERAL_SUBJECT,federal_subject,https://rosstat.gov.ru/storage/mediabank/tab4-zpl-2025.xlsx,2026-07-29
60,1,Rostov Oblast,Ростовская область,RU,Southern,Total,,62481.6,RUB,monthly,average_monthly_nominal_accrued_wage,annual_regional_total,2024,,RU-FD-Southern,OKATO_FEDERAL_SUBJECT,federal_subject,https://rosstat.gov.ru/storage/mediabank/tab4-zpl-2025.xlsx,2026-07-29
60,1,Rostov Oblast,Ростовская область,RU,Southern,Total,,71838.4,RUB,monthly,average_monthly_nominal_accrued_wage,annual_regional_total,2025,,RU-FD-Southern,OKATO_FEDERAL_SUBJECT,federal_subject,https://rosstat.gov.ru/storage/mediabank/tab4-zpl-2025.xlsx,2026-07-29
67,1,Sevastopol,г. Севастополь,RU,Southern,Total,,47638,RUB,monthly,average_monthly_nominal_accrued_wage,annual_regional_total,2023,,RU-FD-Southern,OKATO_FEDERAL_SUBJECT,federal_subject,https://rosstat.gov.ru/storage/mediabank/tab4-zpl-2025.xlsx,2026-07-29
67,1,Sevastopol,г. Севастополь,RU,Southern,Total,,56941.6,RUB,monthly,average_monthly_nominal_accrued_wage,annual_regional_total,2024,,RU-FD-Southern,OKATO_FEDERAL_SUBJECT,federal_subject,https://rosstat.gov.ru/storage/mediabank/tab4-zpl-2025.xlsx,2026-07-29
67,1,Sevastopol,г. Севастополь,RU,Southern,Total,,68083.9,RUB,monthly,average_monthly_nominal_accrued_wage,annual_regional_total,2025,,RU-FD-Southern,OKATO_FEDERAL_SUBJECT,federal_subject,https://rosstat.gov.ru/storage/mediabank/tab4-zpl-2025.xlsx,2026-07-29
RU-FD-NorthCaucasian,0,North Caucasian Federal District,Северо-Кавказский федеральный округ,RU,North Caucasian,Total,,42090.7,RUB,monthly,average_monthly_nominal_accrued_wage,annual_regional_total,2023,,RU-NAT,OKATO_MACRO,federal_district,https://rosstat.gov.ru/storage/mediabank/tab4-zpl-2025.xlsx,2026-07-29
RU-FD-NorthCaucasian,0,North Caucasian Federal District,Северо-Кавказский федеральный округ,RU,North Caucasian,Total,,49459.8,RUB,monthly,average_monthly_nominal_accrued_wage,annual_regional_total,2024,,RU-NAT,OKATO_MACRO,federal_district,https://rosstat.gov.ru/storage/mediabank/tab4-zpl-2025.xlsx,2026-07-29
RU-FD-NorthCaucasian,0,North Caucasian Federal District,Северо-Кавказский федеральный округ,RU,North Caucasian,Total,,56254.2,RUB,monthly,average_monthly_nominal_accrued_wage,annual_regional_total,2025,,RU-NAT,OKATO_MACRO,federal_district,https://rosstat.gov.ru/storage/mediabank/tab4-zpl-2025.xlsx,2026-07-29
82,1,Republic of Dagestan,Республика Дагестан,RU,North Caucasian,Total,,39053.5,RUB,monthly,average_monthly_nominal_accrued_wage,annual_regional_total,2023,,RU-FD-NorthCaucasian,OKATO_FEDERAL_SUBJECT,federal_subject,https://rosstat.gov.ru/storage/mediabank/tab4-zpl-2025.xlsx,2026-07-29
82,1,Republic of Dagestan,Республика Дагестан,RU,North Caucasian,Total,,44639.2,RUB,monthly,average_monthly_nominal_accrued_wage,annual_regional_total,2024,,RU-FD-NorthCaucasian,OKATO_FEDERAL_SUBJECT,federal_subject,https://rosstat.gov.ru/storage/mediabank/tab4-zpl-2025.xlsx,2026-07-29
82,1,Republic of Dagestan,Республика Дагестан,RU,North Caucasian,Total,,50101.2,RUB,monthly,average_monthly_nominal_accrued_wage,annual_regional_total,2025,,RU-FD-NorthCaucasian,OKATO_FEDERAL_SUBJECT,federal_subject,https://rosstat.gov.ru/storage/mediabank/tab4-zpl-2025.xlsx,2026-07-29
26,1,Republic of Ingushetia,Республика Ингушетия,RU,North Caucasian,Total,,35824.6,RUB,monthly,average_monthly_nominal_accrued_wage,annual_regional_total,2023,,RU-FD-NorthCaucasian,OKATO_FEDERAL_SUBJECT,federal_subject,https://rosstat.gov.ru/storage/mediabank/tab4-zpl-2025.xlsx,2026-07-29
26,1,Republic of Ingushetia,Республика Ингушетия,RU,North Caucasian,Total,,40587.6,RUB,monthly,average_monthly_nominal_accrued_wage,annual_regional_total,2024,,RU-FD-NorthCaucasian,OKATO_FEDERAL_SUBJECT,federal_subject,https://rosstat.gov.ru/storage/mediabank/tab4-zpl-2025.xlsx,2026-07-29
26,1,Republic of Ingushetia,Республика Ингушетия,RU,North Caucasian,Total,,44398.5,RUB,monthly,average_monthly_nominal_accrued_wage,annual_regional_total,2025,,RU-FD-NorthCaucasian,OKATO_FEDERAL_SUBJECT,federal_subject,https://rosstat.gov.ru/storage/mediabank/tab4-zpl-2025.xlsx,2026-07-29
83,1,Kabardino-Balkar Republic,Кабардино-Балкарская Республика,RU,North Caucasian,Total,,39987.6,RUB,monthly,average_monthly_nominal_accrued_wage,annual_regional_total,2023,,RU-FD-NorthCaucasian,OKATO_FEDERAL_SUBJECT,federal_subject,https://rosstat.gov.ru/storage/mediabank/tab4-zpl-2025.xlsx,2026-07-29
83,1,Kabardino-Balkar Republic,Кабардино-Балкарская Республика,RU,North Caucasian,Total,,46507.3,RUB,monthly,average_monthly_nominal_accrued_wage,annual_regional_total,2024,,RU-FD-NorthCaucasian,OKATO_FEDERAL_SUBJECT,federal_subject,https://rosstat.gov.ru/storage/mediabank/tab4-zpl-2025.xlsx,2026-07-29
83,1,Kabardino-Balkar Republic,Кабардино-Балкарская Республика,RU,North Caucasian,Total,,53321.1,RUB,monthly,average_monthly_nominal_accrued_wage,annual_regional_total,2025,,RU-FD-NorthCaucasian,OKATO_FEDERAL_SUBJECT,federal_subject,https://rosstat.gov.ru/storage/mediabank/tab4-zpl-2025.xlsx,2026-07-29
91,1,Karachay-Cherkess Republic,Карачаево-Черкесская Республика,RU,North Caucasian,Total,,40388.2,RUB,monthly,average_monthly_nominal_accrued_wage,annual_regional_total,2023,,RU-FD-NorthCaucasian,OKATO_FEDERAL_SUBJECT,federal_subject,https://rosstat.gov.ru/storage/mediabank/tab4-zpl-2025.xlsx,2026-07-29
91,1,Karachay-Cherkess Republic,Карачаево-Черкесская Республика,RU,North Caucasian,Total,,48488.5,RUB,monthly,average_monthly_nominal_accrued_wage,annual_regional_total,2024,,RU-FD-NorthCaucasian,OKATO_FEDERAL_SUBJECT,federal_subject,https://rosstat.gov.ru/storage/mediabank/tab4-zpl-2025.xlsx,2026-07-29
91,1,Karachay-Cherkess Republic,Карачаево-Черкесская Республика,RU,North Caucasian,Total,,56074.4,RUB,monthly,average_monthly_nominal_accrued_wage,annual_regional_total,2025,,RU-FD-NorthCaucasian,OKATO_FEDERAL_SUBJECT,federal_subject,https://rosstat.gov.ru/storage/mediabank/tab4-zpl-2025.xlsx,2026-07-29
90,1,Republic of North Ossetia-Alania,Республика Северная Осетия - Алания,RU,North Caucasian,Total,,41058.6,RUB,monthly,average_monthly_nominal_accrued_wage,annual_regional_total,2023,,RU-FD-NorthCaucasian,OKATO_FEDERAL_SUBJECT,federal_subject,https://rosstat.gov.ru/storage/mediabank/tab4-zpl-2025.xlsx,2026-07-29
90,1,Republic of North Ossetia-Alania,Республика Северная Осетия - Алания,RU,North Caucasian,Total,,48163.3,RUB,monthly,average_monthly_nominal_accrued_wage,annual_regional_total,2024,,RU-FD-NorthCaucasian,OKATO_FEDERAL_SUBJECT,federal_subject,https://rosstat.gov.ru/storage/mediabank/tab4-zpl-2025.xlsx,2026-07-29
90,1,Republic of North Ossetia-Alania,Республика Северная Осетия - Алания,RU,North Caucasian,Total,,54071,RUB,monthly,average_monthly_nominal_accrued_wage,annual_regional_total,2025,,RU-FD-NorthCaucasian,OKATO_FEDERAL_SUBJECT,federal_subject,https://rosstat.gov.ru/storage/mediabank/tab4-zpl-2025.xlsx,2026-07-29
96,1,Chechen Republic,Чеченская Республика,RU,North Caucasian,Total,,37589.2,RUB,monthly,average_monthly_nominal_accrued_wage,annual_regional_total,2023,,RU-FD-NorthCaucasian,OKATO_FEDERAL_SUBJECT,federal_subject,https://rosstat.gov.ru/storage/mediabank/tab4-zpl-2025.xlsx,2026-07-29
96,1,Chechen Republic,Чеченская Республика,RU,North Caucasian,Total,,41839.5,RUB,monthly,average_monthly_nominal_accrued_wage,annual_regional_total,2024,,RU-FD-NorthCaucasian,OKATO_FEDERAL_SUBJECT,federal_subject,https://rosstat.gov.ru/storage/mediabank/tab4-zpl-2025.xlsx,2026-07-29
96,1,Chechen Republic,Чеченская Республика,RU,North Caucasian,Total,,46403.5,RUB,monthly,average_monthly_nominal_accrued_wage,annual_regional_total,2025,,RU-FD-NorthCaucasian,OKATO_FEDERAL_SUBJECT,federal_subject,https://rosstat.gov.ru/storage/mediabank/tab4-zpl-2025.xlsx,2026-07-29
07,1,Stavropol Krai,Ставропольский край,RU,North Caucasian,Total,,47054.2,RUB,monthly,average_monthly_nominal_accrued_wage,annual_regional_total,2023,,RU-FD-NorthCaucasian,OKATO_FEDERAL_SUBJECT,federal_subject,https://rosstat.gov.ru/storage/mediabank/tab4-zpl-2025.xlsx,2026-07-29
07,1,Stavropol Krai,Ставропольский край,RU,North Caucasian,Total,,57182.7,RUB,monthly,average_monthly_nominal_accrued_wage,annual_regional_total,2024,,RU-FD-NorthCaucasian,OKATO_FEDERAL_SUBJECT,federal_subject,https://rosstat.gov.ru/storage/mediabank/tab4-zpl-2025.xlsx,2026-07-29
07,1,Stavropol Krai,Ставропольский край,RU,North Caucasian,Total,,66297.6,RUB,monthly,average_monthly_nominal_accrued_wage,annual_regional_total,2025,,RU-FD-NorthCaucasian,OKATO_FEDERAL_SUBJECT,federal_subject,https://rosstat.gov.ru/storage/mediabank/tab4-zpl-2025.xlsx,2026-07-29
RU-FD-Volga,0,Volga Federal District,Приволжский федеральный округ,RU,Volga,Total,,55723.7,RUB,monthly,average_monthly_nominal_accrued_wage,annual_regional_total,2023,,RU-NAT,OKATO_MACRO,federal_district,https://rosstat.gov.ru/storage/mediabank/tab4-zpl-2025.xlsx,2026-07-29
RU-FD-Volga,0,Volga Federal District,Приволжский федеральный округ,RU,Volga,Total,,67588.6,RUB,monthly,average_monthly_nominal_accrued_wage,annual_regional_total,2024,,RU-NAT,OKATO_MACRO,federal_district,https://rosstat.gov.ru/storage/mediabank/tab4-zpl-2025.xlsx,2026-07-29
RU-FD-Volga,0,Volga Federal District,Приволжский федеральный округ,RU,Volga,Total,,78335.1,RUB,monthly,average_monthly_nominal_accrued_wage,annual_regional_total,2025,,RU-NAT,OKATO_MACRO,federal_district,https://rosstat.gov.ru/storage/mediabank/tab4-zpl-2025.xlsx,2026-07-29
80,1,Republic of Bashkortostan,Республика Башкортостан,RU,Volga,Total,,56974.3,RUB,monthly,average_monthly_nominal_accrued_wage,annual_regional_total,2023,,RU-FD-Volga,OKATO_FEDERAL_SUBJECT,federal_subject,https://rosstat.gov.ru/storage/mediabank/tab4-zpl-2025.xlsx,2026-07-29
80,1,Republic of Bashkortostan,Республика Башкортостан,RU,Volga,Total,,67578.6,RUB,monthly,average_monthly_nominal_accrued_wage,annual_regional_total,2024,,RU-FD-Volga,OKATO_FEDERAL_SUBJECT,federal_subject,https://rosstat.gov.ru/storage/mediabank/tab4-zpl-2025.xlsx,2026-07-29
80,1,Republic of Bashkortostan,Республика Башкортостан,RU,Volga,Total,,74398.3,RUB,monthly,average_monthly_nominal_accrued_wage,annual_regional_total,2025,,RU-FD-Volga,OKATO_FEDERAL_SUBJECT,federal_subject,https://rosstat.gov.ru/storage/mediabank/tab4-zpl-2025.xlsx,2026-07-29
88,1,Mari El Republic,Республика Марий Эл,RU,Volga,Total,,48997.2,RUB,monthly,average_monthly_nominal_accrued_wage,annual_regional_total,2023,,RU-FD-Volga,OKATO_FEDERAL_SUBJECT,federal_subject,https://rosstat.gov.ru/storage/mediabank/tab4-zpl-2025.xlsx,2026-07-29
88,1,Mari El Republic,Республика Марий Эл,RU,Volga,Total,,60998.4,RUB,monthly,average_monthly_nominal_accrued_wage,annual_regional_total,2024,,RU-FD-Volga,OKATO_FEDERAL_SUBJECT,federal_subject,https://rosstat.gov.ru/storage/mediabank/tab4-zpl-2025.xlsx,2026-07-29
88,1,Mari El Republic,Республика Марий Эл,RU,Volga,Total,,71082.9,RUB,monthly,average_monthly_nominal_accrued_wage,annual_regional_total,2025,,RU-FD-Volga,OKATO_FEDERAL_SUBJECT,federal_subject,https://rosstat.gov.ru/storage/mediabank/tab4-zpl-2025.xlsx,2026-07-29
89,1,Republic of Mordovia,Республика Мордовия,RU,Volga,Total,,46405.5,RUB,monthly,average_monthly_nominal_accrued_wage,annual_regional_total,2023,,RU-FD-Volga,OKATO_FEDERAL_SUBJECT,federal_subject,https://rosstat.gov.ru/storage/mediabank/tab4-zpl-2025.xlsx,2026-07-29
89,1,Republic of Mordovia,Республика Мордовия,RU,Volga,Total,,57133.1,RUB,monthly,average_monthly_nominal_accrued_wage,annual_regional_total,2024,,RU-FD-Volga,OKATO_FEDERAL_SUBJECT,federal_subject,https://rosstat.gov.ru/storage/mediabank/tab4-zpl-2025.xlsx,2026-07-29
89,1,Republic of Mordovia,Республика Мордовия,RU,Volga,Total,,66836.8,RUB,monthly,average_monthly_nominal_accrued_wage,annual_regional_total,2025,,RU-FD-Volga,OKATO_FEDERAL_SUBJECT,federal_subject,https://rosstat.gov.ru/storage/mediabank/tab4-zpl-2025.xlsx,2026-07-29
92,1,Republic of Tatarstan,Республика Татарстан,RU,Volga,Total,,61894.4,RUB,monthly,average_monthly_nominal_accrued_wage,annual_regional_total,2023,,RU-FD-Volga,OKATO_FEDERAL_SUBJECT,federal_subject,https://rosstat.gov.ru/storage/mediabank/tab4-zpl-2025.xlsx,2026-07-29
92,1,Republic of Tatarstan,Республика Татарстан,RU,Volga,Total,,75764,RUB,monthly,average_monthly_nominal_accrued_wage,annual_regional_total,2024,,RU-FD-Volga,OKATO_FEDERAL_SUBJECT,federal_subject,https://rosstat.gov.ru/storage/mediabank/tab4-zpl-2025.xlsx,2026-07-29
92,1,Republic of Tatarstan,Республика Татарстан,RU,Volga,Total,,91494.9,RUB,monthly,average_monthly_nominal_accrued_wage,annual_regional_total,2025,,RU-FD-Volga,OKATO_FEDERAL_SUBJECT,federal_subject,https://rosstat.gov.ru/storage/mediabank/tab4-zpl-2025.xlsx,2026-07-29
94,1,Udmurt Republic,Удмуртская Республика,RU,Volga,Total,,53720.8,RUB,monthly,average_monthly_nominal_accrued_wage,annual_regional_total,2023,,RU-FD-Volga,OKATO_FEDERAL_SUBJECT,federal_subject,https://rosstat.gov.ru/storage/mediabank/tab4-zpl-2025.xlsx,2026-07-29
94,1,Udmurt Republic,Удмуртская Республика,RU,Volga,Total,,67561.1,RUB,monthly,average_monthly_nominal_accrued_wage,annual_regional_total,2024,,RU-FD-Volga,OKATO_FEDERAL_SUBJECT,federal_subject,https://rosstat.gov.ru/storage/mediabank/tab4-zpl-2025.xlsx,2026-07-29
94,1,Udmurt Republic,Удмуртская Республика,RU,Volga,Total,,80571,RUB,monthly,average_monthly_nominal_accrued_wage,annual_regional_total,2025,,RU-FD-Volga,OKATO_FEDERAL_SUBJECT,federal_subject,https://rosstat.gov.ru/storage/mediabank/tab4-zpl-2025.xlsx,2026-07-29
97,1,Chuvash Republic,Чувашская Республика,RU,Volga,Total,,50262.5,RUB,monthly,average_monthly_nominal_accrued_wage,annual_regional_total,2023,,RU-FD-Volga,OKATO_FEDERAL_SUBJECT,federal_subject,https://rosstat.gov.ru/storage/mediabank/tab4-zpl-2025.xlsx,2026-07-29
97,1,Chuvash Republic,Чувашская Республика,RU,Volga,Total,,60843.9,RUB,monthly,average_monthly_nominal_accrued_wage,annual_regional_total,2024,,RU-FD-Volga,OKATO_FEDERAL_SUBJECT,federal_subject,https://rosstat.gov.ru/storage/mediabank/tab4-zpl-2025.xlsx,2026-07-29
97,1,Chuvash Republic,Чувашская Республика,RU,Volga,Total,,68741.7,RUB,monthly,average_monthly_nominal_accrued_wage,annual_regional_total,2025,,RU-FD-Volga,OKATO_FEDERAL_SUBJECT,federal_subject,https://rosstat.gov.ru/storage/mediabank/tab4-zpl-2025.xlsx,2026-07-29
57,1,Perm Krai,Пермский край,RU,Volga,Total,,62393,RUB,monthly,average_monthly_nominal_accrued_wage,annual_regional_total,2023,,RU-FD-Volga,OKATO_FEDERAL_SUBJECT,federal_subject,https://rosstat.gov.ru/storage/mediabank/tab4-zpl-2025.xlsx,2026-07-29
57,1,Perm Krai,Пермский край,RU,Volga,Total,,74844.8,RUB,monthly,average_monthly_nominal_accrued_wage,annual_regional_total,2024,,RU-FD-Volga,OKATO_FEDERAL_SUBJECT,federal_subject,https://rosstat.gov.ru/storage/mediabank/tab4-zpl-2025.xlsx,2026-07-29
57,1,Perm Krai,Пермский край,RU,Volga,Total,,84931,RUB,monthly,average_monthly_nominal_accrued_wage,annual_regional_total,2025,,RU-FD-Volga,OKATO_FEDERAL_SUBJECT,federal_subject,https://rosstat.gov.ru/storage/mediabank/tab4-zpl-2025.xlsx,2026-07-29
33,1,Kirov Oblast,Кировская область,RU,Volga,Total,,48258.4,RUB,monthly,average_monthly_nominal_accrued_wage,annual_regional_total,2023,,RU-FD-Volga,OKATO_FEDERAL_SUBJECT,federal_subject,https://rosstat.gov.ru/storage/mediabank/tab4-zpl-2025.xlsx,2026-07-29
33,1,Kirov Oblast,Кировская область,RU,Volga,Total,,58254.7,RUB,monthly,average_monthly_nominal_accrued_wage,annual_regional_total,2024,,RU-FD-Volga,OKATO_FEDERAL_SUBJECT,federal_subject,https://rosstat.gov.ru/storage/mediabank/tab4-zpl-2025.xlsx,2026-07-29
33,1,Kirov Oblast,Кировская область,RU,Volga,Total,,67550.3,RUB,monthly,average_monthly_nominal_accrued_wage,annual_regional_total,2025,,RU-FD-Volga,OKATO_FEDERAL_SUBJECT,federal_subject,https://rosstat.gov.ru/storage/mediabank/tab4-zpl-2025.xlsx,2026-07-29
22,1,Nizhny Novgorod Oblast,Нижегородская область,RU,Volga,Total,,56526.3,RUB,monthly,average_monthly_nominal_accrued_wage,annual_regional_total,2023,,RU-FD-Volga,OKATO_FEDERAL_SUBJECT,federal_subject,https://rosstat.gov.ru/storage/mediabank/tab4-zpl-2025.xlsx,2026-07-29
22,1,Nizhny Novgorod Oblast,Нижегородская область,RU,Volga,Total,,69546.2,RUB,monthly,average_monthly_nominal_accrued_wage,annual_regional_total,2024,,RU-FD-Volga,OKATO_FEDERAL_SUBJECT,federal_subject,https://rosstat.gov.ru/storage/mediabank/tab4-zpl-2025.xlsx,2026-07-29
22,1,Nizhny Novgorod Oblast,Нижегородская область,RU,Volga,Total,,81408.3,RUB,monthly,average_monthly_nominal_accrued_wage,annual_regional_total,2025,,RU-FD-Volga,OKATO_FEDERAL_SUBJECT,federal_subject,https://rosstat.gov.ru/storage/mediabank/tab4-zpl-2025.xlsx,2026-07-29
53,1,Orenburg Oblast,Оренбургская область,RU,Volga,Total,,53118.8,RUB,monthly,average_monthly_nominal_accrued_wage,annual_regional_total,2023,,RU-FD-Volga,OKATO_FEDERAL_SUBJECT,federal_subject,https://rosstat.gov.ru/storage/mediabank/tab4-zpl-2025.xlsx,2026-07-29
53,1,Orenburg Oblast,Оренбургская область,RU,Volga,Total,,64058.7,RUB,monthly,average_monthly_nominal_accrued_wage,annual_regional_total,2024,,RU-FD-Volga,OKATO_FEDERAL_SUBJECT,federal_subject,https://rosstat.gov.ru/storage/mediabank/tab4-zpl-2025.xlsx,2026-07-29
53,1,Orenburg Oblast,Оренбургская область,RU,Volga,Total,,75014.9,RUB,monthly,average_monthly_nominal_accrued_wage,annual_regional_total,2025,,RU-FD-Volga,OKATO_FEDERAL_SUBJECT,federal_subject,https://rosstat.gov.ru/storage/mediabank/tab4-zpl-2025.xlsx,2026-07-29
56,1,Penza Oblast,Пензенская область,RU,Volga,Total,,48166.8,RUB,monthly,average_monthly_nominal_accrued_wage,annual_regional_total,2023,,RU-FD-Volga,OKATO_FEDERAL_SUBJECT,federal_subject,https://rosstat.gov.ru/storage/mediabank/tab4-zpl-2025.xlsx,2026-07-29
56,1,Penza Oblast,Пензенская область,RU,Volga,Total,,57467.6,RUB,monthly,average_monthly_nominal_accrued_wage,annual_regional_total,2024,,RU-FD-Volga,OKATO_FEDERAL_SUBJECT,federal_subject,https://rosstat.gov.ru/storage/mediabank/tab4-zpl-2025.xlsx,2026-07-29
56,1,Penza Oblast,Пензенская область,RU,Volga,Total,,67385.8,RUB,monthly,average_monthly_nominal_accrued_wage,annual_regional_total,2025,,RU-FD-Volga,OKATO_FEDERAL_SUBJECT,federal_subject,https://rosstat.gov.ru/storage/mediabank/tab4-zpl-2025.xlsx,2026-07-29
36,1,Samara Oblast,Самарская область,RU,Volga,Total,,58063.3,RUB,monthly,average_monthly_nominal_accrued_wage,annual_regional_total,2023,,RU-FD-Volga,OKATO_FEDERAL_SUBJECT,federal_subject,https://rosstat.gov.ru/storage/mediabank/tab4-zpl-2025.xlsx,2026-07-29
36,1,Samara Oblast,Самарская область,RU,Volga,Total,,70392.7,RUB,monthly,average_monthly_nominal_accrued_wage,annual_regional_total,2024,,RU-FD-Volga,OKATO_FEDERAL_SUBJECT,federal_subject,https://rosstat.gov.ru/storage/mediabank/tab4-zpl-2025.xlsx,2026-07-29
36,1,Samara Oblast,Самарская область,RU,Volga,Total,,79036.3,RUB,monthly,average_monthly_nominal_accrued_wage,annual_regional_total,2025,,RU-FD-Volga,OKATO_FEDERAL_SUBJECT,federal_subject,https://rosstat.gov.ru/storage/mediabank/tab4-zpl-2025.xlsx,2026-07-29
63,1,Saratov Oblast,Саратовская область,RU,Volga,Total,,49995,RUB,monthly,average_monthly_nominal_accrued_wage,annual_regional_total,2023,,RU-FD-Volga,OKATO_FEDERAL_SUBJECT,federal_subject,https://rosstat.gov.ru/storage/mediabank/tab4-zpl-2025.xlsx,2026-07-29
63,1,Saratov Oblast,Саратовская область,RU,Volga,Total,,58626.4,RUB,monthly,average_monthly_nominal_accrued_wage,annual_regional_total,2024,,RU-FD-Volga,OKATO_FEDERAL_SUBJECT,federal_subject,https://rosstat.gov.ru/storage/mediabank/tab4-zpl-2025.xlsx,2026-07-29
63,1,Saratov Oblast,Саратовская область,RU,Volga,Total,,67797.8,RUB,monthly,average_monthly_nominal_accrued_wage,annual_regional_total,2025,,RU-FD-Volga,OKATO_FEDERAL_SUBJECT,federal_subject,https://rosstat.gov.ru/storage/mediabank/tab4-zpl-2025.xlsx,2026-07-29
73,1,Ulyanovsk Oblast,Ульяновская область,RU,Volga,Total,,48889.5,RUB,monthly,average_monthly_nominal_accrued_wage,annual_regional_total,2023,,RU-FD-Volga,OKATO_FEDERAL_SUBJECT,federal_subject,https://rosstat.gov.ru/storage/mediabank/tab4-zpl-2025.xlsx,2026-07-29
73,1,Ulyanovsk Oblast,Ульяновская область,RU,Volga,Total,,59743.2,RUB,monthly,average_monthly_nominal_accrued_wage,annual_regional_total,2024,,RU-FD-Volga,OKATO_FEDERAL_SUBJECT,federal_subject,https://rosstat.gov.ru/storage/mediabank/tab4-zpl-2025.xlsx,2026-07-29
73,1,Ulyanovsk Oblast,Ульяновская область,RU,Volga,Total,,70507.4,RUB,monthly,average_monthly_nominal_accrued_wage,annual_regional_total,2025,,RU-FD-Volga,OKATO_FEDERAL_SUBJECT,federal_subject,https://rosstat.gov.ru/storage/mediabank/tab4-zpl-2025.xlsx,2026-07-29
RU-FD-Ural,0,Ural Federal District,Уральский федеральный округ,RU,Ural,Total,,77888.5,RUB,monthly,average_monthly_nominal_accrued_wage,annual_regional_total,2023,,RU-NAT,OKATO_MACRO,federal_district,https://rosstat.gov.ru/storage/mediabank/tab4-zpl-2025.xlsx,2026-07-29
RU-FD-Ural,0,Ural Federal District,Уральский федеральный округ,RU,Ural,Total,,92104.3,RUB,monthly,average_monthly_nominal_accrued_wage,annual_regional_total,2024,,RU-NAT,OKATO_MACRO,federal_district,https://rosstat.gov.ru/storage/mediabank/tab4-zpl-2025.xlsx,2026-07-29
RU-FD-Ural,0,Ural Federal District,Уральский федеральный округ,RU,Ural,Total,,102987.2,RUB,monthly,average_monthly_nominal_accrued_wage,annual_regional_total,2025,,RU-NAT,OKATO_MACRO,federal_district,https://rosstat.gov.ru/storage/mediabank/tab4-zpl-2025.xlsx,2026-07-29
37,1,Kurgan Oblast,Курганская область,RU,Ural,Total,,50938.2,RUB,monthly,average_monthly_nominal_accrued_wage,annual_regional_total,2023,,RU-FD-Ural,OKATO_FEDERAL_SUBJECT,federal_subject,https://rosstat.gov.ru/storage/mediabank/tab4-zpl-2025.xlsx,2026-07-29
37,1,Kurgan Oblast,Курганская область,RU,Ural,Total,,63208.7,RUB,monthly,average_monthly_nominal_accrued_wage,annual_regional_total,2024,,RU-FD-Ural,OKATO_FEDERAL_SUBJECT,federal_subject,https://rosstat.gov.ru/storage/mediabank/tab4-zpl-2025.xlsx,2026-07-29
37,1,Kurgan Oblast,Курганская область,RU,Ural,Total,,73834.6,RUB,monthly,average_monthly_nominal_accrued_wage,annual_regional_total,2025,,RU-FD-Ural,OKATO_FEDERAL_SUBJECT,federal_subject,https://rosstat.gov.ru/storage/mediabank/tab4-zpl-2025.xlsx,2026-07-29
65,1,Sverdlovsk Oblast,Свердловская область,RU,Ural,Total,,64996.8,RUB,monthly,average_monthly_nominal_accrued_wage,annual_regional_total,2023,,RU-FD-Ural,OKATO_FEDERAL_SUBJECT,federal_subject,https://rosstat.gov.ru/storage/mediabank/tab4-zpl-2025.xlsx,2026-07-29
65,1,Sverdlovsk Oblast,Свердловская область,RU,Ural,Total,,79078.7,RUB,monthly,average_monthly_nominal_accrued_wage,annual_regional_total,2024,,RU-FD-Ural,OKATO_FEDERAL_SUBJECT,federal_subject,https://rosstat.gov.ru/storage/mediabank/tab4-zpl-2025.xlsx,2026-07-29
65,1,Sverdlovsk Oblast,Свердловская область,RU,Ural,Total,,89675,RUB,monthly,average_monthly_nominal_accrued_wage,annual_regional_total,2025,,RU-FD-Ural,OKATO_FEDERAL_SUBJECT,federal_subject,https://rosstat.gov.ru/storage/mediabank/tab4-zpl-2025.xlsx,2026-07-29
71,1,Tyumen Oblast,Тюменская область,RU,Ural,Total,,105981.2,RUB,monthly,average_monthly_nominal_accrued_wage,annual_regional_total,2023,,RU-FD-Ural,OKATO_FEDERAL_SUBJECT,federal_subject,https://rosstat.gov.ru/storage/mediabank/tab4-zpl-2025.xlsx,2026-07-29
71,1,Tyumen Oblast,Тюменская область,RU,Ural,Total,,121906.6,RUB,monthly,average_monthly_nominal_accrued_wage,annual_regional_total,2024,,RU-FD-Ural,OKATO_FEDERAL_SUBJECT,federal_subject,https://rosstat.gov.ru/storage/mediabank/tab4-zpl-2025.xlsx,2026-07-29
71,1,Tyumen Oblast,Тюменская область,RU,Ural,Total,,133752.6,RUB,monthly,average_monthly_nominal_accrued_wage,annual_regional_total,2025,,RU-FD-Ural,OKATO_FEDERAL_SUBJECT,federal_subject,https://rosstat.gov.ru/storage/mediabank/tab4-zpl-2025.xlsx,2026-07-29
RU-KHMAO-SUB-TYU,1,Khanty-Mansi AO-Yugra (within Tyumen Oblast),Ханты-Мансийский авт.округ - Югра,RU,Ural,Total,,108148,RUB,monthly,average_monthly_nominal_accrued_wage,annual_regional_total,2023,,RU-FD-Ural,OKATO_FEDERAL_SUBJECT,federal_subject,https://rosstat.gov.ru/storage/mediabank/tab4-zpl-2025.xlsx,2026-07-29
RU-KHMAO-SUB-TYU,1,Khanty-Mansi AO-Yugra (within Tyumen Oblast),Ханты-Мансийский авт.округ - Югра,RU,Ural,Total,,124744,RUB,monthly,average_monthly_nominal_accrued_wage,annual_regional_total,2024,,RU-FD-Ural,OKATO_FEDERAL_SUBJECT,federal_subject,https://rosstat.gov.ru/storage/mediabank/tab4-zpl-2025.xlsx,2026-07-29
RU-KHMAO-SUB-TYU,1,Khanty-Mansi AO-Yugra (within Tyumen Oblast),Ханты-Мансийский авт.округ - Югра,RU,Ural,Total,,137126.2,RUB,monthly,average_monthly_nominal_accrued_wage,annual_regional_total,2025,,RU-FD-Ural,OKATO_FEDERAL_SUBJECT,federal_subject,https://rosstat.gov.ru/storage/mediabank/tab4-zpl-2025.xlsx,2026-07-29
RU-YNAO-SUB-TYU,1,Yamalo-Nenets AO (within Tyumen Oblast),Ямало-Ненецкий авт.округ,RU,Ural,Total,,145050.2,RUB,monthly,average_monthly_nominal_accrued_wage,annual_regional_total,2023,,RU-FD-Ural,OKATO_FEDERAL_SUBJECT,federal_subject,https://rosstat.gov.ru/storage/mediabank/tab4-zpl-2025.xlsx,2026-07-29
RU-YNAO-SUB-TYU,1,Yamalo-Nenets AO (within Tyumen Oblast),Ямало-Ненецкий авт.округ,RU,Ural,Total,,163878.7,RUB,monthly,average_monthly_nominal_accrued_wage,annual_regional_total,2024,,RU-FD-Ural,OKATO_FEDERAL_SUBJECT,federal_subject,https://rosstat.gov.ru/storage/mediabank/tab4-zpl-2025.xlsx,2026-07-29
RU-YNAO-SUB-TYU,1,Yamalo-Nenets AO (within Tyumen Oblast),Ямало-Ненецкий авт.округ,RU,Ural,Total,,177972.4,RUB,monthly,average_monthly_nominal_accrued_wage,annual_regional_total,2025,,RU-FD-Ural,OKATO_FEDERAL_SUBJECT,federal_subject,https://rosstat.gov.ru/storage/mediabank/tab4-zpl-2025.xlsx,2026-07-29
RU-TYU-EXAO,1,Tyumen Oblast (excl. autonomous okrugs),Тюменская область без авт. округов,RU,Ural,Total,,71184.4,RUB,monthly,average_monthly_nominal_accrued_wage,annual_regional_total,2023,,RU-FD-Ural,OKATO_FEDERAL_SUBJECT,federal_subject,https://rosstat.gov.ru/storage/mediabank/tab4-zpl-2025.xlsx,2026-07-29
RU-TYU-EXAO,1,Tyumen Oblast (excl. autonomous okrugs),Тюменская область без авт. округов,RU,Ural,Total,,84330.5,RUB,monthly,average_monthly_nominal_accrued_wage,annual_regional_total,2024,,RU-FD-Ural,OKATO_FEDERAL_SUBJECT,federal_subject,https://rosstat.gov.ru/storage/mediabank/tab4-zpl-2025.xlsx,2026-07-29
RU-TYU-EXAO,1,Tyumen Oblast (excl. autonomous okrugs),Тюменская область без авт. округов,RU,Ural,Total,,94908.8,RUB,monthly,average_monthly_nominal_accrued_wage,annual_regional_total,2025,,RU-FD-Ural,OKATO_FEDERAL_SUBJECT,federal_subject,https://rosstat.gov.ru/storage/mediabank/tab4-zpl-2025.xlsx,2026-07-29
75,1,Chelyabinsk Oblast,Челябинская область,RU,Ural,Total,,58424.1,RUB,monthly,average_monthly_nominal_accrued_wage,annual_regional_total,2023,,RU-FD-Ural,OKATO_FEDERAL_SUBJECT,federal_subject,https://rosstat.gov.ru/storage/mediabank/tab4-zpl-2025.xlsx,2026-07-29
75,1,Chelyabinsk Oblast,Челябинская область,RU,Ural,Total,,70946.2,RUB,monthly,average_monthly_nominal_accrued_wage,annual_regional_total,2024,,RU-FD-Ural,OKATO_FEDERAL_SUBJECT,federal_subject,https://rosstat.gov.ru/storage/mediabank/tab4-zpl-2025.xlsx,2026-07-29
75,1,Chelyabinsk Oblast,Челябинская область,RU,Ural,Total,,81367.5,RUB,monthly,average_monthly_nominal_accrued_wage,annual_regional_total,2025,,RU-FD-Ural,OKATO_FEDERAL_SUBJECT,federal_subject,https://rosstat.gov.ru/storage/mediabank/tab4-zpl-2025.xlsx,2026-07-29
RU-FD-Siberian,0,Siberian Federal District,Сибирский федеральный округ,RU,Siberian,Total,,66422.5,RUB,monthly,average_monthly_nominal_accrued_wage,annual_regional_total,2023,,RU-NAT,OKATO_MACRO,federal_district,https://rosstat.gov.ru/storage/mediabank/tab4-zpl-2025.xlsx,2026-07-29
RU-FD-Siberian,0,Siberian Federal District,Сибирский федеральный округ,RU,Siberian,Total,,78218.9,RUB,monthly,average_monthly_nominal_accrued_wage,annual_regional_total,2024,,RU-NAT,OKATO_MACRO,federal_district,https://rosstat.gov.ru/storage/mediabank/tab4-zpl-2025.xlsx,2026-07-29
RU-FD-Siberian,0,Siberian Federal District,Сибирский федеральный округ,RU,Siberian,Total,,88165.2,RUB,monthly,average_monthly_nominal_accrued_wage,annual_regional_total,2025,,RU-NAT,OKATO_MACRO,federal_district,https://rosstat.gov.ru/storage/mediabank/tab4-zpl-2025.xlsx,2026-07-29
84,1,Altai Republic,Республика Алтай,RU,Siberian,Total,,52450,RUB,monthly,average_monthly_nominal_accrued_wage,annual_regional_total,2023,,RU-FD-Siberian,OKATO_FEDERAL_SUBJECT,federal_subject,https://rosstat.gov.ru/storage/mediabank/tab4-zpl-2025.xlsx,2026-07-29
84,1,Altai Republic,Республика Алтай,RU,Siberian,Total,,63529.3,RUB,monthly,average_monthly_nominal_accrued_wage,annual_regional_total,2024,,RU-FD-Siberian,OKATO_FEDERAL_SUBJECT,federal_subject,https://rosstat.gov.ru/storage/mediabank/tab4-zpl-2025.xlsx,2026-07-29
84,1,Altai Republic,Республика Алтай,RU,Siberian,Total,,75342.6,RUB,monthly,average_monthly_nominal_accrued_wage,annual_regional_total,2025,,RU-FD-Siberian,OKATO_FEDERAL_SUBJECT,federal_subject,https://rosstat.gov.ru/storage/mediabank/tab4-zpl-2025.xlsx,2026-07-29
93,1,Tyva Republic,Республика Тыва,RU,Siberian,Total,,57793.1,RUB,monthly,average_monthly_nominal_accrued_wage,annual_regional_total,2023,,RU-FD-Siberian,OKATO_FEDERAL_SUBJECT,federal_subject,https://rosstat.gov.ru/storage/mediabank/tab4-zpl-2025.xlsx,2026-07-29
93,1,Tyva Republic,Республика Тыва,RU,Siberian,Total,,67541.2,RUB,monthly,average_monthly_nominal_accrued_wage,annual_regional_total,2024,,RU-FD-Siberian,OKATO_FEDERAL_SUBJECT,federal_subject,https://rosstat.gov.ru/storage/mediabank/tab4-zpl-2025.xlsx,2026-07-29
93,1,Tyva Republic,Республика Тыва,RU,Siberian,Total,,75702.9,RUB,monthly,average_monthly_nominal_accrued_wage,annual_regional_total,2025,,RU-FD-Siberian,OKATO_FEDERAL_SUBJECT,federal_subject,https://rosstat.gov.ru/storage/mediabank/tab4-zpl-2025.xlsx,2026-07-29
95,1,Republic of Khakassia,Республика Хакасия,RU,Siberian,Total,,62014.5,RUB,monthly,average_monthly_nominal_accrued_wage,annual_regional_total,2023,,RU-FD-Siberian,OKATO_FEDERAL_SUBJECT,federal_subject,https://rosstat.gov.ru/storage/mediabank/tab4-zpl-2025.xlsx,2026-07-29
95,1,Republic of Khakassia,Республика Хакасия,RU,Siberian,Total,,71616.2,RUB,monthly,average_monthly_nominal_accrued_wage,annual_regional_total,2024,,RU-FD-Siberian,OKATO_FEDERAL_SUBJECT,federal_subject,https://rosstat.gov.ru/storage/mediabank/tab4-zpl-2025.xlsx,2026-07-29
95,1,Republic of Khakassia,Республика Хакасия,RU,Siberian,Total,,80491.8,RUB,monthly,average_monthly_nominal_accrued_wage,annual_regional_total,2025,,RU-FD-Siberian,OKATO_FEDERAL_SUBJECT,federal_subject,https://rosstat.gov.ru/storage/mediabank/tab4-zpl-2025.xlsx,2026-07-29
01,1,Altai Krai,Алтайский край,RU,Siberian,Total,,46137.2,RUB,monthly,average_monthly_nominal_accrued_wage,annual_regional_total,2023,,RU-FD-Siberian,OKATO_FEDERAL_SUBJECT,federal_subject,https://rosstat.gov.ru/storage/mediabank/tab4-zpl-2025.xlsx,2026-07-29
01,1,Altai Krai,Алтайский край,RU,Siberian,Total,,55280.5,RUB,monthly,average_monthly_nominal_accrued_wage,annual_regional_total,2024,,RU-FD-Siberian,OKATO_FEDERAL_SUBJECT,federal_subject,https://rosstat.gov.ru/storage/mediabank/tab4-zpl-2025.xlsx,2026-07-29
01,1,Altai Krai,Алтайский край,RU,Siberian,Total,,65568.5,RUB,monthly,average_monthly_nominal_accrued_wage,annual_regional_total,2025,,RU-FD-Siberian,OKATO_FEDERAL_SUBJECT,federal_subject,https://rosstat.gov.ru/storage/mediabank/tab4-zpl-2025.xlsx,2026-07-29
04,1,Krasnoyarsk Krai,Красноярский край,RU,Siberian,Total,,81055.8,RUB,monthly,average_monthly_nominal_accrued_wage,annual_regional_total,2023,,RU-FD-Siberian,OKATO_FEDERAL_SUBJECT,federal_subject,https://rosstat.gov.ru/storage/mediabank/tab4-zpl-2025.xlsx,2026-07-29
04,1,Krasnoyarsk Krai,Красноярский край,RU,Siberian,Total,,95026.1,RUB,monthly,average_monthly_nominal_accrued_wage,annual_regional_total,2024,,RU-FD-Siberian,OKATO_FEDERAL_SUBJECT,federal_subject,https://rosstat.gov.ru/storage/mediabank/tab4-zpl-2025.xlsx,2026-07-29
04,1,Krasnoyarsk Krai,Красноярский край,RU,Siberian,Total,,106698,RUB,monthly,average_monthly_nominal_accrued_wage,annual_regional_total,2025,,RU-FD-Siberian,OKATO_FEDERAL_SUBJECT,federal_subject,https://rosstat.gov.ru/storage/mediabank/tab4-zpl-2025.xlsx,2026-07-29
25,1,Irkutsk Oblast,Иркутская область,RU,Siberian,Total,,74257.1,RUB,monthly,average_monthly_nominal_accrued_wage,annual_regional_total,2023,,RU-FD-Siberian,OKATO_FEDERAL_SUBJECT,federal_subject,https://rosstat.gov.ru/storage/mediabank/tab4-zpl-2025.xlsx,2026-07-29
25,1,Irkutsk Oblast,Иркутская область,RU,Siberian,Total,,87154.3,RUB,monthly,average_monthly_nominal_accrued_wage,annual_regional_total,2024,,RU-FD-Siberian,OKATO_FEDERAL_SUBJECT,federal_subject,https://rosstat.gov.ru/storage/mediabank/tab4-zpl-2025.xlsx,2026-07-29
25,1,Irkutsk Oblast,Иркутская область,RU,Siberian,Total,,97366.3,RUB,monthly,average_monthly_nominal_accrued_wage,annual_regional_total,2025,,RU-FD-Siberian,OKATO_FEDERAL_SUBJECT,federal_subject,https://rosstat.gov.ru/storage/mediabank/tab4-zpl-2025.xlsx,2026-07-29
32,1,Kemerovo Oblast,Кемеровская область,RU,Siberian,Total,,67239.4,RUB,monthly,average_monthly_nominal_accrued_wage,annual_regional_total,2023,,RU-FD-Siberian,OKATO_FEDERAL_SUBJECT,federal_subject,https://rosstat.gov.ru/storage/mediabank/tab4-zpl-2025.xlsx,2026-07-29
32,1,Kemerovo Oblast,Кемеровская область,RU,Siberian,Total,,78202,RUB,monthly,average_monthly_nominal_accrued_wage,annual_regional_total,2024,,RU-FD-Siberian,OKATO_FEDERAL_SUBJECT,federal_subject,https://rosstat.gov.ru/storage/mediabank/tab4-zpl-2025.xlsx,2026-07-29
32,1,Kemerovo Oblast,Кемеровская область,RU,Siberian,Total,,83970.2,RUB,monthly,average_monthly_nominal_accrued_wage,annual_regional_total,2025,,RU-FD-Siberian,OKATO_FEDERAL_SUBJECT,federal_subject,https://rosstat.gov.ru/storage/mediabank/tab4-zpl-2025.xlsx,2026-07-29
50,1,Novosibirsk Oblast,Новосибирская область,RU,Siberian,Total,,64188.7,RUB,monthly,average_monthly_nominal_accrued_wage,annual_regional_total,2023,,RU-FD-Siberian,OKATO_FEDERAL_SUBJECT,federal_subject,https://rosstat.gov.ru/storage/mediabank/tab4-zpl-2025.xlsx,2026-07-29
50,1,Novosibirsk Oblast,Новосибирская область,RU,Siberian,Total,,76770.3,RUB,monthly,average_monthly_nominal_accrued_wage,annual_regional_total,2024,,RU-FD-Siberian,OKATO_FEDERAL_SUBJECT,federal_subject,https://rosstat.gov.ru/storage/mediabank/tab4-zpl-2025.xlsx,2026-07-29
50,1,Novosibirsk Oblast,Новосибирская область,RU,Siberian,Total,,88683.7,RUB,monthly,average_monthly_nominal_accrued_wage,annual_regional_total,2025,,RU-FD-Siberian,OKATO_FEDERAL_SUBJECT,federal_subject,https://rosstat.gov.ru/storage/mediabank/tab4-zpl-2025.xlsx,2026-07-29
52,1,Omsk Oblast,Омская область,RU,Siberian,Total,,55227.2,RUB,monthly,average_monthly_nominal_accrued_wage,annual_regional_total,2023,,RU-FD-Siberian,OKATO_FEDERAL_SUBJECT,federal_subject,https://rosstat.gov.ru/storage/mediabank/tab4-zpl-2025.xlsx,2026-07-29
52,1,Omsk Oblast,Омская область,RU,Siberian,Total,,65404,RUB,monthly,average_monthly_nominal_accrued_wage,annual_regional_total,2024,,RU-FD-Siberian,OKATO_FEDERAL_SUBJECT,federal_subject,https://rosstat.gov.ru/storage/mediabank/tab4-zpl-2025.xlsx,2026-07-29
52,1,Omsk Oblast,Омская область,RU,Siberian,Total,,74036.2,RUB,monthly,average_monthly_nominal_accrued_wage,annual_regional_total,2025,,RU-FD-Siberian,OKATO_FEDERAL_SUBJECT,federal_subject,https://rosstat.gov.ru/storage/mediabank/tab4-zpl-2025.xlsx,2026-07-29
69,1,Tomsk Oblast,Томская область,RU,Siberian,Total,,67743.5,RUB,monthly,average_monthly_nominal_accrued_wage,annual_regional_total,2023,,RU-FD-Siberian,OKATO_FEDERAL_SUBJECT,federal_subject,https://rosstat.gov.ru/storage/mediabank/tab4-zpl-2025.xlsx,2026-07-29
69,1,Tomsk Oblast,Томская область,RU,Siberian,Total,,78524.3,RUB,monthly,average_monthly_nominal_accrued_wage,annual_regional_total,2024,,RU-FD-Siberian,OKATO_FEDERAL_SUBJECT,federal_subject,https://rosstat.gov.ru/storage/mediabank/tab4-zpl-2025.xlsx,2026-07-29
69,1,Tomsk Oblast,Томская область,RU,Siberian,Total,,89519,RUB,monthly,average_monthly_nominal_accrued_wage,annual_regional_total,2025,,RU-FD-Siberian,OKATO_FEDERAL_SUBJECT,federal_subject,https://rosstat.gov.ru/storage/mediabank/tab4-zpl-2025.xlsx,2026-07-29
RU-FD-FarEastern,0,Far Eastern Federal District,Дальневосточный федеральный округ,RU,Far Eastern,Total,,85449.2,RUB,monthly,average_monthly_nominal_accrued_wage,annual_regional_total,2023,,RU-NAT,OKATO_MACRO,federal_district,https://rosstat.gov.ru/storage/mediabank/tab4-zpl-2025.xlsx,2026-07-29
RU-FD-FarEastern,0,Far Eastern Federal District,Дальневосточный федеральный округ,RU,Far Eastern,Total,,100618.8,RUB,monthly,average_monthly_nominal_accrued_wage,annual_regional_total,2024,,RU-NAT,OKATO_MACRO,federal_district,https://rosstat.gov.ru/storage/mediabank/tab4-zpl-2025.xlsx,2026-07-29
RU-FD-FarEastern,0,Far Eastern Federal District,Дальневосточный федеральный округ,RU,Far Eastern,Total,,114762.4,RUB,monthly,average_monthly_nominal_accrued_wage,annual_regional_total,2025,,RU-NAT,OKATO_MACRO,federal_district,https://rosstat.gov.ru/storage/mediabank/tab4-zpl-2025.xlsx,2026-07-29
81,1,Republic of Buryatia,Республика Бурятия,RU,Far Eastern,Total,,61564.6,RUB,monthly,average_monthly_nominal_accrued_wage,annual_regional_total,2023,,RU-FD-FarEastern,OKATO_FEDERAL_SUBJECT,federal_subject,https://rosstat.gov.ru/storage/mediabank/tab4-zpl-2025.xlsx,2026-07-29
81,1,Republic of Buryatia,Республика Бурятия,RU,Far Eastern,Total,,72925.8,RUB,monthly,average_monthly_nominal_accrued_wage,annual_regional_total,2024,,RU-FD-FarEastern,OKATO_FEDERAL_SUBJECT,federal_subject,https://rosstat.gov.ru/storage/mediabank/tab4-zpl-2025.xlsx,2026-07-29
81,1,Republic of Buryatia,Республика Бурятия,RU,Far Eastern,Total,,84440.6,RUB,monthly,average_monthly_nominal_accrued_wage,annual_regional_total,2025,,RU-FD-FarEastern,OKATO_FEDERAL_SUBJECT,federal_subject,https://rosstat.gov.ru/storage/mediabank/tab4-zpl-2025.xlsx,2026-07-29
98,1,Sakha Republic (Yakutia),Республика Саха (Якутия),RU,Far Eastern,Total,,110230.3,RUB,monthly,average_monthly_nominal_accrued_wage,annual_regional_total,2023,,RU-FD-FarEastern,OKATO_FEDERAL_SUBJECT,federal_subject,https://rosstat.gov.ru/storage/mediabank/tab4-zpl-2025.xlsx,2026-07-29
98,1,Sakha Republic (Yakutia),Республика Саха (Якутия),RU,Far Eastern,Total,,126867.9,RUB,monthly,average_monthly_nominal_accrued_wage,annual_regional_total,2024,,RU-FD-FarEastern,OKATO_FEDERAL_SUBJECT,federal_subject,https://rosstat.gov.ru/storage/mediabank/tab4-zpl-2025.xlsx,2026-07-29
98,1,Sakha Republic (Yakutia),Республика Саха (Якутия),RU,Far Eastern,Total,,141234.7,RUB,monthly,average_monthly_nominal_accrued_wage,annual_regional_total,2025,,RU-FD-FarEastern,OKATO_FEDERAL_SUBJECT,federal_subject,https://rosstat.gov.ru/storage/mediabank/tab4-zpl-2025.xlsx,2026-07-29
76,1,Zabaykalsky Krai,Забайкальский край,RU,Far Eastern,Total,,69830.3,RUB,monthly,average_monthly_nominal_accrued_wage,annual_regional_total,2023,,RU-FD-FarEastern,OKATO_FEDERAL_SUBJECT,federal_subject,https://rosstat.gov.ru/storage/mediabank/tab4-zpl-2025.xlsx,2026-07-29
76,1,Zabaykalsky Krai,Забайкальский край,RU,Far Eastern,Total,,85189.8,RUB,monthly,average_monthly_nominal_accrued_wage,annual_regional_total,2024,,RU-FD-FarEastern,OKATO_FEDERAL_SUBJECT,federal_subject,https://rosstat.gov.ru/storage/mediabank/tab4-zpl-2025.xlsx,2026-07-29
76,1,Zabaykalsky Krai,Забайкальский край,RU,Far Eastern,Total,,101279.3,RUB,monthly,average_monthly_nominal_accrued_wage,annual_regional_total,2025,,RU-FD-FarEastern,OKATO_FEDERAL_SUBJECT,federal_subject,https://rosstat.gov.ru/storage/mediabank/tab4-zpl-2025.xlsx,2026-07-29
30,1,Kamchatka Krai,Камчатский край,RU,Far Eastern,Total,,119562.5,RUB,monthly,average_monthly_nominal_accrued_wage,annual_regional_total,2023,,RU-FD-FarEastern,OKATO_FEDERAL_SUBJECT,federal_subject,https://rosstat.gov.ru/storage/mediabank/tab4-zpl-2025.xlsx,2026-07-29
30,1,Kamchatka Krai,Камчатский край,RU,Far Eastern,Total,,132709.9,RUB,monthly,average_monthly_nominal_accrued_wage,annual_regional_total,2024,,RU-FD-FarEastern,OKATO_FEDERAL_SUBJECT,federal_subject,https://rosstat.gov.ru/storage/mediabank/tab4-zpl-2025.xlsx,2026-07-29
30,1,Kamchatka Krai,Камчатский край,RU,Far Eastern,Total,,152302.7,RUB,monthly,average_monthly_nominal_accrued_wage,annual_regional_total,2025,,RU-FD-FarEastern,OKATO_FEDERAL_SUBJECT,federal_subject,https://rosstat.gov.ru/storage/mediabank/tab4-zpl-2025.xlsx,2026-07-29
05,1,Primorsky Krai,Приморский край,RU,Far Eastern,Total,,73959.9,RUB,monthly,average_monthly_nominal_accrued_wage,annual_regional_total,2023,,RU-FD-FarEastern,OKATO_FEDERAL_SUBJECT,federal_subject,https://rosstat.gov.ru/storage/mediabank/tab4-zpl-2025.xlsx,2026-07-29
05,1,Primorsky Krai,Приморский край,RU,Far Eastern,Total,,88919.9,RUB,monthly,average_monthly_nominal_accrued_wage,annual_regional_total,2024,,RU-FD-FarEastern,OKATO_FEDERAL_SUBJECT,federal_subject,https://rosstat.gov.ru/storage/mediabank/tab4-zpl-2025.xlsx,2026-07-29
05,1,Primorsky Krai,Приморский край,RU,Far Eastern,Total,,100836.4,RUB,monthly,average_monthly_nominal_accrued_wage,annual_regional_total,2025,,RU-FD-FarEastern,OKATO_FEDERAL_SUBJECT,federal_subject,https://rosstat.gov.ru/storage/mediabank/tab4-zpl-2025.xlsx,2026-07-29
08,1,Khabarovsk Krai,Хабаровский край,RU,Far Eastern,Total,,75227.4,RUB,monthly,average_monthly_nominal_accrued_wage,annual_regional_total,2023,,RU-FD-FarEastern,OKATO_FEDERAL_SUBJECT,federal_subject,https://rosstat.gov.ru/storage/mediabank/tab4-zpl-2025.xlsx,2026-07-29
08,1,Khabarovsk Krai,Хабаровский край,RU,Far Eastern,Total,,90296.2,RUB,monthly,average_monthly_nominal_accrued_wage,annual_regional_total,2024,,RU-FD-FarEastern,OKATO_FEDERAL_SUBJECT,federal_subject,https://rosstat.gov.ru/storage/mediabank/tab4-zpl-2025.xlsx,2026-07-29
08,1,Khabarovsk Krai,Хабаровский край,RU,Far Eastern,Total,,101703.5,RUB,monthly,average_monthly_nominal_accrued_wage,annual_regional_total,2025,,RU-FD-FarEastern,OKATO_FEDERAL_SUBJECT,federal_subject,https://rosstat.gov.ru/storage/mediabank/tab4-zpl-2025.xlsx,2026-07-29
10,1,Amur Oblast,Амурская область,RU,Far Eastern,Total,,72998.8,RUB,monthly,average_monthly_nominal_accrued_wage,annual_regional_total,2023,,RU-FD-FarEastern,OKATO_FEDERAL_SUBJECT,federal_subject,https://rosstat.gov.ru/storage/mediabank/tab4-zpl-2025.xlsx,2026-07-29
10,1,Amur Oblast,Амурская область,RU,Far Eastern,Total,,87039.5,RUB,monthly,average_monthly_nominal_accrued_wage,annual_regional_total,2024,,RU-FD-FarEastern,OKATO_FEDERAL_SUBJECT,federal_subject,https://rosstat.gov.ru/storage/mediabank/tab4-zpl-2025.xlsx,2026-07-29
10,1,Amur Oblast,Амурская область,RU,Far Eastern,Total,,99044.4,RUB,monthly,average_monthly_nominal_accrued_wage,annual_regional_total,2025,,RU-FD-FarEastern,OKATO_FEDERAL_SUBJECT,federal_subject,https://rosstat.gov.ru/storage/mediabank/tab4-zpl-2025.xlsx,2026-07-29
44,1,Magadan Oblast,Магаданская область,RU,Far Eastern,Total,,134645.8,RUB,monthly,average_monthly_nominal_accrued_wage,annual_regional_total,2023,,RU-FD-FarEastern,OKATO_FEDERAL_SUBJECT,federal_subject,https://rosstat.gov.ru/storage/mediabank/tab4-zpl-2025.xlsx,2026-07-29
44,1,Magadan Oblast,Магаданская область,RU,Far Eastern,Total,,156880.6,RUB,monthly,average_monthly_nominal_accrued_wage,annual_regional_total,2024,,RU-FD-FarEastern,OKATO_FEDERAL_SUBJECT,federal_subject,https://rosstat.gov.ru/storage/mediabank/tab4-zpl-2025.xlsx,2026-07-29
44,1,Magadan Oblast,Магаданская область,RU,Far Eastern,Total,,181790.3,RUB,monthly,average_monthly_nominal_accrued_wage,annual_regional_total,2025,,RU-FD-FarEastern,OKATO_FEDERAL_SUBJECT,federal_subject,https://rosstat.gov.ru/storage/mediabank/tab4-zpl-2025.xlsx,2026-07-29
64,1,Sakhalin Oblast,Сахалинская область,RU,Far Eastern,Total,,114360.8,RUB,monthly,average_monthly_nominal_accrued_wage,annual_regional_total,2023,,RU-FD-FarEastern,OKATO_FEDERAL_SUBJECT,federal_subject,https://rosstat.gov.ru/storage/mediabank/tab4-zpl-2025.xlsx,2026-07-29
64,1,Sakhalin Oblast,Сахалинская область,RU,Far Eastern,Total,,130360,RUB,monthly,average_monthly_nominal_accrued_wage,annual_regional_total,2024,,RU-FD-FarEastern,OKATO_FEDERAL_SUBJECT,federal_subject,https://rosstat.gov.ru/storage/mediabank/tab4-zpl-2025.xlsx,2026-07-29
64,1,Sakhalin Oblast,Сахалинская область,RU,Far Eastern,Total,,147698,RUB,monthly,average_monthly_nominal_accrued_wage,annual_regional_total,2025,,RU-FD-FarEastern,OKATO_FEDERAL_SUBJECT,federal_subject,https://rosstat.gov.ru/storage/mediabank/tab4-zpl-2025.xlsx,2026-07-29
99,1,Jewish Autonomous Oblast,Еврейская авт.область,RU,Far Eastern,Total,,65815.3,RUB,monthly,average_monthly_nominal_accrued_wage,annual_regional_total,2023,,RU-FD-FarEastern,OKATO_FEDERAL_SUBJECT,federal_subject,https://rosstat.gov.ru/storage/mediabank/tab4-zpl-2025.xlsx,2026-07-29
99,1,Jewish Autonomous Oblast,Еврейская авт.область,RU,Far Eastern,Total,,78794.7,RUB,monthly,average_monthly_nominal_accrued_wage,annual_regional_total,2024,,RU-FD-FarEastern,OKATO_FEDERAL_SUBJECT,federal_subject,https://rosstat.gov.ru/storage/mediabank/tab4-zpl-2025.xlsx,2026-07-29
99,1,Jewish Autonomous Oblast,Еврейская авт.область,RU,Far Eastern,Total,,92434.4,RUB,monthly,average_monthly_nominal_accrued_wage,annual_regional_total,2025,,RU-FD-FarEastern,OKATO_FEDERAL_SUBJECT,federal_subject,https://rosstat.gov.ru/storage/mediabank/tab4-zpl-2025.xlsx,2026-07-29
77,1,Chukotka Autonomous Okrug,Чукотский авт.округ,RU,Far Eastern,Total,,159070.9,RUB,monthly,average_monthly_nominal_accrued_wage,annual_regional_total,2023,,RU-FD-FarEastern,OKATO_FEDERAL_SUBJECT,federal_subject,https://rosstat.gov.ru/storage/mediabank/tab4-zpl-2025.xlsx,2026-07-29
77,1,Chukotka Autonomous Okrug,Чукотский авт.округ,RU,Far Eastern,Total,,188560.8,RUB,monthly,average_monthly_nominal_accrued_wage,annual_regional_total,2024,,RU-FD-FarEastern,OKATO_FEDERAL_SUBJECT,federal_subject,https://rosstat.gov.ru/storage/mediabank/tab4-zpl-2025.xlsx,2026-07-29
77,1,Chukotka Autonomous Okrug,Чукотский авт.округ,RU,Far Eastern,Total,,217181.9,RUB,monthly,average_monthly_nominal_accrued_wage,annual_regional_total,2025,,RU-FD-FarEastern,OKATO_FEDERAL_SUBJECT,federal_subject,https://rosstat.gov.ru/storage/mediabank/tab4-zpl-2025.xlsx,2026-07-29
RU-NAT,0,Russian Federation,Российская Федерация,RU,,Total,,73664.0,RUB,monthly,average_monthly_nominal_accrued_wage_october_survey,biennial_occupation_survey_57T,2023,,,OKZ,national,https://rosstat.gov.ru/storage/mediabank/sved_57-t_2023.rar,2026-07-29
RU-NAT,0,Russian Federation,Российская Федерация,RU,,Managers,1,139544.0,RUB,monthly,average_monthly_nominal_accrued_wage_october_survey,biennial_occupation_survey_57T,2023,,,OKZ,national,https://rosstat.gov.ru/storage/mediabank/sved_57-t_2023.rar,2026-07-29
RU-NAT,0,Russian Federation,Российская Федерация,RU,,Professionals,2,79467.0,RUB,monthly,average_monthly_nominal_accrued_wage_october_survey,biennial_occupation_survey_57T,2023,,,OKZ,national,https://rosstat.gov.ru/storage/mediabank/sved_57-t_2023.rar,2026-07-29
RU-NAT,0,Russian Federation,Российская Федерация,RU,,Technicians and associate professionals,3,66871.0,RUB,monthly,average_monthly_nominal_accrued_wage_october_survey,biennial_occupation_survey_57T,2023,,,OKZ,national,https://rosstat.gov.ru/storage/mediabank/sved_57-t_2023.rar,2026-07-29
RU-NAT,0,Russian Federation,Российская Федерация,RU,,Clerical support workers,4,49096.0,RUB,monthly,average_monthly_nominal_accrued_wage_october_survey,biennial_occupation_survey_57T,2023,,,OKZ,national,https://rosstat.gov.ru/storage/mediabank/sved_57-t_2023.rar,2026-07-29
RU-NAT,0,Russian Federation,Российская Федерация,RU,,Service and sales workers,5,45114.0,RUB,monthly,average_monthly_nominal_accrued_wage_october_survey,biennial_occupation_survey_57T,2023,,,OKZ,national,https://rosstat.gov.ru/storage/mediabank/sved_57-t_2023.rar,2026-07-29
RU-NAT,0,Russian Federation,Российская Федерация,RU,,"Skilled agricultural, forestry and fishery workers",6,49348.0,RUB,monthly,average_monthly_nominal_accrued_wage_october_survey,biennial_occupation_survey_57T,2023,,,OKZ,national,https://rosstat.gov.ru/storage/mediabank/sved_57-t_2023.rar,2026-07-29
RU-NAT,0,Russian Federation,Российская Федерация,RU,,Craft and related trades workers,7,71670.0,RUB,monthly,average_monthly_nominal_accrued_wage_october_survey,biennial_occupation_survey_57T,2023,,,OKZ,national,https://rosstat.gov.ru/storage/mediabank/sved_57-t_2023.rar,2026-07-29
RU-NAT,0,Russian Federation,Российская Федерация,RU,,Plant and machine operators and assemblers,8,71667.0,RUB,monthly,average_monthly_nominal_accrued_wage_october_survey,biennial_occupation_survey_57T,2023,,,OKZ,national,https://rosstat.gov.ru/storage/mediabank/sved_57-t_2023.rar,2026-07-29
RU-NAT,0,Russian Federation,Российская Федерация,RU,,Elementary occupations,9,37970.0,RUB,monthly,average_monthly_nominal_accrued_wage_october_survey,biennial_occupation_survey_57T,2023,,,OKZ,national,https://rosstat.gov.ru/storage/mediabank/sved_57-t_2023.rar,2026-07-29
RU-FD-Central,0,Central Federal District,Центральный федеральный округ,RU,Central,Total,,89633.0,RUB,monthly,average_monthly_nominal_accrued_wage_october_survey,biennial_occupation_survey_57T,2023,,RU-NAT,OKZ,federal_district,https://rosstat.gov.ru/storage/mediabank/sved_57-t_2023.rar,2026-07-29
RU-FD-Central,0,Central Federal District,Центральный федеральный округ,RU,Central,Managers,1,184776.0,RUB,monthly,average_monthly_nominal_accrued_wage_october_survey,biennial_occupation_survey_57T,2023,,RU-NAT,OKZ,federal_district,https://rosstat.gov.ru/storage/mediabank/sved_57-t_2023.rar,2026-07-29
RU-FD-Central,0,Central Federal District,Центральный федеральный округ,RU,Central,Professionals,2,102012.0,RUB,monthly,average_monthly_nominal_accrued_wage_october_survey,biennial_occupation_survey_57T,2023,,RU-NAT,OKZ,federal_district,https://rosstat.gov.ru/storage/mediabank/sved_57-t_2023.rar,2026-07-29
RU-FD-Central,0,Central Federal District,Центральный федеральный округ,RU,Central,Technicians and associate professionals,3,73294.0,RUB,monthly,average_monthly_nominal_accrued_wage_october_survey,biennial_occupation_survey_57T,2023,,RU-NAT,OKZ,federal_district,https://rosstat.gov.ru/storage/mediabank/sved_57-t_2023.rar,2026-07-29
RU-FD-Central,0,Central Federal District,Центральный федеральный округ,RU,Central,Clerical support workers,4,58273.0,RUB,monthly,average_monthly_nominal_accrued_wage_october_survey,biennial_occupation_survey_57T,2023,,RU-NAT,OKZ,federal_district,https://rosstat.gov.ru/storage/mediabank/sved_57-t_2023.rar,2026-07-29
RU-FD-Central,0,Central Federal District,Центральный федеральный округ,RU,Central,Service and sales workers,5,51366.0,RUB,monthly,average_monthly_nominal_accrued_wage_october_survey,biennial_occupation_survey_57T,2023,,RU-NAT,OKZ,federal_district,https://rosstat.gov.ru/storage/mediabank/sved_57-t_2023.rar,2026-07-29
RU-FD-Central,0,Central Federal District,Центральный федеральный округ,RU,Central,"Skilled agricultural, forestry and fishery workers",6,52691.0,RUB,monthly,average_monthly_nominal_accrued_wage_october_survey,biennial_occupation_survey_57T,2023,,RU-NAT,OKZ,federal_district,https://rosstat.gov.ru/storage/mediabank/sved_57-t_2023.rar,2026-07-29
RU-FD-Central,0,Central Federal District,Центральный федеральный округ,RU,Central,Craft and related trades workers,7,70547.0,RUB,monthly,average_monthly_nominal_accrued_wage_october_survey,biennial_occupation_survey_57T,2023,,RU-NAT,OKZ,federal_district,https://rosstat.gov.ru/storage/mediabank/sved_57-t_2023.rar,2026-07-29
RU-FD-Central,0,Central Federal District,Центральный федеральный округ,RU,Central,Plant and machine operators and assemblers,8,69358.0,RUB,monthly,average_monthly_nominal_accrued_wage_october_survey,biennial_occupation_survey_57T,2023,,RU-NAT,OKZ,federal_district,https://rosstat.gov.ru/storage/mediabank/sved_57-t_2023.rar,2026-07-29
RU-FD-Central,0,Central Federal District,Центральный федеральный округ,RU,Central,Elementary occupations,9,43948.0,RUB,monthly,average_monthly_nominal_accrued_wage_october_survey,biennial_occupation_survey_57T,2023,,RU-NAT,OKZ,federal_district,https://rosstat.gov.ru/storage/mediabank/sved_57-t_2023.rar,2026-07-29
14,1,Belgorod Oblast,Белгородская область,RU,Central,Total,,58031.0,RUB,monthly,average_monthly_nominal_accrued_wage_october_survey,biennial_occupation_survey_57T,2023,,RU-FD-Central,OKZ,federal_subject,https://rosstat.gov.ru/storage/mediabank/sved_57-t_2023.rar,2026-07-29
14,1,Belgorod Oblast,Белгородская область,RU,Central,Managers,1,100824.0,RUB,monthly,average_monthly_nominal_accrued_wage_october_survey,biennial_occupation_survey_57T,2023,,RU-FD-Central,OKZ,federal_subject,https://rosstat.gov.ru/storage/mediabank/sved_57-t_2023.rar,2026-07-29
14,1,Belgorod Oblast,Белгородская область,RU,Central,Professionals,2,59694.0,RUB,monthly,average_monthly_nominal_accrued_wage_october_survey,biennial_occupation_survey_57T,2023,,RU-FD-Central,OKZ,federal_subject,https://rosstat.gov.ru/storage/mediabank/sved_57-t_2023.rar,2026-07-29
14,1,Belgorod Oblast,Белгородская область,RU,Central,Technicians and associate professionals,3,50915.0,RUB,monthly,average_monthly_nominal_accrued_wage_october_survey,biennial_occupation_survey_57T,2023,,RU-FD-Central,OKZ,federal_subject,https://rosstat.gov.ru/storage/mediabank/sved_57-t_2023.rar,2026-07-29
14,1,Belgorod Oblast,Белгородская область,RU,Central,Clerical support workers,4,38042.0,RUB,monthly,average_monthly_nominal_accrued_wage_october_survey,biennial_occupation_survey_57T,2023,,RU-FD-Central,OKZ,federal_subject,https://rosstat.gov.ru/storage/mediabank/sved_57-t_2023.rar,2026-07-29
14,1,Belgorod Oblast,Белгородская область,RU,Central,Service and sales workers,5,38066.0,RUB,monthly,average_monthly_nominal_accrued_wage_october_survey,biennial_occupation_survey_57T,2023,,RU-FD-Central,OKZ,federal_subject,https://rosstat.gov.ru/storage/mediabank/sved_57-t_2023.rar,2026-07-29
14,1,Belgorod Oblast,Белгородская область,RU,Central,"Skilled agricultural, forestry and fishery workers",6,63439.0,RUB,monthly,average_monthly_nominal_accrued_wage_october_survey,biennial_occupation_survey_57T,2023,,RU-FD-Central,OKZ,federal_subject,https://rosstat.gov.ru/storage/mediabank/sved_57-t_2023.rar,2026-07-29
14,1,Belgorod Oblast,Белгородская область,RU,Central,Craft and related trades workers,7,62042.0,RUB,monthly,average_monthly_nominal_accrued_wage_october_survey,biennial_occupation_survey_57T,2023,,RU-FD-Central,OKZ,federal_subject,https://rosstat.gov.ru/storage/mediabank/sved_57-t_2023.rar,2026-07-29
14,1,Belgorod Oblast,Белгородская область,RU,Central,Plant and machine operators and assemblers,8,62031.0,RUB,monthly,average_monthly_nominal_accrued_wage_october_survey,biennial_occupation_survey_57T,2023,,RU-FD-Central,OKZ,federal_subject,https://rosstat.gov.ru/storage/mediabank/sved_57-t_2023.rar,2026-07-29
14,1,Belgorod Oblast,Белгородская область,RU,Central,Elementary occupations,9,35957.0,RUB,monthly,average_monthly_nominal_accrued_wage_october_survey,biennial_occupation_survey_57T,2023,,RU-FD-Central,OKZ,federal_subject,https://rosstat.gov.ru/storage/mediabank/sved_57-t_2023.rar,2026-07-29
15,1,Bryansk Oblast,Брянская область,RU,Central,Total,,48422.0,RUB,monthly,average_monthly_nominal_accrued_wage_october_survey,biennial_occupation_survey_57T,2023,,RU-FD-Central,OKZ,federal_subject,https://rosstat.gov.ru/storage/mediabank/sved_57-t_2023.rar,2026-07-29
15,1,Bryansk Oblast,Брянская область,RU,Central,Managers,1,77291.0,RUB,monthly,average_monthly_nominal_accrued_wage_october_survey,biennial_occupation_survey_57T,2023,,RU-FD-Central,OKZ,federal_subject,https://rosstat.gov.ru/storage/mediabank/sved_57-t_2023.rar,2026-07-29
15,1,Bryansk Oblast,Брянская область,RU,Central,Professionals,2,49602.0,RUB,monthly,average_monthly_nominal_accrued_wage_october_survey,biennial_occupation_survey_57T,2023,,RU-FD-Central,OKZ,federal_subject,https://rosstat.gov.ru/storage/mediabank/sved_57-t_2023.rar,2026-07-29
15,1,Bryansk Oblast,Брянская область,RU,Central,Technicians and associate professionals,3,44739.0,RUB,monthly,average_monthly_nominal_accrued_wage_october_survey,biennial_occupation_survey_57T,2023,,RU-FD-Central,OKZ,federal_subject,https://rosstat.gov.ru/storage/mediabank/sved_57-t_2023.rar,2026-07-29
15,1,Bryansk Oblast,Брянская область,RU,Central,Clerical support workers,4,33847.0,RUB,monthly,average_monthly_nominal_accrued_wage_october_survey,biennial_occupation_survey_57T,2023,,RU-FD-Central,OKZ,federal_subject,https://rosstat.gov.ru/storage/mediabank/sved_57-t_2023.rar,2026-07-29
15,1,Bryansk Oblast,Брянская область,RU,Central,Service and sales workers,5,32909.0,RUB,monthly,average_monthly_nominal_accrued_wage_october_survey,biennial_occupation_survey_57T,2023,,RU-FD-Central,OKZ,federal_subject,https://rosstat.gov.ru/storage/mediabank/sved_57-t_2023.rar,2026-07-29
15,1,Bryansk Oblast,Брянская область,RU,Central,"Skilled agricultural, forestry and fishery workers",6,55343.0,RUB,monthly,average_monthly_nominal_accrued_wage_october_survey,biennial_occupation_survey_57T,2023,,RU-FD-Central,OKZ,federal_subject,https://rosstat.gov.ru/storage/mediabank/sved_57-t_2023.rar,2026-07-29
15,1,Bryansk Oblast,Брянская область,RU,Central,Craft and related trades workers,7,57310.0,RUB,monthly,average_monthly_nominal_accrued_wage_october_survey,biennial_occupation_survey_57T,2023,,RU-FD-Central,OKZ,federal_subject,https://rosstat.gov.ru/storage/mediabank/sved_57-t_2023.rar,2026-07-29
15,1,Bryansk Oblast,Брянская область,RU,Central,Plant and machine operators and assemblers,8,54064.0,RUB,monthly,average_monthly_nominal_accrued_wage_october_survey,biennial_occupation_survey_57T,2023,,RU-FD-Central,OKZ,federal_subject,https://rosstat.gov.ru/storage/mediabank/sved_57-t_2023.rar,2026-07-29
15,1,Bryansk Oblast,Брянская область,RU,Central,Elementary occupations,9,29441.0,RUB,monthly,average_monthly_nominal_accrued_wage_october_survey,biennial_occupation_survey_57T,2023,,RU-FD-Central,OKZ,federal_subject,https://rosstat.gov.ru/storage/mediabank/sved_57-t_2023.rar,2026-07-29
17,1,Vladimir Oblast,Владимирская область,RU,Central,Total,,55712.0,RUB,monthly,average_monthly_nominal_accrued_wage_october_survey,biennial_occupation_survey_57T,2023,,RU-FD-Central,OKZ,federal_subject,https://rosstat.gov.ru/storage/mediabank/sved_57-t_2023.rar,2026-07-29
17,1,Vladimir Oblast,Владимирская область,RU,Central,Managers,1,96972.0,RUB,monthly,average_monthly_nominal_accrued_wage_october_survey,biennial_occupation_survey_57T,2023,,RU-FD-Central,OKZ,federal_subject,https://rosstat.gov.ru/storage/mediabank/sved_57-t_2023.rar,2026-07-29
17,1,Vladimir Oblast,Владимирская область,RU,Central,Professionals,2,55274.0,RUB,monthly,average_monthly_nominal_accrued_wage_october_survey,biennial_occupation_survey_57T,2023,,RU-FD-Central,OKZ,federal_subject,https://rosstat.gov.ru/storage/mediabank/sved_57-t_2023.rar,2026-07-29
17,1,Vladimir Oblast,Владимирская область,RU,Central,Technicians and associate professionals,3,49477.0,RUB,monthly,average_monthly_nominal_accrued_wage_october_survey,biennial_occupation_survey_57T,2023,,RU-FD-Central,OKZ,federal_subject,https://rosstat.gov.ru/storage/mediabank/sved_57-t_2023.rar,2026-07-29
17,1,Vladimir Oblast,Владимирская область,RU,Central,Clerical support workers,4,39638.0,RUB,monthly,average_monthly_nominal_accrued_wage_october_survey,biennial_occupation_survey_57T,2023,,RU-FD-Central,OKZ,federal_subject,https://rosstat.gov.ru/storage/mediabank/sved_57-t_2023.rar,2026-07-29
17,1,Vladimir Oblast,Владимирская область,RU,Central,Service and sales workers,5,37989.0,RUB,monthly,average_monthly_nominal_accrued_wage_october_survey,biennial_occupation_survey_57T,2023,,RU-FD-Central,OKZ,federal_subject,https://rosstat.gov.ru/storage/mediabank/sved_57-t_2023.rar,2026-07-29
17,1,Vladimir Oblast,Владимирская область,RU,Central,"Skilled agricultural, forestry and fishery workers",6,47835.0,RUB,monthly,average_monthly_nominal_accrued_wage_october_survey,biennial_occupation_survey_57T,2023,,RU-FD-Central,OKZ,federal_subject,https://rosstat.gov.ru/storage/mediabank/sved_57-t_2023.rar,2026-07-29
17,1,Vladimir Oblast,Владимирская область,RU,Central,Craft and related trades workers,7,60819.0,RUB,monthly,average_monthly_nominal_accrued_wage_october_survey,biennial_occupation_survey_57T,2023,,RU-FD-Central,OKZ,federal_subject,https://rosstat.gov.ru/storage/mediabank/sved_57-t_2023.rar,2026-07-29
17,1,Vladimir Oblast,Владимирская область,RU,Central,Plant and machine operators and assemblers,8,59891.0,RUB,monthly,average_monthly_nominal_accrued_wage_october_survey,biennial_occupation_survey_57T,2023,,RU-FD-Central,OKZ,federal_subject,https://rosstat.gov.ru/storage/mediabank/sved_57-t_2023.rar,2026-07-29
17,1,Vladimir Oblast,Владимирская область,RU,Central,Elementary occupations,9,33720.0,RUB,monthly,average_monthly_nominal_accrued_wage_october_survey,biennial_occupation_survey_57T,2023,,RU-FD-Central,OKZ,federal_subject,https://rosstat.gov.ru/storage/mediabank/sved_57-t_2023.rar,2026-07-29
20,1,Voronezh Oblast,Воронежская область,RU,Central,Total,,50286.0,RUB,monthly,average_monthly_nominal_accrued_wage_october_survey,biennial_occupation_survey_57T,2023,,RU-FD-Central,OKZ,federal_subject,https://rosstat.gov.ru/storage/mediabank/sved_57-t_2023.rar,2026-07-29
20,1,Voronezh Oblast,Воронежская область,RU,Central,Managers,1,94511.0,RUB,monthly,average_monthly_nominal_accrued_wage_october_survey,biennial_occupation_survey_57T,2023,,RU-FD-Central,OKZ,federal_subject,https://rosstat.gov.ru/storage/mediabank/sved_57-t_2023.rar,2026-07-29
20,1,Voronezh Oblast,Воронежская область,RU,Central,Professionals,2,55925.0,RUB,monthly,average_monthly_nominal_accrued_wage_october_survey,biennial_occupation_survey_57T,2023,,RU-FD-Central,OKZ,federal_subject,https://rosstat.gov.ru/storage/mediabank/sved_57-t_2023.rar,2026-07-29
20,1,Voronezh Oblast,Воронежская область,RU,Central,Technicians and associate professionals,3,45281.0,RUB,monthly,average_monthly_nominal_accrued_wage_october_survey,biennial_occupation_survey_57T,2023,,RU-FD-Central,OKZ,federal_subject,https://rosstat.gov.ru/storage/mediabank/sved_57-t_2023.rar,2026-07-29
20,1,Voronezh Oblast,Воронежская область,RU,Central,Clerical support workers,4,34459.0,RUB,monthly,average_monthly_nominal_accrued_wage_october_survey,biennial_occupation_survey_57T,2023,,RU-FD-Central,OKZ,federal_subject,https://rosstat.gov.ru/storage/mediabank/sved_57-t_2023.rar,2026-07-29
20,1,Voronezh Oblast,Воронежская область,RU,Central,Service and sales workers,5,29746.0,RUB,monthly,average_monthly_nominal_accrued_wage_october_survey,biennial_occupation_survey_57T,2023,,RU-FD-Central,OKZ,federal_subject,https://rosstat.gov.ru/storage/mediabank/sved_57-t_2023.rar,2026-07-29
20,1,Voronezh Oblast,Воронежская область,RU,Central,"Skilled agricultural, forestry and fishery workers",6,36973.0,RUB,monthly,average_monthly_nominal_accrued_wage_october_survey,biennial_occupation_survey_57T,2023,,RU-FD-Central,OKZ,federal_subject,https://rosstat.gov.ru/storage/mediabank/sved_57-t_2023.rar,2026-07-29
20,1,Voronezh Oblast,Воронежская область,RU,Central,Craft and related trades workers,7,52331.0,RUB,monthly,average_monthly_nominal_accrued_wage_october_survey,biennial_occupation_survey_57T,2023,,RU-FD-Central,OKZ,federal_subject,https://rosstat.gov.ru/storage/mediabank/sved_57-t_2023.rar,2026-07-29
20,1,Voronezh Oblast,Воронежская область,RU,Central,Plant and machine operators and assemblers,8,44463.0,RUB,monthly,average_monthly_nominal_accrued_wage_october_survey,biennial_occupation_survey_57T,2023,,RU-FD-Central,OKZ,federal_subject,https://rosstat.gov.ru/storage/mediabank/sved_57-t_2023.rar,2026-07-29
20,1,Voronezh Oblast,Воронежская область,RU,Central,Elementary occupations,9,27103.0,RUB,monthly,average_monthly_nominal_accrued_wage_october_survey,biennial_occupation_survey_57T,2023,,RU-FD-Central,OKZ,federal_subject,https://rosstat.gov.ru/storage/mediabank/sved_57-t_2023.rar,2026-07-29
24,1,Ivanovo Oblast,Ивановская область,RU,Central,Total,,44681.0,RUB,monthly,average_monthly_nominal_accrued_wage_october_survey,biennial_occupation_survey_57T,2023,,RU-FD-Central,OKZ,federal_subject,https://rosstat.gov.ru/storage/mediabank/sved_57-t_2023.rar,2026-07-29
24,1,Ivanovo Oblast,Ивановская область,RU,Central,Managers,1,76606.0,RUB,monthly,average_monthly_nominal_accrued_wage_october_survey,biennial_occupation_survey_57T,2023,,RU-FD-Central,OKZ,federal_subject,https://rosstat.gov.ru/storage/mediabank/sved_57-t_2023.rar,2026-07-29
24,1,Ivanovo Oblast,Ивановская область,RU,Central,Professionals,2,45669.0,RUB,monthly,average_monthly_nominal_accrued_wage_october_survey,biennial_occupation_survey_57T,2023,,RU-FD-Central,OKZ,federal_subject,https://rosstat.gov.ru/storage/mediabank/sved_57-t_2023.rar,2026-07-29
24,1,Ivanovo Oblast,Ивановская область,RU,Central,Technicians and associate professionals,3,40925.0,RUB,monthly,average_monthly_nominal_accrued_wage_october_survey,biennial_occupation_survey_57T,2023,,RU-FD-Central,OKZ,federal_subject,https://rosstat.gov.ru/storage/mediabank/sved_57-t_2023.rar,2026-07-29
24,1,Ivanovo Oblast,Ивановская область,RU,Central,Clerical support workers,4,35702.0,RUB,monthly,average_monthly_nominal_accrued_wage_october_survey,biennial_occupation_survey_57T,2023,,RU-FD-Central,OKZ,federal_subject,https://rosstat.gov.ru/storage/mediabank/sved_57-t_2023.rar,2026-07-29
24,1,Ivanovo Oblast,Ивановская область,RU,Central,Service and sales workers,5,31723.0,RUB,monthly,average_monthly_nominal_accrued_wage_october_survey,biennial_occupation_survey_57T,2023,,RU-FD-Central,OKZ,federal_subject,https://rosstat.gov.ru/storage/mediabank/sved_57-t_2023.rar,2026-07-29
24,1,Ivanovo Oblast,Ивановская область,RU,Central,"Skilled agricultural, forestry and fishery workers",6,43154.0,RUB,monthly,average_monthly_nominal_accrued_wage_october_survey,biennial_occupation_survey_57T,2023,,RU-FD-Central,OKZ,federal_subject,https://rosstat.gov.ru/storage/mediabank/sved_57-t_2023.rar,2026-07-29
24,1,Ivanovo Oblast,Ивановская область,RU,Central,Craft and related trades workers,7,46951.0,RUB,monthly,average_monthly_nominal_accrued_wage_october_survey,biennial_occupation_survey_57T,2023,,RU-FD-Central,OKZ,federal_subject,https://rosstat.gov.ru/storage/mediabank/sved_57-t_2023.rar,2026-07-29
24,1,Ivanovo Oblast,Ивановская область,RU,Central,Plant and machine operators and assemblers,8,48326.0,RUB,monthly,average_monthly_nominal_accrued_wage_october_survey,biennial_occupation_survey_57T,2023,,RU-FD-Central,OKZ,federal_subject,https://rosstat.gov.ru/storage/mediabank/sved_57-t_2023.rar,2026-07-29
24,1,Ivanovo Oblast,Ивановская область,RU,Central,Elementary occupations,9,28216.0,RUB,monthly,average_monthly_nominal_accrued_wage_october_survey,biennial_occupation_survey_57T,2023,,RU-FD-Central,OKZ,federal_subject,https://rosstat.gov.ru/storage/mediabank/sved_57-t_2023.rar,2026-07-29
29,1,Kaluga Oblast,Калужская область,RU,Central,Total,,63099.0,RUB,monthly,average_monthly_nominal_accrued_wage_october_survey,biennial_occupation_survey_57T,2023,,RU-FD-Central,OKZ,federal_subject,https://rosstat.gov.ru/storage/mediabank/sved_57-t_2023.rar,2026-07-29
29,1,Kaluga Oblast,Калужская область,RU,Central,Managers,1,111023.0,RUB,monthly,average_monthly_nominal_accrued_wage_october_survey,biennial_occupation_survey_57T,2023,,RU-FD-Central,OKZ,federal_subject,https://rosstat.gov.ru/storage/mediabank/sved_57-t_2023.rar,2026-07-29
29,1,Kaluga Oblast,Калужская область,RU,Central,Professionals,2,66423.0,RUB,monthly,average_monthly_nominal_accrued_wage_october_survey,biennial_occupation_survey_57T,2023,,RU-FD-Central,OKZ,federal_subject,https://rosstat.gov.ru/storage/mediabank/sved_57-t_2023.rar,2026-07-29
29,1,Kaluga Oblast,Калужская область,RU,Central,Technicians and associate professionals,3,51698.0,RUB,monthly,average_monthly_nominal_accrued_wage_october_survey,biennial_occupation_survey_57T,2023,,RU-FD-Central,OKZ,federal_subject,https://rosstat.gov.ru/storage/mediabank/sved_57-t_2023.rar,2026-07-29
29,1,Kaluga Oblast,Калужская область,RU,Central,Clerical support workers,4,40270.0,RUB,monthly,average_monthly_nominal_accrued_wage_october_survey,biennial_occupation_survey_57T,2023,,RU-FD-Central,OKZ,federal_subject,https://rosstat.gov.ru/storage/mediabank/sved_57-t_2023.rar,2026-07-29
29,1,Kaluga Oblast,Калужская область,RU,Central,Service and sales workers,5,38051.0,RUB,monthly,average_monthly_nominal_accrued_wage_october_survey,biennial_occupation_survey_57T,2023,,RU-FD-Central,OKZ,federal_subject,https://rosstat.gov.ru/storage/mediabank/sved_57-t_2023.rar,2026-07-29
29,1,Kaluga Oblast,Калужская область,RU,Central,"Skilled agricultural, forestry and fishery workers",6,49086.0,RUB,monthly,average_monthly_nominal_accrued_wage_october_survey,biennial_occupation_survey_57T,2023,,RU-FD-Central,OKZ,federal_subject,https://rosstat.gov.ru/storage/mediabank/sved_57-t_2023.rar,2026-07-29
29,1,Kaluga Oblast,Калужская область,RU,Central,Craft and related trades workers,7,64818.0,RUB,monthly,average_monthly_nominal_accrued_wage_october_survey,biennial_occupation_survey_57T,2023,,RU-FD-Central,OKZ,federal_subject,https://rosstat.gov.ru/storage/mediabank/sved_57-t_2023.rar,2026-07-29
29,1,Kaluga Oblast,Калужская область,RU,Central,Plant and machine operators and assemblers,8,61830.0,RUB,monthly,average_monthly_nominal_accrued_wage_october_survey,biennial_occupation_survey_57T,2023,,RU-FD-Central,OKZ,federal_subject,https://rosstat.gov.ru/storage/mediabank/sved_57-t_2023.rar,2026-07-29
29,1,Kaluga Oblast,Калужская область,RU,Central,Elementary occupations,9,41543.0,RUB,monthly,average_monthly_nominal_accrued_wage_october_survey,biennial_occupation_survey_57T,2023,,RU-FD-Central,OKZ,federal_subject,https://rosstat.gov.ru/storage/mediabank/sved_57-t_2023.rar,2026-07-29
34,1,Kostroma Oblast,Костромская область,RU,Central,Total,,47401.0,RUB,monthly,average_monthly_nominal_accrued_wage_october_survey,biennial_occupation_survey_57T,2023,,RU-FD-Central,OKZ,federal_subject,https://rosstat.gov.ru/storage/mediabank/sved_57-t_2023.rar,2026-07-29
34,1,Kostroma Oblast,Костромская область,RU,Central,Managers,1,72184.0,RUB,monthly,average_monthly_nominal_accrued_wage_october_survey,biennial_occupation_survey_57T,2023,,RU-FD-Central,OKZ,federal_subject,https://rosstat.gov.ru/storage/mediabank/sved_57-t_2023.rar,2026-07-29
34,1,Kostroma Oblast,Костромская область,RU,Central,Professionals,2,48270.0,RUB,monthly,average_monthly_nominal_accrued_wage_october_survey,biennial_occupation_survey_57T,2023,,RU-FD-Central,OKZ,federal_subject,https://rosstat.gov.ru/storage/mediabank/sved_57-t_2023.rar,2026-07-29
34,1,Kostroma Oblast,Костромская область,RU,Central,Technicians and associate professionals,3,42868.0,RUB,monthly,average_monthly_nominal_accrued_wage_october_survey,biennial_occupation_survey_57T,2023,,RU-FD-Central,OKZ,federal_subject,https://rosstat.gov.ru/storage/mediabank/sved_57-t_2023.rar,2026-07-29
34,1,Kostroma Oblast,Костромская область,RU,Central,Clerical support workers,4,32932.0,RUB,monthly,average_monthly_nominal_accrued_wage_october_survey,biennial_occupation_survey_57T,2023,,RU-FD-Central,OKZ,federal_subject,https://rosstat.gov.ru/storage/mediabank/sved_57-t_2023.rar,2026-07-29
34,1,Kostroma Oblast,Костромская область,RU,Central,Service and sales workers,5,27284.0,RUB,monthly,average_monthly_nominal_accrued_wage_october_survey,biennial_occupation_survey_57T,2023,,RU-FD-Central,OKZ,federal_subject,https://rosstat.gov.ru/storage/mediabank/sved_57-t_2023.rar,2026-07-29
34,1,Kostroma Oblast,Костромская область,RU,Central,"Skilled agricultural, forestry and fishery workers",6,39469.0,RUB,monthly,average_monthly_nominal_accrued_wage_october_survey,biennial_occupation_survey_57T,2023,,RU-FD-Central,OKZ,federal_subject,https://rosstat.gov.ru/storage/mediabank/sved_57-t_2023.rar,2026-07-29
34,1,Kostroma Oblast,Костромская область,RU,Central,Craft and related trades workers,7,60265.0,RUB,monthly,average_monthly_nominal_accrued_wage_october_survey,biennial_occupation_survey_57T,2023,,RU-FD-Central,OKZ,federal_subject,https://rosstat.gov.ru/storage/mediabank/sved_57-t_2023.rar,2026-07-29
34,1,Kostroma Oblast,Костромская область,RU,Central,Plant and machine operators and assemblers,8,52591.0,RUB,monthly,average_monthly_nominal_accrued_wage_october_survey,biennial_occupation_survey_57T,2023,,RU-FD-Central,OKZ,federal_subject,https://rosstat.gov.ru/storage/mediabank/sved_57-t_2023.rar,2026-07-29
34,1,Kostroma Oblast,Костромская область,RU,Central,Elementary occupations,9,24905.0,RUB,monthly,average_monthly_nominal_accrued_wage_october_survey,biennial_occupation_survey_57T,2023,,RU-FD-Central,OKZ,federal_subject,https://rosstat.gov.ru/storage/mediabank/sved_57-t_2023.rar,2026-07-29
38,1,Kursk Oblast,Курская область,RU,Central,Total,,55505.0,RUB,monthly,average_monthly_nominal_accrued_wage_october_survey,biennial_occupation_survey_57T,2023,,RU-FD-Central,OKZ,federal_subject,https://rosstat.gov.ru/storage/mediabank/sved_57-t_2023.rar,2026-07-29
38,1,Kursk Oblast,Курская область,RU,Central,Managers,1,87944.0,RUB,monthly,average_monthly_nominal_accrued_wage_october_survey,biennial_occupation_survey_57T,2023,,RU-FD-Central,OKZ,federal_subject,https://rosstat.gov.ru/storage/mediabank/sved_57-t_2023.rar,2026-07-29
38,1,Kursk Oblast,Курская область,RU,Central,Professionals,2,52736.0,RUB,monthly,average_monthly_nominal_accrued_wage_october_survey,biennial_occupation_survey_57T,2023,,RU-FD-Central,OKZ,federal_subject,https://rosstat.gov.ru/storage/mediabank/sved_57-t_2023.rar,2026-07-29
38,1,Kursk Oblast,Курская область,RU,Central,Technicians and associate professionals,3,51553.0,RUB,monthly,average_monthly_nominal_accrued_wage_october_survey,biennial_occupation_survey_57T,2023,,RU-FD-Central,OKZ,federal_subject,https://rosstat.gov.ru/storage/mediabank/sved_57-t_2023.rar,2026-07-29
38,1,Kursk Oblast,Курская область,RU,Central,Clerical support workers,4,33410.0,RUB,monthly,average_monthly_nominal_accrued_wage_october_survey,biennial_occupation_survey_57T,2023,,RU-FD-Central,OKZ,federal_subject,https://rosstat.gov.ru/storage/mediabank/sved_57-t_2023.rar,2026-07-29
38,1,Kursk Oblast,Курская область,RU,Central,Service and sales workers,5,34515.0,RUB,monthly,average_monthly_nominal_accrued_wage_october_survey,biennial_occupation_survey_57T,2023,,RU-FD-Central,OKZ,federal_subject,https://rosstat.gov.ru/storage/mediabank/sved_57-t_2023.rar,2026-07-29
38,1,Kursk Oblast,Курская область,RU,Central,"Skilled agricultural, forestry and fishery workers",6,53304.0,RUB,monthly,average_monthly_nominal_accrued_wage_october_survey,biennial_occupation_survey_57T,2023,,RU-FD-Central,OKZ,federal_subject,https://rosstat.gov.ru/storage/mediabank/sved_57-t_2023.rar,2026-07-29
38,1,Kursk Oblast,Курская область,RU,Central,Craft and related trades workers,7,68325.0,RUB,monthly,average_monthly_nominal_accrued_wage_october_survey,biennial_occupation_survey_57T,2023,,RU-FD-Central,OKZ,federal_subject,https://rosstat.gov.ru/storage/mediabank/sved_57-t_2023.rar,2026-07-29
38,1,Kursk Oblast,Курская область,RU,Central,Plant and machine operators and assemblers,8,65434.0,RUB,monthly,average_monthly_nominal_accrued_wage_october_survey,biennial_occupation_survey_57T,2023,,RU-FD-Central,OKZ,federal_subject,https://rosstat.gov.ru/storage/mediabank/sved_57-t_2023.rar,2026-07-29
38,1,Kursk Oblast,Курская область,RU,Central,Elementary occupations,9,31921.0,RUB,monthly,average_monthly_nominal_accrued_wage_october_survey,biennial_occupation_survey_57T,2023,,RU-FD-Central,OKZ,federal_subject,https://rosstat.gov.ru/storage/mediabank/sved_57-t_2023.rar,2026-07-29
42,1,Lipetsk Oblast,Липецкая область,RU,Central,Total,,58098.0,RUB,monthly,average_monthly_nominal_accrued_wage_october_survey,biennial_occupation_survey_57T,2023,,RU-FD-Central,OKZ,federal_subject,https://rosstat.gov.ru/storage/mediabank/sved_57-t_2023.rar,2026-07-29
42,1,Lipetsk Oblast,Липецкая область,RU,Central,Managers,1,106700.0,RUB,monthly,average_monthly_nominal_accrued_wage_october_survey,biennial_occupation_survey_57T,2023,,RU-FD-Central,OKZ,federal_subject,https://rosstat.gov.ru/storage/mediabank/sved_57-t_2023.rar,2026-07-29
42,1,Lipetsk Oblast,Липецкая область,RU,Central,Professionals,2,56147.0,RUB,monthly,average_monthly_nominal_accrued_wage_october_survey,biennial_occupation_survey_57T,2023,,RU-FD-Central,OKZ,federal_subject,https://rosstat.gov.ru/storage/mediabank/sved_57-t_2023.rar,2026-07-29
42,1,Lipetsk Oblast,Липецкая область,RU,Central,Technicians and associate professionals,3,50849.0,RUB,monthly,average_monthly_nominal_accrued_wage_october_survey,biennial_occupation_survey_57T,2023,,RU-FD-Central,OKZ,federal_subject,https://rosstat.gov.ru/storage/mediabank/sved_57-t_2023.rar,2026-07-29
42,1,Lipetsk Oblast,Липецкая область,RU,Central,Clerical support workers,4,39729.0,RUB,monthly,average_monthly_nominal_accrued_wage_october_survey,biennial_occupation_survey_57T,2023,,RU-FD-Central,OKZ,federal_subject,https://rosstat.gov.ru/storage/mediabank/sved_57-t_2023.rar,2026-07-29
42,1,Lipetsk Oblast,Липецкая область,RU,Central,Service and sales workers,5,37210.0,RUB,monthly,average_monthly_nominal_accrued_wage_october_survey,biennial_occupation_survey_57T,2023,,RU-FD-Central,OKZ,federal_subject,https://rosstat.gov.ru/storage/mediabank/sved_57-t_2023.rar,2026-07-29
42,1,Lipetsk Oblast,Липецкая область,RU,Central,"Skilled agricultural, forestry and fishery workers",6,63376.0,RUB,monthly,average_monthly_nominal_accrued_wage_october_survey,biennial_occupation_survey_57T,2023,,RU-FD-Central,OKZ,federal_subject,https://rosstat.gov.ru/storage/mediabank/sved_57-t_2023.rar,2026-07-29
42,1,Lipetsk Oblast,Липецкая область,RU,Central,Craft and related trades workers,7,63725.0,RUB,monthly,average_monthly_nominal_accrued_wage_october_survey,biennial_occupation_survey_57T,2023,,RU-FD-Central,OKZ,federal_subject,https://rosstat.gov.ru/storage/mediabank/sved_57-t_2023.rar,2026-07-29
42,1,Lipetsk Oblast,Липецкая область,RU,Central,Plant and machine operators and assemblers,8,61501.0,RUB,monthly,average_monthly_nominal_accrued_wage_october_survey,biennial_occupation_survey_57T,2023,,RU-FD-Central,OKZ,federal_subject,https://rosstat.gov.ru/storage/mediabank/sved_57-t_2023.rar,2026-07-29
42,1,Lipetsk Oblast,Липецкая область,RU,Central,Elementary occupations,9,31314.0,RUB,monthly,average_monthly_nominal_accrued_wage_october_survey,biennial_occupation_survey_57T,2023,,RU-FD-Central,OKZ,federal_subject,https://rosstat.gov.ru/storage/mediabank/sved_57-t_2023.rar,2026-07-29
46,1,Moscow Oblast,Московская область,RU,Central,Total,,84015.0,RUB,monthly,average_monthly_nominal_accrued_wage_october_survey,biennial_occupation_survey_57T,2023,,RU-FD-Central,OKZ,federal_subject,https://rosstat.gov.ru/storage/mediabank/sved_57-t_2023.rar,2026-07-29
46,1,Moscow Oblast,Московская область,RU,Central,Managers,1,155540.0,RUB,monthly,average_monthly_nominal_accrued_wage_october_survey,biennial_occupation_survey_57T,2023,,RU-FD-Central,OKZ,federal_subject,https://rosstat.gov.ru/storage/mediabank/sved_57-t_2023.rar,2026-07-29
46,1,Moscow Oblast,Московская область,RU,Central,Professionals,2,91146.0,RUB,monthly,average_monthly_nominal_accrued_wage_october_survey,biennial_occupation_survey_57T,2023,,RU-FD-Central,OKZ,federal_subject,https://rosstat.gov.ru/storage/mediabank/sved_57-t_2023.rar,2026-07-29
46,1,Moscow Oblast,Московская область,RU,Central,Technicians and associate professionals,3,76821.0,RUB,monthly,average_monthly_nominal_accrued_wage_october_survey,biennial_occupation_survey_57T,2023,,RU-FD-Central,OKZ,federal_subject,https://rosstat.gov.ru/storage/mediabank/sved_57-t_2023.rar,2026-07-29
46,1,Moscow Oblast,Московская область,RU,Central,Clerical support workers,4,67263.0,RUB,monthly,average_monthly_nominal_accrued_wage_october_survey,biennial_occupation_survey_57T,2023,,RU-FD-Central,OKZ,federal_subject,https://rosstat.gov.ru/storage/mediabank/sved_57-t_2023.rar,2026-07-29
46,1,Moscow Oblast,Московская область,RU,Central,Service and sales workers,5,57763.0,RUB,monthly,average_monthly_nominal_accrued_wage_october_survey,biennial_occupation_survey_57T,2023,,RU-FD-Central,OKZ,federal_subject,https://rosstat.gov.ru/storage/mediabank/sved_57-t_2023.rar,2026-07-29
46,1,Moscow Oblast,Московская область,RU,Central,"Skilled agricultural, forestry and fishery workers",6,54254.0,RUB,monthly,average_monthly_nominal_accrued_wage_october_survey,biennial_occupation_survey_57T,2023,,RU-FD-Central,OKZ,federal_subject,https://rosstat.gov.ru/storage/mediabank/sved_57-t_2023.rar,2026-07-29
46,1,Moscow Oblast,Московская область,RU,Central,Craft and related trades workers,7,78429.0,RUB,monthly,average_monthly_nominal_accrued_wage_october_survey,biennial_occupation_survey_57T,2023,,RU-FD-Central,OKZ,federal_subject,https://rosstat.gov.ru/storage/mediabank/sved_57-t_2023.rar,2026-07-29
46,1,Moscow Oblast,Московская область,RU,Central,Plant and machine operators and assemblers,8,76590.0,RUB,monthly,average_monthly_nominal_accrued_wage_october_survey,biennial_occupation_survey_57T,2023,,RU-FD-Central,OKZ,federal_subject,https://rosstat.gov.ru/storage/mediabank/sved_57-t_2023.rar,2026-07-29
46,1,Moscow Oblast,Московская область,RU,Central,Elementary occupations,9,50220.0,RUB,monthly,average_monthly_nominal_accrued_wage_october_survey,biennial_occupation_survey_57T,2023,,RU-FD-Central,OKZ,federal_subject,https://rosstat.gov.ru/storage/mediabank/sved_57-t_2023.rar,2026-07-29
54,1,Oryol Oblast,Орловская область,RU,Central,Total,,47124.0,RUB,monthly,average_monthly_nominal_accrued_wage_october_survey,biennial_occupation_survey_57T,2023,,RU-FD-Central,OKZ,federal_subject,https://rosstat.gov.ru/storage/mediabank/sved_57-t_2023.rar,2026-07-29
54,1,Oryol Oblast,Орловская область,RU,Central,Managers,1,74456.0,RUB,monthly,average_monthly_nominal_accrued_wage_october_survey,biennial_occupation_survey_57T,2023,,RU-FD-Central,OKZ,federal_subject,https://rosstat.gov.ru/storage/mediabank/sved_57-t_2023.rar,2026-07-29
54,1,Oryol Oblast,Орловская область,RU,Central,Professionals,2,47239.0,RUB,monthly,average_monthly_nominal_accrued_wage_october_survey,biennial_occupation_survey_57T,2023,,RU-FD-Central,OKZ,federal_subject,https://rosstat.gov.ru/storage/mediabank/sved_57-t_2023.rar,2026-07-29
54,1,Oryol Oblast,Орловская область,RU,Central,Technicians and associate professionals,3,41855.0,RUB,monthly,average_monthly_nominal_accrued_wage_october_survey,biennial_occupation_survey_57T,2023,,RU-FD-Central,OKZ,federal_subject,https://rosstat.gov.ru/storage/mediabank/sved_57-t_2023.rar,2026-07-29
54,1,Oryol Oblast,Орловская область,RU,Central,Clerical support workers,4,36091.0,RUB,monthly,average_monthly_nominal_accrued_wage_october_survey,biennial_occupation_survey_57T,2023,,RU-FD-Central,OKZ,federal_subject,https://rosstat.gov.ru/storage/mediabank/sved_57-t_2023.rar,2026-07-29
54,1,Oryol Oblast,Орловская область,RU,Central,Service and sales workers,5,31820.0,RUB,monthly,average_monthly_nominal_accrued_wage_october_survey,biennial_occupation_survey_57T,2023,,RU-FD-Central,OKZ,federal_subject,https://rosstat.gov.ru/storage/mediabank/sved_57-t_2023.rar,2026-07-29
54,1,Oryol Oblast,Орловская область,RU,Central,"Skilled agricultural, forestry and fishery workers",6,49895.0,RUB,monthly,average_monthly_nominal_accrued_wage_october_survey,biennial_occupation_survey_57T,2023,,RU-FD-Central,OKZ,federal_subject,https://rosstat.gov.ru/storage/mediabank/sved_57-t_2023.rar,2026-07-29
54,1,Oryol Oblast,Орловская область,RU,Central,Craft and related trades workers,7,50438.0,RUB,monthly,average_monthly_nominal_accrued_wage_october_survey,biennial_occupation_survey_57T,2023,,RU-FD-Central,OKZ,federal_subject,https://rosstat.gov.ru/storage/mediabank/sved_57-t_2023.rar,2026-07-29
54,1,Oryol Oblast,Орловская область,RU,Central,Plant and machine operators and assemblers,8,57568.0,RUB,monthly,average_monthly_nominal_accrued_wage_october_survey,biennial_occupation_survey_57T,2023,,RU-FD-Central,OKZ,federal_subject,https://rosstat.gov.ru/storage/mediabank/sved_57-t_2023.rar,2026-07-29
54,1,Oryol Oblast,Орловская область,RU,Central,Elementary occupations,9,28886.0,RUB,monthly,average_monthly_nominal_accrued_wage_october_survey,biennial_occupation_survey_57T,2023,,RU-FD-Central,OKZ,federal_subject,https://rosstat.gov.ru/storage/mediabank/sved_57-t_2023.rar,2026-07-29
61,1,Ryazan Oblast,Рязанская область,RU,Central,Total,,53159.0,RUB,monthly,average_monthly_nominal_accrued_wage_october_survey,biennial_occupation_survey_57T,2023,,RU-FD-Central,OKZ,federal_subject,https://rosstat.gov.ru/storage/mediabank/sved_57-t_2023.rar,2026-07-29
61,1,Ryazan Oblast,Рязанская область,RU,Central,Managers,1,88195.0,RUB,monthly,average_monthly_nominal_accrued_wage_october_survey,biennial_occupation_survey_57T,2023,,RU-FD-Central,OKZ,federal_subject,https://rosstat.gov.ru/storage/mediabank/sved_57-t_2023.rar,2026-07-29
61,1,Ryazan Oblast,Рязанская область,RU,Central,Professionals,2,52554.0,RUB,monthly,average_monthly_nominal_accrued_wage_october_survey,biennial_occupation_survey_57T,2023,,RU-FD-Central,OKZ,federal_subject,https://rosstat.gov.ru/storage/mediabank/sved_57-t_2023.rar,2026-07-29
61,1,Ryazan Oblast,Рязанская область,RU,Central,Technicians and associate professionals,3,48484.0,RUB,monthly,average_monthly_nominal_accrued_wage_october_survey,biennial_occupation_survey_57T,2023,,RU-FD-Central,OKZ,federal_subject,https://rosstat.gov.ru/storage/mediabank/sved_57-t_2023.rar,2026-07-29
61,1,Ryazan Oblast,Рязанская область,RU,Central,Clerical support workers,4,36432.0,RUB,monthly,average_monthly_nominal_accrued_wage_october_survey,biennial_occupation_survey_57T,2023,,RU-FD-Central,OKZ,federal_subject,https://rosstat.gov.ru/storage/mediabank/sved_57-t_2023.rar,2026-07-29
61,1,Ryazan Oblast,Рязанская область,RU,Central,Service and sales workers,5,34119.0,RUB,monthly,average_monthly_nominal_accrued_wage_october_survey,biennial_occupation_survey_57T,2023,,RU-FD-Central,OKZ,federal_subject,https://rosstat.gov.ru/storage/mediabank/sved_57-t_2023.rar,2026-07-29
61,1,Ryazan Oblast,Рязанская область,RU,Central,"Skilled agricultural, forestry and fishery workers",6,51773.0,RUB,monthly,average_monthly_nominal_accrued_wage_october_survey,biennial_occupation_survey_57T,2023,,RU-FD-Central,OKZ,federal_subject,https://rosstat.gov.ru/storage/mediabank/sved_57-t_2023.rar,2026-07-29
61,1,Ryazan Oblast,Рязанская область,RU,Central,Craft and related trades workers,7,61426.0,RUB,monthly,average_monthly_nominal_accrued_wage_october_survey,biennial_occupation_survey_57T,2023,,RU-FD-Central,OKZ,federal_subject,https://rosstat.gov.ru/storage/mediabank/sved_57-t_2023.rar,2026-07-29
61,1,Ryazan Oblast,Рязанская область,RU,Central,Plant and machine operators and assemblers,8,55905.0,RUB,monthly,average_monthly_nominal_accrued_wage_october_survey,biennial_occupation_survey_57T,2023,,RU-FD-Central,OKZ,federal_subject,https://rosstat.gov.ru/storage/mediabank/sved_57-t_2023.rar,2026-07-29
61,1,Ryazan Oblast,Рязанская область,RU,Central,Elementary occupations,9,32250.0,RUB,monthly,average_monthly_nominal_accrued_wage_october_survey,biennial_occupation_survey_57T,2023,,RU-FD-Central,OKZ,federal_subject,https://rosstat.gov.ru/storage/mediabank/sved_57-t_2023.rar,2026-07-29
66,1,Smolensk Oblast,Смоленская область,RU,Central,Total,,49350.0,RUB,monthly,average_monthly_nominal_accrued_wage_october_survey,biennial_occupation_survey_57T,2023,,RU-FD-Central,OKZ,federal_subject,https://rosstat.gov.ru/storage/mediabank/sved_57-t_2023.rar,2026-07-29
66,1,Smolensk Oblast,Смоленская область,RU,Central,Managers,1,86985.0,RUB,monthly,average_monthly_nominal_accrued_wage_october_survey,biennial_occupation_survey_57T,2023,,RU-FD-Central,OKZ,federal_subject,https://rosstat.gov.ru/storage/mediabank/sved_57-t_2023.rar,2026-07-29
66,1,Smolensk Oblast,Смоленская область,RU,Central,Professionals,2,53807.0,RUB,monthly,average_monthly_nominal_accrued_wage_october_survey,biennial_occupation_survey_57T,2023,,RU-FD-Central,OKZ,federal_subject,https://rosstat.gov.ru/storage/mediabank/sved_57-t_2023.rar,2026-07-29
66,1,Smolensk Oblast,Смоленская область,RU,Central,Technicians and associate professionals,3,45304.0,RUB,monthly,average_monthly_nominal_accrued_wage_october_survey,biennial_occupation_survey_57T,2023,,RU-FD-Central,OKZ,federal_subject,https://rosstat.gov.ru/storage/mediabank/sved_57-t_2023.rar,2026-07-29
66,1,Smolensk Oblast,Смоленская область,RU,Central,Clerical support workers,4,35701.0,RUB,monthly,average_monthly_nominal_accrued_wage_october_survey,biennial_occupation_survey_57T,2023,,RU-FD-Central,OKZ,federal_subject,https://rosstat.gov.ru/storage/mediabank/sved_57-t_2023.rar,2026-07-29
66,1,Smolensk Oblast,Смоленская область,RU,Central,Service and sales workers,5,32165.0,RUB,monthly,average_monthly_nominal_accrued_wage_october_survey,biennial_occupation_survey_57T,2023,,RU-FD-Central,OKZ,federal_subject,https://rosstat.gov.ru/storage/mediabank/sved_57-t_2023.rar,2026-07-29
66,1,Smolensk Oblast,Смоленская область,RU,Central,"Skilled agricultural, forestry and fishery workers",6,38409.0,RUB,monthly,average_monthly_nominal_accrued_wage_october_survey,biennial_occupation_survey_57T,2023,,RU-FD-Central,OKZ,federal_subject,https://rosstat.gov.ru/storage/mediabank/sved_57-t_2023.rar,2026-07-29
66,1,Smolensk Oblast,Смоленская область,RU,Central,Craft and related trades workers,7,57254.0,RUB,monthly,average_monthly_nominal_accrued_wage_october_survey,biennial_occupation_survey_57T,2023,,RU-FD-Central,OKZ,federal_subject,https://rosstat.gov.ru/storage/mediabank/sved_57-t_2023.rar,2026-07-29
66,1,Smolensk Oblast,Смоленская область,RU,Central,Plant and machine operators and assemblers,8,49568.0,RUB,monthly,average_monthly_nominal_accrued_wage_october_survey,biennial_occupation_survey_57T,2023,,RU-FD-Central,OKZ,federal_subject,https://rosstat.gov.ru/storage/mediabank/sved_57-t_2023.rar,2026-07-29
66,1,Smolensk Oblast,Смоленская область,RU,Central,Elementary occupations,9,28327.0,RUB,monthly,average_monthly_nominal_accrued_wage_october_survey,biennial_occupation_survey_57T,2023,,RU-FD-Central,OKZ,federal_subject,https://rosstat.gov.ru/storage/mediabank/sved_57-t_2023.rar,2026-07-29
68,1,Tambov Oblast,Тамбовская область,RU,Central,Total,,46862.0,RUB,monthly,average_monthly_nominal_accrued_wage_october_survey,biennial_occupation_survey_57T,2023,,RU-FD-Central,OKZ,federal_subject,https://rosstat.gov.ru/storage/mediabank/sved_57-t_2023.rar,2026-07-29
68,1,Tambov Oblast,Тамбовская область,RU,Central,Managers,1,81059.0,RUB,monthly,average_monthly_nominal_accrued_wage_october_survey,biennial_occupation_survey_57T,2023,,RU-FD-Central,OKZ,federal_subject,https://rosstat.gov.ru/storage/mediabank/sved_57-t_2023.rar,2026-07-29
68,1,Tambov Oblast,Тамбовская область,RU,Central,Professionals,2,44554.0,RUB,monthly,average_monthly_nominal_accrued_wage_october_survey,biennial_occupation_survey_57T,2023,,RU-FD-Central,OKZ,federal_subject,https://rosstat.gov.ru/storage/mediabank/sved_57-t_2023.rar,2026-07-29
68,1,Tambov Oblast,Тамбовская область,RU,Central,Technicians and associate professionals,3,40914.0,RUB,monthly,average_monthly_nominal_accrued_wage_october_survey,biennial_occupation_survey_57T,2023,,RU-FD-Central,OKZ,federal_subject,https://rosstat.gov.ru/storage/mediabank/sved_57-t_2023.rar,2026-07-29
68,1,Tambov Oblast,Тамбовская область,RU,Central,Clerical support workers,4,31920.0,RUB,monthly,average_monthly_nominal_accrued_wage_october_survey,biennial_occupation_survey_57T,2023,,RU-FD-Central,OKZ,federal_subject,https://rosstat.gov.ru/storage/mediabank/sved_57-t_2023.rar,2026-07-29
68,1,Tambov Oblast,Тамбовская область,RU,Central,Service and sales workers,5,30729.0,RUB,monthly,average_monthly_nominal_accrued_wage_october_survey,biennial_occupation_survey_57T,2023,,RU-FD-Central,OKZ,federal_subject,https://rosstat.gov.ru/storage/mediabank/sved_57-t_2023.rar,2026-07-29
68,1,Tambov Oblast,Тамбовская область,RU,Central,"Skilled agricultural, forestry and fishery workers",6,50039.0,RUB,monthly,average_monthly_nominal_accrued_wage_october_survey,biennial_occupation_survey_57T,2023,,RU-FD-Central,OKZ,federal_subject,https://rosstat.gov.ru/storage/mediabank/sved_57-t_2023.rar,2026-07-29
68,1,Tambov Oblast,Тамбовская область,RU,Central,Craft and related trades workers,7,50832.0,RUB,monthly,average_monthly_nominal_accrued_wage_october_survey,biennial_occupation_survey_57T,2023,,RU-FD-Central,OKZ,federal_subject,https://rosstat.gov.ru/storage/mediabank/sved_57-t_2023.rar,2026-07-29
68,1,Tambov Oblast,Тамбовская область,RU,Central,Plant and machine operators and assemblers,8,55293.0,RUB,monthly,average_monthly_nominal_accrued_wage_october_survey,biennial_occupation_survey_57T,2023,,RU-FD-Central,OKZ,federal_subject,https://rosstat.gov.ru/storage/mediabank/sved_57-t_2023.rar,2026-07-29
68,1,Tambov Oblast,Тамбовская область,RU,Central,Elementary occupations,9,28125.0,RUB,monthly,average_monthly_nominal_accrued_wage_october_survey,biennial_occupation_survey_57T,2023,,RU-FD-Central,OKZ,federal_subject,https://rosstat.gov.ru/storage/mediabank/sved_57-t_2023.rar,2026-07-29
28,1,Tver Oblast,Тверская область,RU,Central,Total,,55569.0,RUB,monthly,average_monthly_nominal_accrued_wage_october_survey,biennial_occupation_survey_57T,2023,,RU-FD-Central,OKZ,federal_subject,https://rosstat.gov.ru/storage/mediabank/sved_57-t_2023.rar,2026-07-29
28,1,Tver Oblast,Тверская область,RU,Central,Managers,1,94707.0,RUB,monthly,average_monthly_nominal_accrued_wage_october_survey,biennial_occupation_survey_57T,2023,,RU-FD-Central,OKZ,federal_subject,https://rosstat.gov.ru/storage/mediabank/sved_57-t_2023.rar,2026-07-29
28,1,Tver Oblast,Тверская область,RU,Central,Professionals,2,56836.0,RUB,monthly,average_monthly_nominal_accrued_wage_october_survey,biennial_occupation_survey_57T,2023,,RU-FD-Central,OKZ,federal_subject,https://rosstat.gov.ru/storage/mediabank/sved_57-t_2023.rar,2026-07-29
28,1,Tver Oblast,Тверская область,RU,Central,Technicians and associate professionals,3,52690.0,RUB,monthly,average_monthly_nominal_accrued_wage_october_survey,biennial_occupation_survey_57T,2023,,RU-FD-Central,OKZ,federal_subject,https://rosstat.gov.ru/storage/mediabank/sved_57-t_2023.rar,2026-07-29
28,1,Tver Oblast,Тверская область,RU,Central,Clerical support workers,4,39641.0,RUB,monthly,average_monthly_nominal_accrued_wage_october_survey,biennial_occupation_survey_57T,2023,,RU-FD-Central,OKZ,federal_subject,https://rosstat.gov.ru/storage/mediabank/sved_57-t_2023.rar,2026-07-29
28,1,Tver Oblast,Тверская область,RU,Central,Service and sales workers,5,34920.0,RUB,monthly,average_monthly_nominal_accrued_wage_october_survey,biennial_occupation_survey_57T,2023,,RU-FD-Central,OKZ,federal_subject,https://rosstat.gov.ru/storage/mediabank/sved_57-t_2023.rar,2026-07-29
28,1,Tver Oblast,Тверская область,RU,Central,"Skilled agricultural, forestry and fishery workers",6,43089.0,RUB,monthly,average_monthly_nominal_accrued_wage_october_survey,biennial_occupation_survey_57T,2023,,RU-FD-Central,OKZ,federal_subject,https://rosstat.gov.ru/storage/mediabank/sved_57-t_2023.rar,2026-07-29
28,1,Tver Oblast,Тверская область,RU,Central,Craft and related trades workers,7,63745.0,RUB,monthly,average_monthly_nominal_accrued_wage_october_survey,biennial_occupation_survey_57T,2023,,RU-FD-Central,OKZ,federal_subject,https://rosstat.gov.ru/storage/mediabank/sved_57-t_2023.rar,2026-07-29
28,1,Tver Oblast,Тверская область,RU,Central,Plant and machine operators and assemblers,8,56329.0,RUB,monthly,average_monthly_nominal_accrued_wage_october_survey,biennial_occupation_survey_57T,2023,,RU-FD-Central,OKZ,federal_subject,https://rosstat.gov.ru/storage/mediabank/sved_57-t_2023.rar,2026-07-29
28,1,Tver Oblast,Тверская область,RU,Central,Elementary occupations,9,30769.0,RUB,monthly,average_monthly_nominal_accrued_wage_october_survey,biennial_occupation_survey_57T,2023,,RU-FD-Central,OKZ,federal_subject,https://rosstat.gov.ru/storage/mediabank/sved_57-t_2023.rar,2026-07-29
70,1,Tula Oblast,Тульская область,RU,Central,Total,,60817.0,RUB,monthly,average_monthly_nominal_accrued_wage_october_survey,biennial_occupation_survey_57T,2023,,RU-FD-Central,OKZ,federal_subject,https://rosstat.gov.ru/storage/mediabank/sved_57-t_2023.rar,2026-07-29
70,1,Tula Oblast,Тульская область,RU,Central,Managers,1,99612.0,RUB,monthly,average_monthly_nominal_accrued_wage_october_survey,biennial_occupation_survey_57T,2023,,RU-FD-Central,OKZ,federal_subject,https://rosstat.gov.ru/storage/mediabank/sved_57-t_2023.rar,2026-07-29
70,1,Tula Oblast,Тульская область,RU,Central,Professionals,2,61498.0,RUB,monthly,average_monthly_nominal_accrued_wage_october_survey,biennial_occupation_survey_57T,2023,,RU-FD-Central,OKZ,federal_subject,https://rosstat.gov.ru/storage/mediabank/sved_57-t_2023.rar,2026-07-29
70,1,Tula Oblast,Тульская область,RU,Central,Technicians and associate professionals,3,55181.0,RUB,monthly,average_monthly_nominal_accrued_wage_october_survey,biennial_occupation_survey_57T,2023,,RU-FD-Central,OKZ,federal_subject,https://rosstat.gov.ru/storage/mediabank/sved_57-t_2023.rar,2026-07-29
70,1,Tula Oblast,Тульская область,RU,Central,Clerical support workers,4,47311.0,RUB,monthly,average_monthly_nominal_accrued_wage_october_survey,biennial_occupation_survey_57T,2023,,RU-FD-Central,OKZ,federal_subject,https://rosstat.gov.ru/storage/mediabank/sved_57-t_2023.rar,2026-07-29
70,1,Tula Oblast,Тульская область,RU,Central,Service and sales workers,5,42066.0,RUB,monthly,average_monthly_nominal_accrued_wage_october_survey,biennial_occupation_survey_57T,2023,,RU-FD-Central,OKZ,federal_subject,https://rosstat.gov.ru/storage/mediabank/sved_57-t_2023.rar,2026-07-29
70,1,Tula Oblast,Тульская область,RU,Central,"Skilled agricultural, forestry and fishery workers",6,48219.0,RUB,monthly,average_monthly_nominal_accrued_wage_october_survey,biennial_occupation_survey_57T,2023,,RU-FD-Central,OKZ,federal_subject,https://rosstat.gov.ru/storage/mediabank/sved_57-t_2023.rar,2026-07-29
70,1,Tula Oblast,Тульская область,RU,Central,Craft and related trades workers,7,68262.0,RUB,monthly,average_monthly_nominal_accrued_wage_october_survey,biennial_occupation_survey_57T,2023,,RU-FD-Central,OKZ,federal_subject,https://rosstat.gov.ru/storage/mediabank/sved_57-t_2023.rar,2026-07-29
70,1,Tula Oblast,Тульская область,RU,Central,Plant and machine operators and assemblers,8,64504.0,RUB,monthly,average_monthly_nominal_accrued_wage_october_survey,biennial_occupation_survey_57T,2023,,RU-FD-Central,OKZ,federal_subject,https://rosstat.gov.ru/storage/mediabank/sved_57-t_2023.rar,2026-07-29
70,1,Tula Oblast,Тульская область,RU,Central,Elementary occupations,9,36487.0,RUB,monthly,average_monthly_nominal_accrued_wage_october_survey,biennial_occupation_survey_57T,2023,,RU-FD-Central,OKZ,federal_subject,https://rosstat.gov.ru/storage/mediabank/sved_57-t_2023.rar,2026-07-29
78,1,Yaroslavl Oblast,Ярославская область,RU,Central,Total,,57369.0,RUB,monthly,average_monthly_nominal_accrued_wage_october_survey,biennial_occupation_survey_57T,2023,,RU-FD-Central,OKZ,federal_subject,https://rosstat.gov.ru/storage/mediabank/sved_57-t_2023.rar,2026-07-29
78,1,Yaroslavl Oblast,Ярославская область,RU,Central,Managers,1,97995.0,RUB,monthly,average_monthly_nominal_accrued_wage_october_survey,biennial_occupation_survey_57T,2023,,RU-FD-Central,OKZ,federal_subject,https://rosstat.gov.ru/storage/mediabank/sved_57-t_2023.rar,2026-07-29
78,1,Yaroslavl Oblast,Ярославская область,RU,Central,Professionals,2,60621.0,RUB,monthly,average_monthly_nominal_accrued_wage_october_survey,biennial_occupation_survey_57T,2023,,RU-FD-Central,OKZ,federal_subject,https://rosstat.gov.ru/storage/mediabank/sved_57-t_2023.rar,2026-07-29
78,1,Yaroslavl Oblast,Ярославская область,RU,Central,Technicians and associate professionals,3,51501.0,RUB,monthly,average_monthly_nominal_accrued_wage_october_survey,biennial_occupation_survey_57T,2023,,RU-FD-Central,OKZ,federal_subject,https://rosstat.gov.ru/storage/mediabank/sved_57-t_2023.rar,2026-07-29
78,1,Yaroslavl Oblast,Ярославская область,RU,Central,Clerical support workers,4,40134.0,RUB,monthly,average_monthly_nominal_accrued_wage_october_survey,biennial_occupation_survey_57T,2023,,RU-FD-Central,OKZ,federal_subject,https://rosstat.gov.ru/storage/mediabank/sved_57-t_2023.rar,2026-07-29
78,1,Yaroslavl Oblast,Ярославская область,RU,Central,Service and sales workers,5,35247.0,RUB,monthly,average_monthly_nominal_accrued_wage_october_survey,biennial_occupation_survey_57T,2023,,RU-FD-Central,OKZ,federal_subject,https://rosstat.gov.ru/storage/mediabank/sved_57-t_2023.rar,2026-07-29
78,1,Yaroslavl Oblast,Ярославская область,RU,Central,"Skilled agricultural, forestry and fishery workers",6,41492.0,RUB,monthly,average_monthly_nominal_accrued_wage_october_survey,biennial_occupation_survey_57T,2023,,RU-FD-Central,OKZ,federal_subject,https://rosstat.gov.ru/storage/mediabank/sved_57-t_2023.rar,2026-07-29
78,1,Yaroslavl Oblast,Ярославская область,RU,Central,Craft and related trades workers,7,60585.0,RUB,monthly,average_monthly_nominal_accrued_wage_october_survey,biennial_occupation_survey_57T,2023,,RU-FD-Central,OKZ,federal_subject,https://rosstat.gov.ru/storage/mediabank/sved_57-t_2023.rar,2026-07-29
78,1,Yaroslavl Oblast,Ярославская область,RU,Central,Plant and machine operators and assemblers,8,60384.0,RUB,monthly,average_monthly_nominal_accrued_wage_october_survey,biennial_occupation_survey_57T,2023,,RU-FD-Central,OKZ,federal_subject,https://rosstat.gov.ru/storage/mediabank/sved_57-t_2023.rar,2026-07-29
78,1,Yaroslavl Oblast,Ярославская область,RU,Central,Elementary occupations,9,32449.0,RUB,monthly,average_monthly_nominal_accrued_wage_october_survey,biennial_occupation_survey_57T,2023,,RU-FD-Central,OKZ,federal_subject,https://rosstat.gov.ru/storage/mediabank/sved_57-t_2023.rar,2026-07-29
45,1,Moscow,г. Москва,RU,Central,Total,,131866.0,RUB,monthly,average_monthly_nominal_accrued_wage_october_survey,biennial_occupation_survey_57T,2023,,RU-FD-Central,OKZ,federal_subject,https://rosstat.gov.ru/storage/mediabank/sved_57-t_2023.rar,2026-07-29
45,1,Moscow,г. Москва,RU,Central,Managers,1,257159.0,RUB,monthly,average_monthly_nominal_accrued_wage_october_survey,biennial_occupation_survey_57T,2023,,RU-FD-Central,OKZ,federal_subject,https://rosstat.gov.ru/storage/mediabank/sved_57-t_2023.rar,2026-07-29
45,1,Moscow,г. Москва,RU,Central,Professionals,2,140792.0,RUB,monthly,average_monthly_nominal_accrued_wage_october_survey,biennial_occupation_survey_57T,2023,,RU-FD-Central,OKZ,federal_subject,https://rosstat.gov.ru/storage/mediabank/sved_57-t_2023.rar,2026-07-29
45,1,Moscow,г. Москва,RU,Central,Technicians and associate professionals,3,98621.0,RUB,monthly,average_monthly_nominal_accrued_wage_october_survey,biennial_occupation_survey_57T,2023,,RU-FD-Central,OKZ,federal_subject,https://rosstat.gov.ru/storage/mediabank/sved_57-t_2023.rar,2026-07-29
45,1,Moscow,г. Москва,RU,Central,Clerical support workers,4,76763.0,RUB,monthly,average_monthly_nominal_accrued_wage_october_survey,biennial_occupation_survey_57T,2023,,RU-FD-Central,OKZ,federal_subject,https://rosstat.gov.ru/storage/mediabank/sved_57-t_2023.rar,2026-07-29
45,1,Moscow,г. Москва,RU,Central,Service and sales workers,5,67861.0,RUB,monthly,average_monthly_nominal_accrued_wage_october_survey,biennial_occupation_survey_57T,2023,,RU-FD-Central,OKZ,federal_subject,https://rosstat.gov.ru/storage/mediabank/sved_57-t_2023.rar,2026-07-29
45,1,Moscow,г. Москва,RU,Central,"Skilled agricultural, forestry and fishery workers",6,49389.0,RUB,monthly,average_monthly_nominal_accrued_wage_october_survey,biennial_occupation_survey_57T,2023,,RU-FD-Central,OKZ,federal_subject,https://rosstat.gov.ru/storage/mediabank/sved_57-t_2023.rar,2026-07-29
45,1,Moscow,г. Москва,RU,Central,Craft and related trades workers,7,82980.0,RUB,monthly,average_monthly_nominal_accrued_wage_october_survey,biennial_occupation_survey_57T,2023,,RU-FD-Central,OKZ,federal_subject,https://rosstat.gov.ru/storage/mediabank/sved_57-t_2023.rar,2026-07-29
45,1,Moscow,г. Москва,RU,Central,Plant and machine operators and assemblers,8,88030.0,RUB,monthly,average_monthly_nominal_accrued_wage_october_survey,biennial_occupation_survey_57T,2023,,RU-FD-Central,OKZ,federal_subject,https://rosstat.gov.ru/storage/mediabank/sved_57-t_2023.rar,2026-07-29
45,1,Moscow,г. Москва,RU,Central,Elementary occupations,9,60453.0,RUB,monthly,average_monthly_nominal_accrued_wage_october_survey,biennial_occupation_survey_57T,2023,,RU-FD-Central,OKZ,federal_subject,https://rosstat.gov.ru/storage/mediabank/sved_57-t_2023.rar,2026-07-29
RU-FD-Northwestern,0,Northwestern Federal District,Северо-Западный федеральный округ,RU,Northwestern,Total,,85967.0,RUB,monthly,average_monthly_nominal_accrued_wage_october_survey,biennial_occupation_survey_57T,2023,,RU-NAT,OKZ,federal_district,https://rosstat.gov.ru/storage/mediabank/sved_57-t_2023.rar,2026-07-29
RU-FD-Northwestern,0,Northwestern Federal District,Северо-Западный федеральный округ,RU,Northwestern,Managers,1,151403.0,RUB,monthly,average_monthly_nominal_accrued_wage_october_survey,biennial_occupation_survey_57T,2023,,RU-NAT,OKZ,federal_district,https://rosstat.gov.ru/storage/mediabank/sved_57-t_2023.rar,2026-07-29
RU-FD-Northwestern,0,Northwestern Federal District,Северо-Западный федеральный округ,RU,Northwestern,Professionals,2,95896.0,RUB,monthly,average_monthly_nominal_accrued_wage_october_survey,biennial_occupation_survey_57T,2023,,RU-NAT,OKZ,federal_district,https://rosstat.gov.ru/storage/mediabank/sved_57-t_2023.rar,2026-07-29
RU-FD-Northwestern,0,Northwestern Federal District,Северо-Западный федеральный округ,RU,Northwestern,Technicians and associate professionals,3,84871.0,RUB,monthly,average_monthly_nominal_accrued_wage_october_survey,biennial_occupation_survey_57T,2023,,RU-NAT,OKZ,federal_district,https://rosstat.gov.ru/storage/mediabank/sved_57-t_2023.rar,2026-07-29
RU-FD-Northwestern,0,Northwestern Federal District,Северо-Западный федеральный округ,RU,Northwestern,Clerical support workers,4,54417.0,RUB,monthly,average_monthly_nominal_accrued_wage_october_survey,biennial_occupation_survey_57T,2023,,RU-NAT,OKZ,federal_district,https://rosstat.gov.ru/storage/mediabank/sved_57-t_2023.rar,2026-07-29
RU-FD-Northwestern,0,Northwestern Federal District,Северо-Западный федеральный округ,RU,Northwestern,Service and sales workers,5,50807.0,RUB,monthly,average_monthly_nominal_accrued_wage_october_survey,biennial_occupation_survey_57T,2023,,RU-NAT,OKZ,federal_district,https://rosstat.gov.ru/storage/mediabank/sved_57-t_2023.rar,2026-07-29
RU-FD-Northwestern,0,Northwestern Federal District,Северо-Западный федеральный округ,RU,Northwestern,"Skilled agricultural, forestry and fishery workers",6,53199.0,RUB,monthly,average_monthly_nominal_accrued_wage_october_survey,biennial_occupation_survey_57T,2023,,RU-NAT,OKZ,federal_district,https://rosstat.gov.ru/storage/mediabank/sved_57-t_2023.rar,2026-07-29
RU-FD-Northwestern,0,Northwestern Federal District,Северо-Западный федеральный округ,RU,Northwestern,Craft and related trades workers,7,79094.0,RUB,monthly,average_monthly_nominal_accrued_wage_october_survey,biennial_occupation_survey_57T,2023,,RU-NAT,OKZ,federal_district,https://rosstat.gov.ru/storage/mediabank/sved_57-t_2023.rar,2026-07-29
RU-FD-Northwestern,0,Northwestern Federal District,Северо-Западный федеральный округ,RU,Northwestern,Plant and machine operators and assemblers,8,78509.0,RUB,monthly,average_monthly_nominal_accrued_wage_october_survey,biennial_occupation_survey_57T,2023,,RU-NAT,OKZ,federal_district,https://rosstat.gov.ru/storage/mediabank/sved_57-t_2023.rar,2026-07-29
RU-FD-Northwestern,0,Northwestern Federal District,Северо-Западный федеральный округ,RU,Northwestern,Elementary occupations,9,43838.0,RUB,monthly,average_monthly_nominal_accrued_wage_october_survey,biennial_occupation_survey_57T,2023,,RU-NAT,OKZ,federal_district,https://rosstat.gov.ru/storage/mediabank/sved_57-t_2023.rar,2026-07-29
86,1,Republic of Karelia,Республика Карелия,RU,Northwestern,Total,,63627.0,RUB,monthly,average_monthly_nominal_accrued_wage_october_survey,biennial_occupation_survey_57T,2023,,RU-FD-Northwestern,OKZ,federal_subject,https://rosstat.gov.ru/storage/mediabank/sved_57-t_2023.rar,2026-07-29
86,1,Republic of Karelia,Республика Карелия,RU,Northwestern,Managers,1,109306.0,RUB,monthly,average_monthly_nominal_accrued_wage_october_survey,biennial_occupation_survey_57T,2023,,RU-FD-Northwestern,OKZ,federal_subject,https://rosstat.gov.ru/storage/mediabank/sved_57-t_2023.rar,2026-07-29
86,1,Republic of Karelia,Республика Карелия,RU,Northwestern,Professionals,2,59791.0,RUB,monthly,average_monthly_nominal_accrued_wage_october_survey,biennial_occupation_survey_57T,2023,,RU-FD-Northwestern,OKZ,federal_subject,https://rosstat.gov.ru/storage/mediabank/sved_57-t_2023.rar,2026-07-29
86,1,Republic of Karelia,Республика Карелия,RU,Northwestern,Technicians and associate professionals,3,62143.0,RUB,monthly,average_monthly_nominal_accrued_wage_october_survey,biennial_occupation_survey_57T,2023,,RU-FD-Northwestern,OKZ,federal_subject,https://rosstat.gov.ru/storage/mediabank/sved_57-t_2023.rar,2026-07-29
86,1,Republic of Karelia,Республика Карелия,RU,Northwestern,Clerical support workers,4,49905.0,RUB,monthly,average_monthly_nominal_accrued_wage_october_survey,biennial_occupation_survey_57T,2023,,RU-FD-Northwestern,OKZ,federal_subject,https://rosstat.gov.ru/storage/mediabank/sved_57-t_2023.rar,2026-07-29
86,1,Republic of Karelia,Республика Карелия,RU,Northwestern,Service and sales workers,5,41790.0,RUB,monthly,average_monthly_nominal_accrued_wage_october_survey,biennial_occupation_survey_57T,2023,,RU-FD-Northwestern,OKZ,federal_subject,https://rosstat.gov.ru/storage/mediabank/sved_57-t_2023.rar,2026-07-29
86,1,Republic of Karelia,Республика Карелия,RU,Northwestern,"Skilled agricultural, forestry and fishery workers",6,47378.0,RUB,monthly,average_monthly_nominal_accrued_wage_october_survey,biennial_occupation_survey_57T,2023,,RU-FD-Northwestern,OKZ,federal_subject,https://rosstat.gov.ru/storage/mediabank/sved_57-t_2023.rar,2026-07-29
86,1,Republic of Karelia,Республика Карелия,RU,Northwestern,Craft and related trades workers,7,68257.0,RUB,monthly,average_monthly_nominal_accrued_wage_october_survey,biennial_occupation_survey_57T,2023,,RU-FD-Northwestern,OKZ,federal_subject,https://rosstat.gov.ru/storage/mediabank/sved_57-t_2023.rar,2026-07-29
86,1,Republic of Karelia,Республика Карелия,RU,Northwestern,Plant and machine operators and assemblers,8,74608.0,RUB,monthly,average_monthly_nominal_accrued_wage_october_survey,biennial_occupation_survey_57T,2023,,RU-FD-Northwestern,OKZ,federal_subject,https://rosstat.gov.ru/storage/mediabank/sved_57-t_2023.rar,2026-07-29
86,1,Republic of Karelia,Республика Карелия,RU,Northwestern,Elementary occupations,9,36083.0,RUB,monthly,average_monthly_nominal_accrued_wage_october_survey,biennial_occupation_survey_57T,2023,,RU-FD-Northwestern,OKZ,federal_subject,https://rosstat.gov.ru/storage/mediabank/sved_57-t_2023.rar,2026-07-29
87,1,Komi Republic,Республика Коми,RU,Northwestern,Total,,74867.0,RUB,monthly,average_monthly_nominal_accrued_wage_october_survey,biennial_occupation_survey_57T,2023,,RU-FD-Northwestern,OKZ,federal_subject,https://rosstat.gov.ru/storage/mediabank/sved_57-t_2023.rar,2026-07-29
87,1,Komi Republic,Республика Коми,RU,Northwestern,Managers,1,128498.0,RUB,monthly,average_monthly_nominal_accrued_wage_october_survey,biennial_occupation_survey_57T,2023,,RU-FD-Northwestern,OKZ,federal_subject,https://rosstat.gov.ru/storage/mediabank/sved_57-t_2023.rar,2026-07-29
87,1,Komi Republic,Республика Коми,RU,Northwestern,Professionals,2,81886.0,RUB,monthly,average_monthly_nominal_accrued_wage_october_survey,biennial_occupation_survey_57T,2023,,RU-FD-Northwestern,OKZ,federal_subject,https://rosstat.gov.ru/storage/mediabank/sved_57-t_2023.rar,2026-07-29
87,1,Komi Republic,Республика Коми,RU,Northwestern,Technicians and associate professionals,3,71324.0,RUB,monthly,average_monthly_nominal_accrued_wage_october_survey,biennial_occupation_survey_57T,2023,,RU-FD-Northwestern,OKZ,federal_subject,https://rosstat.gov.ru/storage/mediabank/sved_57-t_2023.rar,2026-07-29
87,1,Komi Republic,Республика Коми,RU,Northwestern,Clerical support workers,4,52123.0,RUB,monthly,average_monthly_nominal_accrued_wage_october_survey,biennial_occupation_survey_57T,2023,,RU-FD-Northwestern,OKZ,federal_subject,https://rosstat.gov.ru/storage/mediabank/sved_57-t_2023.rar,2026-07-29
87,1,Komi Republic,Республика Коми,RU,Northwestern,Service and sales workers,5,51058.0,RUB,monthly,average_monthly_nominal_accrued_wage_october_survey,biennial_occupation_survey_57T,2023,,RU-FD-Northwestern,OKZ,federal_subject,https://rosstat.gov.ru/storage/mediabank/sved_57-t_2023.rar,2026-07-29
87,1,Komi Republic,Республика Коми,RU,Northwestern,"Skilled agricultural, forestry and fishery workers",6,51326.0,RUB,monthly,average_monthly_nominal_accrued_wage_october_survey,biennial_occupation_survey_57T,2023,,RU-FD-Northwestern,OKZ,federal_subject,https://rosstat.gov.ru/storage/mediabank/sved_57-t_2023.rar,2026-07-29
87,1,Komi Republic,Республика Коми,RU,Northwestern,Craft and related trades workers,7,71766.0,RUB,monthly,average_monthly_nominal_accrued_wage_october_survey,biennial_occupation_survey_57T,2023,,RU-FD-Northwestern,OKZ,federal_subject,https://rosstat.gov.ru/storage/mediabank/sved_57-t_2023.rar,2026-07-29
87,1,Komi Republic,Республика Коми,RU,Northwestern,Plant and machine operators and assemblers,8,81047.0,RUB,monthly,average_monthly_nominal_accrued_wage_october_survey,biennial_occupation_survey_57T,2023,,RU-FD-Northwestern,OKZ,federal_subject,https://rosstat.gov.ru/storage/mediabank/sved_57-t_2023.rar,2026-07-29
87,1,Komi Republic,Республика Коми,RU,Northwestern,Elementary occupations,9,39663.0,RUB,monthly,average_monthly_nominal_accrued_wage_october_survey,biennial_occupation_survey_57T,2023,,RU-FD-Northwestern,OKZ,federal_subject,https://rosstat.gov.ru/storage/mediabank/sved_57-t_2023.rar,2026-07-29
11,1,Arkhangelsk Oblast,Архангельская область,RU,Northwestern,Total,,76965.0,RUB,monthly,average_monthly_nominal_accrued_wage_october_survey,biennial_occupation_survey_57T,2023,,RU-FD-Northwestern,OKZ,federal_subject,https://rosstat.gov.ru/storage/mediabank/sved_57-t_2023.rar,2026-07-29
11,1,Arkhangelsk Oblast,Архангельская область,RU,Northwestern,Managers,1,120990.0,RUB,monthly,average_monthly_nominal_accrued_wage_october_survey,biennial_occupation_survey_57T,2023,,RU-FD-Northwestern,OKZ,federal_subject,https://rosstat.gov.ru/storage/mediabank/sved_57-t_2023.rar,2026-07-29
11,1,Arkhangelsk Oblast,Архангельская область,RU,Northwestern,Professionals,2,78590.0,RUB,monthly,average_monthly_nominal_accrued_wage_october_survey,biennial_occupation_survey_57T,2023,,RU-FD-Northwestern,OKZ,federal_subject,https://rosstat.gov.ru/storage/mediabank/sved_57-t_2023.rar,2026-07-29
11,1,Arkhangelsk Oblast,Архангельская область,RU,Northwestern,Technicians and associate professionals,3,82305.0,RUB,monthly,average_monthly_nominal_accrued_wage_october_survey,biennial_occupation_survey_57T,2023,,RU-FD-Northwestern,OKZ,federal_subject,https://rosstat.gov.ru/storage/mediabank/sved_57-t_2023.rar,2026-07-29
11,1,Arkhangelsk Oblast,Архангельская область,RU,Northwestern,Clerical support workers,4,45624.0,RUB,monthly,average_monthly_nominal_accrued_wage_october_survey,biennial_occupation_survey_57T,2023,,RU-FD-Northwestern,OKZ,federal_subject,https://rosstat.gov.ru/storage/mediabank/sved_57-t_2023.rar,2026-07-29
11,1,Arkhangelsk Oblast,Архангельская область,RU,Northwestern,Service and sales workers,5,53228.0,RUB,monthly,average_monthly_nominal_accrued_wage_october_survey,biennial_occupation_survey_57T,2023,,RU-FD-Northwestern,OKZ,federal_subject,https://rosstat.gov.ru/storage/mediabank/sved_57-t_2023.rar,2026-07-29
11,1,Arkhangelsk Oblast,Архангельская область,RU,Northwestern,"Skilled agricultural, forestry and fishery workers",6,46282.0,RUB,monthly,average_monthly_nominal_accrued_wage_october_survey,biennial_occupation_survey_57T,2023,,RU-FD-Northwestern,OKZ,federal_subject,https://rosstat.gov.ru/storage/mediabank/sved_57-t_2023.rar,2026-07-29
11,1,Arkhangelsk Oblast,Архангельская область,RU,Northwestern,Craft and related trades workers,7,82442.0,RUB,monthly,average_monthly_nominal_accrued_wage_october_survey,biennial_occupation_survey_57T,2023,,RU-FD-Northwestern,OKZ,federal_subject,https://rosstat.gov.ru/storage/mediabank/sved_57-t_2023.rar,2026-07-29
11,1,Arkhangelsk Oblast,Архангельская область,RU,Northwestern,Plant and machine operators and assemblers,8,87484.0,RUB,monthly,average_monthly_nominal_accrued_wage_october_survey,biennial_occupation_survey_57T,2023,,RU-FD-Northwestern,OKZ,federal_subject,https://rosstat.gov.ru/storage/mediabank/sved_57-t_2023.rar,2026-07-29
11,1,Arkhangelsk Oblast,Архангельская область,RU,Northwestern,Elementary occupations,9,39650.0,RUB,monthly,average_monthly_nominal_accrued_wage_october_survey,biennial_occupation_survey_57T,2023,,RU-FD-Northwestern,OKZ,federal_subject,https://rosstat.gov.ru/storage/mediabank/sved_57-t_2023.rar,2026-07-29
19,1,Vologda Oblast,Вологодская область,RU,Northwestern,Total,,61124.0,RUB,monthly,average_monthly_nominal_accrued_wage_october_survey,biennial_occupation_survey_57T,2023,,RU-FD-Northwestern,OKZ,federal_subject,https://rosstat.gov.ru/storage/mediabank/sved_57-t_2023.rar,2026-07-29
19,1,Vologda Oblast,Вологодская область,RU,Northwestern,Managers,1,104018.0,RUB,monthly,average_monthly_nominal_accrued_wage_october_survey,biennial_occupation_survey_57T,2023,,RU-FD-Northwestern,OKZ,federal_subject,https://rosstat.gov.ru/storage/mediabank/sved_57-t_2023.rar,2026-07-29
19,1,Vologda Oblast,Вологодская область,RU,Northwestern,Professionals,2,59264.0,RUB,monthly,average_monthly_nominal_accrued_wage_october_survey,biennial_occupation_survey_57T,2023,,RU-FD-Northwestern,OKZ,federal_subject,https://rosstat.gov.ru/storage/mediabank/sved_57-t_2023.rar,2026-07-29
19,1,Vologda Oblast,Вологодская область,RU,Northwestern,Technicians and associate professionals,3,64068.0,RUB,monthly,average_monthly_nominal_accrued_wage_october_survey,biennial_occupation_survey_57T,2023,,RU-FD-Northwestern,OKZ,federal_subject,https://rosstat.gov.ru/storage/mediabank/sved_57-t_2023.rar,2026-07-29
19,1,Vologda Oblast,Вологодская область,RU,Northwestern,Clerical support workers,4,40667.0,RUB,monthly,average_monthly_nominal_accrued_wage_october_survey,biennial_occupation_survey_57T,2023,,RU-FD-Northwestern,OKZ,federal_subject,https://rosstat.gov.ru/storage/mediabank/sved_57-t_2023.rar,2026-07-29
19,1,Vologda Oblast,Вологодская область,RU,Northwestern,Service and sales workers,5,35481.0,RUB,monthly,average_monthly_nominal_accrued_wage_october_survey,biennial_occupation_survey_57T,2023,,RU-FD-Northwestern,OKZ,federal_subject,https://rosstat.gov.ru/storage/mediabank/sved_57-t_2023.rar,2026-07-29
19,1,Vologda Oblast,Вологодская область,RU,Northwestern,"Skilled agricultural, forestry and fishery workers",6,53110.0,RUB,monthly,average_monthly_nominal_accrued_wage_october_survey,biennial_occupation_survey_57T,2023,,RU-FD-Northwestern,OKZ,federal_subject,https://rosstat.gov.ru/storage/mediabank/sved_57-t_2023.rar,2026-07-29
19,1,Vologda Oblast,Вологодская область,RU,Northwestern,Craft and related trades workers,7,66008.0,RUB,monthly,average_monthly_nominal_accrued_wage_october_survey,biennial_occupation_survey_57T,2023,,RU-FD-Northwestern,OKZ,federal_subject,https://rosstat.gov.ru/storage/mediabank/sved_57-t_2023.rar,2026-07-29
19,1,Vologda Oblast,Вологодская область,RU,Northwestern,Plant and machine operators and assemblers,8,66003.0,RUB,monthly,average_monthly_nominal_accrued_wage_october_survey,biennial_occupation_survey_57T,2023,,RU-FD-Northwestern,OKZ,federal_subject,https://rosstat.gov.ru/storage/mediabank/sved_57-t_2023.rar,2026-07-29
19,1,Vologda Oblast,Вологодская область,RU,Northwestern,Elementary occupations,9,32148.0,RUB,monthly,average_monthly_nominal_accrued_wage_october_survey,biennial_occupation_survey_57T,2023,,RU-FD-Northwestern,OKZ,federal_subject,https://rosstat.gov.ru/storage/mediabank/sved_57-t_2023.rar,2026-07-29
27,1,Kaliningrad Oblast,Калининградская область,RU,Northwestern,Total,,61584.0,RUB,monthly,average_monthly_nominal_accrued_wage_october_survey,biennial_occupation_survey_57T,2023,,RU-FD-Northwestern,OKZ,federal_subject,https://rosstat.gov.ru/storage/mediabank/sved_57-t_2023.rar,2026-07-29
27,1,Kaliningrad Oblast,Калининградская область,RU,Northwestern,Managers,1,102439.0,RUB,monthly,average_monthly_nominal_accrued_wage_october_survey,biennial_occupation_survey_57T,2023,,RU-FD-Northwestern,OKZ,federal_subject,https://rosstat.gov.ru/storage/mediabank/sved_57-t_2023.rar,2026-07-29
27,1,Kaliningrad Oblast,Калининградская область,RU,Northwestern,Professionals,2,63988.0,RUB,monthly,average_monthly_nominal_accrued_wage_october_survey,biennial_occupation_survey_57T,2023,,RU-FD-Northwestern,OKZ,federal_subject,https://rosstat.gov.ru/storage/mediabank/sved_57-t_2023.rar,2026-07-29
27,1,Kaliningrad Oblast,Калининградская область,RU,Northwestern,Technicians and associate professionals,3,65769.0,RUB,monthly,average_monthly_nominal_accrued_wage_october_survey,biennial_occupation_survey_57T,2023,,RU-FD-Northwestern,OKZ,federal_subject,https://rosstat.gov.ru/storage/mediabank/sved_57-t_2023.rar,2026-07-29
27,1,Kaliningrad Oblast,Калининградская область,RU,Northwestern,Clerical support workers,4,42255.0,RUB,monthly,average_monthly_nominal_accrued_wage_october_survey,biennial_occupation_survey_57T,2023,,RU-FD-Northwestern,OKZ,federal_subject,https://rosstat.gov.ru/storage/mediabank/sved_57-t_2023.rar,2026-07-29
27,1,Kaliningrad Oblast,Калининградская область,RU,Northwestern,Service and sales workers,5,44321.0,RUB,monthly,average_monthly_nominal_accrued_wage_october_survey,biennial_occupation_survey_57T,2023,,RU-FD-Northwestern,OKZ,federal_subject,https://rosstat.gov.ru/storage/mediabank/sved_57-t_2023.rar,2026-07-29
27,1,Kaliningrad Oblast,Калининградская область,RU,Northwestern,"Skilled agricultural, forestry and fishery workers",6,40399.0,RUB,monthly,average_monthly_nominal_accrued_wage_october_survey,biennial_occupation_survey_57T,2023,,RU-FD-Northwestern,OKZ,federal_subject,https://rosstat.gov.ru/storage/mediabank/sved_57-t_2023.rar,2026-07-29
27,1,Kaliningrad Oblast,Калининградская область,RU,Northwestern,Craft and related trades workers,7,62514.0,RUB,monthly,average_monthly_nominal_accrued_wage_october_survey,biennial_occupation_survey_57T,2023,,RU-FD-Northwestern,OKZ,federal_subject,https://rosstat.gov.ru/storage/mediabank/sved_57-t_2023.rar,2026-07-29
27,1,Kaliningrad Oblast,Калининградская область,RU,Northwestern,Plant and machine operators and assemblers,8,61070.0,RUB,monthly,average_monthly_nominal_accrued_wage_october_survey,biennial_occupation_survey_57T,2023,,RU-FD-Northwestern,OKZ,federal_subject,https://rosstat.gov.ru/storage/mediabank/sved_57-t_2023.rar,2026-07-29
27,1,Kaliningrad Oblast,Калининградская область,RU,Northwestern,Elementary occupations,9,34820.0,RUB,monthly,average_monthly_nominal_accrued_wage_october_survey,biennial_occupation_survey_57T,2023,,RU-FD-Northwestern,OKZ,federal_subject,https://rosstat.gov.ru/storage/mediabank/sved_57-t_2023.rar,2026-07-29
41,1,Leningrad Oblast,Ленинградская область,RU,Northwestern,Total,,77185.0,RUB,monthly,average_monthly_nominal_accrued_wage_october_survey,biennial_occupation_survey_57T,2023,,RU-FD-Northwestern,OKZ,federal_subject,https://rosstat.gov.ru/storage/mediabank/sved_57-t_2023.rar,2026-07-29
41,1,Leningrad Oblast,Ленинградская область,RU,Northwestern,Managers,1,141872.0,RUB,monthly,average_monthly_nominal_accrued_wage_october_survey,biennial_occupation_survey_57T,2023,,RU-FD-Northwestern,OKZ,federal_subject,https://rosstat.gov.ru/storage/mediabank/sved_57-t_2023.rar,2026-07-29
41,1,Leningrad Oblast,Ленинградская область,RU,Northwestern,Professionals,2,78182.0,RUB,monthly,average_monthly_nominal_accrued_wage_october_survey,biennial_occupation_survey_57T,2023,,RU-FD-Northwestern,OKZ,federal_subject,https://rosstat.gov.ru/storage/mediabank/sved_57-t_2023.rar,2026-07-29
41,1,Leningrad Oblast,Ленинградская область,RU,Northwestern,Technicians and associate professionals,3,79678.0,RUB,monthly,average_monthly_nominal_accrued_wage_october_survey,biennial_occupation_survey_57T,2023,,RU-FD-Northwestern,OKZ,federal_subject,https://rosstat.gov.ru/storage/mediabank/sved_57-t_2023.rar,2026-07-29
41,1,Leningrad Oblast,Ленинградская область,RU,Northwestern,Clerical support workers,4,51864.0,RUB,monthly,average_monthly_nominal_accrued_wage_october_survey,biennial_occupation_survey_57T,2023,,RU-FD-Northwestern,OKZ,federal_subject,https://rosstat.gov.ru/storage/mediabank/sved_57-t_2023.rar,2026-07-29
41,1,Leningrad Oblast,Ленинградская область,RU,Northwestern,Service and sales workers,5,43844.0,RUB,monthly,average_monthly_nominal_accrued_wage_october_survey,biennial_occupation_survey_57T,2023,,RU-FD-Northwestern,OKZ,federal_subject,https://rosstat.gov.ru/storage/mediabank/sved_57-t_2023.rar,2026-07-29
41,1,Leningrad Oblast,Ленинградская область,RU,Northwestern,"Skilled agricultural, forestry and fishery workers",6,66736.0,RUB,monthly,average_monthly_nominal_accrued_wage_october_survey,biennial_occupation_survey_57T,2023,,RU-FD-Northwestern,OKZ,federal_subject,https://rosstat.gov.ru/storage/mediabank/sved_57-t_2023.rar,2026-07-29
41,1,Leningrad Oblast,Ленинградская область,RU,Northwestern,Craft and related trades workers,7,80781.0,RUB,monthly,average_monthly_nominal_accrued_wage_october_survey,biennial_occupation_survey_57T,2023,,RU-FD-Northwestern,OKZ,federal_subject,https://rosstat.gov.ru/storage/mediabank/sved_57-t_2023.rar,2026-07-29
41,1,Leningrad Oblast,Ленинградская область,RU,Northwestern,Plant and machine operators and assemblers,8,72670.0,RUB,monthly,average_monthly_nominal_accrued_wage_october_survey,biennial_occupation_survey_57T,2023,,RU-FD-Northwestern,OKZ,federal_subject,https://rosstat.gov.ru/storage/mediabank/sved_57-t_2023.rar,2026-07-29
41,1,Leningrad Oblast,Ленинградская область,RU,Northwestern,Elementary occupations,9,46713.0,RUB,monthly,average_monthly_nominal_accrued_wage_october_survey,biennial_occupation_survey_57T,2023,,RU-FD-Northwestern,OKZ,federal_subject,https://rosstat.gov.ru/storage/mediabank/sved_57-t_2023.rar,2026-07-29
47,1,Murmansk Oblast,Мурманская область,RU,Northwestern,Total,,100152.0,RUB,monthly,average_monthly_nominal_accrued_wage_october_survey,biennial_occupation_survey_57T,2023,,RU-FD-Northwestern,OKZ,federal_subject,https://rosstat.gov.ru/storage/mediabank/sved_57-t_2023.rar,2026-07-29
47,1,Murmansk Oblast,Мурманская область,RU,Northwestern,Managers,1,160458.0,RUB,monthly,average_monthly_nominal_accrued_wage_october_survey,biennial_occupation_survey_57T,2023,,RU-FD-Northwestern,OKZ,federal_subject,https://rosstat.gov.ru/storage/mediabank/sved_57-t_2023.rar,2026-07-29
47,1,Murmansk Oblast,Мурманская область,RU,Northwestern,Professionals,2,100558.0,RUB,monthly,average_monthly_nominal_accrued_wage_october_survey,biennial_occupation_survey_57T,2023,,RU-FD-Northwestern,OKZ,federal_subject,https://rosstat.gov.ru/storage/mediabank/sved_57-t_2023.rar,2026-07-29
47,1,Murmansk Oblast,Мурманская область,RU,Northwestern,Technicians and associate professionals,3,110503.0,RUB,monthly,average_monthly_nominal_accrued_wage_october_survey,biennial_occupation_survey_57T,2023,,RU-FD-Northwestern,OKZ,federal_subject,https://rosstat.gov.ru/storage/mediabank/sved_57-t_2023.rar,2026-07-29
47,1,Murmansk Oblast,Мурманская область,RU,Northwestern,Clerical support workers,4,59664.0,RUB,monthly,average_monthly_nominal_accrued_wage_october_survey,biennial_occupation_survey_57T,2023,,RU-FD-Northwestern,OKZ,federal_subject,https://rosstat.gov.ru/storage/mediabank/sved_57-t_2023.rar,2026-07-29
47,1,Murmansk Oblast,Мурманская область,RU,Northwestern,Service and sales workers,5,62440.0,RUB,monthly,average_monthly_nominal_accrued_wage_october_survey,biennial_occupation_survey_57T,2023,,RU-FD-Northwestern,OKZ,federal_subject,https://rosstat.gov.ru/storage/mediabank/sved_57-t_2023.rar,2026-07-29
47,1,Murmansk Oblast,Мурманская область,RU,Northwestern,"Skilled agricultural, forestry and fishery workers",6,99003.0,RUB,monthly,average_monthly_nominal_accrued_wage_october_survey,biennial_occupation_survey_57T,2023,,RU-FD-Northwestern,OKZ,federal_subject,https://rosstat.gov.ru/storage/mediabank/sved_57-t_2023.rar,2026-07-29
47,1,Murmansk Oblast,Мурманская область,RU,Northwestern,Craft and related trades workers,7,110994.0,RUB,monthly,average_monthly_nominal_accrued_wage_october_survey,biennial_occupation_survey_57T,2023,,RU-FD-Northwestern,OKZ,federal_subject,https://rosstat.gov.ru/storage/mediabank/sved_57-t_2023.rar,2026-07-29
47,1,Murmansk Oblast,Мурманская область,RU,Northwestern,Plant and machine operators and assemblers,8,101676.0,RUB,monthly,average_monthly_nominal_accrued_wage_october_survey,biennial_occupation_survey_57T,2023,,RU-FD-Northwestern,OKZ,federal_subject,https://rosstat.gov.ru/storage/mediabank/sved_57-t_2023.rar,2026-07-29
47,1,Murmansk Oblast,Мурманская область,RU,Northwestern,Elementary occupations,9,51681.0,RUB,monthly,average_monthly_nominal_accrued_wage_october_survey,biennial_occupation_survey_57T,2023,,RU-FD-Northwestern,OKZ,federal_subject,https://rosstat.gov.ru/storage/mediabank/sved_57-t_2023.rar,2026-07-29
49,1,Novgorod Oblast,Новгородская область,RU,Northwestern,Total,,54575.0,RUB,monthly,average_monthly_nominal_accrued_wage_october_survey,biennial_occupation_survey_57T,2023,,RU-FD-Northwestern,OKZ,federal_subject,https://rosstat.gov.ru/storage/mediabank/sved_57-t_2023.rar,2026-07-29
49,1,Novgorod Oblast,Новгородская область,RU,Northwestern,Managers,1,89028.0,RUB,monthly,average_monthly_nominal_accrued_wage_october_survey,biennial_occupation_survey_57T,2023,,RU-FD-Northwestern,OKZ,federal_subject,https://rosstat.gov.ru/storage/mediabank/sved_57-t_2023.rar,2026-07-29
49,1,Novgorod Oblast,Новгородская область,RU,Northwestern,Professionals,2,56314.0,RUB,monthly,average_monthly_nominal_accrued_wage_october_survey,biennial_occupation_survey_57T,2023,,RU-FD-Northwestern,OKZ,federal_subject,https://rosstat.gov.ru/storage/mediabank/sved_57-t_2023.rar,2026-07-29
49,1,Novgorod Oblast,Новгородская область,RU,Northwestern,Technicians and associate professionals,3,51493.0,RUB,monthly,average_monthly_nominal_accrued_wage_october_survey,biennial_occupation_survey_57T,2023,,RU-FD-Northwestern,OKZ,federal_subject,https://rosstat.gov.ru/storage/mediabank/sved_57-t_2023.rar,2026-07-29
49,1,Novgorod Oblast,Новгородская область,RU,Northwestern,Clerical support workers,4,38717.0,RUB,monthly,average_monthly_nominal_accrued_wage_october_survey,biennial_occupation_survey_57T,2023,,RU-FD-Northwestern,OKZ,federal_subject,https://rosstat.gov.ru/storage/mediabank/sved_57-t_2023.rar,2026-07-29
49,1,Novgorod Oblast,Новгородская область,RU,Northwestern,Service and sales workers,5,42716.0,RUB,monthly,average_monthly_nominal_accrued_wage_october_survey,biennial_occupation_survey_57T,2023,,RU-FD-Northwestern,OKZ,federal_subject,https://rosstat.gov.ru/storage/mediabank/sved_57-t_2023.rar,2026-07-29
49,1,Novgorod Oblast,Новгородская область,RU,Northwestern,"Skilled agricultural, forestry and fishery workers",6,48661.0,RUB,monthly,average_monthly_nominal_accrued_wage_october_survey,biennial_occupation_survey_57T,2023,,RU-FD-Northwestern,OKZ,federal_subject,https://rosstat.gov.ru/storage/mediabank/sved_57-t_2023.rar,2026-07-29
49,1,Novgorod Oblast,Новгородская область,RU,Northwestern,Craft and related trades workers,7,60176.0,RUB,monthly,average_monthly_nominal_accrued_wage_october_survey,biennial_occupation_survey_57T,2023,,RU-FD-Northwestern,OKZ,federal_subject,https://rosstat.gov.ru/storage/mediabank/sved_57-t_2023.rar,2026-07-29
49,1,Novgorod Oblast,Новгородская область,RU,Northwestern,Plant and machine operators and assemblers,8,53880.0,RUB,monthly,average_monthly_nominal_accrued_wage_october_survey,biennial_occupation_survey_57T,2023,,RU-FD-Northwestern,OKZ,federal_subject,https://rosstat.gov.ru/storage/mediabank/sved_57-t_2023.rar,2026-07-29
49,1,Novgorod Oblast,Новгородская область,RU,Northwestern,Elementary occupations,9,29948.0,RUB,monthly,average_monthly_nominal_accrued_wage_october_survey,biennial_occupation_survey_57T,2023,,RU-FD-Northwestern,OKZ,federal_subject,https://rosstat.gov.ru/storage/mediabank/sved_57-t_2023.rar,2026-07-29
58,1,Pskov Oblast,Псковская область,RU,Northwestern,Total,,47105.0,RUB,monthly,average_monthly_nominal_accrued_wage_october_survey,biennial_occupation_survey_57T,2023,,RU-FD-Northwestern,OKZ,federal_subject,https://rosstat.gov.ru/storage/mediabank/sved_57-t_2023.rar,2026-07-29
58,1,Pskov Oblast,Псковская область,RU,Northwestern,Managers,1,75182.0,RUB,monthly,average_monthly_nominal_accrued_wage_october_survey,biennial_occupation_survey_57T,2023,,RU-FD-Northwestern,OKZ,federal_subject,https://rosstat.gov.ru/storage/mediabank/sved_57-t_2023.rar,2026-07-29
58,1,Pskov Oblast,Псковская область,RU,Northwestern,Professionals,2,46279.0,RUB,monthly,average_monthly_nominal_accrued_wage_october_survey,biennial_occupation_survey_57T,2023,,RU-FD-Northwestern,OKZ,federal_subject,https://rosstat.gov.ru/storage/mediabank/sved_57-t_2023.rar,2026-07-29
58,1,Pskov Oblast,Псковская область,RU,Northwestern,Technicians and associate professionals,3,43926.0,RUB,monthly,average_monthly_nominal_accrued_wage_october_survey,biennial_occupation_survey_57T,2023,,RU-FD-Northwestern,OKZ,federal_subject,https://rosstat.gov.ru/storage/mediabank/sved_57-t_2023.rar,2026-07-29
58,1,Pskov Oblast,Псковская область,RU,Northwestern,Clerical support workers,4,34514.0,RUB,monthly,average_monthly_nominal_accrued_wage_october_survey,biennial_occupation_survey_57T,2023,,RU-FD-Northwestern,OKZ,federal_subject,https://rosstat.gov.ru/storage/mediabank/sved_57-t_2023.rar,2026-07-29
58,1,Pskov Oblast,Псковская область,RU,Northwestern,Service and sales workers,5,36988.0,RUB,monthly,average_monthly_nominal_accrued_wage_october_survey,biennial_occupation_survey_57T,2023,,RU-FD-Northwestern,OKZ,federal_subject,https://rosstat.gov.ru/storage/mediabank/sved_57-t_2023.rar,2026-07-29
58,1,Pskov Oblast,Псковская область,RU,Northwestern,"Skilled agricultural, forestry and fishery workers",6,49440.0,RUB,monthly,average_monthly_nominal_accrued_wage_october_survey,biennial_occupation_survey_57T,2023,,RU-FD-Northwestern,OKZ,federal_subject,https://rosstat.gov.ru/storage/mediabank/sved_57-t_2023.rar,2026-07-29
58,1,Pskov Oblast,Псковская область,RU,Northwestern,Craft and related trades workers,7,56311.0,RUB,monthly,average_monthly_nominal_accrued_wage_october_survey,biennial_occupation_survey_57T,2023,,RU-FD-Northwestern,OKZ,federal_subject,https://rosstat.gov.ru/storage/mediabank/sved_57-t_2023.rar,2026-07-29
58,1,Pskov Oblast,Псковская область,RU,Northwestern,Plant and machine operators and assemblers,8,49953.0,RUB,monthly,average_monthly_nominal_accrued_wage_october_survey,biennial_occupation_survey_57T,2023,,RU-FD-Northwestern,OKZ,federal_subject,https://rosstat.gov.ru/storage/mediabank/sved_57-t_2023.rar,2026-07-29
58,1,Pskov Oblast,Псковская область,RU,Northwestern,Elementary occupations,9,29903.0,RUB,monthly,average_monthly_nominal_accrued_wage_october_survey,biennial_occupation_survey_57T,2023,,RU-FD-Northwestern,OKZ,federal_subject,https://rosstat.gov.ru/storage/mediabank/sved_57-t_2023.rar,2026-07-29
40,1,Saint Petersburg,г. Санкт-Петербург,RU,Northwestern,Total,,104415.0,RUB,monthly,average_monthly_nominal_accrued_wage_october_survey,biennial_occupation_survey_57T,2023,,RU-FD-Northwestern,OKZ,federal_subject,https://rosstat.gov.ru/storage/mediabank/sved_57-t_2023.rar,2026-07-29
40,1,Saint Petersburg,г. Санкт-Петербург,RU,Northwestern,Managers,1,178931.0,RUB,monthly,average_monthly_nominal_accrued_wage_october_survey,biennial_occupation_survey_57T,2023,,RU-FD-Northwestern,OKZ,federal_subject,https://rosstat.gov.ru/storage/mediabank/sved_57-t_2023.rar,2026-07-29
40,1,Saint Petersburg,г. Санкт-Петербург,RU,Northwestern,Professionals,2,116423.0,RUB,monthly,average_monthly_nominal_accrued_wage_october_survey,biennial_occupation_survey_57T,2023,,RU-FD-Northwestern,OKZ,federal_subject,https://rosstat.gov.ru/storage/mediabank/sved_57-t_2023.rar,2026-07-29
40,1,Saint Petersburg,г. Санкт-Петербург,RU,Northwestern,Technicians and associate professionals,3,99688.0,RUB,monthly,average_monthly_nominal_accrued_wage_october_survey,biennial_occupation_survey_57T,2023,,RU-FD-Northwestern,OKZ,federal_subject,https://rosstat.gov.ru/storage/mediabank/sved_57-t_2023.rar,2026-07-29
40,1,Saint Petersburg,г. Санкт-Петербург,RU,Northwestern,Clerical support workers,4,61763.0,RUB,monthly,average_monthly_nominal_accrued_wage_october_survey,biennial_occupation_survey_57T,2023,,RU-FD-Northwestern,OKZ,federal_subject,https://rosstat.gov.ru/storage/mediabank/sved_57-t_2023.rar,2026-07-29
40,1,Saint Petersburg,г. Санкт-Петербург,RU,Northwestern,Service and sales workers,5,57229.0,RUB,monthly,average_monthly_nominal_accrued_wage_october_survey,biennial_occupation_survey_57T,2023,,RU-FD-Northwestern,OKZ,federal_subject,https://rosstat.gov.ru/storage/mediabank/sved_57-t_2023.rar,2026-07-29
40,1,Saint Petersburg,г. Санкт-Петербург,RU,Northwestern,"Skilled agricultural, forestry and fishery workers",6,52799.0,RUB,monthly,average_monthly_nominal_accrued_wage_october_survey,biennial_occupation_survey_57T,2023,,RU-FD-Northwestern,OKZ,federal_subject,https://rosstat.gov.ru/storage/mediabank/sved_57-t_2023.rar,2026-07-29
40,1,Saint Petersburg,г. Санкт-Петербург,RU,Northwestern,Craft and related trades workers,7,84170.0,RUB,monthly,average_monthly_nominal_accrued_wage_october_survey,biennial_occupation_survey_57T,2023,,RU-FD-Northwestern,OKZ,federal_subject,https://rosstat.gov.ru/storage/mediabank/sved_57-t_2023.rar,2026-07-29
40,1,Saint Petersburg,г. Санкт-Петербург,RU,Northwestern,Plant and machine operators and assemblers,8,88035.0,RUB,monthly,average_monthly_nominal_accrued_wage_october_survey,biennial_occupation_survey_57T,2023,,RU-FD-Northwestern,OKZ,federal_subject,https://rosstat.gov.ru/storage/mediabank/sved_57-t_2023.rar,2026-07-29
40,1,Saint Petersburg,г. Санкт-Петербург,RU,Northwestern,Elementary occupations,9,50232.0,RUB,monthly,average_monthly_nominal_accrued_wage_october_survey,biennial_occupation_survey_57T,2023,,RU-FD-Northwestern,OKZ,federal_subject,https://rosstat.gov.ru/storage/mediabank/sved_57-t_2023.rar,2026-07-29
RU-FD-Southern,0,Southern Federal District,Южный федеральный округ,RU,Southern,Total,,52847.0,RUB,monthly,average_monthly_nominal_accrued_wage_october_survey,biennial_occupation_survey_57T,2023,,RU-NAT,OKZ,federal_district,https://rosstat.gov.ru/storage/mediabank/sved_57-t_2023.rar,2026-07-29
RU-FD-Southern,0,Southern Federal District,Южный федеральный округ,RU,Southern,Managers,1,91184.0,RUB,monthly,average_monthly_nominal_accrued_wage_october_survey,biennial_occupation_survey_57T,2023,,RU-NAT,OKZ,federal_district,https://rosstat.gov.ru/storage/mediabank/sved_57-t_2023.rar,2026-07-29
RU-FD-Southern,0,Southern Federal District,Южный федеральный округ,RU,Southern,Professionals,2,54612.0,RUB,monthly,average_monthly_nominal_accrued_wage_october_survey,biennial_occupation_survey_57T,2023,,RU-NAT,OKZ,federal_district,https://rosstat.gov.ru/storage/mediabank/sved_57-t_2023.rar,2026-07-29
RU-FD-Southern,0,Southern Federal District,Южный федеральный округ,RU,Southern,Technicians and associate professionals,3,50428.0,RUB,monthly,average_monthly_nominal_accrued_wage_october_survey,biennial_occupation_survey_57T,2023,,RU-NAT,OKZ,federal_district,https://rosstat.gov.ru/storage/mediabank/sved_57-t_2023.rar,2026-07-29
RU-FD-Southern,0,Southern Federal District,Южный федеральный округ,RU,Southern,Clerical support workers,4,39195.0,RUB,monthly,average_monthly_nominal_accrued_wage_october_survey,biennial_occupation_survey_57T,2023,,RU-NAT,OKZ,federal_district,https://rosstat.gov.ru/storage/mediabank/sved_57-t_2023.rar,2026-07-29
RU-FD-Southern,0,Southern Federal District,Южный федеральный округ,RU,Southern,Service and sales workers,5,38283.0,RUB,monthly,average_monthly_nominal_accrued_wage_october_survey,biennial_occupation_survey_57T,2023,,RU-NAT,OKZ,federal_district,https://rosstat.gov.ru/storage/mediabank/sved_57-t_2023.rar,2026-07-29
RU-FD-Southern,0,Southern Federal District,Южный федеральный округ,RU,Southern,"Skilled agricultural, forestry and fishery workers",6,46349.0,RUB,monthly,average_monthly_nominal_accrued_wage_october_survey,biennial_occupation_survey_57T,2023,,RU-NAT,OKZ,federal_district,https://rosstat.gov.ru/storage/mediabank/sved_57-t_2023.rar,2026-07-29
RU-FD-Southern,0,Southern Federal District,Южный федеральный округ,RU,Southern,Craft and related trades workers,7,57908.0,RUB,monthly,average_monthly_nominal_accrued_wage_october_survey,biennial_occupation_survey_57T,2023,,RU-NAT,OKZ,federal_district,https://rosstat.gov.ru/storage/mediabank/sved_57-t_2023.rar,2026-07-29
RU-FD-Southern,0,Southern Federal District,Южный федеральный округ,RU,Southern,Plant and machine operators and assemblers,8,57123.0,RUB,monthly,average_monthly_nominal_accrued_wage_october_survey,biennial_occupation_survey_57T,2023,,RU-NAT,OKZ,federal_district,https://rosstat.gov.ru/storage/mediabank/sved_57-t_2023.rar,2026-07-29
RU-FD-Southern,0,Southern Federal District,Южный федеральный округ,RU,Southern,Elementary occupations,9,30796.0,RUB,monthly,average_monthly_nominal_accrued_wage_october_survey,biennial_occupation_survey_57T,2023,,RU-NAT,OKZ,federal_district,https://rosstat.gov.ru/storage/mediabank/sved_57-t_2023.rar,2026-07-29
79,1,Republic of Adygea,Республика Адыгея,RU,Southern,Total,,47805.0,RUB,monthly,average_monthly_nominal_accrued_wage_october_survey,biennial_occupation_survey_57T,2023,,RU-FD-Southern,OKZ,federal_subject,https://rosstat.gov.ru/storage/mediabank/sved_57-t_2023.rar,2026-07-29
79,1,Republic of Adygea,Республика Адыгея,RU,Southern,Managers,1,82898.0,RUB,monthly,average_monthly_nominal_accrued_wage_october_survey,biennial_occupation_survey_57T,2023,,RU-FD-Southern,OKZ,federal_subject,https://rosstat.gov.ru/storage/mediabank/sved_57-t_2023.rar,2026-07-29
79,1,Republic of Adygea,Республика Адыгея,RU,Southern,Professionals,2,48352.0,RUB,monthly,average_monthly_nominal_accrued_wage_october_survey,biennial_occupation_survey_57T,2023,,RU-FD-Southern,OKZ,federal_subject,https://rosstat.gov.ru/storage/mediabank/sved_57-t_2023.rar,2026-07-29
79,1,Republic of Adygea,Республика Адыгея,RU,Southern,Technicians and associate professionals,3,41419.0,RUB,monthly,average_monthly_nominal_accrued_wage_october_survey,biennial_occupation_survey_57T,2023,,RU-FD-Southern,OKZ,federal_subject,https://rosstat.gov.ru/storage/mediabank/sved_57-t_2023.rar,2026-07-29
79,1,Republic of Adygea,Республика Адыгея,RU,Southern,Clerical support workers,4,34404.0,RUB,monthly,average_monthly_nominal_accrued_wage_october_survey,biennial_occupation_survey_57T,2023,,RU-FD-Southern,OKZ,federal_subject,https://rosstat.gov.ru/storage/mediabank/sved_57-t_2023.rar,2026-07-29
79,1,Republic of Adygea,Республика Адыгея,RU,Southern,Service and sales workers,5,37863.0,RUB,monthly,average_monthly_nominal_accrued_wage_october_survey,biennial_occupation_survey_57T,2023,,RU-FD-Southern,OKZ,federal_subject,https://rosstat.gov.ru/storage/mediabank/sved_57-t_2023.rar,2026-07-29
79,1,Republic of Adygea,Республика Адыгея,RU,Southern,"Skilled agricultural, forestry and fishery workers",6,39795.0,RUB,monthly,average_monthly_nominal_accrued_wage_october_survey,biennial_occupation_survey_57T,2023,,RU-FD-Southern,OKZ,federal_subject,https://rosstat.gov.ru/storage/mediabank/sved_57-t_2023.rar,2026-07-29
79,1,Republic of Adygea,Республика Адыгея,RU,Southern,Craft and related trades workers,7,50539.0,RUB,monthly,average_monthly_nominal_accrued_wage_october_survey,biennial_occupation_survey_57T,2023,,RU-FD-Southern,OKZ,federal_subject,https://rosstat.gov.ru/storage/mediabank/sved_57-t_2023.rar,2026-07-29
79,1,Republic of Adygea,Республика Адыгея,RU,Southern,Plant and machine operators and assemblers,8,51678.0,RUB,monthly,average_monthly_nominal_accrued_wage_october_survey,biennial_occupation_survey_57T,2023,,RU-FD-Southern,OKZ,federal_subject,https://rosstat.gov.ru/storage/mediabank/sved_57-t_2023.rar,2026-07-29
79,1,Republic of Adygea,Республика Адыгея,RU,Southern,Elementary occupations,9,38011.0,RUB,monthly,average_monthly_nominal_accrued_wage_october_survey,biennial_occupation_survey_57T,2023,,RU-FD-Southern,OKZ,federal_subject,https://rosstat.gov.ru/storage/mediabank/sved_57-t_2023.rar,2026-07-29
85,1,Republic of Kalmykia,Республика Калмыкия,RU,Southern,Total,,35190.0,RUB,monthly,average_monthly_nominal_accrued_wage_october_survey,biennial_occupation_survey_57T,2023,,RU-FD-Southern,OKZ,federal_subject,https://rosstat.gov.ru/storage/mediabank/sved_57-t_2023.rar,2026-07-29
85,1,Republic of Kalmykia,Республика Калмыкия,RU,Southern,Managers,1,53012.0,RUB,monthly,average_monthly_nominal_accrued_wage_october_survey,biennial_occupation_survey_57T,2023,,RU-FD-Southern,OKZ,federal_subject,https://rosstat.gov.ru/storage/mediabank/sved_57-t_2023.rar,2026-07-29
85,1,Republic of Kalmykia,Республика Калмыкия,RU,Southern,Professionals,2,36481.0,RUB,monthly,average_monthly_nominal_accrued_wage_october_survey,biennial_occupation_survey_57T,2023,,RU-FD-Southern,OKZ,federal_subject,https://rosstat.gov.ru/storage/mediabank/sved_57-t_2023.rar,2026-07-29
85,1,Republic of Kalmykia,Республика Калмыкия,RU,Southern,Technicians and associate professionals,3,35809.0,RUB,monthly,average_monthly_nominal_accrued_wage_october_survey,biennial_occupation_survey_57T,2023,,RU-FD-Southern,OKZ,federal_subject,https://rosstat.gov.ru/storage/mediabank/sved_57-t_2023.rar,2026-07-29
85,1,Republic of Kalmykia,Республика Калмыкия,RU,Southern,Clerical support workers,4,26651.0,RUB,monthly,average_monthly_nominal_accrued_wage_october_survey,biennial_occupation_survey_57T,2023,,RU-FD-Southern,OKZ,federal_subject,https://rosstat.gov.ru/storage/mediabank/sved_57-t_2023.rar,2026-07-29
85,1,Republic of Kalmykia,Республика Калмыкия,RU,Southern,Service and sales workers,5,38125.0,RUB,monthly,average_monthly_nominal_accrued_wage_october_survey,biennial_occupation_survey_57T,2023,,RU-FD-Southern,OKZ,federal_subject,https://rosstat.gov.ru/storage/mediabank/sved_57-t_2023.rar,2026-07-29
85,1,Republic of Kalmykia,Республика Калмыкия,RU,Southern,"Skilled agricultural, forestry and fishery workers",6,24775.0,RUB,monthly,average_monthly_nominal_accrued_wage_october_survey,biennial_occupation_survey_57T,2023,,RU-FD-Southern,OKZ,federal_subject,https://rosstat.gov.ru/storage/mediabank/sved_57-t_2023.rar,2026-07-29
85,1,Republic of Kalmykia,Республика Калмыкия,RU,Southern,Craft and related trades workers,7,35995.0,RUB,monthly,average_monthly_nominal_accrued_wage_october_survey,biennial_occupation_survey_57T,2023,,RU-FD-Southern,OKZ,federal_subject,https://rosstat.gov.ru/storage/mediabank/sved_57-t_2023.rar,2026-07-29
85,1,Republic of Kalmykia,Республика Калмыкия,RU,Southern,Plant and machine operators and assemblers,8,33319.0,RUB,monthly,average_monthly_nominal_accrued_wage_october_survey,biennial_occupation_survey_57T,2023,,RU-FD-Southern,OKZ,federal_subject,https://rosstat.gov.ru/storage/mediabank/sved_57-t_2023.rar,2026-07-29
85,1,Republic of Kalmykia,Республика Калмыкия,RU,Southern,Elementary occupations,9,23022.0,RUB,monthly,average_monthly_nominal_accrued_wage_october_survey,biennial_occupation_survey_57T,2023,,RU-FD-Southern,OKZ,federal_subject,https://rosstat.gov.ru/storage/mediabank/sved_57-t_2023.rar,2026-07-29
35,1,Republic of Crimea,Республика Крым,RU,Southern,Total,,44601.0,RUB,monthly,average_monthly_nominal_accrued_wage_october_survey,biennial_occupation_survey_57T,2023,,RU-FD-Southern,OKZ,federal_subject,https://rosstat.gov.ru/storage/mediabank/sved_57-t_2023.rar,2026-07-29
35,1,Republic of Crimea,Республика Крым,RU,Southern,Managers,1,78605.0,RUB,monthly,average_monthly_nominal_accrued_wage_october_survey,biennial_occupation_survey_57T,2023,,RU-FD-Southern,OKZ,federal_subject,https://rosstat.gov.ru/storage/mediabank/sved_57-t_2023.rar,2026-07-29
35,1,Republic of Crimea,Республика Крым,RU,Southern,Professionals,2,45885.0,RUB,monthly,average_monthly_nominal_accrued_wage_october_survey,biennial_occupation_survey_57T,2023,,RU-FD-Southern,OKZ,federal_subject,https://rosstat.gov.ru/storage/mediabank/sved_57-t_2023.rar,2026-07-29
35,1,Republic of Crimea,Республика Крым,RU,Southern,Technicians and associate professionals,3,41878.0,RUB,monthly,average_monthly_nominal_accrued_wage_october_survey,biennial_occupation_survey_57T,2023,,RU-FD-Southern,OKZ,federal_subject,https://rosstat.gov.ru/storage/mediabank/sved_57-t_2023.rar,2026-07-29
35,1,Republic of Crimea,Республика Крым,RU,Southern,Clerical support workers,4,35885.0,RUB,monthly,average_monthly_nominal_accrued_wage_october_survey,biennial_occupation_survey_57T,2023,,RU-FD-Southern,OKZ,federal_subject,https://rosstat.gov.ru/storage/mediabank/sved_57-t_2023.rar,2026-07-29
35,1,Republic of Crimea,Республика Крым,RU,Southern,Service and sales workers,5,37038.0,RUB,monthly,average_monthly_nominal_accrued_wage_october_survey,biennial_occupation_survey_57T,2023,,RU-FD-Southern,OKZ,federal_subject,https://rosstat.gov.ru/storage/mediabank/sved_57-t_2023.rar,2026-07-29
35,1,Republic of Crimea,Республика Крым,RU,Southern,"Skilled agricultural, forestry and fishery workers",6,44480.0,RUB,monthly,average_monthly_nominal_accrued_wage_october_survey,biennial_occupation_survey_57T,2023,,RU-FD-Southern,OKZ,federal_subject,https://rosstat.gov.ru/storage/mediabank/sved_57-t_2023.rar,2026-07-29
35,1,Republic of Crimea,Республика Крым,RU,Southern,Craft and related trades workers,7,48948.0,RUB,monthly,average_monthly_nominal_accrued_wage_october_survey,biennial_occupation_survey_57T,2023,,RU-FD-Southern,OKZ,federal_subject,https://rosstat.gov.ru/storage/mediabank/sved_57-t_2023.rar,2026-07-29
35,1,Republic of Crimea,Республика Крым,RU,Southern,Plant and machine operators and assemblers,8,49220.0,RUB,monthly,average_monthly_nominal_accrued_wage_october_survey,biennial_occupation_survey_57T,2023,,RU-FD-Southern,OKZ,federal_subject,https://rosstat.gov.ru/storage/mediabank/sved_57-t_2023.rar,2026-07-29
35,1,Republic of Crimea,Республика Крым,RU,Southern,Elementary occupations,9,26686.0,RUB,monthly,average_monthly_nominal_accrued_wage_october_survey,biennial_occupation_survey_57T,2023,,RU-FD-Southern,OKZ,federal_subject,https://rosstat.gov.ru/storage/mediabank/sved_57-t_2023.rar,2026-07-29
03,1,Krasnodar Krai,Краснодарский край,RU,Southern,Total,,56804.0,RUB,monthly,average_monthly_nominal_accrued_wage_october_survey,biennial_occupation_survey_57T,2023,,RU-FD-Southern,OKZ,federal_subject,https://rosstat.gov.ru/storage/mediabank/sved_57-t_2023.rar,2026-07-29
03,1,Krasnodar Krai,Краснодарский край,RU,Southern,Managers,1,98744.0,RUB,monthly,average_monthly_nominal_accrued_wage_october_survey,biennial_occupation_survey_57T,2023,,RU-FD-Southern,OKZ,federal_subject,https://rosstat.gov.ru/storage/mediabank/sved_57-t_2023.rar,2026-07-29
03,1,Krasnodar Krai,Краснодарский край,RU,Southern,Professionals,2,59933.0,RUB,monthly,average_monthly_nominal_accrued_wage_october_survey,biennial_occupation_survey_57T,2023,,RU-FD-Southern,OKZ,federal_subject,https://rosstat.gov.ru/storage/mediabank/sved_57-t_2023.rar,2026-07-29
03,1,Krasnodar Krai,Краснодарский край,RU,Southern,Technicians and associate professionals,3,54263.0,RUB,monthly,average_monthly_nominal_accrued_wage_october_survey,biennial_occupation_survey_57T,2023,,RU-FD-Southern,OKZ,federal_subject,https://rosstat.gov.ru/storage/mediabank/sved_57-t_2023.rar,2026-07-29
03,1,Krasnodar Krai,Краснодарский край,RU,Southern,Clerical support workers,4,42447.0,RUB,monthly,average_monthly_nominal_accrued_wage_october_survey,biennial_occupation_survey_57T,2023,,RU-FD-Southern,OKZ,federal_subject,https://rosstat.gov.ru/storage/mediabank/sved_57-t_2023.rar,2026-07-29
03,1,Krasnodar Krai,Краснодарский край,RU,Southern,Service and sales workers,5,41335.0,RUB,monthly,average_monthly_nominal_accrued_wage_october_survey,biennial_occupation_survey_57T,2023,,RU-FD-Southern,OKZ,federal_subject,https://rosstat.gov.ru/storage/mediabank/sved_57-t_2023.rar,2026-07-29
03,1,Krasnodar Krai,Краснодарский край,RU,Southern,"Skilled agricultural, forestry and fishery workers",6,49480.0,RUB,monthly,average_monthly_nominal_accrued_wage_october_survey,biennial_occupation_survey_57T,2023,,RU-FD-Southern,OKZ,federal_subject,https://rosstat.gov.ru/storage/mediabank/sved_57-t_2023.rar,2026-07-29
03,1,Krasnodar Krai,Краснодарский край,RU,Southern,Craft and related trades workers,7,59010.0,RUB,monthly,average_monthly_nominal_accrued_wage_october_survey,biennial_occupation_survey_57T,2023,,RU-FD-Southern,OKZ,federal_subject,https://rosstat.gov.ru/storage/mediabank/sved_57-t_2023.rar,2026-07-29
03,1,Krasnodar Krai,Краснодарский край,RU,Southern,Plant and machine operators and assemblers,8,59023.0,RUB,monthly,average_monthly_nominal_accrued_wage_october_survey,biennial_occupation_survey_57T,2023,,RU-FD-Southern,OKZ,federal_subject,https://rosstat.gov.ru/storage/mediabank/sved_57-t_2023.rar,2026-07-29
03,1,Krasnodar Krai,Краснодарский край,RU,Southern,Elementary occupations,9,34272.0,RUB,monthly,average_monthly_nominal_accrued_wage_october_survey,biennial_occupation_survey_57T,2023,,RU-FD-Southern,OKZ,federal_subject,https://rosstat.gov.ru/storage/mediabank/sved_57-t_2023.rar,2026-07-29
12,1,Astrakhan Oblast,Астраханская область,RU,Southern,Total,,49513.0,RUB,monthly,average_monthly_nominal_accrued_wage_october_survey,biennial_occupation_survey_57T,2023,,RU-FD-Southern,OKZ,federal_subject,https://rosstat.gov.ru/storage/mediabank/sved_57-t_2023.rar,2026-07-29
12,1,Astrakhan Oblast,Астраханская область,RU,Southern,Managers,1,86426.0,RUB,monthly,average_monthly_nominal_accrued_wage_october_survey,biennial_occupation_survey_57T,2023,,RU-FD-Southern,OKZ,federal_subject,https://rosstat.gov.ru/storage/mediabank/sved_57-t_2023.rar,2026-07-29
12,1,Astrakhan Oblast,Астраханская область,RU,Southern,Professionals,2,50745.0,RUB,monthly,average_monthly_nominal_accrued_wage_october_survey,biennial_occupation_survey_57T,2023,,RU-FD-Southern,OKZ,federal_subject,https://rosstat.gov.ru/storage/mediabank/sved_57-t_2023.rar,2026-07-29
12,1,Astrakhan Oblast,Астраханская область,RU,Southern,Technicians and associate professionals,3,52906.0,RUB,monthly,average_monthly_nominal_accrued_wage_october_survey,biennial_occupation_survey_57T,2023,,RU-FD-Southern,OKZ,federal_subject,https://rosstat.gov.ru/storage/mediabank/sved_57-t_2023.rar,2026-07-29
12,1,Astrakhan Oblast,Астраханская область,RU,Southern,Clerical support workers,4,33282.0,RUB,monthly,average_monthly_nominal_accrued_wage_october_survey,biennial_occupation_survey_57T,2023,,RU-FD-Southern,OKZ,federal_subject,https://rosstat.gov.ru/storage/mediabank/sved_57-t_2023.rar,2026-07-29
12,1,Astrakhan Oblast,Астраханская область,RU,Southern,Service and sales workers,5,38690.0,RUB,monthly,average_monthly_nominal_accrued_wage_october_survey,biennial_occupation_survey_57T,2023,,RU-FD-Southern,OKZ,federal_subject,https://rosstat.gov.ru/storage/mediabank/sved_57-t_2023.rar,2026-07-29
12,1,Astrakhan Oblast,Астраханская область,RU,Southern,"Skilled agricultural, forestry and fishery workers",6,30455.0,RUB,monthly,average_monthly_nominal_accrued_wage_october_survey,biennial_occupation_survey_57T,2023,,RU-FD-Southern,OKZ,federal_subject,https://rosstat.gov.ru/storage/mediabank/sved_57-t_2023.rar,2026-07-29
12,1,Astrakhan Oblast,Астраханская область,RU,Southern,Craft and related trades workers,7,59730.0,RUB,monthly,average_monthly_nominal_accrued_wage_october_survey,biennial_occupation_survey_57T,2023,,RU-FD-Southern,OKZ,federal_subject,https://rosstat.gov.ru/storage/mediabank/sved_57-t_2023.rar,2026-07-29
12,1,Astrakhan Oblast,Астраханская область,RU,Southern,Plant and machine operators and assemblers,8,53242.0,RUB,monthly,average_monthly_nominal_accrued_wage_october_survey,biennial_occupation_survey_57T,2023,,RU-FD-Southern,OKZ,federal_subject,https://rosstat.gov.ru/storage/mediabank/sved_57-t_2023.rar,2026-07-29
12,1,Astrakhan Oblast,Астраханская область,RU,Southern,Elementary occupations,9,24446.0,RUB,monthly,average_monthly_nominal_accrued_wage_october_survey,biennial_occupation_survey_57T,2023,,RU-FD-Southern,OKZ,federal_subject,https://rosstat.gov.ru/storage/mediabank/sved_57-t_2023.rar,2026-07-29
18,1,Volgograd Oblast,Волгоградская область,RU,Southern,Total,,51302.0,RUB,monthly,average_monthly_nominal_accrued_wage_october_survey,biennial_occupation_survey_57T,2023,,RU-FD-Southern,OKZ,federal_subject,https://rosstat.gov.ru/storage/mediabank/sved_57-t_2023.rar,2026-07-29
18,1,Volgograd Oblast,Волгоградская область,RU,Southern,Managers,1,86809.0,RUB,monthly,average_monthly_nominal_accrued_wage_october_survey,biennial_occupation_survey_57T,2023,,RU-FD-Southern,OKZ,federal_subject,https://rosstat.gov.ru/storage/mediabank/sved_57-t_2023.rar,2026-07-29
18,1,Volgograd Oblast,Волгоградская область,RU,Southern,Professionals,2,52458.0,RUB,monthly,average_monthly_nominal_accrued_wage_october_survey,biennial_occupation_survey_57T,2023,,RU-FD-Southern,OKZ,federal_subject,https://rosstat.gov.ru/storage/mediabank/sved_57-t_2023.rar,2026-07-29
18,1,Volgograd Oblast,Волгоградская область,RU,Southern,Technicians and associate professionals,3,48014.0,RUB,monthly,average_monthly_nominal_accrued_wage_october_survey,biennial_occupation_survey_57T,2023,,RU-FD-Southern,OKZ,federal_subject,https://rosstat.gov.ru/storage/mediabank/sved_57-t_2023.rar,2026-07-29
18,1,Volgograd Oblast,Волгоградская область,RU,Southern,Clerical support workers,4,38629.0,RUB,monthly,average_monthly_nominal_accrued_wage_october_survey,biennial_occupation_survey_57T,2023,,RU-FD-Southern,OKZ,federal_subject,https://rosstat.gov.ru/storage/mediabank/sved_57-t_2023.rar,2026-07-29
18,1,Volgograd Oblast,Волгоградская область,RU,Southern,Service and sales workers,5,37119.0,RUB,monthly,average_monthly_nominal_accrued_wage_october_survey,biennial_occupation_survey_57T,2023,,RU-FD-Southern,OKZ,federal_subject,https://rosstat.gov.ru/storage/mediabank/sved_57-t_2023.rar,2026-07-29
18,1,Volgograd Oblast,Волгоградская область,RU,Southern,"Skilled agricultural, forestry and fishery workers",6,41898.0,RUB,monthly,average_monthly_nominal_accrued_wage_october_survey,biennial_occupation_survey_57T,2023,,RU-FD-Southern,OKZ,federal_subject,https://rosstat.gov.ru/storage/mediabank/sved_57-t_2023.rar,2026-07-29
18,1,Volgograd Oblast,Волгоградская область,RU,Southern,Craft and related trades workers,7,56731.0,RUB,monthly,average_monthly_nominal_accrued_wage_october_survey,biennial_occupation_survey_57T,2023,,RU-FD-Southern,OKZ,federal_subject,https://rosstat.gov.ru/storage/mediabank/sved_57-t_2023.rar,2026-07-29
18,1,Volgograd Oblast,Волгоградская область,RU,Southern,Plant and machine operators and assemblers,8,55017.0,RUB,monthly,average_monthly_nominal_accrued_wage_october_survey,biennial_occupation_survey_57T,2023,,RU-FD-Southern,OKZ,federal_subject,https://rosstat.gov.ru/storage/mediabank/sved_57-t_2023.rar,2026-07-29
18,1,Volgograd Oblast,Волгоградская область,RU,Southern,Elementary occupations,9,28274.0,RUB,monthly,average_monthly_nominal_accrued_wage_october_survey,biennial_occupation_survey_57T,2023,,RU-FD-Southern,OKZ,federal_subject,https://rosstat.gov.ru/storage/mediabank/sved_57-t_2023.rar,2026-07-29
60,1,Rostov Oblast,Ростовская область,RU,Southern,Total,,54182.0,RUB,monthly,average_monthly_nominal_accrued_wage_october_survey,biennial_occupation_survey_57T,2023,,RU-FD-Southern,OKZ,federal_subject,https://rosstat.gov.ru/storage/mediabank/sved_57-t_2023.rar,2026-07-29
60,1,Rostov Oblast,Ростовская область,RU,Southern,Managers,1,91158.0,RUB,monthly,average_monthly_nominal_accrued_wage_october_survey,biennial_occupation_survey_57T,2023,,RU-FD-Southern,OKZ,federal_subject,https://rosstat.gov.ru/storage/mediabank/sved_57-t_2023.rar,2026-07-29
60,1,Rostov Oblast,Ростовская область,RU,Southern,Professionals,2,55271.0,RUB,monthly,average_monthly_nominal_accrued_wage_october_survey,biennial_occupation_survey_57T,2023,,RU-FD-Southern,OKZ,federal_subject,https://rosstat.gov.ru/storage/mediabank/sved_57-t_2023.rar,2026-07-29
60,1,Rostov Oblast,Ростовская область,RU,Southern,Technicians and associate professionals,3,51051.0,RUB,monthly,average_monthly_nominal_accrued_wage_october_survey,biennial_occupation_survey_57T,2023,,RU-FD-Southern,OKZ,federal_subject,https://rosstat.gov.ru/storage/mediabank/sved_57-t_2023.rar,2026-07-29
60,1,Rostov Oblast,Ростовская область,RU,Southern,Clerical support workers,4,40184.0,RUB,monthly,average_monthly_nominal_accrued_wage_october_survey,biennial_occupation_survey_57T,2023,,RU-FD-Southern,OKZ,federal_subject,https://rosstat.gov.ru/storage/mediabank/sved_57-t_2023.rar,2026-07-29
60,1,Rostov Oblast,Ростовская область,RU,Southern,Service and sales workers,5,35113.0,RUB,monthly,average_monthly_nominal_accrued_wage_october_survey,biennial_occupation_survey_57T,2023,,RU-FD-Southern,OKZ,federal_subject,https://rosstat.gov.ru/storage/mediabank/sved_57-t_2023.rar,2026-07-29
60,1,Rostov Oblast,Ростовская область,RU,Southern,"Skilled agricultural, forestry and fishery workers",6,44971.0,RUB,monthly,average_monthly_nominal_accrued_wage_october_survey,biennial_occupation_survey_57T,2023,,RU-FD-Southern,OKZ,federal_subject,https://rosstat.gov.ru/storage/mediabank/sved_57-t_2023.rar,2026-07-29
60,1,Rostov Oblast,Ростовская область,RU,Southern,Craft and related trades workers,7,61459.0,RUB,monthly,average_monthly_nominal_accrued_wage_october_survey,biennial_occupation_survey_57T,2023,,RU-FD-Southern,OKZ,federal_subject,https://rosstat.gov.ru/storage/mediabank/sved_57-t_2023.rar,2026-07-29
60,1,Rostov Oblast,Ростовская область,RU,Southern,Plant and machine operators and assemblers,8,61421.0,RUB,monthly,average_monthly_nominal_accrued_wage_october_survey,biennial_occupation_survey_57T,2023,,RU-FD-Southern,OKZ,federal_subject,https://rosstat.gov.ru/storage/mediabank/sved_57-t_2023.rar,2026-07-29
60,1,Rostov Oblast,Ростовская область,RU,Southern,Elementary occupations,9,31380.0,RUB,monthly,average_monthly_nominal_accrued_wage_october_survey,biennial_occupation_survey_57T,2023,,RU-FD-Southern,OKZ,federal_subject,https://rosstat.gov.ru/storage/mediabank/sved_57-t_2023.rar,2026-07-29
67,1,Sevastopol,г.Севастополь,RU,Southern,Total,,49902.0,RUB,monthly,average_monthly_nominal_accrued_wage_october_survey,biennial_occupation_survey_57T,2023,,RU-FD-Southern,OKZ,federal_subject,https://rosstat.gov.ru/storage/mediabank/sved_57-t_2023.rar,2026-07-29
67,1,Sevastopol,г.Севастополь,RU,Southern,Managers,1,91270.0,RUB,monthly,average_monthly_nominal_accrued_wage_october_survey,biennial_occupation_survey_57T,2023,,RU-FD-Southern,OKZ,federal_subject,https://rosstat.gov.ru/storage/mediabank/sved_57-t_2023.rar,2026-07-29
67,1,Sevastopol,г.Севастополь,RU,Southern,Professionals,2,54745.0,RUB,monthly,average_monthly_nominal_accrued_wage_october_survey,biennial_occupation_survey_57T,2023,,RU-FD-Southern,OKZ,federal_subject,https://rosstat.gov.ru/storage/mediabank/sved_57-t_2023.rar,2026-07-29
67,1,Sevastopol,г.Севастополь,RU,Southern,Technicians and associate professionals,3,45099.0,RUB,monthly,average_monthly_nominal_accrued_wage_october_survey,biennial_occupation_survey_57T,2023,,RU-FD-Southern,OKZ,federal_subject,https://rosstat.gov.ru/storage/mediabank/sved_57-t_2023.rar,2026-07-29
67,1,Sevastopol,г.Севастополь,RU,Southern,Clerical support workers,4,32836.0,RUB,monthly,average_monthly_nominal_accrued_wage_october_survey,biennial_occupation_survey_57T,2023,,RU-FD-Southern,OKZ,federal_subject,https://rosstat.gov.ru/storage/mediabank/sved_57-t_2023.rar,2026-07-29
67,1,Sevastopol,г.Севастополь,RU,Southern,Service and sales workers,5,31712.0,RUB,monthly,average_monthly_nominal_accrued_wage_october_survey,biennial_occupation_survey_57T,2023,,RU-FD-Southern,OKZ,federal_subject,https://rosstat.gov.ru/storage/mediabank/sved_57-t_2023.rar,2026-07-29
67,1,Sevastopol,г.Севастополь,RU,Southern,"Skilled agricultural, forestry and fishery workers",6,34891.0,RUB,monthly,average_monthly_nominal_accrued_wage_october_survey,biennial_occupation_survey_57T,2023,,RU-FD-Southern,OKZ,federal_subject,https://rosstat.gov.ru/storage/mediabank/sved_57-t_2023.rar,2026-07-29
67,1,Sevastopol,г.Севастополь,RU,Southern,Craft and related trades workers,7,53411.0,RUB,monthly,average_monthly_nominal_accrued_wage_october_survey,biennial_occupation_survey_57T,2023,,RU-FD-Southern,OKZ,federal_subject,https://rosstat.gov.ru/storage/mediabank/sved_57-t_2023.rar,2026-07-29
67,1,Sevastopol,г.Севастополь,RU,Southern,Plant and machine operators and assemblers,8,47969.0,RUB,monthly,average_monthly_nominal_accrued_wage_october_survey,biennial_occupation_survey_57T,2023,,RU-FD-Southern,OKZ,federal_subject,https://rosstat.gov.ru/storage/mediabank/sved_57-t_2023.rar,2026-07-29
67,1,Sevastopol,г.Севастополь,RU,Southern,Elementary occupations,9,28022.0,RUB,monthly,average_monthly_nominal_accrued_wage_october_survey,biennial_occupation_survey_57T,2023,,RU-FD-Southern,OKZ,federal_subject,https://rosstat.gov.ru/storage/mediabank/sved_57-t_2023.rar,2026-07-29
RU-FD-NorthCaucasian,0,North Caucasian Federal District,Северо-Кавказский федеральный округ,RU,North Caucasian,Total,,36295.0,RUB,monthly,average_monthly_nominal_accrued_wage_october_survey,biennial_occupation_survey_57T,2023,,RU-NAT,OKZ,federal_district,https://rosstat.gov.ru/storage/mediabank/sved_57-t_2023.rar,2026-07-29
RU-FD-NorthCaucasian,0,North Caucasian Federal District,Северо-Кавказский федеральный округ,RU,North Caucasian,Managers,1,66142.0,RUB,monthly,average_monthly_nominal_accrued_wage_october_survey,biennial_occupation_survey_57T,2023,,RU-NAT,OKZ,federal_district,https://rosstat.gov.ru/storage/mediabank/sved_57-t_2023.rar,2026-07-29
RU-FD-NorthCaucasian,0,North Caucasian Federal District,Северо-Кавказский федеральный округ,RU,North Caucasian,Professionals,2,37912.0,RUB,monthly,average_monthly_nominal_accrued_wage_october_survey,biennial_occupation_survey_57T,2023,,RU-NAT,OKZ,federal_district,https://rosstat.gov.ru/storage/mediabank/sved_57-t_2023.rar,2026-07-29
RU-FD-NorthCaucasian,0,North Caucasian Federal District,Северо-Кавказский федеральный округ,RU,North Caucasian,Technicians and associate professionals,3,33342.0,RUB,monthly,average_monthly_nominal_accrued_wage_october_survey,biennial_occupation_survey_57T,2023,,RU-NAT,OKZ,federal_district,https://rosstat.gov.ru/storage/mediabank/sved_57-t_2023.rar,2026-07-29
RU-FD-NorthCaucasian,0,North Caucasian Federal District,Северо-Кавказский федеральный округ,RU,North Caucasian,Clerical support workers,4,26298.0,RUB,monthly,average_monthly_nominal_accrued_wage_october_survey,biennial_occupation_survey_57T,2023,,RU-NAT,OKZ,federal_district,https://rosstat.gov.ru/storage/mediabank/sved_57-t_2023.rar,2026-07-29
RU-FD-NorthCaucasian,0,North Caucasian Federal District,Северо-Кавказский федеральный округ,RU,North Caucasian,Service and sales workers,5,26221.0,RUB,monthly,average_monthly_nominal_accrued_wage_october_survey,biennial_occupation_survey_57T,2023,,RU-NAT,OKZ,federal_district,https://rosstat.gov.ru/storage/mediabank/sved_57-t_2023.rar,2026-07-29
RU-FD-NorthCaucasian,0,North Caucasian Federal District,Северо-Кавказский федеральный округ,RU,North Caucasian,"Skilled agricultural, forestry and fishery workers",6,36372.0,RUB,monthly,average_monthly_nominal_accrued_wage_october_survey,biennial_occupation_survey_57T,2023,,RU-NAT,OKZ,federal_district,https://rosstat.gov.ru/storage/mediabank/sved_57-t_2023.rar,2026-07-29
RU-FD-NorthCaucasian,0,North Caucasian Federal District,Северо-Кавказский федеральный округ,RU,North Caucasian,Craft and related trades workers,7,41214.0,RUB,monthly,average_monthly_nominal_accrued_wage_october_survey,biennial_occupation_survey_57T,2023,,RU-NAT,OKZ,federal_district,https://rosstat.gov.ru/storage/mediabank/sved_57-t_2023.rar,2026-07-29
RU-FD-NorthCaucasian,0,North Caucasian Federal District,Северо-Кавказский федеральный округ,RU,North Caucasian,Plant and machine operators and assemblers,8,40133.0,RUB,monthly,average_monthly_nominal_accrued_wage_october_survey,biennial_occupation_survey_57T,2023,,RU-NAT,OKZ,federal_district,https://rosstat.gov.ru/storage/mediabank/sved_57-t_2023.rar,2026-07-29
RU-FD-NorthCaucasian,0,North Caucasian Federal District,Северо-Кавказский федеральный округ,RU,North Caucasian,Elementary occupations,9,22655.0,RUB,monthly,average_monthly_nominal_accrued_wage_october_survey,biennial_occupation_survey_57T,2023,,RU-NAT,OKZ,federal_district,https://rosstat.gov.ru/storage/mediabank/sved_57-t_2023.rar,2026-07-29
82,1,Republic of Dagestan,Республика Дагестан,RU,North Caucasian,Total,,33774.0,RUB,monthly,average_monthly_nominal_accrued_wage_october_survey,biennial_occupation_survey_57T,2023,,RU-FD-NorthCaucasian,OKZ,federal_subject,https://rosstat.gov.ru/storage/mediabank/sved_57-t_2023.rar,2026-07-29
82,1,Republic of Dagestan,Республика Дагестан,RU,North Caucasian,Managers,1,58333.0,RUB,monthly,average_monthly_nominal_accrued_wage_october_survey,biennial_occupation_survey_57T,2023,,RU-FD-NorthCaucasian,OKZ,federal_subject,https://rosstat.gov.ru/storage/mediabank/sved_57-t_2023.rar,2026-07-29
82,1,Republic of Dagestan,Республика Дагестан,RU,North Caucasian,Professionals,2,36959.0,RUB,monthly,average_monthly_nominal_accrued_wage_october_survey,biennial_occupation_survey_57T,2023,,RU-FD-NorthCaucasian,OKZ,federal_subject,https://rosstat.gov.ru/storage/mediabank/sved_57-t_2023.rar,2026-07-29
82,1,Republic of Dagestan,Республика Дагестан,RU,North Caucasian,Technicians and associate professionals,3,29397.0,RUB,monthly,average_monthly_nominal_accrued_wage_october_survey,biennial_occupation_survey_57T,2023,,RU-FD-NorthCaucasian,OKZ,federal_subject,https://rosstat.gov.ru/storage/mediabank/sved_57-t_2023.rar,2026-07-29
82,1,Republic of Dagestan,Республика Дагестан,RU,North Caucasian,Clerical support workers,4,26060.0,RUB,monthly,average_monthly_nominal_accrued_wage_october_survey,biennial_occupation_survey_57T,2023,,RU-FD-NorthCaucasian,OKZ,federal_subject,https://rosstat.gov.ru/storage/mediabank/sved_57-t_2023.rar,2026-07-29
82,1,Republic of Dagestan,Республика Дагестан,RU,North Caucasian,Service and sales workers,5,22852.0,RUB,monthly,average_monthly_nominal_accrued_wage_october_survey,biennial_occupation_survey_57T,2023,,RU-FD-NorthCaucasian,OKZ,federal_subject,https://rosstat.gov.ru/storage/mediabank/sved_57-t_2023.rar,2026-07-29
82,1,Republic of Dagestan,Республика Дагестан,RU,North Caucasian,"Skilled agricultural, forestry and fishery workers",6,28376.0,RUB,monthly,average_monthly_nominal_accrued_wage_october_survey,biennial_occupation_survey_57T,2023,,RU-FD-NorthCaucasian,OKZ,federal_subject,https://rosstat.gov.ru/storage/mediabank/sved_57-t_2023.rar,2026-07-29
82,1,Republic of Dagestan,Республика Дагестан,RU,North Caucasian,Craft and related trades workers,7,37928.0,RUB,monthly,average_monthly_nominal_accrued_wage_october_survey,biennial_occupation_survey_57T,2023,,RU-FD-NorthCaucasian,OKZ,federal_subject,https://rosstat.gov.ru/storage/mediabank/sved_57-t_2023.rar,2026-07-29
82,1,Republic of Dagestan,Республика Дагестан,RU,North Caucasian,Plant and machine operators and assemblers,8,34647.0,RUB,monthly,average_monthly_nominal_accrued_wage_october_survey,biennial_occupation_survey_57T,2023,,RU-FD-NorthCaucasian,OKZ,federal_subject,https://rosstat.gov.ru/storage/mediabank/sved_57-t_2023.rar,2026-07-29
82,1,Republic of Dagestan,Республика Дагестан,RU,North Caucasian,Elementary occupations,9,20986.0,RUB,monthly,average_monthly_nominal_accrued_wage_october_survey,biennial_occupation_survey_57T,2023,,RU-FD-NorthCaucasian,OKZ,federal_subject,https://rosstat.gov.ru/storage/mediabank/sved_57-t_2023.rar,2026-07-29
26,1,Republic of Ingushetia,Республика Ингушетия,RU,North Caucasian,Total,,27324.0,RUB,monthly,average_monthly_nominal_accrued_wage_october_survey,biennial_occupation_survey_57T,2023,,RU-FD-NorthCaucasian,OKZ,federal_subject,https://rosstat.gov.ru/storage/mediabank/sved_57-t_2023.rar,2026-07-29
26,1,Republic of Ingushetia,Республика Ингушетия,RU,North Caucasian,Managers,1,45085.0,RUB,monthly,average_monthly_nominal_accrued_wage_october_survey,biennial_occupation_survey_57T,2023,,RU-FD-NorthCaucasian,OKZ,federal_subject,https://rosstat.gov.ru/storage/mediabank/sved_57-t_2023.rar,2026-07-29
26,1,Republic of Ingushetia,Республика Ингушетия,RU,North Caucasian,Professionals,2,29667.0,RUB,monthly,average_monthly_nominal_accrued_wage_october_survey,biennial_occupation_survey_57T,2023,,RU-FD-NorthCaucasian,OKZ,federal_subject,https://rosstat.gov.ru/storage/mediabank/sved_57-t_2023.rar,2026-07-29
26,1,Republic of Ingushetia,Республика Ингушетия,RU,North Caucasian,Technicians and associate professionals,3,25024.0,RUB,monthly,average_monthly_nominal_accrued_wage_october_survey,biennial_occupation_survey_57T,2023,,RU-FD-NorthCaucasian,OKZ,federal_subject,https://rosstat.gov.ru/storage/mediabank/sved_57-t_2023.rar,2026-07-29
26,1,Republic of Ingushetia,Республика Ингушетия,RU,North Caucasian,Clerical support workers,4,21534.0,RUB,monthly,average_monthly_nominal_accrued_wage_october_survey,biennial_occupation_survey_57T,2023,,RU-FD-NorthCaucasian,OKZ,federal_subject,https://rosstat.gov.ru/storage/mediabank/sved_57-t_2023.rar,2026-07-29
26,1,Republic of Ingushetia,Республика Ингушетия,RU,North Caucasian,Service and sales workers,5,20797.0,RUB,monthly,average_monthly_nominal_accrued_wage_october_survey,biennial_occupation_survey_57T,2023,,RU-FD-NorthCaucasian,OKZ,federal_subject,https://rosstat.gov.ru/storage/mediabank/sved_57-t_2023.rar,2026-07-29
26,1,Republic of Ingushetia,Республика Ингушетия,RU,North Caucasian,"Skilled agricultural, forestry and fishery workers",6,16547.0,RUB,monthly,average_monthly_nominal_accrued_wage_october_survey,biennial_occupation_survey_57T,2023,,RU-FD-NorthCaucasian,OKZ,federal_subject,https://rosstat.gov.ru/storage/mediabank/sved_57-t_2023.rar,2026-07-29
26,1,Republic of Ingushetia,Республика Ингушетия,RU,North Caucasian,Craft and related trades workers,7,26217.0,RUB,monthly,average_monthly_nominal_accrued_wage_october_survey,biennial_occupation_survey_57T,2023,,RU-FD-NorthCaucasian,OKZ,federal_subject,https://rosstat.gov.ru/storage/mediabank/sved_57-t_2023.rar,2026-07-29
26,1,Republic of Ingushetia,Республика Ингушетия,RU,North Caucasian,Plant and machine operators and assemblers,8,22575.0,RUB,monthly,average_monthly_nominal_accrued_wage_october_survey,biennial_occupation_survey_57T,2023,,RU-FD-NorthCaucasian,OKZ,federal_subject,https://rosstat.gov.ru/storage/mediabank/sved_57-t_2023.rar,2026-07-29
26,1,Republic of Ingushetia,Республика Ингушетия,RU,North Caucasian,Elementary occupations,9,19879.0,RUB,monthly,average_monthly_nominal_accrued_wage_october_survey,biennial_occupation_survey_57T,2023,,RU-FD-NorthCaucasian,OKZ,federal_subject,https://rosstat.gov.ru/storage/mediabank/sved_57-t_2023.rar,2026-07-29
83,1,Kabardino-Balkar Republic,Кабардино-Балкарская Республика,RU,North Caucasian,Total,,33200.0,RUB,monthly,average_monthly_nominal_accrued_wage_october_survey,biennial_occupation_survey_57T,2023,,RU-FD-NorthCaucasian,OKZ,federal_subject,https://rosstat.gov.ru/storage/mediabank/sved_57-t_2023.rar,2026-07-29
83,1,Kabardino-Balkar Republic,Кабардино-Балкарская Республика,RU,North Caucasian,Managers,1,61125.0,RUB,monthly,average_monthly_nominal_accrued_wage_october_survey,biennial_occupation_survey_57T,2023,,RU-FD-NorthCaucasian,OKZ,federal_subject,https://rosstat.gov.ru/storage/mediabank/sved_57-t_2023.rar,2026-07-29
83,1,Kabardino-Balkar Republic,Кабардино-Балкарская Республика,RU,North Caucasian,Professionals,2,37221.0,RUB,monthly,average_monthly_nominal_accrued_wage_october_survey,biennial_occupation_survey_57T,2023,,RU-FD-NorthCaucasian,OKZ,federal_subject,https://rosstat.gov.ru/storage/mediabank/sved_57-t_2023.rar,2026-07-29
83,1,Kabardino-Balkar Republic,Кабардино-Балкарская Республика,RU,North Caucasian,Technicians and associate professionals,3,29292.0,RUB,monthly,average_monthly_nominal_accrued_wage_october_survey,biennial_occupation_survey_57T,2023,,RU-FD-NorthCaucasian,OKZ,federal_subject,https://rosstat.gov.ru/storage/mediabank/sved_57-t_2023.rar,2026-07-29
83,1,Kabardino-Balkar Republic,Кабардино-Балкарская Республика,RU,North Caucasian,Clerical support workers,4,25438.0,RUB,monthly,average_monthly_nominal_accrued_wage_october_survey,biennial_occupation_survey_57T,2023,,RU-FD-NorthCaucasian,OKZ,federal_subject,https://rosstat.gov.ru/storage/mediabank/sved_57-t_2023.rar,2026-07-29
83,1,Kabardino-Balkar Republic,Кабардино-Балкарская Республика,RU,North Caucasian,Service and sales workers,5,23724.0,RUB,monthly,average_monthly_nominal_accrued_wage_october_survey,biennial_occupation_survey_57T,2023,,RU-FD-NorthCaucasian,OKZ,federal_subject,https://rosstat.gov.ru/storage/mediabank/sved_57-t_2023.rar,2026-07-29
83,1,Kabardino-Balkar Republic,Кабардино-Балкарская Республика,RU,North Caucasian,"Skilled agricultural, forestry and fishery workers",6,24700.0,RUB,monthly,average_monthly_nominal_accrued_wage_october_survey,biennial_occupation_survey_57T,2023,,RU-FD-NorthCaucasian,OKZ,federal_subject,https://rosstat.gov.ru/storage/mediabank/sved_57-t_2023.rar,2026-07-29
83,1,Kabardino-Balkar Republic,Кабардино-Балкарская Республика,RU,North Caucasian,Craft and related trades workers,7,34166.0,RUB,monthly,average_monthly_nominal_accrued_wage_october_survey,biennial_occupation_survey_57T,2023,,RU-FD-NorthCaucasian,OKZ,federal_subject,https://rosstat.gov.ru/storage/mediabank/sved_57-t_2023.rar,2026-07-29
83,1,Kabardino-Balkar Republic,Кабардино-Балкарская Республика,RU,North Caucasian,Plant and machine operators and assemblers,8,31646.0,RUB,monthly,average_monthly_nominal_accrued_wage_october_survey,biennial_occupation_survey_57T,2023,,RU-FD-NorthCaucasian,OKZ,federal_subject,https://rosstat.gov.ru/storage/mediabank/sved_57-t_2023.rar,2026-07-29
83,1,Kabardino-Balkar Republic,Кабардино-Балкарская Республика,RU,North Caucasian,Elementary occupations,9,22693.0,RUB,monthly,average_monthly_nominal_accrued_wage_october_survey,biennial_occupation_survey_57T,2023,,RU-FD-NorthCaucasian,OKZ,federal_subject,https://rosstat.gov.ru/storage/mediabank/sved_57-t_2023.rar,2026-07-29
91,1,Karachay-Cherkess Republic,Карачаево-Черкесская Республика,RU,North Caucasian,Total,,34717.0,RUB,monthly,average_monthly_nominal_accrued_wage_october_survey,biennial_occupation_survey_57T,2023,,RU-FD-NorthCaucasian,OKZ,federal_subject,https://rosstat.gov.ru/storage/mediabank/sved_57-t_2023.rar,2026-07-29
91,1,Karachay-Cherkess Republic,Карачаево-Черкесская Республика,RU,North Caucasian,Managers,1,58411.0,RUB,monthly,average_monthly_nominal_accrued_wage_october_survey,biennial_occupation_survey_57T,2023,,RU-FD-NorthCaucasian,OKZ,federal_subject,https://rosstat.gov.ru/storage/mediabank/sved_57-t_2023.rar,2026-07-29
91,1,Karachay-Cherkess Republic,Карачаево-Черкесская Республика,RU,North Caucasian,Professionals,2,36607.0,RUB,monthly,average_monthly_nominal_accrued_wage_october_survey,biennial_occupation_survey_57T,2023,,RU-FD-NorthCaucasian,OKZ,federal_subject,https://rosstat.gov.ru/storage/mediabank/sved_57-t_2023.rar,2026-07-29
91,1,Karachay-Cherkess Republic,Карачаево-Черкесская Республика,RU,North Caucasian,Technicians and associate professionals,3,31297.0,RUB,monthly,average_monthly_nominal_accrued_wage_october_survey,biennial_occupation_survey_57T,2023,,RU-FD-NorthCaucasian,OKZ,federal_subject,https://rosstat.gov.ru/storage/mediabank/sved_57-t_2023.rar,2026-07-29
91,1,Karachay-Cherkess Republic,Карачаево-Черкесская Республика,RU,North Caucasian,Clerical support workers,4,26883.0,RUB,monthly,average_monthly_nominal_accrued_wage_october_survey,biennial_occupation_survey_57T,2023,,RU-FD-NorthCaucasian,OKZ,federal_subject,https://rosstat.gov.ru/storage/mediabank/sved_57-t_2023.rar,2026-07-29
91,1,Karachay-Cherkess Republic,Карачаево-Черкесская Республика,RU,North Caucasian,Service and sales workers,5,23872.0,RUB,monthly,average_monthly_nominal_accrued_wage_october_survey,biennial_occupation_survey_57T,2023,,RU-FD-NorthCaucasian,OKZ,federal_subject,https://rosstat.gov.ru/storage/mediabank/sved_57-t_2023.rar,2026-07-29
91,1,Karachay-Cherkess Republic,Карачаево-Черкесская Республика,RU,North Caucasian,"Skilled agricultural, forestry and fishery workers",6,33107.0,RUB,monthly,average_monthly_nominal_accrued_wage_october_survey,biennial_occupation_survey_57T,2023,,RU-FD-NorthCaucasian,OKZ,federal_subject,https://rosstat.gov.ru/storage/mediabank/sved_57-t_2023.rar,2026-07-29
91,1,Karachay-Cherkess Republic,Карачаево-Черкесская Республика,RU,North Caucasian,Craft and related trades workers,7,43095.0,RUB,monthly,average_monthly_nominal_accrued_wage_october_survey,biennial_occupation_survey_57T,2023,,RU-FD-NorthCaucasian,OKZ,federal_subject,https://rosstat.gov.ru/storage/mediabank/sved_57-t_2023.rar,2026-07-29
91,1,Karachay-Cherkess Republic,Карачаево-Черкесская Республика,RU,North Caucasian,Plant and machine operators and assemblers,8,38062.0,RUB,monthly,average_monthly_nominal_accrued_wage_october_survey,biennial_occupation_survey_57T,2023,,RU-FD-NorthCaucasian,OKZ,federal_subject,https://rosstat.gov.ru/storage/mediabank/sved_57-t_2023.rar,2026-07-29
91,1,Karachay-Cherkess Republic,Карачаево-Черкесская Республика,RU,North Caucasian,Elementary occupations,9,22063.0,RUB,monthly,average_monthly_nominal_accrued_wage_october_survey,biennial_occupation_survey_57T,2023,,RU-FD-NorthCaucasian,OKZ,federal_subject,https://rosstat.gov.ru/storage/mediabank/sved_57-t_2023.rar,2026-07-29
90,1,Republic of North Ossetia-Alania,Республика Северная Осетия- Алания,RU,North Caucasian,Total,,33500.0,RUB,monthly,average_monthly_nominal_accrued_wage_october_survey,biennial_occupation_survey_57T,2023,,RU-FD-NorthCaucasian,OKZ,federal_subject,https://rosstat.gov.ru/storage/mediabank/sved_57-t_2023.rar,2026-07-29
90,1,Republic of North Ossetia-Alania,Республика Северная Осетия- Алания,RU,North Caucasian,Managers,1,53723.0,RUB,monthly,average_monthly_nominal_accrued_wage_october_survey,biennial_occupation_survey_57T,2023,,RU-FD-NorthCaucasian,OKZ,federal_subject,https://rosstat.gov.ru/storage/mediabank/sved_57-t_2023.rar,2026-07-29
90,1,Republic of North Ossetia-Alania,Республика Северная Осетия- Алания,RU,North Caucasian,Professionals,2,36015.0,RUB,monthly,average_monthly_nominal_accrued_wage_october_survey,biennial_occupation_survey_57T,2023,,RU-FD-NorthCaucasian,OKZ,federal_subject,https://rosstat.gov.ru/storage/mediabank/sved_57-t_2023.rar,2026-07-29
90,1,Republic of North Ossetia-Alania,Республика Северная Осетия- Алания,RU,North Caucasian,Technicians and associate professionals,3,31126.0,RUB,monthly,average_monthly_nominal_accrued_wage_october_survey,biennial_occupation_survey_57T,2023,,RU-FD-NorthCaucasian,OKZ,federal_subject,https://rosstat.gov.ru/storage/mediabank/sved_57-t_2023.rar,2026-07-29
90,1,Republic of North Ossetia-Alania,Республика Северная Осетия- Алания,RU,North Caucasian,Clerical support workers,4,24919.0,RUB,monthly,average_monthly_nominal_accrued_wage_october_survey,biennial_occupation_survey_57T,2023,,RU-FD-NorthCaucasian,OKZ,federal_subject,https://rosstat.gov.ru/storage/mediabank/sved_57-t_2023.rar,2026-07-29
90,1,Republic of North Ossetia-Alania,Республика Северная Осетия- Алания,RU,North Caucasian,Service and sales workers,5,27585.0,RUB,monthly,average_monthly_nominal_accrued_wage_october_survey,biennial_occupation_survey_57T,2023,,RU-FD-NorthCaucasian,OKZ,federal_subject,https://rosstat.gov.ru/storage/mediabank/sved_57-t_2023.rar,2026-07-29
90,1,Republic of North Ossetia-Alania,Республика Северная Осетия- Алания,RU,North Caucasian,"Skilled agricultural, forestry and fishery workers",6,39890.0,RUB,monthly,average_monthly_nominal_accrued_wage_october_survey,biennial_occupation_survey_57T,2023,,RU-FD-NorthCaucasian,OKZ,federal_subject,https://rosstat.gov.ru/storage/mediabank/sved_57-t_2023.rar,2026-07-29
90,1,Republic of North Ossetia-Alania,Республика Северная Осетия- Алания,RU,North Caucasian,Craft and related trades workers,7,33150.0,RUB,monthly,average_monthly_nominal_accrued_wage_october_survey,biennial_occupation_survey_57T,2023,,RU-FD-NorthCaucasian,OKZ,federal_subject,https://rosstat.gov.ru/storage/mediabank/sved_57-t_2023.rar,2026-07-29
90,1,Republic of North Ossetia-Alania,Республика Северная Осетия- Алания,RU,North Caucasian,Plant and machine operators and assemblers,8,32898.0,RUB,monthly,average_monthly_nominal_accrued_wage_october_survey,biennial_occupation_survey_57T,2023,,RU-FD-NorthCaucasian,OKZ,federal_subject,https://rosstat.gov.ru/storage/mediabank/sved_57-t_2023.rar,2026-07-29
90,1,Republic of North Ossetia-Alania,Республика Северная Осетия- Алания,RU,North Caucasian,Elementary occupations,9,21083.0,RUB,monthly,average_monthly_nominal_accrued_wage_october_survey,biennial_occupation_survey_57T,2023,,RU-FD-NorthCaucasian,OKZ,federal_subject,https://rosstat.gov.ru/storage/mediabank/sved_57-t_2023.rar,2026-07-29
96,1,Chechen Republic,Чеченская Республика,RU,North Caucasian,Total,,30395.0,RUB,monthly,average_monthly_nominal_accrued_wage_october_survey,biennial_occupation_survey_57T,2023,,RU-FD-NorthCaucasian,OKZ,federal_subject,https://rosstat.gov.ru/storage/mediabank/sved_57-t_2023.rar,2026-07-29
96,1,Chechen Republic,Чеченская Республика,RU,North Caucasian,Managers,1,54415.0,RUB,monthly,average_monthly_nominal_accrued_wage_october_survey,biennial_occupation_survey_57T,2023,,RU-FD-NorthCaucasian,OKZ,federal_subject,https://rosstat.gov.ru/storage/mediabank/sved_57-t_2023.rar,2026-07-29
96,1,Chechen Republic,Чеченская Республика,RU,North Caucasian,Professionals,2,33539.0,RUB,monthly,average_monthly_nominal_accrued_wage_october_survey,biennial_occupation_survey_57T,2023,,RU-FD-NorthCaucasian,OKZ,federal_subject,https://rosstat.gov.ru/storage/mediabank/sved_57-t_2023.rar,2026-07-29
96,1,Chechen Republic,Чеченская Республика,RU,North Caucasian,Technicians and associate professionals,3,30658.0,RUB,monthly,average_monthly_nominal_accrued_wage_october_survey,biennial_occupation_survey_57T,2023,,RU-FD-NorthCaucasian,OKZ,federal_subject,https://rosstat.gov.ru/storage/mediabank/sved_57-t_2023.rar,2026-07-29
96,1,Chechen Republic,Чеченская Республика,RU,North Caucasian,Clerical support workers,4,21397.0,RUB,monthly,average_monthly_nominal_accrued_wage_october_survey,biennial_occupation_survey_57T,2023,,RU-FD-NorthCaucasian,OKZ,federal_subject,https://rosstat.gov.ru/storage/mediabank/sved_57-t_2023.rar,2026-07-29
96,1,Chechen Republic,Чеченская Республика,RU,North Caucasian,Service and sales workers,5,20426.0,RUB,monthly,average_monthly_nominal_accrued_wage_october_survey,biennial_occupation_survey_57T,2023,,RU-FD-NorthCaucasian,OKZ,federal_subject,https://rosstat.gov.ru/storage/mediabank/sved_57-t_2023.rar,2026-07-29
96,1,Chechen Republic,Чеченская Республика,RU,North Caucasian,"Skilled agricultural, forestry and fishery workers",6,22418.0,RUB,monthly,average_monthly_nominal_accrued_wage_october_survey,biennial_occupation_survey_57T,2023,,RU-FD-NorthCaucasian,OKZ,federal_subject,https://rosstat.gov.ru/storage/mediabank/sved_57-t_2023.rar,2026-07-29
96,1,Chechen Republic,Чеченская Республика,RU,North Caucasian,Craft and related trades workers,7,37793.0,RUB,monthly,average_monthly_nominal_accrued_wage_october_survey,biennial_occupation_survey_57T,2023,,RU-FD-NorthCaucasian,OKZ,federal_subject,https://rosstat.gov.ru/storage/mediabank/sved_57-t_2023.rar,2026-07-29
96,1,Chechen Republic,Чеченская Республика,RU,North Caucasian,Plant and machine operators and assemblers,8,32904.0,RUB,monthly,average_monthly_nominal_accrued_wage_october_survey,biennial_occupation_survey_57T,2023,,RU-FD-NorthCaucasian,OKZ,federal_subject,https://rosstat.gov.ru/storage/mediabank/sved_57-t_2023.rar,2026-07-29
96,1,Chechen Republic,Чеченская Республика,RU,North Caucasian,Elementary occupations,9,18981.0,RUB,monthly,average_monthly_nominal_accrued_wage_october_survey,biennial_occupation_survey_57T,2023,,RU-FD-NorthCaucasian,OKZ,federal_subject,https://rosstat.gov.ru/storage/mediabank/sved_57-t_2023.rar,2026-07-29
07,1,Stavropol Krai,Ставропольский край,RU,North Caucasian,Total,,45362.0,RUB,monthly,average_monthly_nominal_accrued_wage_october_survey,biennial_occupation_survey_57T,2023,,RU-FD-NorthCaucasian,OKZ,federal_subject,https://rosstat.gov.ru/storage/mediabank/sved_57-t_2023.rar,2026-07-29
07,1,Stavropol Krai,Ставропольский край,RU,North Caucasian,Managers,1,85704.0,RUB,monthly,average_monthly_nominal_accrued_wage_october_survey,biennial_occupation_survey_57T,2023,,RU-FD-NorthCaucasian,OKZ,federal_subject,https://rosstat.gov.ru/storage/mediabank/sved_57-t_2023.rar,2026-07-29
07,1,Stavropol Krai,Ставропольский край,RU,North Caucasian,Professionals,2,46724.0,RUB,monthly,average_monthly_nominal_accrued_wage_october_survey,biennial_occupation_survey_57T,2023,,RU-FD-NorthCaucasian,OKZ,federal_subject,https://rosstat.gov.ru/storage/mediabank/sved_57-t_2023.rar,2026-07-29
07,1,Stavropol Krai,Ставропольский край,RU,North Caucasian,Technicians and associate professionals,3,41399.0,RUB,monthly,average_monthly_nominal_accrued_wage_october_survey,biennial_occupation_survey_57T,2023,,RU-FD-NorthCaucasian,OKZ,federal_subject,https://rosstat.gov.ru/storage/mediabank/sved_57-t_2023.rar,2026-07-29
07,1,Stavropol Krai,Ставропольский край,RU,North Caucasian,Clerical support workers,4,31823.0,RUB,monthly,average_monthly_nominal_accrued_wage_october_survey,biennial_occupation_survey_57T,2023,,RU-FD-NorthCaucasian,OKZ,federal_subject,https://rosstat.gov.ru/storage/mediabank/sved_57-t_2023.rar,2026-07-29
07,1,Stavropol Krai,Ставропольский край,RU,North Caucasian,Service and sales workers,5,33546.0,RUB,monthly,average_monthly_nominal_accrued_wage_october_survey,biennial_occupation_survey_57T,2023,,RU-FD-NorthCaucasian,OKZ,federal_subject,https://rosstat.gov.ru/storage/mediabank/sved_57-t_2023.rar,2026-07-29
07,1,Stavropol Krai,Ставропольский край,RU,North Caucasian,"Skilled agricultural, forestry and fishery workers",6,46630.0,RUB,monthly,average_monthly_nominal_accrued_wage_october_survey,biennial_occupation_survey_57T,2023,,RU-FD-NorthCaucasian,OKZ,federal_subject,https://rosstat.gov.ru/storage/mediabank/sved_57-t_2023.rar,2026-07-29
07,1,Stavropol Krai,Ставропольский край,RU,North Caucasian,Craft and related trades workers,7,46047.0,RUB,monthly,average_monthly_nominal_accrued_wage_october_survey,biennial_occupation_survey_57T,2023,,RU-FD-NorthCaucasian,OKZ,federal_subject,https://rosstat.gov.ru/storage/mediabank/sved_57-t_2023.rar,2026-07-29
07,1,Stavropol Krai,Ставропольский край,RU,North Caucasian,Plant and machine operators and assemblers,8,47013.0,RUB,monthly,average_monthly_nominal_accrued_wage_october_survey,biennial_occupation_survey_57T,2023,,RU-FD-NorthCaucasian,OKZ,federal_subject,https://rosstat.gov.ru/storage/mediabank/sved_57-t_2023.rar,2026-07-29
07,1,Stavropol Krai,Ставропольский край,RU,North Caucasian,Elementary occupations,9,28642.0,RUB,monthly,average_monthly_nominal_accrued_wage_october_survey,biennial_occupation_survey_57T,2023,,RU-FD-NorthCaucasian,OKZ,federal_subject,https://rosstat.gov.ru/storage/mediabank/sved_57-t_2023.rar,2026-07-29
RU-FD-Volga,0,Volga Federal District,Приволжский федеральный округ,RU,Volga,Total,,57950.0,RUB,monthly,average_monthly_nominal_accrued_wage_october_survey,biennial_occupation_survey_57T,2023,,RU-NAT,OKZ,federal_district,https://rosstat.gov.ru/storage/mediabank/sved_57-t_2023.rar,2026-07-29
RU-FD-Volga,0,Volga Federal District,Приволжский федеральный округ,RU,Volga,Managers,1,98172.0,RUB,monthly,average_monthly_nominal_accrued_wage_october_survey,biennial_occupation_survey_57T,2023,,RU-NAT,OKZ,federal_district,https://rosstat.gov.ru/storage/mediabank/sved_57-t_2023.rar,2026-07-29
RU-FD-Volga,0,Volga Federal District,Приволжский федеральный округ,RU,Volga,Professionals,2,58904.0,RUB,monthly,average_monthly_nominal_accrued_wage_october_survey,biennial_occupation_survey_57T,2023,,RU-NAT,OKZ,federal_district,https://rosstat.gov.ru/storage/mediabank/sved_57-t_2023.rar,2026-07-29
RU-FD-Volga,0,Volga Federal District,Приволжский федеральный округ,RU,Volga,Technicians and associate professionals,3,53073.0,RUB,monthly,average_monthly_nominal_accrued_wage_october_survey,biennial_occupation_survey_57T,2023,,RU-NAT,OKZ,federal_district,https://rosstat.gov.ru/storage/mediabank/sved_57-t_2023.rar,2026-07-29
RU-FD-Volga,0,Volga Federal District,Приволжский федеральный округ,RU,Volga,Clerical support workers,4,38736.0,RUB,monthly,average_monthly_nominal_accrued_wage_october_survey,biennial_occupation_survey_57T,2023,,RU-NAT,OKZ,federal_district,https://rosstat.gov.ru/storage/mediabank/sved_57-t_2023.rar,2026-07-29
RU-FD-Volga,0,Volga Federal District,Приволжский федеральный округ,RU,Volga,Service and sales workers,5,36275.0,RUB,monthly,average_monthly_nominal_accrued_wage_october_survey,biennial_occupation_survey_57T,2023,,RU-NAT,OKZ,federal_district,https://rosstat.gov.ru/storage/mediabank/sved_57-t_2023.rar,2026-07-29
RU-FD-Volga,0,Volga Federal District,Приволжский федеральный округ,RU,Volga,"Skilled agricultural, forestry and fishery workers",6,45079.0,RUB,monthly,average_monthly_nominal_accrued_wage_october_survey,biennial_occupation_survey_57T,2023,,RU-NAT,OKZ,federal_district,https://rosstat.gov.ru/storage/mediabank/sved_57-t_2023.rar,2026-07-29
RU-FD-Volga,0,Volga Federal District,Приволжский федеральный округ,RU,Volga,Craft and related trades workers,7,64886.0,RUB,monthly,average_monthly_nominal_accrued_wage_october_survey,biennial_occupation_survey_57T,2023,,RU-NAT,OKZ,federal_district,https://rosstat.gov.ru/storage/mediabank/sved_57-t_2023.rar,2026-07-29
RU-FD-Volga,0,Volga Federal District,Приволжский федеральный округ,RU,Volga,Plant and machine operators and assemblers,8,61222.0,RUB,monthly,average_monthly_nominal_accrued_wage_october_survey,biennial_occupation_survey_57T,2023,,RU-NAT,OKZ,federal_district,https://rosstat.gov.ru/storage/mediabank/sved_57-t_2023.rar,2026-07-29
RU-FD-Volga,0,Volga Federal District,Приволжский федеральный округ,RU,Volga,Elementary occupations,9,32369.0,RUB,monthly,average_monthly_nominal_accrued_wage_october_survey,biennial_occupation_survey_57T,2023,,RU-NAT,OKZ,federal_district,https://rosstat.gov.ru/storage/mediabank/sved_57-t_2023.rar,2026-07-29
80,1,Republic of Bashkortostan,Республика Башкортостан,RU,Volga,Total,,56753.0,RUB,monthly,average_monthly_nominal_accrued_wage_october_survey,biennial_occupation_survey_57T,2023,,RU-FD-Volga,OKZ,federal_subject,https://rosstat.gov.ru/storage/mediabank/sved_57-t_2023.rar,2026-07-29
80,1,Republic of Bashkortostan,Республика Башкортостан,RU,Volga,Managers,1,99406.0,RUB,monthly,average_monthly_nominal_accrued_wage_october_survey,biennial_occupation_survey_57T,2023,,RU-FD-Volga,OKZ,federal_subject,https://rosstat.gov.ru/storage/mediabank/sved_57-t_2023.rar,2026-07-29
80,1,Republic of Bashkortostan,Республика Башкортостан,RU,Volga,Professionals,2,57698.0,RUB,monthly,average_monthly_nominal_accrued_wage_october_survey,biennial_occupation_survey_57T,2023,,RU-FD-Volga,OKZ,federal_subject,https://rosstat.gov.ru/storage/mediabank/sved_57-t_2023.rar,2026-07-29
80,1,Republic of Bashkortostan,Республика Башкортостан,RU,Volga,Technicians and associate professionals,3,51366.0,RUB,monthly,average_monthly_nominal_accrued_wage_october_survey,biennial_occupation_survey_57T,2023,,RU-FD-Volga,OKZ,federal_subject,https://rosstat.gov.ru/storage/mediabank/sved_57-t_2023.rar,2026-07-29
80,1,Republic of Bashkortostan,Республика Башкортостан,RU,Volga,Clerical support workers,4,39092.0,RUB,monthly,average_monthly_nominal_accrued_wage_october_survey,biennial_occupation_survey_57T,2023,,RU-FD-Volga,OKZ,federal_subject,https://rosstat.gov.ru/storage/mediabank/sved_57-t_2023.rar,2026-07-29
80,1,Republic of Bashkortostan,Республика Башкортостан,RU,Volga,Service and sales workers,5,35827.0,RUB,monthly,average_monthly_nominal_accrued_wage_october_survey,biennial_occupation_survey_57T,2023,,RU-FD-Volga,OKZ,federal_subject,https://rosstat.gov.ru/storage/mediabank/sved_57-t_2023.rar,2026-07-29
80,1,Republic of Bashkortostan,Республика Башкортостан,RU,Volga,"Skilled agricultural, forestry and fishery workers",6,41666.0,RUB,monthly,average_monthly_nominal_accrued_wage_october_survey,biennial_occupation_survey_57T,2023,,RU-FD-Volga,OKZ,federal_subject,https://rosstat.gov.ru/storage/mediabank/sved_57-t_2023.rar,2026-07-29
80,1,Republic of Bashkortostan,Республика Башкортостан,RU,Volga,Craft and related trades workers,7,60013.0,RUB,monthly,average_monthly_nominal_accrued_wage_october_survey,biennial_occupation_survey_57T,2023,,RU-FD-Volga,OKZ,federal_subject,https://rosstat.gov.ru/storage/mediabank/sved_57-t_2023.rar,2026-07-29
80,1,Republic of Bashkortostan,Республика Башкортостан,RU,Volga,Plant and machine operators and assemblers,8,59554.0,RUB,monthly,average_monthly_nominal_accrued_wage_october_survey,biennial_occupation_survey_57T,2023,,RU-FD-Volga,OKZ,federal_subject,https://rosstat.gov.ru/storage/mediabank/sved_57-t_2023.rar,2026-07-29
80,1,Republic of Bashkortostan,Республика Башкортостан,RU,Volga,Elementary occupations,9,32575.0,RUB,monthly,average_monthly_nominal_accrued_wage_october_survey,biennial_occupation_survey_57T,2023,,RU-FD-Volga,OKZ,federal_subject,https://rosstat.gov.ru/storage/mediabank/sved_57-t_2023.rar,2026-07-29
88,1,Mari El Republic,Республика Марий Эл,RU,Volga,Total,,49963.0,RUB,monthly,average_monthly_nominal_accrued_wage_october_survey,biennial_occupation_survey_57T,2023,,RU-FD-Volga,OKZ,federal_subject,https://rosstat.gov.ru/storage/mediabank/sved_57-t_2023.rar,2026-07-29
88,1,Mari El Republic,Республика Марий Эл,RU,Volga,Managers,1,83422.0,RUB,monthly,average_monthly_nominal_accrued_wage_october_survey,biennial_occupation_survey_57T,2023,,RU-FD-Volga,OKZ,federal_subject,https://rosstat.gov.ru/storage/mediabank/sved_57-t_2023.rar,2026-07-29
88,1,Mari El Republic,Республика Марий Эл,RU,Volga,Professionals,2,55055.0,RUB,monthly,average_monthly_nominal_accrued_wage_october_survey,biennial_occupation_survey_57T,2023,,RU-FD-Volga,OKZ,federal_subject,https://rosstat.gov.ru/storage/mediabank/sved_57-t_2023.rar,2026-07-29
88,1,Mari El Republic,Республика Марий Эл,RU,Volga,Technicians and associate professionals,3,43955.0,RUB,monthly,average_monthly_nominal_accrued_wage_october_survey,biennial_occupation_survey_57T,2023,,RU-FD-Volga,OKZ,federal_subject,https://rosstat.gov.ru/storage/mediabank/sved_57-t_2023.rar,2026-07-29
88,1,Mari El Republic,Республика Марий Эл,RU,Volga,Clerical support workers,4,31965.0,RUB,monthly,average_monthly_nominal_accrued_wage_october_survey,biennial_occupation_survey_57T,2023,,RU-FD-Volga,OKZ,federal_subject,https://rosstat.gov.ru/storage/mediabank/sved_57-t_2023.rar,2026-07-29
88,1,Mari El Republic,Республика Марий Эл,RU,Volga,Service and sales workers,5,29047.0,RUB,monthly,average_monthly_nominal_accrued_wage_october_survey,biennial_occupation_survey_57T,2023,,RU-FD-Volga,OKZ,federal_subject,https://rosstat.gov.ru/storage/mediabank/sved_57-t_2023.rar,2026-07-29
88,1,Mari El Republic,Республика Марий Эл,RU,Volga,"Skilled agricultural, forestry and fishery workers",6,59595.0,RUB,monthly,average_monthly_nominal_accrued_wage_october_survey,biennial_occupation_survey_57T,2023,,RU-FD-Volga,OKZ,federal_subject,https://rosstat.gov.ru/storage/mediabank/sved_57-t_2023.rar,2026-07-29
88,1,Mari El Republic,Республика Марий Эл,RU,Volga,Craft and related trades workers,7,57113.0,RUB,monthly,average_monthly_nominal_accrued_wage_october_survey,biennial_occupation_survey_57T,2023,,RU-FD-Volga,OKZ,federal_subject,https://rosstat.gov.ru/storage/mediabank/sved_57-t_2023.rar,2026-07-29
88,1,Mari El Republic,Республика Марий Эл,RU,Volga,Plant and machine operators and assemblers,8,51821.0,RUB,monthly,average_monthly_nominal_accrued_wage_october_survey,biennial_occupation_survey_57T,2023,,RU-FD-Volga,OKZ,federal_subject,https://rosstat.gov.ru/storage/mediabank/sved_57-t_2023.rar,2026-07-29
88,1,Mari El Republic,Республика Марий Эл,RU,Volga,Elementary occupations,9,27936.0,RUB,monthly,average_monthly_nominal_accrued_wage_october_survey,biennial_occupation_survey_57T,2023,,RU-FD-Volga,OKZ,federal_subject,https://rosstat.gov.ru/storage/mediabank/sved_57-t_2023.rar,2026-07-29
89,1,Republic of Mordovia,Республика Мордовия,RU,Volga,Total,,47002.0,RUB,monthly,average_monthly_nominal_accrued_wage_october_survey,biennial_occupation_survey_57T,2023,,RU-FD-Volga,OKZ,federal_subject,https://rosstat.gov.ru/storage/mediabank/sved_57-t_2023.rar,2026-07-29
89,1,Republic of Mordovia,Республика Мордовия,RU,Volga,Managers,1,69724.0,RUB,monthly,average_monthly_nominal_accrued_wage_october_survey,biennial_occupation_survey_57T,2023,,RU-FD-Volga,OKZ,federal_subject,https://rosstat.gov.ru/storage/mediabank/sved_57-t_2023.rar,2026-07-29
89,1,Republic of Mordovia,Республика Мордовия,RU,Volga,Professionals,2,43762.0,RUB,monthly,average_monthly_nominal_accrued_wage_october_survey,biennial_occupation_survey_57T,2023,,RU-FD-Volga,OKZ,federal_subject,https://rosstat.gov.ru/storage/mediabank/sved_57-t_2023.rar,2026-07-29
89,1,Republic of Mordovia,Республика Мордовия,RU,Volga,Technicians and associate professionals,3,39401.0,RUB,monthly,average_monthly_nominal_accrued_wage_october_survey,biennial_occupation_survey_57T,2023,,RU-FD-Volga,OKZ,federal_subject,https://rosstat.gov.ru/storage/mediabank/sved_57-t_2023.rar,2026-07-29
89,1,Republic of Mordovia,Республика Мордовия,RU,Volga,Clerical support workers,4,29122.0,RUB,monthly,average_monthly_nominal_accrued_wage_october_survey,biennial_occupation_survey_57T,2023,,RU-FD-Volga,OKZ,federal_subject,https://rosstat.gov.ru/storage/mediabank/sved_57-t_2023.rar,2026-07-29
89,1,Republic of Mordovia,Республика Мордовия,RU,Volga,Service and sales workers,5,32263.0,RUB,monthly,average_monthly_nominal_accrued_wage_october_survey,biennial_occupation_survey_57T,2023,,RU-FD-Volga,OKZ,federal_subject,https://rosstat.gov.ru/storage/mediabank/sved_57-t_2023.rar,2026-07-29
89,1,Republic of Mordovia,Республика Мордовия,RU,Volga,"Skilled agricultural, forestry and fishery workers",6,53744.0,RUB,monthly,average_monthly_nominal_accrued_wage_october_survey,biennial_occupation_survey_57T,2023,,RU-FD-Volga,OKZ,federal_subject,https://rosstat.gov.ru/storage/mediabank/sved_57-t_2023.rar,2026-07-29
89,1,Republic of Mordovia,Республика Мордовия,RU,Volga,Craft and related trades workers,7,56760.0,RUB,monthly,average_monthly_nominal_accrued_wage_october_survey,biennial_occupation_survey_57T,2023,,RU-FD-Volga,OKZ,federal_subject,https://rosstat.gov.ru/storage/mediabank/sved_57-t_2023.rar,2026-07-29
89,1,Republic of Mordovia,Республика Мордовия,RU,Volga,Plant and machine operators and assemblers,8,55957.0,RUB,monthly,average_monthly_nominal_accrued_wage_october_survey,biennial_occupation_survey_57T,2023,,RU-FD-Volga,OKZ,federal_subject,https://rosstat.gov.ru/storage/mediabank/sved_57-t_2023.rar,2026-07-29
89,1,Republic of Mordovia,Республика Мордовия,RU,Volga,Elementary occupations,9,30098.0,RUB,monthly,average_monthly_nominal_accrued_wage_october_survey,biennial_occupation_survey_57T,2023,,RU-FD-Volga,OKZ,federal_subject,https://rosstat.gov.ru/storage/mediabank/sved_57-t_2023.rar,2026-07-29
92,1,Republic of Tatarstan,Республика Татарстан,RU,Volga,Total,,65011.0,RUB,monthly,average_monthly_nominal_accrued_wage_october_survey,biennial_occupation_survey_57T,2023,,RU-FD-Volga,OKZ,federal_subject,https://rosstat.gov.ru/storage/mediabank/sved_57-t_2023.rar,2026-07-29
92,1,Republic of Tatarstan,Республика Татарстан,RU,Volga,Managers,1,102665.0,RUB,monthly,average_monthly_nominal_accrued_wage_october_survey,biennial_occupation_survey_57T,2023,,RU-FD-Volga,OKZ,federal_subject,https://rosstat.gov.ru/storage/mediabank/sved_57-t_2023.rar,2026-07-29
92,1,Republic of Tatarstan,Республика Татарстан,RU,Volga,Professionals,2,65835.0,RUB,monthly,average_monthly_nominal_accrued_wage_october_survey,biennial_occupation_survey_57T,2023,,RU-FD-Volga,OKZ,federal_subject,https://rosstat.gov.ru/storage/mediabank/sved_57-t_2023.rar,2026-07-29
92,1,Republic of Tatarstan,Республика Татарстан,RU,Volga,Technicians and associate professionals,3,62401.0,RUB,monthly,average_monthly_nominal_accrued_wage_october_survey,biennial_occupation_survey_57T,2023,,RU-FD-Volga,OKZ,federal_subject,https://rosstat.gov.ru/storage/mediabank/sved_57-t_2023.rar,2026-07-29
92,1,Republic of Tatarstan,Республика Татарстан,RU,Volga,Clerical support workers,4,44557.0,RUB,monthly,average_monthly_nominal_accrued_wage_october_survey,biennial_occupation_survey_57T,2023,,RU-FD-Volga,OKZ,federal_subject,https://rosstat.gov.ru/storage/mediabank/sved_57-t_2023.rar,2026-07-29
92,1,Republic of Tatarstan,Республика Татарстан,RU,Volga,Service and sales workers,5,37568.0,RUB,monthly,average_monthly_nominal_accrued_wage_october_survey,biennial_occupation_survey_57T,2023,,RU-FD-Volga,OKZ,federal_subject,https://rosstat.gov.ru/storage/mediabank/sved_57-t_2023.rar,2026-07-29
92,1,Republic of Tatarstan,Республика Татарстан,RU,Volga,"Skilled agricultural, forestry and fishery workers",6,46897.0,RUB,monthly,average_monthly_nominal_accrued_wage_october_survey,biennial_occupation_survey_57T,2023,,RU-FD-Volga,OKZ,federal_subject,https://rosstat.gov.ru/storage/mediabank/sved_57-t_2023.rar,2026-07-29
92,1,Republic of Tatarstan,Республика Татарстан,RU,Volga,Craft and related trades workers,7,71577.0,RUB,monthly,average_monthly_nominal_accrued_wage_october_survey,biennial_occupation_survey_57T,2023,,RU-FD-Volga,OKZ,federal_subject,https://rosstat.gov.ru/storage/mediabank/sved_57-t_2023.rar,2026-07-29
92,1,Republic of Tatarstan,Республика Татарстан,RU,Volga,Plant and machine operators and assemblers,8,70154.0,RUB,monthly,average_monthly_nominal_accrued_wage_october_survey,biennial_occupation_survey_57T,2023,,RU-FD-Volga,OKZ,federal_subject,https://rosstat.gov.ru/storage/mediabank/sved_57-t_2023.rar,2026-07-29
92,1,Republic of Tatarstan,Республика Татарстан,RU,Volga,Elementary occupations,9,43682.0,RUB,monthly,average_monthly_nominal_accrued_wage_october_survey,biennial_occupation_survey_57T,2023,,RU-FD-Volga,OKZ,federal_subject,https://rosstat.gov.ru/storage/mediabank/sved_57-t_2023.rar,2026-07-29
94,1,Udmurt Republic,Удмуртская Республика,RU,Volga,Total,,52995.0,RUB,monthly,average_monthly_nominal_accrued_wage_october_survey,biennial_occupation_survey_57T,2023,,RU-FD-Volga,OKZ,federal_subject,https://rosstat.gov.ru/storage/mediabank/sved_57-t_2023.rar,2026-07-29
94,1,Udmurt Republic,Удмуртская Республика,RU,Volga,Managers,1,87352.0,RUB,monthly,average_monthly_nominal_accrued_wage_october_survey,biennial_occupation_survey_57T,2023,,RU-FD-Volga,OKZ,federal_subject,https://rosstat.gov.ru/storage/mediabank/sved_57-t_2023.rar,2026-07-29
94,1,Udmurt Republic,Удмуртская Республика,RU,Volga,Professionals,2,52042.0,RUB,monthly,average_monthly_nominal_accrued_wage_october_survey,biennial_occupation_survey_57T,2023,,RU-FD-Volga,OKZ,federal_subject,https://rosstat.gov.ru/storage/mediabank/sved_57-t_2023.rar,2026-07-29
94,1,Udmurt Republic,Удмуртская Республика,RU,Volga,Technicians and associate professionals,3,48328.0,RUB,monthly,average_monthly_nominal_accrued_wage_october_survey,biennial_occupation_survey_57T,2023,,RU-FD-Volga,OKZ,federal_subject,https://rosstat.gov.ru/storage/mediabank/sved_57-t_2023.rar,2026-07-29
94,1,Udmurt Republic,Удмуртская Республика,RU,Volga,Clerical support workers,4,36847.0,RUB,monthly,average_monthly_nominal_accrued_wage_october_survey,biennial_occupation_survey_57T,2023,,RU-FD-Volga,OKZ,federal_subject,https://rosstat.gov.ru/storage/mediabank/sved_57-t_2023.rar,2026-07-29
94,1,Udmurt Republic,Удмуртская Республика,RU,Volga,Service and sales workers,5,34809.0,RUB,monthly,average_monthly_nominal_accrued_wage_october_survey,biennial_occupation_survey_57T,2023,,RU-FD-Volga,OKZ,federal_subject,https://rosstat.gov.ru/storage/mediabank/sved_57-t_2023.rar,2026-07-29
94,1,Udmurt Republic,Удмуртская Республика,RU,Volga,"Skilled agricultural, forestry and fishery workers",6,47012.0,RUB,monthly,average_monthly_nominal_accrued_wage_october_survey,biennial_occupation_survey_57T,2023,,RU-FD-Volga,OKZ,federal_subject,https://rosstat.gov.ru/storage/mediabank/sved_57-t_2023.rar,2026-07-29
94,1,Udmurt Republic,Удмуртская Республика,RU,Volga,Craft and related trades workers,7,62833.0,RUB,monthly,average_monthly_nominal_accrued_wage_october_survey,biennial_occupation_survey_57T,2023,,RU-FD-Volga,OKZ,federal_subject,https://rosstat.gov.ru/storage/mediabank/sved_57-t_2023.rar,2026-07-29
94,1,Udmurt Republic,Удмуртская Республика,RU,Volga,Plant and machine operators and assemblers,8,61298.0,RUB,monthly,average_monthly_nominal_accrued_wage_october_survey,biennial_occupation_survey_57T,2023,,RU-FD-Volga,OKZ,federal_subject,https://rosstat.gov.ru/storage/mediabank/sved_57-t_2023.rar,2026-07-29
94,1,Udmurt Republic,Удмуртская Республика,RU,Volga,Elementary occupations,9,27934.0,RUB,monthly,average_monthly_nominal_accrued_wage_october_survey,biennial_occupation_survey_57T,2023,,RU-FD-Volga,OKZ,federal_subject,https://rosstat.gov.ru/storage/mediabank/sved_57-t_2023.rar,2026-07-29
97,1,Chuvash Republic,Чувашская Республика,RU,Volga,Total,,49877.0,RUB,monthly,average_monthly_nominal_accrued_wage_october_survey,biennial_occupation_survey_57T,2023,,RU-FD-Volga,OKZ,federal_subject,https://rosstat.gov.ru/storage/mediabank/sved_57-t_2023.rar,2026-07-29
97,1,Chuvash Republic,Чувашская Республика,RU,Volga,Managers,1,83551.0,RUB,monthly,average_monthly_nominal_accrued_wage_october_survey,biennial_occupation_survey_57T,2023,,RU-FD-Volga,OKZ,federal_subject,https://rosstat.gov.ru/storage/mediabank/sved_57-t_2023.rar,2026-07-29
97,1,Chuvash Republic,Чувашская Республика,RU,Volga,Professionals,2,49574.0,RUB,monthly,average_monthly_nominal_accrued_wage_october_survey,biennial_occupation_survey_57T,2023,,RU-FD-Volga,OKZ,federal_subject,https://rosstat.gov.ru/storage/mediabank/sved_57-t_2023.rar,2026-07-29
97,1,Chuvash Republic,Чувашская Республика,RU,Volga,Technicians and associate professionals,3,45525.0,RUB,monthly,average_monthly_nominal_accrued_wage_october_survey,biennial_occupation_survey_57T,2023,,RU-FD-Volga,OKZ,federal_subject,https://rosstat.gov.ru/storage/mediabank/sved_57-t_2023.rar,2026-07-29
97,1,Chuvash Republic,Чувашская Республика,RU,Volga,Clerical support workers,4,33414.0,RUB,monthly,average_monthly_nominal_accrued_wage_october_survey,biennial_occupation_survey_57T,2023,,RU-FD-Volga,OKZ,federal_subject,https://rosstat.gov.ru/storage/mediabank/sved_57-t_2023.rar,2026-07-29
97,1,Chuvash Republic,Чувашская Республика,RU,Volga,Service and sales workers,5,30267.0,RUB,monthly,average_monthly_nominal_accrued_wage_october_survey,biennial_occupation_survey_57T,2023,,RU-FD-Volga,OKZ,federal_subject,https://rosstat.gov.ru/storage/mediabank/sved_57-t_2023.rar,2026-07-29
97,1,Chuvash Republic,Чувашская Республика,RU,Volga,"Skilled agricultural, forestry and fishery workers",6,42907.0,RUB,monthly,average_monthly_nominal_accrued_wage_october_survey,biennial_occupation_survey_57T,2023,,RU-FD-Volga,OKZ,federal_subject,https://rosstat.gov.ru/storage/mediabank/sved_57-t_2023.rar,2026-07-29
97,1,Chuvash Republic,Чувашская Республика,RU,Volga,Craft and related trades workers,7,62519.0,RUB,monthly,average_monthly_nominal_accrued_wage_october_survey,biennial_occupation_survey_57T,2023,,RU-FD-Volga,OKZ,federal_subject,https://rosstat.gov.ru/storage/mediabank/sved_57-t_2023.rar,2026-07-29
97,1,Chuvash Republic,Чувашская Республика,RU,Volga,Plant and machine operators and assemblers,8,53873.0,RUB,monthly,average_monthly_nominal_accrued_wage_october_survey,biennial_occupation_survey_57T,2023,,RU-FD-Volga,OKZ,federal_subject,https://rosstat.gov.ru/storage/mediabank/sved_57-t_2023.rar,2026-07-29
97,1,Chuvash Republic,Чувашская Республика,RU,Volga,Elementary occupations,9,28614.0,RUB,monthly,average_monthly_nominal_accrued_wage_october_survey,biennial_occupation_survey_57T,2023,,RU-FD-Volga,OKZ,federal_subject,https://rosstat.gov.ru/storage/mediabank/sved_57-t_2023.rar,2026-07-29
57,1,Perm Krai,Пермский край,RU,Volga,Total,,64342.0,RUB,monthly,average_monthly_nominal_accrued_wage_october_survey,biennial_occupation_survey_57T,2023,,RU-FD-Volga,OKZ,federal_subject,https://rosstat.gov.ru/storage/mediabank/sved_57-t_2023.rar,2026-07-29
57,1,Perm Krai,Пермский край,RU,Volga,Managers,1,111112.0,RUB,monthly,average_monthly_nominal_accrued_wage_october_survey,biennial_occupation_survey_57T,2023,,RU-FD-Volga,OKZ,federal_subject,https://rosstat.gov.ru/storage/mediabank/sved_57-t_2023.rar,2026-07-29
57,1,Perm Krai,Пермский край,RU,Volga,Professionals,2,67552.0,RUB,monthly,average_monthly_nominal_accrued_wage_october_survey,biennial_occupation_survey_57T,2023,,RU-FD-Volga,OKZ,federal_subject,https://rosstat.gov.ru/storage/mediabank/sved_57-t_2023.rar,2026-07-29
57,1,Perm Krai,Пермский край,RU,Volga,Technicians and associate professionals,3,58549.0,RUB,monthly,average_monthly_nominal_accrued_wage_october_survey,biennial_occupation_survey_57T,2023,,RU-FD-Volga,OKZ,federal_subject,https://rosstat.gov.ru/storage/mediabank/sved_57-t_2023.rar,2026-07-29
57,1,Perm Krai,Пермский край,RU,Volga,Clerical support workers,4,44035.0,RUB,monthly,average_monthly_nominal_accrued_wage_october_survey,biennial_occupation_survey_57T,2023,,RU-FD-Volga,OKZ,federal_subject,https://rosstat.gov.ru/storage/mediabank/sved_57-t_2023.rar,2026-07-29
57,1,Perm Krai,Пермский край,RU,Volga,Service and sales workers,5,37391.0,RUB,monthly,average_monthly_nominal_accrued_wage_october_survey,biennial_occupation_survey_57T,2023,,RU-FD-Volga,OKZ,federal_subject,https://rosstat.gov.ru/storage/mediabank/sved_57-t_2023.rar,2026-07-29
57,1,Perm Krai,Пермский край,RU,Volga,"Skilled agricultural, forestry and fishery workers",6,39209.0,RUB,monthly,average_monthly_nominal_accrued_wage_october_survey,biennial_occupation_survey_57T,2023,,RU-FD-Volga,OKZ,federal_subject,https://rosstat.gov.ru/storage/mediabank/sved_57-t_2023.rar,2026-07-29
57,1,Perm Krai,Пермский край,RU,Volga,Craft and related trades workers,7,66947.0,RUB,monthly,average_monthly_nominal_accrued_wage_october_survey,biennial_occupation_survey_57T,2023,,RU-FD-Volga,OKZ,federal_subject,https://rosstat.gov.ru/storage/mediabank/sved_57-t_2023.rar,2026-07-29
57,1,Perm Krai,Пермский край,RU,Volga,Plant and machine operators and assemblers,8,62771.0,RUB,monthly,average_monthly_nominal_accrued_wage_october_survey,biennial_occupation_survey_57T,2023,,RU-FD-Volga,OKZ,federal_subject,https://rosstat.gov.ru/storage/mediabank/sved_57-t_2023.rar,2026-07-29
57,1,Perm Krai,Пермский край,RU,Volga,Elementary occupations,9,33604.0,RUB,monthly,average_monthly_nominal_accrued_wage_october_survey,biennial_occupation_survey_57T,2023,,RU-FD-Volga,OKZ,federal_subject,https://rosstat.gov.ru/storage/mediabank/sved_57-t_2023.rar,2026-07-29
33,1,Kirov Oblast,Кировская область,RU,Volga,Total,,48275.0,RUB,monthly,average_monthly_nominal_accrued_wage_october_survey,biennial_occupation_survey_57T,2023,,RU-FD-Volga,OKZ,federal_subject,https://rosstat.gov.ru/storage/mediabank/sved_57-t_2023.rar,2026-07-29
33,1,Kirov Oblast,Кировская область,RU,Volga,Managers,1,79377.0,RUB,monthly,average_monthly_nominal_accrued_wage_october_survey,biennial_occupation_survey_57T,2023,,RU-FD-Volga,OKZ,federal_subject,https://rosstat.gov.ru/storage/mediabank/sved_57-t_2023.rar,2026-07-29
33,1,Kirov Oblast,Кировская область,RU,Volga,Professionals,2,48899.0,RUB,monthly,average_monthly_nominal_accrued_wage_october_survey,biennial_occupation_survey_57T,2023,,RU-FD-Volga,OKZ,federal_subject,https://rosstat.gov.ru/storage/mediabank/sved_57-t_2023.rar,2026-07-29
33,1,Kirov Oblast,Кировская область,RU,Volga,Technicians and associate professionals,3,42639.0,RUB,monthly,average_monthly_nominal_accrued_wage_october_survey,biennial_occupation_survey_57T,2023,,RU-FD-Volga,OKZ,federal_subject,https://rosstat.gov.ru/storage/mediabank/sved_57-t_2023.rar,2026-07-29
33,1,Kirov Oblast,Кировская область,RU,Volga,Clerical support workers,4,34237.0,RUB,monthly,average_monthly_nominal_accrued_wage_october_survey,biennial_occupation_survey_57T,2023,,RU-FD-Volga,OKZ,federal_subject,https://rosstat.gov.ru/storage/mediabank/sved_57-t_2023.rar,2026-07-29
33,1,Kirov Oblast,Кировская область,RU,Volga,Service and sales workers,5,33491.0,RUB,monthly,average_monthly_nominal_accrued_wage_october_survey,biennial_occupation_survey_57T,2023,,RU-FD-Volga,OKZ,federal_subject,https://rosstat.gov.ru/storage/mediabank/sved_57-t_2023.rar,2026-07-29
33,1,Kirov Oblast,Кировская область,RU,Volga,"Skilled agricultural, forestry and fishery workers",6,48144.0,RUB,monthly,average_monthly_nominal_accrued_wage_october_survey,biennial_occupation_survey_57T,2023,,RU-FD-Volga,OKZ,federal_subject,https://rosstat.gov.ru/storage/mediabank/sved_57-t_2023.rar,2026-07-29
33,1,Kirov Oblast,Кировская область,RU,Volga,Craft and related trades workers,7,55698.0,RUB,monthly,average_monthly_nominal_accrued_wage_october_survey,biennial_occupation_survey_57T,2023,,RU-FD-Volga,OKZ,federal_subject,https://rosstat.gov.ru/storage/mediabank/sved_57-t_2023.rar,2026-07-29
33,1,Kirov Oblast,Кировская область,RU,Volga,Plant and machine operators and assemblers,8,54382.0,RUB,monthly,average_monthly_nominal_accrued_wage_october_survey,biennial_occupation_survey_57T,2023,,RU-FD-Volga,OKZ,federal_subject,https://rosstat.gov.ru/storage/mediabank/sved_57-t_2023.rar,2026-07-29
33,1,Kirov Oblast,Кировская область,RU,Volga,Elementary occupations,9,30305.0,RUB,monthly,average_monthly_nominal_accrued_wage_october_survey,biennial_occupation_survey_57T,2023,,RU-FD-Volga,OKZ,federal_subject,https://rosstat.gov.ru/storage/mediabank/sved_57-t_2023.rar,2026-07-29
22,1,Nizhny Novgorod Oblast,Hижегородская область,RU,Volga,Total,,65341.0,RUB,monthly,average_monthly_nominal_accrued_wage_october_survey,biennial_occupation_survey_57T,2023,,RU-FD-Volga,OKZ,federal_subject,https://rosstat.gov.ru/storage/mediabank/sved_57-t_2023.rar,2026-07-29
22,1,Nizhny Novgorod Oblast,Hижегородская область,RU,Volga,Managers,1,112093.0,RUB,monthly,average_monthly_nominal_accrued_wage_october_survey,biennial_occupation_survey_57T,2023,,RU-FD-Volga,OKZ,federal_subject,https://rosstat.gov.ru/storage/mediabank/sved_57-t_2023.rar,2026-07-29
22,1,Nizhny Novgorod Oblast,Hижегородская область,RU,Volga,Professionals,2,67696.0,RUB,monthly,average_monthly_nominal_accrued_wage_october_survey,biennial_occupation_survey_57T,2023,,RU-FD-Volga,OKZ,federal_subject,https://rosstat.gov.ru/storage/mediabank/sved_57-t_2023.rar,2026-07-29
22,1,Nizhny Novgorod Oblast,Hижегородская область,RU,Volga,Technicians and associate professionals,3,56416.0,RUB,monthly,average_monthly_nominal_accrued_wage_october_survey,biennial_occupation_survey_57T,2023,,RU-FD-Volga,OKZ,federal_subject,https://rosstat.gov.ru/storage/mediabank/sved_57-t_2023.rar,2026-07-29
22,1,Nizhny Novgorod Oblast,Hижегородская область,RU,Volga,Clerical support workers,4,38177.0,RUB,monthly,average_monthly_nominal_accrued_wage_october_survey,biennial_occupation_survey_57T,2023,,RU-FD-Volga,OKZ,federal_subject,https://rosstat.gov.ru/storage/mediabank/sved_57-t_2023.rar,2026-07-29
22,1,Nizhny Novgorod Oblast,Hижегородская область,RU,Volga,Service and sales workers,5,40545.0,RUB,monthly,average_monthly_nominal_accrued_wage_october_survey,biennial_occupation_survey_57T,2023,,RU-FD-Volga,OKZ,federal_subject,https://rosstat.gov.ru/storage/mediabank/sved_57-t_2023.rar,2026-07-29
22,1,Nizhny Novgorod Oblast,Hижегородская область,RU,Volga,"Skilled agricultural, forestry and fishery workers",6,44062.0,RUB,monthly,average_monthly_nominal_accrued_wage_october_survey,biennial_occupation_survey_57T,2023,,RU-FD-Volga,OKZ,federal_subject,https://rosstat.gov.ru/storage/mediabank/sved_57-t_2023.rar,2026-07-29
22,1,Nizhny Novgorod Oblast,Hижегородская область,RU,Volga,Craft and related trades workers,7,71904.0,RUB,monthly,average_monthly_nominal_accrued_wage_october_survey,biennial_occupation_survey_57T,2023,,RU-FD-Volga,OKZ,federal_subject,https://rosstat.gov.ru/storage/mediabank/sved_57-t_2023.rar,2026-07-29
22,1,Nizhny Novgorod Oblast,Hижегородская область,RU,Volga,Plant and machine operators and assemblers,8,65476.0,RUB,monthly,average_monthly_nominal_accrued_wage_october_survey,biennial_occupation_survey_57T,2023,,RU-FD-Volga,OKZ,federal_subject,https://rosstat.gov.ru/storage/mediabank/sved_57-t_2023.rar,2026-07-29
22,1,Nizhny Novgorod Oblast,Hижегородская область,RU,Volga,Elementary occupations,9,31901.0,RUB,monthly,average_monthly_nominal_accrued_wage_october_survey,biennial_occupation_survey_57T,2023,,RU-FD-Volga,OKZ,federal_subject,https://rosstat.gov.ru/storage/mediabank/sved_57-t_2023.rar,2026-07-29
53,1,Orenburg Oblast,Оренбургская область,RU,Volga,Total,,52961.0,RUB,monthly,average_monthly_nominal_accrued_wage_october_survey,biennial_occupation_survey_57T,2023,,RU-FD-Volga,OKZ,federal_subject,https://rosstat.gov.ru/storage/mediabank/sved_57-t_2023.rar,2026-07-29
53,1,Orenburg Oblast,Оренбургская область,RU,Volga,Managers,1,89399.0,RUB,monthly,average_monthly_nominal_accrued_wage_october_survey,biennial_occupation_survey_57T,2023,,RU-FD-Volga,OKZ,federal_subject,https://rosstat.gov.ru/storage/mediabank/sved_57-t_2023.rar,2026-07-29
53,1,Orenburg Oblast,Оренбургская область,RU,Volga,Professionals,2,52799.0,RUB,monthly,average_monthly_nominal_accrued_wage_october_survey,biennial_occupation_survey_57T,2023,,RU-FD-Volga,OKZ,federal_subject,https://rosstat.gov.ru/storage/mediabank/sved_57-t_2023.rar,2026-07-29
53,1,Orenburg Oblast,Оренбургская область,RU,Volga,Technicians and associate professionals,3,57971.0,RUB,monthly,average_monthly_nominal_accrued_wage_october_survey,biennial_occupation_survey_57T,2023,,RU-FD-Volga,OKZ,federal_subject,https://rosstat.gov.ru/storage/mediabank/sved_57-t_2023.rar,2026-07-29
53,1,Orenburg Oblast,Оренбургская область,RU,Volga,Clerical support workers,4,33866.0,RUB,monthly,average_monthly_nominal_accrued_wage_october_survey,biennial_occupation_survey_57T,2023,,RU-FD-Volga,OKZ,federal_subject,https://rosstat.gov.ru/storage/mediabank/sved_57-t_2023.rar,2026-07-29
53,1,Orenburg Oblast,Оренбургская область,RU,Volga,Service and sales workers,5,35169.0,RUB,monthly,average_monthly_nominal_accrued_wage_october_survey,biennial_occupation_survey_57T,2023,,RU-FD-Volga,OKZ,federal_subject,https://rosstat.gov.ru/storage/mediabank/sved_57-t_2023.rar,2026-07-29
53,1,Orenburg Oblast,Оренбургская область,RU,Volga,"Skilled agricultural, forestry and fishery workers",6,36236.0,RUB,monthly,average_monthly_nominal_accrued_wage_october_survey,biennial_occupation_survey_57T,2023,,RU-FD-Volga,OKZ,federal_subject,https://rosstat.gov.ru/storage/mediabank/sved_57-t_2023.rar,2026-07-29
53,1,Orenburg Oblast,Оренбургская область,RU,Volga,Craft and related trades workers,7,57256.0,RUB,monthly,average_monthly_nominal_accrued_wage_october_survey,biennial_occupation_survey_57T,2023,,RU-FD-Volga,OKZ,federal_subject,https://rosstat.gov.ru/storage/mediabank/sved_57-t_2023.rar,2026-07-29
53,1,Orenburg Oblast,Оренбургская область,RU,Volga,Plant and machine operators and assemblers,8,59081.0,RUB,monthly,average_monthly_nominal_accrued_wage_october_survey,biennial_occupation_survey_57T,2023,,RU-FD-Volga,OKZ,federal_subject,https://rosstat.gov.ru/storage/mediabank/sved_57-t_2023.rar,2026-07-29
53,1,Orenburg Oblast,Оренбургская область,RU,Volga,Elementary occupations,9,26794.0,RUB,monthly,average_monthly_nominal_accrued_wage_october_survey,biennial_occupation_survey_57T,2023,,RU-FD-Volga,OKZ,federal_subject,https://rosstat.gov.ru/storage/mediabank/sved_57-t_2023.rar,2026-07-29
56,1,Penza Oblast,Пензенская область,RU,Volga,Total,,49612.0,RUB,monthly,average_monthly_nominal_accrued_wage_october_survey,biennial_occupation_survey_57T,2023,,RU-FD-Volga,OKZ,federal_subject,https://rosstat.gov.ru/storage/mediabank/sved_57-t_2023.rar,2026-07-29
56,1,Penza Oblast,Пензенская область,RU,Volga,Managers,1,89717.0,RUB,monthly,average_monthly_nominal_accrued_wage_october_survey,biennial_occupation_survey_57T,2023,,RU-FD-Volga,OKZ,federal_subject,https://rosstat.gov.ru/storage/mediabank/sved_57-t_2023.rar,2026-07-29
56,1,Penza Oblast,Пензенская область,RU,Volga,Professionals,2,48780.0,RUB,monthly,average_monthly_nominal_accrued_wage_october_survey,biennial_occupation_survey_57T,2023,,RU-FD-Volga,OKZ,federal_subject,https://rosstat.gov.ru/storage/mediabank/sved_57-t_2023.rar,2026-07-29
56,1,Penza Oblast,Пензенская область,RU,Volga,Technicians and associate professionals,3,40836.0,RUB,monthly,average_monthly_nominal_accrued_wage_october_survey,biennial_occupation_survey_57T,2023,,RU-FD-Volga,OKZ,federal_subject,https://rosstat.gov.ru/storage/mediabank/sved_57-t_2023.rar,2026-07-29
56,1,Penza Oblast,Пензенская область,RU,Volga,Clerical support workers,4,34039.0,RUB,monthly,average_monthly_nominal_accrued_wage_october_survey,biennial_occupation_survey_57T,2023,,RU-FD-Volga,OKZ,federal_subject,https://rosstat.gov.ru/storage/mediabank/sved_57-t_2023.rar,2026-07-29
56,1,Penza Oblast,Пензенская область,RU,Volga,Service and sales workers,5,36527.0,RUB,monthly,average_monthly_nominal_accrued_wage_october_survey,biennial_occupation_survey_57T,2023,,RU-FD-Volga,OKZ,federal_subject,https://rosstat.gov.ru/storage/mediabank/sved_57-t_2023.rar,2026-07-29
56,1,Penza Oblast,Пензенская область,RU,Volga,"Skilled agricultural, forestry and fishery workers",6,46514.0,RUB,monthly,average_monthly_nominal_accrued_wage_october_survey,biennial_occupation_survey_57T,2023,,RU-FD-Volga,OKZ,federal_subject,https://rosstat.gov.ru/storage/mediabank/sved_57-t_2023.rar,2026-07-29
56,1,Penza Oblast,Пензенская область,RU,Volga,Craft and related trades workers,7,56845.0,RUB,monthly,average_monthly_nominal_accrued_wage_october_survey,biennial_occupation_survey_57T,2023,,RU-FD-Volga,OKZ,federal_subject,https://rosstat.gov.ru/storage/mediabank/sved_57-t_2023.rar,2026-07-29
56,1,Penza Oblast,Пензенская область,RU,Volga,Plant and machine operators and assemblers,8,55683.0,RUB,monthly,average_monthly_nominal_accrued_wage_october_survey,biennial_occupation_survey_57T,2023,,RU-FD-Volga,OKZ,federal_subject,https://rosstat.gov.ru/storage/mediabank/sved_57-t_2023.rar,2026-07-29
56,1,Penza Oblast,Пензенская область,RU,Volga,Elementary occupations,9,29937.0,RUB,monthly,average_monthly_nominal_accrued_wage_october_survey,biennial_occupation_survey_57T,2023,,RU-FD-Volga,OKZ,federal_subject,https://rosstat.gov.ru/storage/mediabank/sved_57-t_2023.rar,2026-07-29
36,1,Samara Oblast,Самарская область,RU,Volga,Total,,62204.0,RUB,monthly,average_monthly_nominal_accrued_wage_october_survey,biennial_occupation_survey_57T,2023,,RU-FD-Volga,OKZ,federal_subject,https://rosstat.gov.ru/storage/mediabank/sved_57-t_2023.rar,2026-07-29
36,1,Samara Oblast,Самарская область,RU,Volga,Managers,1,105494.0,RUB,monthly,average_monthly_nominal_accrued_wage_october_survey,biennial_occupation_survey_57T,2023,,RU-FD-Volga,OKZ,federal_subject,https://rosstat.gov.ru/storage/mediabank/sved_57-t_2023.rar,2026-07-29
36,1,Samara Oblast,Самарская область,RU,Volga,Professionals,2,61395.0,RUB,monthly,average_monthly_nominal_accrued_wage_october_survey,biennial_occupation_survey_57T,2023,,RU-FD-Volga,OKZ,federal_subject,https://rosstat.gov.ru/storage/mediabank/sved_57-t_2023.rar,2026-07-29
36,1,Samara Oblast,Самарская область,RU,Volga,Technicians and associate professionals,3,58309.0,RUB,monthly,average_monthly_nominal_accrued_wage_october_survey,biennial_occupation_survey_57T,2023,,RU-FD-Volga,OKZ,federal_subject,https://rosstat.gov.ru/storage/mediabank/sved_57-t_2023.rar,2026-07-29
36,1,Samara Oblast,Самарская область,RU,Volga,Clerical support workers,4,41426.0,RUB,monthly,average_monthly_nominal_accrued_wage_october_survey,biennial_occupation_survey_57T,2023,,RU-FD-Volga,OKZ,federal_subject,https://rosstat.gov.ru/storage/mediabank/sved_57-t_2023.rar,2026-07-29
36,1,Samara Oblast,Самарская область,RU,Volga,Service and sales workers,5,42303.0,RUB,monthly,average_monthly_nominal_accrued_wage_october_survey,biennial_occupation_survey_57T,2023,,RU-FD-Volga,OKZ,federal_subject,https://rosstat.gov.ru/storage/mediabank/sved_57-t_2023.rar,2026-07-29
36,1,Samara Oblast,Самарская область,RU,Volga,"Skilled agricultural, forestry and fishery workers",6,38591.0,RUB,monthly,average_monthly_nominal_accrued_wage_october_survey,biennial_occupation_survey_57T,2023,,RU-FD-Volga,OKZ,federal_subject,https://rosstat.gov.ru/storage/mediabank/sved_57-t_2023.rar,2026-07-29
36,1,Samara Oblast,Самарская область,RU,Volga,Craft and related trades workers,7,70822.0,RUB,monthly,average_monthly_nominal_accrued_wage_october_survey,biennial_occupation_survey_57T,2023,,RU-FD-Volga,OKZ,federal_subject,https://rosstat.gov.ru/storage/mediabank/sved_57-t_2023.rar,2026-07-29
36,1,Samara Oblast,Самарская область,RU,Volga,Plant and machine operators and assemblers,8,62694.0,RUB,monthly,average_monthly_nominal_accrued_wage_october_survey,biennial_occupation_survey_57T,2023,,RU-FD-Volga,OKZ,federal_subject,https://rosstat.gov.ru/storage/mediabank/sved_57-t_2023.rar,2026-07-29
36,1,Samara Oblast,Самарская область,RU,Volga,Elementary occupations,9,31655.0,RUB,monthly,average_monthly_nominal_accrued_wage_october_survey,biennial_occupation_survey_57T,2023,,RU-FD-Volga,OKZ,federal_subject,https://rosstat.gov.ru/storage/mediabank/sved_57-t_2023.rar,2026-07-29
63,1,Saratov Oblast,Саратовская область,RU,Volga,Total,,49107.0,RUB,monthly,average_monthly_nominal_accrued_wage_october_survey,biennial_occupation_survey_57T,2023,,RU-FD-Volga,OKZ,federal_subject,https://rosstat.gov.ru/storage/mediabank/sved_57-t_2023.rar,2026-07-29
63,1,Saratov Oblast,Саратовская область,RU,Volga,Managers,1,85938.0,RUB,monthly,average_monthly_nominal_accrued_wage_october_survey,biennial_occupation_survey_57T,2023,,RU-FD-Volga,OKZ,federal_subject,https://rosstat.gov.ru/storage/mediabank/sved_57-t_2023.rar,2026-07-29
63,1,Saratov Oblast,Саратовская область,RU,Volga,Professionals,2,52614.0,RUB,monthly,average_monthly_nominal_accrued_wage_october_survey,biennial_occupation_survey_57T,2023,,RU-FD-Volga,OKZ,federal_subject,https://rosstat.gov.ru/storage/mediabank/sved_57-t_2023.rar,2026-07-29
63,1,Saratov Oblast,Саратовская область,RU,Volga,Technicians and associate professionals,3,46165.0,RUB,monthly,average_monthly_nominal_accrued_wage_october_survey,biennial_occupation_survey_57T,2023,,RU-FD-Volga,OKZ,federal_subject,https://rosstat.gov.ru/storage/mediabank/sved_57-t_2023.rar,2026-07-29
63,1,Saratov Oblast,Саратовская область,RU,Volga,Clerical support workers,4,34461.0,RUB,monthly,average_monthly_nominal_accrued_wage_october_survey,biennial_occupation_survey_57T,2023,,RU-FD-Volga,OKZ,federal_subject,https://rosstat.gov.ru/storage/mediabank/sved_57-t_2023.rar,2026-07-29
63,1,Saratov Oblast,Саратовская область,RU,Volga,Service and sales workers,5,31994.0,RUB,monthly,average_monthly_nominal_accrued_wage_october_survey,biennial_occupation_survey_57T,2023,,RU-FD-Volga,OKZ,federal_subject,https://rosstat.gov.ru/storage/mediabank/sved_57-t_2023.rar,2026-07-29
63,1,Saratov Oblast,Саратовская область,RU,Volga,"Skilled agricultural, forestry and fishery workers",6,35547.0,RUB,monthly,average_monthly_nominal_accrued_wage_october_survey,biennial_occupation_survey_57T,2023,,RU-FD-Volga,OKZ,federal_subject,https://rosstat.gov.ru/storage/mediabank/sved_57-t_2023.rar,2026-07-29
63,1,Saratov Oblast,Саратовская область,RU,Volga,Craft and related trades workers,7,52307.0,RUB,monthly,average_monthly_nominal_accrued_wage_october_survey,biennial_occupation_survey_57T,2023,,RU-FD-Volga,OKZ,federal_subject,https://rosstat.gov.ru/storage/mediabank/sved_57-t_2023.rar,2026-07-29
63,1,Saratov Oblast,Саратовская область,RU,Volga,Plant and machine operators and assemblers,8,50252.0,RUB,monthly,average_monthly_nominal_accrued_wage_october_survey,biennial_occupation_survey_57T,2023,,RU-FD-Volga,OKZ,federal_subject,https://rosstat.gov.ru/storage/mediabank/sved_57-t_2023.rar,2026-07-29
63,1,Saratov Oblast,Саратовская область,RU,Volga,Elementary occupations,9,26766.0,RUB,monthly,average_monthly_nominal_accrued_wage_october_survey,biennial_occupation_survey_57T,2023,,RU-FD-Volga,OKZ,federal_subject,https://rosstat.gov.ru/storage/mediabank/sved_57-t_2023.rar,2026-07-29
73,1,Ulyanovsk Oblast,Ульяновская область,RU,Volga,Total,,51331.0,RUB,monthly,average_monthly_nominal_accrued_wage_october_survey,biennial_occupation_survey_57T,2023,,RU-FD-Volga,OKZ,federal_subject,https://rosstat.gov.ru/storage/mediabank/sved_57-t_2023.rar,2026-07-29
73,1,Ulyanovsk Oblast,Ульяновская область,RU,Volga,Managers,1,86099.0,RUB,monthly,average_monthly_nominal_accrued_wage_october_survey,biennial_occupation_survey_57T,2023,,RU-FD-Volga,OKZ,federal_subject,https://rosstat.gov.ru/storage/mediabank/sved_57-t_2023.rar,2026-07-29
73,1,Ulyanovsk Oblast,Ульяновская область,RU,Volga,Professionals,2,52706.0,RUB,monthly,average_monthly_nominal_accrued_wage_october_survey,biennial_occupation_survey_57T,2023,,RU-FD-Volga,OKZ,federal_subject,https://rosstat.gov.ru/storage/mediabank/sved_57-t_2023.rar,2026-07-29
73,1,Ulyanovsk Oblast,Ульяновская область,RU,Volga,Technicians and associate professionals,3,42336.0,RUB,monthly,average_monthly_nominal_accrued_wage_october_survey,biennial_occupation_survey_57T,2023,,RU-FD-Volga,OKZ,federal_subject,https://rosstat.gov.ru/storage/mediabank/sved_57-t_2023.rar,2026-07-29
73,1,Ulyanovsk Oblast,Ульяновская область,RU,Volga,Clerical support workers,4,32794.0,RUB,monthly,average_monthly_nominal_accrued_wage_october_survey,biennial_occupation_survey_57T,2023,,RU-FD-Volga,OKZ,federal_subject,https://rosstat.gov.ru/storage/mediabank/sved_57-t_2023.rar,2026-07-29
73,1,Ulyanovsk Oblast,Ульяновская область,RU,Volga,Service and sales workers,5,32868.0,RUB,monthly,average_monthly_nominal_accrued_wage_october_survey,biennial_occupation_survey_57T,2023,,RU-FD-Volga,OKZ,federal_subject,https://rosstat.gov.ru/storage/mediabank/sved_57-t_2023.rar,2026-07-29
73,1,Ulyanovsk Oblast,Ульяновская область,RU,Volga,"Skilled agricultural, forestry and fishery workers",6,40535.0,RUB,monthly,average_monthly_nominal_accrued_wage_october_survey,biennial_occupation_survey_57T,2023,,RU-FD-Volga,OKZ,federal_subject,https://rosstat.gov.ru/storage/mediabank/sved_57-t_2023.rar,2026-07-29
73,1,Ulyanovsk Oblast,Ульяновская область,RU,Volga,Craft and related trades workers,7,61485.0,RUB,monthly,average_monthly_nominal_accrued_wage_october_survey,biennial_occupation_survey_57T,2023,,RU-FD-Volga,OKZ,federal_subject,https://rosstat.gov.ru/storage/mediabank/sved_57-t_2023.rar,2026-07-29
73,1,Ulyanovsk Oblast,Ульяновская область,RU,Volga,Plant and machine operators and assemblers,8,54583.0,RUB,monthly,average_monthly_nominal_accrued_wage_october_survey,biennial_occupation_survey_57T,2023,,RU-FD-Volga,OKZ,federal_subject,https://rosstat.gov.ru/storage/mediabank/sved_57-t_2023.rar,2026-07-29
73,1,Ulyanovsk Oblast,Ульяновская область,RU,Volga,Elementary occupations,9,27651.0,RUB,monthly,average_monthly_nominal_accrued_wage_october_survey,biennial_occupation_survey_57T,2023,,RU-FD-Volga,OKZ,federal_subject,https://rosstat.gov.ru/storage/mediabank/sved_57-t_2023.rar,2026-07-29
RU-FD-Ural,0,Ural Federal District,Уральский федеральный округ,RU,Ural,Total,,79815.0,RUB,monthly,average_monthly_nominal_accrued_wage_october_survey,biennial_occupation_survey_57T,2023,,RU-NAT,OKZ,federal_district,https://rosstat.gov.ru/storage/mediabank/sved_57-t_2023.rar,2026-07-29
RU-FD-Ural,0,Ural Federal District,Уральский федеральный округ,RU,Ural,Managers,1,135689.0,RUB,monthly,average_monthly_nominal_accrued_wage_october_survey,biennial_occupation_survey_57T,2023,,RU-NAT,OKZ,federal_district,https://rosstat.gov.ru/storage/mediabank/sved_57-t_2023.rar,2026-07-29
RU-FD-Ural,0,Ural Federal District,Уральский федеральный округ,RU,Ural,Professionals,2,81481.0,RUB,monthly,average_monthly_nominal_accrued_wage_october_survey,biennial_occupation_survey_57T,2023,,RU-NAT,OKZ,federal_district,https://rosstat.gov.ru/storage/mediabank/sved_57-t_2023.rar,2026-07-29
RU-FD-Ural,0,Ural Federal District,Уральский федеральный округ,RU,Ural,Technicians and associate professionals,3,77757.0,RUB,monthly,average_monthly_nominal_accrued_wage_october_survey,biennial_occupation_survey_57T,2023,,RU-NAT,OKZ,federal_district,https://rosstat.gov.ru/storage/mediabank/sved_57-t_2023.rar,2026-07-29
RU-FD-Ural,0,Ural Federal District,Уральский федеральный округ,RU,Ural,Clerical support workers,4,52058.0,RUB,monthly,average_monthly_nominal_accrued_wage_october_survey,biennial_occupation_survey_57T,2023,,RU-NAT,OKZ,federal_district,https://rosstat.gov.ru/storage/mediabank/sved_57-t_2023.rar,2026-07-29
RU-FD-Ural,0,Ural Federal District,Уральский федеральный округ,RU,Ural,Service and sales workers,5,51196.0,RUB,monthly,average_monthly_nominal_accrued_wage_october_survey,biennial_occupation_survey_57T,2023,,RU-NAT,OKZ,federal_district,https://rosstat.gov.ru/storage/mediabank/sved_57-t_2023.rar,2026-07-29
RU-FD-Ural,0,Ural Federal District,Уральский федеральный округ,RU,Ural,"Skilled agricultural, forestry and fishery workers",6,54950.0,RUB,monthly,average_monthly_nominal_accrued_wage_october_survey,biennial_occupation_survey_57T,2023,,RU-NAT,OKZ,federal_district,https://rosstat.gov.ru/storage/mediabank/sved_57-t_2023.rar,2026-07-29
RU-FD-Ural,0,Ural Federal District,Уральский федеральный округ,RU,Ural,Craft and related trades workers,7,81915.0,RUB,monthly,average_monthly_nominal_accrued_wage_october_survey,biennial_occupation_survey_57T,2023,,RU-NAT,OKZ,federal_district,https://rosstat.gov.ru/storage/mediabank/sved_57-t_2023.rar,2026-07-29
RU-FD-Ural,0,Ural Federal District,Уральский федеральный округ,RU,Ural,Plant and machine operators and assemblers,8,84932.0,RUB,monthly,average_monthly_nominal_accrued_wage_october_survey,biennial_occupation_survey_57T,2023,,RU-NAT,OKZ,federal_district,https://rosstat.gov.ru/storage/mediabank/sved_57-t_2023.rar,2026-07-29
RU-FD-Ural,0,Ural Federal District,Уральский федеральный округ,RU,Ural,Elementary occupations,9,40365.0,RUB,monthly,average_monthly_nominal_accrued_wage_october_survey,biennial_occupation_survey_57T,2023,,RU-NAT,OKZ,federal_district,https://rosstat.gov.ru/storage/mediabank/sved_57-t_2023.rar,2026-07-29
37,1,Kurgan Oblast,Курганская область,RU,Ural,Total,,50672.0,RUB,monthly,average_monthly_nominal_accrued_wage_october_survey,biennial_occupation_survey_57T,2023,,RU-FD-Ural,OKZ,federal_subject,https://rosstat.gov.ru/storage/mediabank/sved_57-t_2023.rar,2026-07-29
37,1,Kurgan Oblast,Курганская область,RU,Ural,Managers,1,80823.0,RUB,monthly,average_monthly_nominal_accrued_wage_october_survey,biennial_occupation_survey_57T,2023,,RU-FD-Ural,OKZ,federal_subject,https://rosstat.gov.ru/storage/mediabank/sved_57-t_2023.rar,2026-07-29
37,1,Kurgan Oblast,Курганская область,RU,Ural,Professionals,2,48653.0,RUB,monthly,average_monthly_nominal_accrued_wage_october_survey,biennial_occupation_survey_57T,2023,,RU-FD-Ural,OKZ,federal_subject,https://rosstat.gov.ru/storage/mediabank/sved_57-t_2023.rar,2026-07-29
37,1,Kurgan Oblast,Курганская область,RU,Ural,Technicians and associate professionals,3,45133.0,RUB,monthly,average_monthly_nominal_accrued_wage_october_survey,biennial_occupation_survey_57T,2023,,RU-FD-Ural,OKZ,federal_subject,https://rosstat.gov.ru/storage/mediabank/sved_57-t_2023.rar,2026-07-29
37,1,Kurgan Oblast,Курганская область,RU,Ural,Clerical support workers,4,34406.0,RUB,monthly,average_monthly_nominal_accrued_wage_october_survey,biennial_occupation_survey_57T,2023,,RU-FD-Ural,OKZ,federal_subject,https://rosstat.gov.ru/storage/mediabank/sved_57-t_2023.rar,2026-07-29
37,1,Kurgan Oblast,Курганская область,RU,Ural,Service and sales workers,5,37650.0,RUB,monthly,average_monthly_nominal_accrued_wage_october_survey,biennial_occupation_survey_57T,2023,,RU-FD-Ural,OKZ,federal_subject,https://rosstat.gov.ru/storage/mediabank/sved_57-t_2023.rar,2026-07-29
37,1,Kurgan Oblast,Курганская область,RU,Ural,"Skilled agricultural, forestry and fishery workers",6,28200.0,RUB,monthly,average_monthly_nominal_accrued_wage_october_survey,biennial_occupation_survey_57T,2023,,RU-FD-Ural,OKZ,federal_subject,https://rosstat.gov.ru/storage/mediabank/sved_57-t_2023.rar,2026-07-29
37,1,Kurgan Oblast,Курганская область,RU,Ural,Craft and related trades workers,7,69459.0,RUB,monthly,average_monthly_nominal_accrued_wage_october_survey,biennial_occupation_survey_57T,2023,,RU-FD-Ural,OKZ,federal_subject,https://rosstat.gov.ru/storage/mediabank/sved_57-t_2023.rar,2026-07-29
37,1,Kurgan Oblast,Курганская область,RU,Ural,Plant and machine operators and assemblers,8,55803.0,RUB,monthly,average_monthly_nominal_accrued_wage_october_survey,biennial_occupation_survey_57T,2023,,RU-FD-Ural,OKZ,federal_subject,https://rosstat.gov.ru/storage/mediabank/sved_57-t_2023.rar,2026-07-29
37,1,Kurgan Oblast,Курганская область,RU,Ural,Elementary occupations,9,27401.0,RUB,monthly,average_monthly_nominal_accrued_wage_october_survey,biennial_occupation_survey_57T,2023,,RU-FD-Ural,OKZ,federal_subject,https://rosstat.gov.ru/storage/mediabank/sved_57-t_2023.rar,2026-07-29
65,1,Sverdlovsk Oblast,Свердловская область,RU,Ural,Total,,68288.0,RUB,monthly,average_monthly_nominal_accrued_wage_october_survey,biennial_occupation_survey_57T,2023,,RU-FD-Ural,OKZ,federal_subject,https://rosstat.gov.ru/storage/mediabank/sved_57-t_2023.rar,2026-07-29
65,1,Sverdlovsk Oblast,Свердловская область,RU,Ural,Managers,1,121325.0,RUB,monthly,average_monthly_nominal_accrued_wage_october_survey,biennial_occupation_survey_57T,2023,,RU-FD-Ural,OKZ,federal_subject,https://rosstat.gov.ru/storage/mediabank/sved_57-t_2023.rar,2026-07-29
65,1,Sverdlovsk Oblast,Свердловская область,RU,Ural,Professionals,2,71298.0,RUB,monthly,average_monthly_nominal_accrued_wage_october_survey,biennial_occupation_survey_57T,2023,,RU-FD-Ural,OKZ,federal_subject,https://rosstat.gov.ru/storage/mediabank/sved_57-t_2023.rar,2026-07-29
65,1,Sverdlovsk Oblast,Свердловская область,RU,Ural,Technicians and associate professionals,3,63934.0,RUB,monthly,average_monthly_nominal_accrued_wage_october_survey,biennial_occupation_survey_57T,2023,,RU-FD-Ural,OKZ,federal_subject,https://rosstat.gov.ru/storage/mediabank/sved_57-t_2023.rar,2026-07-29
65,1,Sverdlovsk Oblast,Свердловская область,RU,Ural,Clerical support workers,4,46214.0,RUB,monthly,average_monthly_nominal_accrued_wage_october_survey,biennial_occupation_survey_57T,2023,,RU-FD-Ural,OKZ,federal_subject,https://rosstat.gov.ru/storage/mediabank/sved_57-t_2023.rar,2026-07-29
65,1,Sverdlovsk Oblast,Свердловская область,RU,Ural,Service and sales workers,5,44699.0,RUB,monthly,average_monthly_nominal_accrued_wage_october_survey,biennial_occupation_survey_57T,2023,,RU-FD-Ural,OKZ,federal_subject,https://rosstat.gov.ru/storage/mediabank/sved_57-t_2023.rar,2026-07-29
65,1,Sverdlovsk Oblast,Свердловская область,RU,Ural,"Skilled agricultural, forestry and fishery workers",6,50675.0,RUB,monthly,average_monthly_nominal_accrued_wage_october_survey,biennial_occupation_survey_57T,2023,,RU-FD-Ural,OKZ,federal_subject,https://rosstat.gov.ru/storage/mediabank/sved_57-t_2023.rar,2026-07-29
65,1,Sverdlovsk Oblast,Свердловская область,RU,Ural,Craft and related trades workers,7,71674.0,RUB,monthly,average_monthly_nominal_accrued_wage_october_survey,biennial_occupation_survey_57T,2023,,RU-FD-Ural,OKZ,federal_subject,https://rosstat.gov.ru/storage/mediabank/sved_57-t_2023.rar,2026-07-29
65,1,Sverdlovsk Oblast,Свердловская область,RU,Ural,Plant and machine operators and assemblers,8,67025.0,RUB,monthly,average_monthly_nominal_accrued_wage_october_survey,biennial_occupation_survey_57T,2023,,RU-FD-Ural,OKZ,federal_subject,https://rosstat.gov.ru/storage/mediabank/sved_57-t_2023.rar,2026-07-29
65,1,Sverdlovsk Oblast,Свердловская область,RU,Ural,Elementary occupations,9,35946.0,RUB,monthly,average_monthly_nominal_accrued_wage_october_survey,biennial_occupation_survey_57T,2023,,RU-FD-Ural,OKZ,federal_subject,https://rosstat.gov.ru/storage/mediabank/sved_57-t_2023.rar,2026-07-29
71,1,Tyumen Oblast,Тюменская область,RU,Ural,Total,,102979.0,RUB,monthly,average_monthly_nominal_accrued_wage_october_survey,biennial_occupation_survey_57T,2023,,RU-FD-Ural,OKZ,federal_subject,https://rosstat.gov.ru/storage/mediabank/sved_57-t_2023.rar,2026-07-29
71,1,Tyumen Oblast,Тюменская область,RU,Ural,Managers,1,170815.0,RUB,monthly,average_monthly_nominal_accrued_wage_october_survey,biennial_occupation_survey_57T,2023,,RU-FD-Ural,OKZ,federal_subject,https://rosstat.gov.ru/storage/mediabank/sved_57-t_2023.rar,2026-07-29
71,1,Tyumen Oblast,Тюменская область,RU,Ural,Professionals,2,107405.0,RUB,monthly,average_monthly_nominal_accrued_wage_october_survey,biennial_occupation_survey_57T,2023,,RU-FD-Ural,OKZ,federal_subject,https://rosstat.gov.ru/storage/mediabank/sved_57-t_2023.rar,2026-07-29
71,1,Tyumen Oblast,Тюменская область,RU,Ural,Technicians and associate professionals,3,105773.0,RUB,monthly,average_monthly_nominal_accrued_wage_october_survey,biennial_occupation_survey_57T,2023,,RU-FD-Ural,OKZ,federal_subject,https://rosstat.gov.ru/storage/mediabank/sved_57-t_2023.rar,2026-07-29
71,1,Tyumen Oblast,Тюменская область,RU,Ural,Clerical support workers,4,64537.0,RUB,monthly,average_monthly_nominal_accrued_wage_october_survey,biennial_occupation_survey_57T,2023,,RU-FD-Ural,OKZ,federal_subject,https://rosstat.gov.ru/storage/mediabank/sved_57-t_2023.rar,2026-07-29
71,1,Tyumen Oblast,Тюменская область,RU,Ural,Service and sales workers,5,67810.0,RUB,monthly,average_monthly_nominal_accrued_wage_october_survey,biennial_occupation_survey_57T,2023,,RU-FD-Ural,OKZ,federal_subject,https://rosstat.gov.ru/storage/mediabank/sved_57-t_2023.rar,2026-07-29
71,1,Tyumen Oblast,Тюменская область,RU,Ural,"Skilled agricultural, forestry and fishery workers",6,64454.0,RUB,monthly,average_monthly_nominal_accrued_wage_october_survey,biennial_occupation_survey_57T,2023,,RU-FD-Ural,OKZ,federal_subject,https://rosstat.gov.ru/storage/mediabank/sved_57-t_2023.rar,2026-07-29
71,1,Tyumen Oblast,Тюменская область,RU,Ural,Craft and related trades workers,7,99848.0,RUB,monthly,average_monthly_nominal_accrued_wage_october_survey,biennial_occupation_survey_57T,2023,,RU-FD-Ural,OKZ,federal_subject,https://rosstat.gov.ru/storage/mediabank/sved_57-t_2023.rar,2026-07-29
71,1,Tyumen Oblast,Тюменская область,RU,Ural,Plant and machine operators and assemblers,8,104989.0,RUB,monthly,average_monthly_nominal_accrued_wage_october_survey,biennial_occupation_survey_57T,2023,,RU-FD-Ural,OKZ,federal_subject,https://rosstat.gov.ru/storage/mediabank/sved_57-t_2023.rar,2026-07-29
71,1,Tyumen Oblast,Тюменская область,RU,Ural,Elementary occupations,9,52103.0,RUB,monthly,average_monthly_nominal_accrued_wage_october_survey,biennial_occupation_survey_57T,2023,,RU-FD-Ural,OKZ,federal_subject,https://rosstat.gov.ru/storage/mediabank/sved_57-t_2023.rar,2026-07-29
75,1,Chelyabinsk Oblast,Челябинская область,RU,Ural,Total,,61272.0,RUB,monthly,average_monthly_nominal_accrued_wage_october_survey,biennial_occupation_survey_57T,2023,,RU-FD-Ural,OKZ,federal_subject,https://rosstat.gov.ru/storage/mediabank/sved_57-t_2023.rar,2026-07-29
75,1,Chelyabinsk Oblast,Челябинская область,RU,Ural,Managers,1,106738.0,RUB,monthly,average_monthly_nominal_accrued_wage_october_survey,biennial_occupation_survey_57T,2023,,RU-FD-Ural,OKZ,federal_subject,https://rosstat.gov.ru/storage/mediabank/sved_57-t_2023.rar,2026-07-29
75,1,Chelyabinsk Oblast,Челябинская область,RU,Ural,Professionals,2,59995.0,RUB,monthly,average_monthly_nominal_accrued_wage_october_survey,biennial_occupation_survey_57T,2023,,RU-FD-Ural,OKZ,federal_subject,https://rosstat.gov.ru/storage/mediabank/sved_57-t_2023.rar,2026-07-29
75,1,Chelyabinsk Oblast,Челябинская область,RU,Ural,Technicians and associate professionals,3,56396.0,RUB,monthly,average_monthly_nominal_accrued_wage_october_survey,biennial_occupation_survey_57T,2023,,RU-FD-Ural,OKZ,federal_subject,https://rosstat.gov.ru/storage/mediabank/sved_57-t_2023.rar,2026-07-29
75,1,Chelyabinsk Oblast,Челябинская область,RU,Ural,Clerical support workers,4,41817.0,RUB,monthly,average_monthly_nominal_accrued_wage_october_survey,biennial_occupation_survey_57T,2023,,RU-FD-Ural,OKZ,federal_subject,https://rosstat.gov.ru/storage/mediabank/sved_57-t_2023.rar,2026-07-29
75,1,Chelyabinsk Oblast,Челябинская область,RU,Ural,Service and sales workers,5,38570.0,RUB,monthly,average_monthly_nominal_accrued_wage_october_survey,biennial_occupation_survey_57T,2023,,RU-FD-Ural,OKZ,federal_subject,https://rosstat.gov.ru/storage/mediabank/sved_57-t_2023.rar,2026-07-29
75,1,Chelyabinsk Oblast,Челябинская область,RU,Ural,"Skilled agricultural, forestry and fishery workers",6,49844.0,RUB,monthly,average_monthly_nominal_accrued_wage_october_survey,biennial_occupation_survey_57T,2023,,RU-FD-Ural,OKZ,federal_subject,https://rosstat.gov.ru/storage/mediabank/sved_57-t_2023.rar,2026-07-29
75,1,Chelyabinsk Oblast,Челябинская область,RU,Ural,Craft and related trades workers,7,68028.0,RUB,monthly,average_monthly_nominal_accrued_wage_october_survey,biennial_occupation_survey_57T,2023,,RU-FD-Ural,OKZ,federal_subject,https://rosstat.gov.ru/storage/mediabank/sved_57-t_2023.rar,2026-07-29
75,1,Chelyabinsk Oblast,Челябинская область,RU,Ural,Plant and machine operators and assemblers,8,65125.0,RUB,monthly,average_monthly_nominal_accrued_wage_october_survey,biennial_occupation_survey_57T,2023,,RU-FD-Ural,OKZ,federal_subject,https://rosstat.gov.ru/storage/mediabank/sved_57-t_2023.rar,2026-07-29
75,1,Chelyabinsk Oblast,Челябинская область,RU,Ural,Elementary occupations,9,34879.0,RUB,monthly,average_monthly_nominal_accrued_wage_october_survey,biennial_occupation_survey_57T,2023,,RU-FD-Ural,OKZ,federal_subject,https://rosstat.gov.ru/storage/mediabank/sved_57-t_2023.rar,2026-07-29
RU-FD-Siberian,0,Siberian Federal District,Сибирский федеральный округ,RU,Siberian,Total,,67268.0,RUB,monthly,average_monthly_nominal_accrued_wage_october_survey,biennial_occupation_survey_57T,2023,,RU-NAT,OKZ,federal_district,https://rosstat.gov.ru/storage/mediabank/sved_57-t_2023.rar,2026-07-29
RU-FD-Siberian,0,Siberian Federal District,Сибирский федеральный округ,RU,Siberian,Managers,1,113831.0,RUB,monthly,average_monthly_nominal_accrued_wage_october_survey,biennial_occupation_survey_57T,2023,,RU-NAT,OKZ,federal_district,https://rosstat.gov.ru/storage/mediabank/sved_57-t_2023.rar,2026-07-29
RU-FD-Siberian,0,Siberian Federal District,Сибирский федеральный округ,RU,Siberian,Professionals,2,68829.0,RUB,monthly,average_monthly_nominal_accrued_wage_october_survey,biennial_occupation_survey_57T,2023,,RU-NAT,OKZ,federal_district,https://rosstat.gov.ru/storage/mediabank/sved_57-t_2023.rar,2026-07-29
RU-FD-Siberian,0,Siberian Federal District,Сибирский федеральный округ,RU,Siberian,Technicians and associate professionals,3,64252.0,RUB,monthly,average_monthly_nominal_accrued_wage_october_survey,biennial_occupation_survey_57T,2023,,RU-NAT,OKZ,federal_district,https://rosstat.gov.ru/storage/mediabank/sved_57-t_2023.rar,2026-07-29
RU-FD-Siberian,0,Siberian Federal District,Сибирский федеральный округ,RU,Siberian,Clerical support workers,4,46917.0,RUB,monthly,average_monthly_nominal_accrued_wage_october_survey,biennial_occupation_survey_57T,2023,,RU-NAT,OKZ,federal_district,https://rosstat.gov.ru/storage/mediabank/sved_57-t_2023.rar,2026-07-29
RU-FD-Siberian,0,Siberian Federal District,Сибирский федеральный округ,RU,Siberian,Service and sales workers,5,43339.0,RUB,monthly,average_monthly_nominal_accrued_wage_october_survey,biennial_occupation_survey_57T,2023,,RU-NAT,OKZ,federal_district,https://rosstat.gov.ru/storage/mediabank/sved_57-t_2023.rar,2026-07-29
RU-FD-Siberian,0,Siberian Federal District,Сибирский федеральный округ,RU,Siberian,"Skilled agricultural, forestry and fishery workers",6,48103.0,RUB,monthly,average_monthly_nominal_accrued_wage_october_survey,biennial_occupation_survey_57T,2023,,RU-NAT,OKZ,federal_district,https://rosstat.gov.ru/storage/mediabank/sved_57-t_2023.rar,2026-07-29
RU-FD-Siberian,0,Siberian Federal District,Сибирский федеральный округ,RU,Siberian,Craft and related trades workers,7,74097.0,RUB,monthly,average_monthly_nominal_accrued_wage_october_survey,biennial_occupation_survey_57T,2023,,RU-NAT,OKZ,federal_district,https://rosstat.gov.ru/storage/mediabank/sved_57-t_2023.rar,2026-07-29
RU-FD-Siberian,0,Siberian Federal District,Сибирский федеральный округ,RU,Siberian,Plant and machine operators and assemblers,8,73718.0,RUB,monthly,average_monthly_nominal_accrued_wage_october_survey,biennial_occupation_survey_57T,2023,,RU-NAT,OKZ,federal_district,https://rosstat.gov.ru/storage/mediabank/sved_57-t_2023.rar,2026-07-29
RU-FD-Siberian,0,Siberian Federal District,Сибирский федеральный округ,RU,Siberian,Elementary occupations,9,36806.0,RUB,monthly,average_monthly_nominal_accrued_wage_october_survey,biennial_occupation_survey_57T,2023,,RU-NAT,OKZ,federal_district,https://rosstat.gov.ru/storage/mediabank/sved_57-t_2023.rar,2026-07-29
84,1,Altai Republic,Республика Алтай,RU,Siberian,Total,,44529.0,RUB,monthly,average_monthly_nominal_accrued_wage_october_survey,biennial_occupation_survey_57T,2023,,RU-FD-Siberian,OKZ,federal_subject,https://rosstat.gov.ru/storage/mediabank/sved_57-t_2023.rar,2026-07-29
84,1,Altai Republic,Республика Алтай,RU,Siberian,Managers,1,68390.0,RUB,monthly,average_monthly_nominal_accrued_wage_october_survey,biennial_occupation_survey_57T,2023,,RU-FD-Siberian,OKZ,federal_subject,https://rosstat.gov.ru/storage/mediabank/sved_57-t_2023.rar,2026-07-29
84,1,Altai Republic,Республика Алтай,RU,Siberian,Professionals,2,45991.0,RUB,monthly,average_monthly_nominal_accrued_wage_october_survey,biennial_occupation_survey_57T,2023,,RU-FD-Siberian,OKZ,federal_subject,https://rosstat.gov.ru/storage/mediabank/sved_57-t_2023.rar,2026-07-29
84,1,Altai Republic,Республика Алтай,RU,Siberian,Technicians and associate professionals,3,46607.0,RUB,monthly,average_monthly_nominal_accrued_wage_october_survey,biennial_occupation_survey_57T,2023,,RU-FD-Siberian,OKZ,federal_subject,https://rosstat.gov.ru/storage/mediabank/sved_57-t_2023.rar,2026-07-29
84,1,Altai Republic,Республика Алтай,RU,Siberian,Clerical support workers,4,36335.0,RUB,monthly,average_monthly_nominal_accrued_wage_october_survey,biennial_occupation_survey_57T,2023,,RU-FD-Siberian,OKZ,federal_subject,https://rosstat.gov.ru/storage/mediabank/sved_57-t_2023.rar,2026-07-29
84,1,Altai Republic,Республика Алтай,RU,Siberian,Service and sales workers,5,33758.0,RUB,monthly,average_monthly_nominal_accrued_wage_october_survey,biennial_occupation_survey_57T,2023,,RU-FD-Siberian,OKZ,federal_subject,https://rosstat.gov.ru/storage/mediabank/sved_57-t_2023.rar,2026-07-29
84,1,Altai Republic,Республика Алтай,RU,Siberian,"Skilled agricultural, forestry and fishery workers",6,30496.0,RUB,monthly,average_monthly_nominal_accrued_wage_october_survey,biennial_occupation_survey_57T,2023,,RU-FD-Siberian,OKZ,federal_subject,https://rosstat.gov.ru/storage/mediabank/sved_57-t_2023.rar,2026-07-29
84,1,Altai Republic,Республика Алтай,RU,Siberian,Craft and related trades workers,7,47718.0,RUB,monthly,average_monthly_nominal_accrued_wage_october_survey,biennial_occupation_survey_57T,2023,,RU-FD-Siberian,OKZ,federal_subject,https://rosstat.gov.ru/storage/mediabank/sved_57-t_2023.rar,2026-07-29
84,1,Altai Republic,Республика Алтай,RU,Siberian,Plant and machine operators and assemblers,8,41862.0,RUB,monthly,average_monthly_nominal_accrued_wage_october_survey,biennial_occupation_survey_57T,2023,,RU-FD-Siberian,OKZ,federal_subject,https://rosstat.gov.ru/storage/mediabank/sved_57-t_2023.rar,2026-07-29
84,1,Altai Republic,Республика Алтай,RU,Siberian,Elementary occupations,9,31679.0,RUB,monthly,average_monthly_nominal_accrued_wage_october_survey,biennial_occupation_survey_57T,2023,,RU-FD-Siberian,OKZ,federal_subject,https://rosstat.gov.ru/storage/mediabank/sved_57-t_2023.rar,2026-07-29
93,1,Tyva Republic,Республика Тыва,RU,Siberian,Total,,47963.0,RUB,monthly,average_monthly_nominal_accrued_wage_october_survey,biennial_occupation_survey_57T,2023,,RU-FD-Siberian,OKZ,federal_subject,https://rosstat.gov.ru/storage/mediabank/sved_57-t_2023.rar,2026-07-29
93,1,Tyva Republic,Республика Тыва,RU,Siberian,Managers,1,65925.0,RUB,monthly,average_monthly_nominal_accrued_wage_october_survey,biennial_occupation_survey_57T,2023,,RU-FD-Siberian,OKZ,federal_subject,https://rosstat.gov.ru/storage/mediabank/sved_57-t_2023.rar,2026-07-29
93,1,Tyva Republic,Республика Тыва,RU,Siberian,Professionals,2,52105.0,RUB,monthly,average_monthly_nominal_accrued_wage_october_survey,biennial_occupation_survey_57T,2023,,RU-FD-Siberian,OKZ,federal_subject,https://rosstat.gov.ru/storage/mediabank/sved_57-t_2023.rar,2026-07-29
93,1,Tyva Republic,Республика Тыва,RU,Siberian,Technicians and associate professionals,3,48255.0,RUB,monthly,average_monthly_nominal_accrued_wage_october_survey,biennial_occupation_survey_57T,2023,,RU-FD-Siberian,OKZ,federal_subject,https://rosstat.gov.ru/storage/mediabank/sved_57-t_2023.rar,2026-07-29
93,1,Tyva Republic,Республика Тыва,RU,Siberian,Clerical support workers,4,39232.0,RUB,monthly,average_monthly_nominal_accrued_wage_october_survey,biennial_occupation_survey_57T,2023,,RU-FD-Siberian,OKZ,federal_subject,https://rosstat.gov.ru/storage/mediabank/sved_57-t_2023.rar,2026-07-29
93,1,Tyva Republic,Республика Тыва,RU,Siberian,Service and sales workers,5,34212.0,RUB,monthly,average_monthly_nominal_accrued_wage_october_survey,biennial_occupation_survey_57T,2023,,RU-FD-Siberian,OKZ,federal_subject,https://rosstat.gov.ru/storage/mediabank/sved_57-t_2023.rar,2026-07-29
93,1,Tyva Republic,Республика Тыва,RU,Siberian,"Skilled agricultural, forestry and fishery workers",6,30957.0,RUB,monthly,average_monthly_nominal_accrued_wage_october_survey,biennial_occupation_survey_57T,2023,,RU-FD-Siberian,OKZ,federal_subject,https://rosstat.gov.ru/storage/mediabank/sved_57-t_2023.rar,2026-07-29
93,1,Tyva Republic,Республика Тыва,RU,Siberian,Craft and related trades workers,7,57326.0,RUB,monthly,average_monthly_nominal_accrued_wage_october_survey,biennial_occupation_survey_57T,2023,,RU-FD-Siberian,OKZ,federal_subject,https://rosstat.gov.ru/storage/mediabank/sved_57-t_2023.rar,2026-07-29
93,1,Tyva Republic,Республика Тыва,RU,Siberian,Plant and machine operators and assemblers,8,50851.0,RUB,monthly,average_monthly_nominal_accrued_wage_october_survey,biennial_occupation_survey_57T,2023,,RU-FD-Siberian,OKZ,federal_subject,https://rosstat.gov.ru/storage/mediabank/sved_57-t_2023.rar,2026-07-29
93,1,Tyva Republic,Республика Тыва,RU,Siberian,Elementary occupations,9,35955.0,RUB,monthly,average_monthly_nominal_accrued_wage_october_survey,biennial_occupation_survey_57T,2023,,RU-FD-Siberian,OKZ,federal_subject,https://rosstat.gov.ru/storage/mediabank/sved_57-t_2023.rar,2026-07-29
95,1,Republic of Khakassia,Республика Хакасия,RU,Siberian,Total,,59375.0,RUB,monthly,average_monthly_nominal_accrued_wage_october_survey,biennial_occupation_survey_57T,2023,,RU-FD-Siberian,OKZ,federal_subject,https://rosstat.gov.ru/storage/mediabank/sved_57-t_2023.rar,2026-07-29
95,1,Republic of Khakassia,Республика Хакасия,RU,Siberian,Managers,1,91576.0,RUB,monthly,average_monthly_nominal_accrued_wage_october_survey,biennial_occupation_survey_57T,2023,,RU-FD-Siberian,OKZ,federal_subject,https://rosstat.gov.ru/storage/mediabank/sved_57-t_2023.rar,2026-07-29
95,1,Republic of Khakassia,Республика Хакасия,RU,Siberian,Professionals,2,58036.0,RUB,monthly,average_monthly_nominal_accrued_wage_october_survey,biennial_occupation_survey_57T,2023,,RU-FD-Siberian,OKZ,federal_subject,https://rosstat.gov.ru/storage/mediabank/sved_57-t_2023.rar,2026-07-29
95,1,Republic of Khakassia,Республика Хакасия,RU,Siberian,Technicians and associate professionals,3,58322.0,RUB,monthly,average_monthly_nominal_accrued_wage_october_survey,biennial_occupation_survey_57T,2023,,RU-FD-Siberian,OKZ,federal_subject,https://rosstat.gov.ru/storage/mediabank/sved_57-t_2023.rar,2026-07-29
95,1,Republic of Khakassia,Республика Хакасия,RU,Siberian,Clerical support workers,4,49597.0,RUB,monthly,average_monthly_nominal_accrued_wage_october_survey,biennial_occupation_survey_57T,2023,,RU-FD-Siberian,OKZ,federal_subject,https://rosstat.gov.ru/storage/mediabank/sved_57-t_2023.rar,2026-07-29
95,1,Republic of Khakassia,Республика Хакасия,RU,Siberian,Service and sales workers,5,35555.0,RUB,monthly,average_monthly_nominal_accrued_wage_october_survey,biennial_occupation_survey_57T,2023,,RU-FD-Siberian,OKZ,federal_subject,https://rosstat.gov.ru/storage/mediabank/sved_57-t_2023.rar,2026-07-29
95,1,Republic of Khakassia,Республика Хакасия,RU,Siberian,"Skilled agricultural, forestry and fishery workers",6,43379.0,RUB,monthly,average_monthly_nominal_accrued_wage_october_survey,biennial_occupation_survey_57T,2023,,RU-FD-Siberian,OKZ,federal_subject,https://rosstat.gov.ru/storage/mediabank/sved_57-t_2023.rar,2026-07-29
95,1,Republic of Khakassia,Республика Хакасия,RU,Siberian,Craft and related trades workers,7,67297.0,RUB,monthly,average_monthly_nominal_accrued_wage_october_survey,biennial_occupation_survey_57T,2023,,RU-FD-Siberian,OKZ,federal_subject,https://rosstat.gov.ru/storage/mediabank/sved_57-t_2023.rar,2026-07-29
95,1,Republic of Khakassia,Республика Хакасия,RU,Siberian,Plant and machine operators and assemblers,8,70712.0,RUB,monthly,average_monthly_nominal_accrued_wage_october_survey,biennial_occupation_survey_57T,2023,,RU-FD-Siberian,OKZ,federal_subject,https://rosstat.gov.ru/storage/mediabank/sved_57-t_2023.rar,2026-07-29
95,1,Republic of Khakassia,Республика Хакасия,RU,Siberian,Elementary occupations,9,35566.0,RUB,monthly,average_monthly_nominal_accrued_wage_october_survey,biennial_occupation_survey_57T,2023,,RU-FD-Siberian,OKZ,federal_subject,https://rosstat.gov.ru/storage/mediabank/sved_57-t_2023.rar,2026-07-29
01,1,Altai Krai,Алтайский край,RU,Siberian,Total,,46771.0,RUB,monthly,average_monthly_nominal_accrued_wage_october_survey,biennial_occupation_survey_57T,2023,,RU-FD-Siberian,OKZ,federal_subject,https://rosstat.gov.ru/storage/mediabank/sved_57-t_2023.rar,2026-07-29
01,1,Altai Krai,Алтайский край,RU,Siberian,Managers,1,77202.0,RUB,monthly,average_monthly_nominal_accrued_wage_october_survey,biennial_occupation_survey_57T,2023,,RU-FD-Siberian,OKZ,federal_subject,https://rosstat.gov.ru/storage/mediabank/sved_57-t_2023.rar,2026-07-29
01,1,Altai Krai,Алтайский край,RU,Siberian,Professionals,2,48302.0,RUB,monthly,average_monthly_nominal_accrued_wage_october_survey,biennial_occupation_survey_57T,2023,,RU-FD-Siberian,OKZ,federal_subject,https://rosstat.gov.ru/storage/mediabank/sved_57-t_2023.rar,2026-07-29
01,1,Altai Krai,Алтайский край,RU,Siberian,Technicians and associate professionals,3,44407.0,RUB,monthly,average_monthly_nominal_accrued_wage_october_survey,biennial_occupation_survey_57T,2023,,RU-FD-Siberian,OKZ,federal_subject,https://rosstat.gov.ru/storage/mediabank/sved_57-t_2023.rar,2026-07-29
01,1,Altai Krai,Алтайский край,RU,Siberian,Clerical support workers,4,31994.0,RUB,monthly,average_monthly_nominal_accrued_wage_october_survey,biennial_occupation_survey_57T,2023,,RU-FD-Siberian,OKZ,federal_subject,https://rosstat.gov.ru/storage/mediabank/sved_57-t_2023.rar,2026-07-29
01,1,Altai Krai,Алтайский край,RU,Siberian,Service and sales workers,5,32587.0,RUB,monthly,average_monthly_nominal_accrued_wage_october_survey,biennial_occupation_survey_57T,2023,,RU-FD-Siberian,OKZ,federal_subject,https://rosstat.gov.ru/storage/mediabank/sved_57-t_2023.rar,2026-07-29
01,1,Altai Krai,Алтайский край,RU,Siberian,"Skilled agricultural, forestry and fishery workers",6,44576.0,RUB,monthly,average_monthly_nominal_accrued_wage_october_survey,biennial_occupation_survey_57T,2023,,RU-FD-Siberian,OKZ,federal_subject,https://rosstat.gov.ru/storage/mediabank/sved_57-t_2023.rar,2026-07-29
01,1,Altai Krai,Алтайский край,RU,Siberian,Craft and related trades workers,7,52347.0,RUB,monthly,average_monthly_nominal_accrued_wage_october_survey,biennial_occupation_survey_57T,2023,,RU-FD-Siberian,OKZ,federal_subject,https://rosstat.gov.ru/storage/mediabank/sved_57-t_2023.rar,2026-07-29
01,1,Altai Krai,Алтайский край,RU,Siberian,Plant and machine operators and assemblers,8,51781.0,RUB,monthly,average_monthly_nominal_accrued_wage_october_survey,biennial_occupation_survey_57T,2023,,RU-FD-Siberian,OKZ,federal_subject,https://rosstat.gov.ru/storage/mediabank/sved_57-t_2023.rar,2026-07-29
01,1,Altai Krai,Алтайский край,RU,Siberian,Elementary occupations,9,29560.0,RUB,monthly,average_monthly_nominal_accrued_wage_october_survey,biennial_occupation_survey_57T,2023,,RU-FD-Siberian,OKZ,federal_subject,https://rosstat.gov.ru/storage/mediabank/sved_57-t_2023.rar,2026-07-29
04,1,Krasnoyarsk Krai,Красноярский край,RU,Siberian,Total,,80246.0,RUB,monthly,average_monthly_nominal_accrued_wage_october_survey,biennial_occupation_survey_57T,2023,,RU-FD-Siberian,OKZ,federal_subject,https://rosstat.gov.ru/storage/mediabank/sved_57-t_2023.rar,2026-07-29
04,1,Krasnoyarsk Krai,Красноярский край,RU,Siberian,Managers,1,138835.0,RUB,monthly,average_monthly_nominal_accrued_wage_october_survey,biennial_occupation_survey_57T,2023,,RU-FD-Siberian,OKZ,federal_subject,https://rosstat.gov.ru/storage/mediabank/sved_57-t_2023.rar,2026-07-29
04,1,Krasnoyarsk Krai,Красноярский край,RU,Siberian,Professionals,2,82531.0,RUB,monthly,average_monthly_nominal_accrued_wage_october_survey,biennial_occupation_survey_57T,2023,,RU-FD-Siberian,OKZ,federal_subject,https://rosstat.gov.ru/storage/mediabank/sved_57-t_2023.rar,2026-07-29
04,1,Krasnoyarsk Krai,Красноярский край,RU,Siberian,Technicians and associate professionals,3,80150.0,RUB,monthly,average_monthly_nominal_accrued_wage_october_survey,biennial_occupation_survey_57T,2023,,RU-FD-Siberian,OKZ,federal_subject,https://rosstat.gov.ru/storage/mediabank/sved_57-t_2023.rar,2026-07-29
04,1,Krasnoyarsk Krai,Красноярский край,RU,Siberian,Clerical support workers,4,53322.0,RUB,monthly,average_monthly_nominal_accrued_wage_october_survey,biennial_occupation_survey_57T,2023,,RU-FD-Siberian,OKZ,federal_subject,https://rosstat.gov.ru/storage/mediabank/sved_57-t_2023.rar,2026-07-29
04,1,Krasnoyarsk Krai,Красноярский край,RU,Siberian,Service and sales workers,5,53645.0,RUB,monthly,average_monthly_nominal_accrued_wage_october_survey,biennial_occupation_survey_57T,2023,,RU-FD-Siberian,OKZ,federal_subject,https://rosstat.gov.ru/storage/mediabank/sved_57-t_2023.rar,2026-07-29
04,1,Krasnoyarsk Krai,Красноярский край,RU,Siberian,"Skilled agricultural, forestry and fishery workers",6,53204.0,RUB,monthly,average_monthly_nominal_accrued_wage_october_survey,biennial_occupation_survey_57T,2023,,RU-FD-Siberian,OKZ,federal_subject,https://rosstat.gov.ru/storage/mediabank/sved_57-t_2023.rar,2026-07-29
04,1,Krasnoyarsk Krai,Красноярский край,RU,Siberian,Craft and related trades workers,7,86591.0,RUB,monthly,average_monthly_nominal_accrued_wage_october_survey,biennial_occupation_survey_57T,2023,,RU-FD-Siberian,OKZ,federal_subject,https://rosstat.gov.ru/storage/mediabank/sved_57-t_2023.rar,2026-07-29
04,1,Krasnoyarsk Krai,Красноярский край,RU,Siberian,Plant and machine operators and assemblers,8,84209.0,RUB,monthly,average_monthly_nominal_accrued_wage_october_survey,biennial_occupation_survey_57T,2023,,RU-FD-Siberian,OKZ,federal_subject,https://rosstat.gov.ru/storage/mediabank/sved_57-t_2023.rar,2026-07-29
04,1,Krasnoyarsk Krai,Красноярский край,RU,Siberian,Elementary occupations,9,41020.0,RUB,monthly,average_monthly_nominal_accrued_wage_october_survey,biennial_occupation_survey_57T,2023,,RU-FD-Siberian,OKZ,federal_subject,https://rosstat.gov.ru/storage/mediabank/sved_57-t_2023.rar,2026-07-29
25,1,Irkutsk Oblast,Иркутская область,RU,Siberian,Total,,78104.0,RUB,monthly,average_monthly_nominal_accrued_wage_october_survey,biennial_occupation_survey_57T,2023,,RU-FD-Siberian,OKZ,federal_subject,https://rosstat.gov.ru/storage/mediabank/sved_57-t_2023.rar,2026-07-29
25,1,Irkutsk Oblast,Иркутская область,RU,Siberian,Managers,1,125054.0,RUB,monthly,average_monthly_nominal_accrued_wage_october_survey,biennial_occupation_survey_57T,2023,,RU-FD-Siberian,OKZ,federal_subject,https://rosstat.gov.ru/storage/mediabank/sved_57-t_2023.rar,2026-07-29
25,1,Irkutsk Oblast,Иркутская область,RU,Siberian,Professionals,2,79165.0,RUB,monthly,average_monthly_nominal_accrued_wage_october_survey,biennial_occupation_survey_57T,2023,,RU-FD-Siberian,OKZ,federal_subject,https://rosstat.gov.ru/storage/mediabank/sved_57-t_2023.rar,2026-07-29
25,1,Irkutsk Oblast,Иркутская область,RU,Siberian,Technicians and associate professionals,3,75650.0,RUB,monthly,average_monthly_nominal_accrued_wage_october_survey,biennial_occupation_survey_57T,2023,,RU-FD-Siberian,OKZ,federal_subject,https://rosstat.gov.ru/storage/mediabank/sved_57-t_2023.rar,2026-07-29
25,1,Irkutsk Oblast,Иркутская область,RU,Siberian,Clerical support workers,4,52258.0,RUB,monthly,average_monthly_nominal_accrued_wage_october_survey,biennial_occupation_survey_57T,2023,,RU-FD-Siberian,OKZ,federal_subject,https://rosstat.gov.ru/storage/mediabank/sved_57-t_2023.rar,2026-07-29
25,1,Irkutsk Oblast,Иркутская область,RU,Siberian,Service and sales workers,5,47234.0,RUB,monthly,average_monthly_nominal_accrued_wage_october_survey,biennial_occupation_survey_57T,2023,,RU-FD-Siberian,OKZ,federal_subject,https://rosstat.gov.ru/storage/mediabank/sved_57-t_2023.rar,2026-07-29
25,1,Irkutsk Oblast,Иркутская область,RU,Siberian,"Skilled agricultural, forestry and fishery workers",6,58906.0,RUB,monthly,average_monthly_nominal_accrued_wage_october_survey,biennial_occupation_survey_57T,2023,,RU-FD-Siberian,OKZ,federal_subject,https://rosstat.gov.ru/storage/mediabank/sved_57-t_2023.rar,2026-07-29
25,1,Irkutsk Oblast,Иркутская область,RU,Siberian,Craft and related trades workers,7,91488.0,RUB,monthly,average_monthly_nominal_accrued_wage_october_survey,biennial_occupation_survey_57T,2023,,RU-FD-Siberian,OKZ,federal_subject,https://rosstat.gov.ru/storage/mediabank/sved_57-t_2023.rar,2026-07-29
25,1,Irkutsk Oblast,Иркутская область,RU,Siberian,Plant and machine operators and assemblers,8,85889.0,RUB,monthly,average_monthly_nominal_accrued_wage_october_survey,biennial_occupation_survey_57T,2023,,RU-FD-Siberian,OKZ,federal_subject,https://rosstat.gov.ru/storage/mediabank/sved_57-t_2023.rar,2026-07-29
25,1,Irkutsk Oblast,Иркутская область,RU,Siberian,Elementary occupations,9,40804.0,RUB,monthly,average_monthly_nominal_accrued_wage_october_survey,biennial_occupation_survey_57T,2023,,RU-FD-Siberian,OKZ,federal_subject,https://rosstat.gov.ru/storage/mediabank/sved_57-t_2023.rar,2026-07-29
32,1,Kemerovo Oblast,Кемеровская область,RU,Siberian,Total,,67399.0,RUB,monthly,average_monthly_nominal_accrued_wage_october_survey,biennial_occupation_survey_57T,2023,,RU-FD-Siberian,OKZ,federal_subject,https://rosstat.gov.ru/storage/mediabank/sved_57-t_2023.rar,2026-07-29
32,1,Kemerovo Oblast,Кемеровская область,RU,Siberian,Managers,1,113934.0,RUB,monthly,average_monthly_nominal_accrued_wage_october_survey,biennial_occupation_survey_57T,2023,,RU-FD-Siberian,OKZ,federal_subject,https://rosstat.gov.ru/storage/mediabank/sved_57-t_2023.rar,2026-07-29
32,1,Kemerovo Oblast,Кемеровская область,RU,Siberian,Professionals,2,66801.0,RUB,monthly,average_monthly_nominal_accrued_wage_october_survey,biennial_occupation_survey_57T,2023,,RU-FD-Siberian,OKZ,federal_subject,https://rosstat.gov.ru/storage/mediabank/sved_57-t_2023.rar,2026-07-29
32,1,Kemerovo Oblast,Кемеровская область,RU,Siberian,Technicians and associate professionals,3,64030.0,RUB,monthly,average_monthly_nominal_accrued_wage_october_survey,biennial_occupation_survey_57T,2023,,RU-FD-Siberian,OKZ,federal_subject,https://rosstat.gov.ru/storage/mediabank/sved_57-t_2023.rar,2026-07-29
32,1,Kemerovo Oblast,Кемеровская область,RU,Siberian,Clerical support workers,4,47210.0,RUB,monthly,average_monthly_nominal_accrued_wage_october_survey,biennial_occupation_survey_57T,2023,,RU-FD-Siberian,OKZ,federal_subject,https://rosstat.gov.ru/storage/mediabank/sved_57-t_2023.rar,2026-07-29
32,1,Kemerovo Oblast,Кемеровская область,RU,Siberian,Service and sales workers,5,40016.0,RUB,monthly,average_monthly_nominal_accrued_wage_october_survey,biennial_occupation_survey_57T,2023,,RU-FD-Siberian,OKZ,federal_subject,https://rosstat.gov.ru/storage/mediabank/sved_57-t_2023.rar,2026-07-29
32,1,Kemerovo Oblast,Кемеровская область,RU,Siberian,"Skilled agricultural, forestry and fishery workers",6,41927.0,RUB,monthly,average_monthly_nominal_accrued_wage_october_survey,biennial_occupation_survey_57T,2023,,RU-FD-Siberian,OKZ,federal_subject,https://rosstat.gov.ru/storage/mediabank/sved_57-t_2023.rar,2026-07-29
32,1,Kemerovo Oblast,Кемеровская область,RU,Siberian,Craft and related trades workers,7,68657.0,RUB,monthly,average_monthly_nominal_accrued_wage_october_survey,biennial_occupation_survey_57T,2023,,RU-FD-Siberian,OKZ,federal_subject,https://rosstat.gov.ru/storage/mediabank/sved_57-t_2023.rar,2026-07-29
32,1,Kemerovo Oblast,Кемеровская область,RU,Siberian,Plant and machine operators and assemblers,8,78286.0,RUB,monthly,average_monthly_nominal_accrued_wage_october_survey,biennial_occupation_survey_57T,2023,,RU-FD-Siberian,OKZ,federal_subject,https://rosstat.gov.ru/storage/mediabank/sved_57-t_2023.rar,2026-07-29
32,1,Kemerovo Oblast,Кемеровская область,RU,Siberian,Elementary occupations,9,33722.0,RUB,monthly,average_monthly_nominal_accrued_wage_october_survey,biennial_occupation_survey_57T,2023,,RU-FD-Siberian,OKZ,federal_subject,https://rosstat.gov.ru/storage/mediabank/sved_57-t_2023.rar,2026-07-29
50,1,Novosibirsk Oblast,Новосибирская область,RU,Siberian,Total,,69139.0,RUB,monthly,average_monthly_nominal_accrued_wage_october_survey,biennial_occupation_survey_57T,2023,,RU-FD-Siberian,OKZ,federal_subject,https://rosstat.gov.ru/storage/mediabank/sved_57-t_2023.rar,2026-07-29
50,1,Novosibirsk Oblast,Новосибирская область,RU,Siberian,Managers,1,120156.0,RUB,monthly,average_monthly_nominal_accrued_wage_october_survey,biennial_occupation_survey_57T,2023,,RU-FD-Siberian,OKZ,federal_subject,https://rosstat.gov.ru/storage/mediabank/sved_57-t_2023.rar,2026-07-29
50,1,Novosibirsk Oblast,Новосибирская область,RU,Siberian,Professionals,2,74963.0,RUB,monthly,average_monthly_nominal_accrued_wage_october_survey,biennial_occupation_survey_57T,2023,,RU-FD-Siberian,OKZ,federal_subject,https://rosstat.gov.ru/storage/mediabank/sved_57-t_2023.rar,2026-07-29
50,1,Novosibirsk Oblast,Новосибирская область,RU,Siberian,Technicians and associate professionals,3,61896.0,RUB,monthly,average_monthly_nominal_accrued_wage_october_survey,biennial_occupation_survey_57T,2023,,RU-FD-Siberian,OKZ,federal_subject,https://rosstat.gov.ru/storage/mediabank/sved_57-t_2023.rar,2026-07-29
50,1,Novosibirsk Oblast,Новосибирская область,RU,Siberian,Clerical support workers,4,50452.0,RUB,monthly,average_monthly_nominal_accrued_wage_october_survey,biennial_occupation_survey_57T,2023,,RU-FD-Siberian,OKZ,federal_subject,https://rosstat.gov.ru/storage/mediabank/sved_57-t_2023.rar,2026-07-29
50,1,Novosibirsk Oblast,Новосибирская область,RU,Siberian,Service and sales workers,5,47672.0,RUB,monthly,average_monthly_nominal_accrued_wage_october_survey,biennial_occupation_survey_57T,2023,,RU-FD-Siberian,OKZ,federal_subject,https://rosstat.gov.ru/storage/mediabank/sved_57-t_2023.rar,2026-07-29
50,1,Novosibirsk Oblast,Новосибирская область,RU,Siberian,"Skilled agricultural, forestry and fishery workers",6,47229.0,RUB,monthly,average_monthly_nominal_accrued_wage_october_survey,biennial_occupation_survey_57T,2023,,RU-FD-Siberian,OKZ,federal_subject,https://rosstat.gov.ru/storage/mediabank/sved_57-t_2023.rar,2026-07-29
50,1,Novosibirsk Oblast,Новосибирская область,RU,Siberian,Craft and related trades workers,7,68006.0,RUB,monthly,average_monthly_nominal_accrued_wage_october_survey,biennial_occupation_survey_57T,2023,,RU-FD-Siberian,OKZ,federal_subject,https://rosstat.gov.ru/storage/mediabank/sved_57-t_2023.rar,2026-07-29
50,1,Novosibirsk Oblast,Новосибирская область,RU,Siberian,Plant and machine operators and assemblers,8,69619.0,RUB,monthly,average_monthly_nominal_accrued_wage_october_survey,biennial_occupation_survey_57T,2023,,RU-FD-Siberian,OKZ,federal_subject,https://rosstat.gov.ru/storage/mediabank/sved_57-t_2023.rar,2026-07-29
50,1,Novosibirsk Oblast,Новосибирская область,RU,Siberian,Elementary occupations,9,42342.0,RUB,monthly,average_monthly_nominal_accrued_wage_october_survey,biennial_occupation_survey_57T,2023,,RU-FD-Siberian,OKZ,federal_subject,https://rosstat.gov.ru/storage/mediabank/sved_57-t_2023.rar,2026-07-29
52,1,Omsk Oblast,Омская область,RU,Siberian,Total,,54209.0,RUB,monthly,average_monthly_nominal_accrued_wage_october_survey,biennial_occupation_survey_57T,2023,,RU-FD-Siberian,OKZ,federal_subject,https://rosstat.gov.ru/storage/mediabank/sved_57-t_2023.rar,2026-07-29
52,1,Omsk Oblast,Омская область,RU,Siberian,Managers,1,90683.0,RUB,monthly,average_monthly_nominal_accrued_wage_october_survey,biennial_occupation_survey_57T,2023,,RU-FD-Siberian,OKZ,federal_subject,https://rosstat.gov.ru/storage/mediabank/sved_57-t_2023.rar,2026-07-29
52,1,Omsk Oblast,Омская область,RU,Siberian,Professionals,2,54811.0,RUB,monthly,average_monthly_nominal_accrued_wage_october_survey,biennial_occupation_survey_57T,2023,,RU-FD-Siberian,OKZ,federal_subject,https://rosstat.gov.ru/storage/mediabank/sved_57-t_2023.rar,2026-07-29
52,1,Omsk Oblast,Омская область,RU,Siberian,Technicians and associate professionals,3,50111.0,RUB,monthly,average_monthly_nominal_accrued_wage_october_survey,biennial_occupation_survey_57T,2023,,RU-FD-Siberian,OKZ,federal_subject,https://rosstat.gov.ru/storage/mediabank/sved_57-t_2023.rar,2026-07-29
52,1,Omsk Oblast,Омская область,RU,Siberian,Clerical support workers,4,35059.0,RUB,monthly,average_monthly_nominal_accrued_wage_october_survey,biennial_occupation_survey_57T,2023,,RU-FD-Siberian,OKZ,federal_subject,https://rosstat.gov.ru/storage/mediabank/sved_57-t_2023.rar,2026-07-29
52,1,Omsk Oblast,Омская область,RU,Siberian,Service and sales workers,5,35595.0,RUB,monthly,average_monthly_nominal_accrued_wage_october_survey,biennial_occupation_survey_57T,2023,,RU-FD-Siberian,OKZ,federal_subject,https://rosstat.gov.ru/storage/mediabank/sved_57-t_2023.rar,2026-07-29
52,1,Omsk Oblast,Омская область,RU,Siberian,"Skilled agricultural, forestry and fishery workers",6,42339.0,RUB,monthly,average_monthly_nominal_accrued_wage_october_survey,biennial_occupation_survey_57T,2023,,RU-FD-Siberian,OKZ,federal_subject,https://rosstat.gov.ru/storage/mediabank/sved_57-t_2023.rar,2026-07-29
52,1,Omsk Oblast,Омская область,RU,Siberian,Craft and related trades workers,7,64216.0,RUB,monthly,average_monthly_nominal_accrued_wage_october_survey,biennial_occupation_survey_57T,2023,,RU-FD-Siberian,OKZ,federal_subject,https://rosstat.gov.ru/storage/mediabank/sved_57-t_2023.rar,2026-07-29
52,1,Omsk Oblast,Омская область,RU,Siberian,Plant and machine operators and assemblers,8,59970.0,RUB,monthly,average_monthly_nominal_accrued_wage_october_survey,biennial_occupation_survey_57T,2023,,RU-FD-Siberian,OKZ,federal_subject,https://rosstat.gov.ru/storage/mediabank/sved_57-t_2023.rar,2026-07-29
52,1,Omsk Oblast,Омская область,RU,Siberian,Elementary occupations,9,29595.0,RUB,monthly,average_monthly_nominal_accrued_wage_october_survey,biennial_occupation_survey_57T,2023,,RU-FD-Siberian,OKZ,federal_subject,https://rosstat.gov.ru/storage/mediabank/sved_57-t_2023.rar,2026-07-29
69,1,Tomsk Oblast,Томская область,RU,Siberian,Total,,66185.0,RUB,monthly,average_monthly_nominal_accrued_wage_october_survey,biennial_occupation_survey_57T,2023,,RU-FD-Siberian,OKZ,federal_subject,https://rosstat.gov.ru/storage/mediabank/sved_57-t_2023.rar,2026-07-29
69,1,Tomsk Oblast,Томская область,RU,Siberian,Managers,1,115309.0,RUB,monthly,average_monthly_nominal_accrued_wage_october_survey,biennial_occupation_survey_57T,2023,,RU-FD-Siberian,OKZ,federal_subject,https://rosstat.gov.ru/storage/mediabank/sved_57-t_2023.rar,2026-07-29
69,1,Tomsk Oblast,Томская область,RU,Siberian,Professionals,2,70046.0,RUB,monthly,average_monthly_nominal_accrued_wage_october_survey,biennial_occupation_survey_57T,2023,,RU-FD-Siberian,OKZ,federal_subject,https://rosstat.gov.ru/storage/mediabank/sved_57-t_2023.rar,2026-07-29
69,1,Tomsk Oblast,Томская область,RU,Siberian,Technicians and associate professionals,3,63616.0,RUB,monthly,average_monthly_nominal_accrued_wage_october_survey,biennial_occupation_survey_57T,2023,,RU-FD-Siberian,OKZ,federal_subject,https://rosstat.gov.ru/storage/mediabank/sved_57-t_2023.rar,2026-07-29
69,1,Tomsk Oblast,Томская область,RU,Siberian,Clerical support workers,4,43808.0,RUB,monthly,average_monthly_nominal_accrued_wage_october_survey,biennial_occupation_survey_57T,2023,,RU-FD-Siberian,OKZ,federal_subject,https://rosstat.gov.ru/storage/mediabank/sved_57-t_2023.rar,2026-07-29
69,1,Tomsk Oblast,Томская область,RU,Siberian,Service and sales workers,5,44117.0,RUB,monthly,average_monthly_nominal_accrued_wage_october_survey,biennial_occupation_survey_57T,2023,,RU-FD-Siberian,OKZ,federal_subject,https://rosstat.gov.ru/storage/mediabank/sved_57-t_2023.rar,2026-07-29
69,1,Tomsk Oblast,Томская область,RU,Siberian,"Skilled agricultural, forestry and fishery workers",6,45646.0,RUB,monthly,average_monthly_nominal_accrued_wage_october_survey,biennial_occupation_survey_57T,2023,,RU-FD-Siberian,OKZ,federal_subject,https://rosstat.gov.ru/storage/mediabank/sved_57-t_2023.rar,2026-07-29
69,1,Tomsk Oblast,Томская область,RU,Siberian,Craft and related trades workers,7,65145.0,RUB,monthly,average_monthly_nominal_accrued_wage_october_survey,biennial_occupation_survey_57T,2023,,RU-FD-Siberian,OKZ,federal_subject,https://rosstat.gov.ru/storage/mediabank/sved_57-t_2023.rar,2026-07-29
69,1,Tomsk Oblast,Томская область,RU,Siberian,Plant and machine operators and assemblers,8,60354.0,RUB,monthly,average_monthly_nominal_accrued_wage_october_survey,biennial_occupation_survey_57T,2023,,RU-FD-Siberian,OKZ,federal_subject,https://rosstat.gov.ru/storage/mediabank/sved_57-t_2023.rar,2026-07-29
69,1,Tomsk Oblast,Томская область,RU,Siberian,Elementary occupations,9,36313.0,RUB,monthly,average_monthly_nominal_accrued_wage_october_survey,biennial_occupation_survey_57T,2023,,RU-FD-Siberian,OKZ,federal_subject,https://rosstat.gov.ru/storage/mediabank/sved_57-t_2023.rar,2026-07-29
RU-FD-FarEastern,0,Far Eastern Federal District,Дальневосточный федеральный округ,RU,Far Eastern,Total,,86934.0,RUB,monthly,average_monthly_nominal_accrued_wage_october_survey,biennial_occupation_survey_57T,2023,,RU-NAT,OKZ,federal_district,https://rosstat.gov.ru/storage/mediabank/sved_57-t_2023.rar,2026-07-29
RU-FD-FarEastern,0,Far Eastern Federal District,Дальневосточный федеральный округ,RU,Far Eastern,Managers,1,143326.0,RUB,monthly,average_monthly_nominal_accrued_wage_october_survey,biennial_occupation_survey_57T,2023,,RU-NAT,OKZ,federal_district,https://rosstat.gov.ru/storage/mediabank/sved_57-t_2023.rar,2026-07-29
RU-FD-FarEastern,0,Far Eastern Federal District,Дальневосточный федеральный округ,RU,Far Eastern,Professionals,2,86080.0,RUB,monthly,average_monthly_nominal_accrued_wage_october_survey,biennial_occupation_survey_57T,2023,,RU-NAT,OKZ,federal_district,https://rosstat.gov.ru/storage/mediabank/sved_57-t_2023.rar,2026-07-29
RU-FD-FarEastern,0,Far Eastern Federal District,Дальневосточный федеральный округ,RU,Far Eastern,Technicians and associate professionals,3,92075.0,RUB,monthly,average_monthly_nominal_accrued_wage_october_survey,biennial_occupation_survey_57T,2023,,RU-NAT,OKZ,federal_district,https://rosstat.gov.ru/storage/mediabank/sved_57-t_2023.rar,2026-07-29
RU-FD-FarEastern,0,Far Eastern Federal District,Дальневосточный федеральный округ,RU,Far Eastern,Clerical support workers,4,60197.0,RUB,monthly,average_monthly_nominal_accrued_wage_october_survey,biennial_occupation_survey_57T,2023,,RU-NAT,OKZ,federal_district,https://rosstat.gov.ru/storage/mediabank/sved_57-t_2023.rar,2026-07-29
RU-FD-FarEastern,0,Far Eastern Federal District,Дальневосточный федеральный округ,RU,Far Eastern,Service and sales workers,5,53285.0,RUB,monthly,average_monthly_nominal_accrued_wage_october_survey,biennial_occupation_survey_57T,2023,,RU-NAT,OKZ,federal_district,https://rosstat.gov.ru/storage/mediabank/sved_57-t_2023.rar,2026-07-29
RU-FD-FarEastern,0,Far Eastern Federal District,Дальневосточный федеральный округ,RU,Far Eastern,"Skilled agricultural, forestry and fishery workers",6,61558.0,RUB,monthly,average_monthly_nominal_accrued_wage_october_survey,biennial_occupation_survey_57T,2023,,RU-NAT,OKZ,federal_district,https://rosstat.gov.ru/storage/mediabank/sved_57-t_2023.rar,2026-07-29
RU-FD-FarEastern,0,Far Eastern Federal District,Дальневосточный федеральный округ,RU,Far Eastern,Craft and related trades workers,7,91886.0,RUB,monthly,average_monthly_nominal_accrued_wage_october_survey,biennial_occupation_survey_57T,2023,,RU-NAT,OKZ,federal_district,https://rosstat.gov.ru/storage/mediabank/sved_57-t_2023.rar,2026-07-29
RU-FD-FarEastern,0,Far Eastern Federal District,Дальневосточный федеральный округ,RU,Far Eastern,Plant and machine operators and assemblers,8,99603.0,RUB,monthly,average_monthly_nominal_accrued_wage_october_survey,biennial_occupation_survey_57T,2023,,RU-NAT,OKZ,federal_district,https://rosstat.gov.ru/storage/mediabank/sved_57-t_2023.rar,2026-07-29
RU-FD-FarEastern,0,Far Eastern Federal District,Дальневосточный федеральный округ,RU,Far Eastern,Elementary occupations,9,45200.0,RUB,monthly,average_monthly_nominal_accrued_wage_october_survey,biennial_occupation_survey_57T,2023,,RU-NAT,OKZ,federal_district,https://rosstat.gov.ru/storage/mediabank/sved_57-t_2023.rar,2026-07-29
81,1,Republic of Buryatia,Республика Бурятия,RU,Far Eastern,Total,,61044.0,RUB,monthly,average_monthly_nominal_accrued_wage_october_survey,biennial_occupation_survey_57T,2023,,RU-FD-FarEastern,OKZ,federal_subject,https://rosstat.gov.ru/storage/mediabank/sved_57-t_2023.rar,2026-07-29
81,1,Republic of Buryatia,Республика Бурятия,RU,Far Eastern,Managers,1,89638.0,RUB,monthly,average_monthly_nominal_accrued_wage_october_survey,biennial_occupation_survey_57T,2023,,RU-FD-FarEastern,OKZ,federal_subject,https://rosstat.gov.ru/storage/mediabank/sved_57-t_2023.rar,2026-07-29
81,1,Republic of Buryatia,Республика Бурятия,RU,Far Eastern,Professionals,2,57805.0,RUB,monthly,average_monthly_nominal_accrued_wage_october_survey,biennial_occupation_survey_57T,2023,,RU-FD-FarEastern,OKZ,federal_subject,https://rosstat.gov.ru/storage/mediabank/sved_57-t_2023.rar,2026-07-29
81,1,Republic of Buryatia,Республика Бурятия,RU,Far Eastern,Technicians and associate professionals,3,59687.0,RUB,monthly,average_monthly_nominal_accrued_wage_october_survey,biennial_occupation_survey_57T,2023,,RU-FD-FarEastern,OKZ,federal_subject,https://rosstat.gov.ru/storage/mediabank/sved_57-t_2023.rar,2026-07-29
81,1,Republic of Buryatia,Республика Бурятия,RU,Far Eastern,Clerical support workers,4,41501.0,RUB,monthly,average_monthly_nominal_accrued_wage_october_survey,biennial_occupation_survey_57T,2023,,RU-FD-FarEastern,OKZ,federal_subject,https://rosstat.gov.ru/storage/mediabank/sved_57-t_2023.rar,2026-07-29
81,1,Republic of Buryatia,Республика Бурятия,RU,Far Eastern,Service and sales workers,5,42361.0,RUB,monthly,average_monthly_nominal_accrued_wage_october_survey,biennial_occupation_survey_57T,2023,,RU-FD-FarEastern,OKZ,federal_subject,https://rosstat.gov.ru/storage/mediabank/sved_57-t_2023.rar,2026-07-29
81,1,Republic of Buryatia,Республика Бурятия,RU,Far Eastern,"Skilled agricultural, forestry and fishery workers",6,62236.0,RUB,monthly,average_monthly_nominal_accrued_wage_october_survey,biennial_occupation_survey_57T,2023,,RU-FD-FarEastern,OKZ,federal_subject,https://rosstat.gov.ru/storage/mediabank/sved_57-t_2023.rar,2026-07-29
81,1,Republic of Buryatia,Республика Бурятия,RU,Far Eastern,Craft and related trades workers,7,80371.0,RUB,monthly,average_monthly_nominal_accrued_wage_october_survey,biennial_occupation_survey_57T,2023,,RU-FD-FarEastern,OKZ,federal_subject,https://rosstat.gov.ru/storage/mediabank/sved_57-t_2023.rar,2026-07-29
81,1,Republic of Buryatia,Республика Бурятия,RU,Far Eastern,Plant and machine operators and assemblers,8,70034.0,RUB,monthly,average_monthly_nominal_accrued_wage_october_survey,biennial_occupation_survey_57T,2023,,RU-FD-FarEastern,OKZ,federal_subject,https://rosstat.gov.ru/storage/mediabank/sved_57-t_2023.rar,2026-07-29
81,1,Republic of Buryatia,Республика Бурятия,RU,Far Eastern,Elementary occupations,9,33877.0,RUB,monthly,average_monthly_nominal_accrued_wage_october_survey,biennial_occupation_survey_57T,2023,,RU-FD-FarEastern,OKZ,federal_subject,https://rosstat.gov.ru/storage/mediabank/sved_57-t_2023.rar,2026-07-29
98,1,Sakha Republic (Yakutia),Республика Саха (Якутия),RU,Far Eastern,Total,,106612.0,RUB,monthly,average_monthly_nominal_accrued_wage_october_survey,biennial_occupation_survey_57T,2023,,RU-FD-FarEastern,OKZ,federal_subject,https://rosstat.gov.ru/storage/mediabank/sved_57-t_2023.rar,2026-07-29
98,1,Sakha Republic (Yakutia),Республика Саха (Якутия),RU,Far Eastern,Managers,1,163548.0,RUB,monthly,average_monthly_nominal_accrued_wage_october_survey,biennial_occupation_survey_57T,2023,,RU-FD-FarEastern,OKZ,federal_subject,https://rosstat.gov.ru/storage/mediabank/sved_57-t_2023.rar,2026-07-29
98,1,Sakha Republic (Yakutia),Республика Саха (Якутия),RU,Far Eastern,Professionals,2,98339.0,RUB,monthly,average_monthly_nominal_accrued_wage_october_survey,biennial_occupation_survey_57T,2023,,RU-FD-FarEastern,OKZ,federal_subject,https://rosstat.gov.ru/storage/mediabank/sved_57-t_2023.rar,2026-07-29
98,1,Sakha Republic (Yakutia),Республика Саха (Якутия),RU,Far Eastern,Technicians and associate professionals,3,114207.0,RUB,monthly,average_monthly_nominal_accrued_wage_october_survey,biennial_occupation_survey_57T,2023,,RU-FD-FarEastern,OKZ,federal_subject,https://rosstat.gov.ru/storage/mediabank/sved_57-t_2023.rar,2026-07-29
98,1,Sakha Republic (Yakutia),Республика Саха (Якутия),RU,Far Eastern,Clerical support workers,4,68654.0,RUB,monthly,average_monthly_nominal_accrued_wage_october_survey,biennial_occupation_survey_57T,2023,,RU-FD-FarEastern,OKZ,federal_subject,https://rosstat.gov.ru/storage/mediabank/sved_57-t_2023.rar,2026-07-29
98,1,Sakha Republic (Yakutia),Республика Саха (Якутия),RU,Far Eastern,Service and sales workers,5,66134.0,RUB,monthly,average_monthly_nominal_accrued_wage_october_survey,biennial_occupation_survey_57T,2023,,RU-FD-FarEastern,OKZ,federal_subject,https://rosstat.gov.ru/storage/mediabank/sved_57-t_2023.rar,2026-07-29
98,1,Sakha Republic (Yakutia),Республика Саха (Якутия),RU,Far Eastern,"Skilled agricultural, forestry and fishery workers",6,62371.0,RUB,monthly,average_monthly_nominal_accrued_wage_october_survey,biennial_occupation_survey_57T,2023,,RU-FD-FarEastern,OKZ,federal_subject,https://rosstat.gov.ru/storage/mediabank/sved_57-t_2023.rar,2026-07-29
98,1,Sakha Republic (Yakutia),Республика Саха (Якутия),RU,Far Eastern,Craft and related trades workers,7,121586.0,RUB,monthly,average_monthly_nominal_accrued_wage_october_survey,biennial_occupation_survey_57T,2023,,RU-FD-FarEastern,OKZ,federal_subject,https://rosstat.gov.ru/storage/mediabank/sved_57-t_2023.rar,2026-07-29
98,1,Sakha Republic (Yakutia),Республика Саха (Якутия),RU,Far Eastern,Plant and machine operators and assemblers,8,124230.0,RUB,monthly,average_monthly_nominal_accrued_wage_october_survey,biennial_occupation_survey_57T,2023,,RU-FD-FarEastern,OKZ,federal_subject,https://rosstat.gov.ru/storage/mediabank/sved_57-t_2023.rar,2026-07-29
98,1,Sakha Republic (Yakutia),Республика Саха (Якутия),RU,Far Eastern,Elementary occupations,9,55592.0,RUB,monthly,average_monthly_nominal_accrued_wage_october_survey,biennial_occupation_survey_57T,2023,,RU-FD-FarEastern,OKZ,federal_subject,https://rosstat.gov.ru/storage/mediabank/sved_57-t_2023.rar,2026-07-29
76,1,Zabaykalsky Krai,Забайкальский край,RU,Far Eastern,Total,,65216.0,RUB,monthly,average_monthly_nominal_accrued_wage_october_survey,biennial_occupation_survey_57T,2023,,RU-FD-FarEastern,OKZ,federal_subject,https://rosstat.gov.ru/storage/mediabank/sved_57-t_2023.rar,2026-07-29
76,1,Zabaykalsky Krai,Забайкальский край,RU,Far Eastern,Managers,1,106396.0,RUB,monthly,average_monthly_nominal_accrued_wage_october_survey,biennial_occupation_survey_57T,2023,,RU-FD-FarEastern,OKZ,federal_subject,https://rosstat.gov.ru/storage/mediabank/sved_57-t_2023.rar,2026-07-29
76,1,Zabaykalsky Krai,Забайкальский край,RU,Far Eastern,Professionals,2,60930.0,RUB,monthly,average_monthly_nominal_accrued_wage_october_survey,biennial_occupation_survey_57T,2023,,RU-FD-FarEastern,OKZ,federal_subject,https://rosstat.gov.ru/storage/mediabank/sved_57-t_2023.rar,2026-07-29
76,1,Zabaykalsky Krai,Забайкальский край,RU,Far Eastern,Technicians and associate professionals,3,60128.0,RUB,monthly,average_monthly_nominal_accrued_wage_october_survey,biennial_occupation_survey_57T,2023,,RU-FD-FarEastern,OKZ,federal_subject,https://rosstat.gov.ru/storage/mediabank/sved_57-t_2023.rar,2026-07-29
76,1,Zabaykalsky Krai,Забайкальский край,RU,Far Eastern,Clerical support workers,4,54542.0,RUB,monthly,average_monthly_nominal_accrued_wage_october_survey,biennial_occupation_survey_57T,2023,,RU-FD-FarEastern,OKZ,federal_subject,https://rosstat.gov.ru/storage/mediabank/sved_57-t_2023.rar,2026-07-29
76,1,Zabaykalsky Krai,Забайкальский край,RU,Far Eastern,Service and sales workers,5,39387.0,RUB,monthly,average_monthly_nominal_accrued_wage_october_survey,biennial_occupation_survey_57T,2023,,RU-FD-FarEastern,OKZ,federal_subject,https://rosstat.gov.ru/storage/mediabank/sved_57-t_2023.rar,2026-07-29
76,1,Zabaykalsky Krai,Забайкальский край,RU,Far Eastern,"Skilled agricultural, forestry and fishery workers",6,47489.0,RUB,monthly,average_monthly_nominal_accrued_wage_october_survey,biennial_occupation_survey_57T,2023,,RU-FD-FarEastern,OKZ,federal_subject,https://rosstat.gov.ru/storage/mediabank/sved_57-t_2023.rar,2026-07-29
76,1,Zabaykalsky Krai,Забайкальский край,RU,Far Eastern,Craft and related trades workers,7,73993.0,RUB,monthly,average_monthly_nominal_accrued_wage_october_survey,biennial_occupation_survey_57T,2023,,RU-FD-FarEastern,OKZ,federal_subject,https://rosstat.gov.ru/storage/mediabank/sved_57-t_2023.rar,2026-07-29
76,1,Zabaykalsky Krai,Забайкальский край,RU,Far Eastern,Plant and machine operators and assemblers,8,80804.0,RUB,monthly,average_monthly_nominal_accrued_wage_october_survey,biennial_occupation_survey_57T,2023,,RU-FD-FarEastern,OKZ,federal_subject,https://rosstat.gov.ru/storage/mediabank/sved_57-t_2023.rar,2026-07-29
76,1,Zabaykalsky Krai,Забайкальский край,RU,Far Eastern,Elementary occupations,9,35369.0,RUB,monthly,average_monthly_nominal_accrued_wage_october_survey,biennial_occupation_survey_57T,2023,,RU-FD-FarEastern,OKZ,federal_subject,https://rosstat.gov.ru/storage/mediabank/sved_57-t_2023.rar,2026-07-29
30,1,Kamchatka Krai,Камчатский край,RU,Far Eastern,Total,,102708.0,RUB,monthly,average_monthly_nominal_accrued_wage_october_survey,biennial_occupation_survey_57T,2023,,RU-FD-FarEastern,OKZ,federal_subject,https://rosstat.gov.ru/storage/mediabank/sved_57-t_2023.rar,2026-07-29
30,1,Kamchatka Krai,Камчатский край,RU,Far Eastern,Managers,1,178887.0,RUB,monthly,average_monthly_nominal_accrued_wage_october_survey,biennial_occupation_survey_57T,2023,,RU-FD-FarEastern,OKZ,federal_subject,https://rosstat.gov.ru/storage/mediabank/sved_57-t_2023.rar,2026-07-29
30,1,Kamchatka Krai,Камчатский край,RU,Far Eastern,Professionals,2,107297.0,RUB,monthly,average_monthly_nominal_accrued_wage_october_survey,biennial_occupation_survey_57T,2023,,RU-FD-FarEastern,OKZ,federal_subject,https://rosstat.gov.ru/storage/mediabank/sved_57-t_2023.rar,2026-07-29
30,1,Kamchatka Krai,Камчатский край,RU,Far Eastern,Technicians and associate professionals,3,105517.0,RUB,monthly,average_monthly_nominal_accrued_wage_october_survey,biennial_occupation_survey_57T,2023,,RU-FD-FarEastern,OKZ,federal_subject,https://rosstat.gov.ru/storage/mediabank/sved_57-t_2023.rar,2026-07-29
30,1,Kamchatka Krai,Камчатский край,RU,Far Eastern,Clerical support workers,4,61999.0,RUB,monthly,average_monthly_nominal_accrued_wage_october_survey,biennial_occupation_survey_57T,2023,,RU-FD-FarEastern,OKZ,federal_subject,https://rosstat.gov.ru/storage/mediabank/sved_57-t_2023.rar,2026-07-29
30,1,Kamchatka Krai,Камчатский край,RU,Far Eastern,Service and sales workers,5,79602.0,RUB,monthly,average_monthly_nominal_accrued_wage_october_survey,biennial_occupation_survey_57T,2023,,RU-FD-FarEastern,OKZ,federal_subject,https://rosstat.gov.ru/storage/mediabank/sved_57-t_2023.rar,2026-07-29
30,1,Kamchatka Krai,Камчатский край,RU,Far Eastern,"Skilled agricultural, forestry and fishery workers",6,80276.0,RUB,monthly,average_monthly_nominal_accrued_wage_october_survey,biennial_occupation_survey_57T,2023,,RU-FD-FarEastern,OKZ,federal_subject,https://rosstat.gov.ru/storage/mediabank/sved_57-t_2023.rar,2026-07-29
30,1,Kamchatka Krai,Камчатский край,RU,Far Eastern,Craft and related trades workers,7,106886.0,RUB,monthly,average_monthly_nominal_accrued_wage_october_survey,biennial_occupation_survey_57T,2023,,RU-FD-FarEastern,OKZ,federal_subject,https://rosstat.gov.ru/storage/mediabank/sved_57-t_2023.rar,2026-07-29
30,1,Kamchatka Krai,Камчатский край,RU,Far Eastern,Plant and machine operators and assemblers,8,96739.0,RUB,monthly,average_monthly_nominal_accrued_wage_october_survey,biennial_occupation_survey_57T,2023,,RU-FD-FarEastern,OKZ,federal_subject,https://rosstat.gov.ru/storage/mediabank/sved_57-t_2023.rar,2026-07-29
30,1,Kamchatka Krai,Камчатский край,RU,Far Eastern,Elementary occupations,9,56210.0,RUB,monthly,average_monthly_nominal_accrued_wage_october_survey,biennial_occupation_survey_57T,2023,,RU-FD-FarEastern,OKZ,federal_subject,https://rosstat.gov.ru/storage/mediabank/sved_57-t_2023.rar,2026-07-29
05,1,Primorsky Krai,Приморский край,RU,Far Eastern,Total,,77804.0,RUB,monthly,average_monthly_nominal_accrued_wage_october_survey,biennial_occupation_survey_57T,2023,,RU-FD-FarEastern,OKZ,federal_subject,https://rosstat.gov.ru/storage/mediabank/sved_57-t_2023.rar,2026-07-29
05,1,Primorsky Krai,Приморский край,RU,Far Eastern,Managers,1,130312.0,RUB,monthly,average_monthly_nominal_accrued_wage_october_survey,biennial_occupation_survey_57T,2023,,RU-FD-FarEastern,OKZ,federal_subject,https://rosstat.gov.ru/storage/mediabank/sved_57-t_2023.rar,2026-07-29
05,1,Primorsky Krai,Приморский край,RU,Far Eastern,Professionals,2,80902.0,RUB,monthly,average_monthly_nominal_accrued_wage_october_survey,biennial_occupation_survey_57T,2023,,RU-FD-FarEastern,OKZ,federal_subject,https://rosstat.gov.ru/storage/mediabank/sved_57-t_2023.rar,2026-07-29
05,1,Primorsky Krai,Приморский край,RU,Far Eastern,Technicians and associate professionals,3,85334.0,RUB,monthly,average_monthly_nominal_accrued_wage_october_survey,biennial_occupation_survey_57T,2023,,RU-FD-FarEastern,OKZ,federal_subject,https://rosstat.gov.ru/storage/mediabank/sved_57-t_2023.rar,2026-07-29
05,1,Primorsky Krai,Приморский край,RU,Far Eastern,Clerical support workers,4,54688.0,RUB,monthly,average_monthly_nominal_accrued_wage_october_survey,biennial_occupation_survey_57T,2023,,RU-FD-FarEastern,OKZ,federal_subject,https://rosstat.gov.ru/storage/mediabank/sved_57-t_2023.rar,2026-07-29
05,1,Primorsky Krai,Приморский край,RU,Far Eastern,Service and sales workers,5,50686.0,RUB,monthly,average_monthly_nominal_accrued_wage_october_survey,biennial_occupation_survey_57T,2023,,RU-FD-FarEastern,OKZ,federal_subject,https://rosstat.gov.ru/storage/mediabank/sved_57-t_2023.rar,2026-07-29
05,1,Primorsky Krai,Приморский край,RU,Far Eastern,"Skilled agricultural, forestry and fishery workers",6,57672.0,RUB,monthly,average_monthly_nominal_accrued_wage_october_survey,biennial_occupation_survey_57T,2023,,RU-FD-FarEastern,OKZ,federal_subject,https://rosstat.gov.ru/storage/mediabank/sved_57-t_2023.rar,2026-07-29
05,1,Primorsky Krai,Приморский край,RU,Far Eastern,Craft and related trades workers,7,78455.0,RUB,monthly,average_monthly_nominal_accrued_wage_october_survey,biennial_occupation_survey_57T,2023,,RU-FD-FarEastern,OKZ,federal_subject,https://rosstat.gov.ru/storage/mediabank/sved_57-t_2023.rar,2026-07-29
05,1,Primorsky Krai,Приморский край,RU,Far Eastern,Plant and machine operators and assemblers,8,81823.0,RUB,monthly,average_monthly_nominal_accrued_wage_october_survey,biennial_occupation_survey_57T,2023,,RU-FD-FarEastern,OKZ,federal_subject,https://rosstat.gov.ru/storage/mediabank/sved_57-t_2023.rar,2026-07-29
05,1,Primorsky Krai,Приморский край,RU,Far Eastern,Elementary occupations,9,41131.0,RUB,monthly,average_monthly_nominal_accrued_wage_october_survey,biennial_occupation_survey_57T,2023,,RU-FD-FarEastern,OKZ,federal_subject,https://rosstat.gov.ru/storage/mediabank/sved_57-t_2023.rar,2026-07-29
08,1,Khabarovsk Krai,Хабаровский край,RU,Far Eastern,Total,,80327.0,RUB,monthly,average_monthly_nominal_accrued_wage_october_survey,biennial_occupation_survey_57T,2023,,RU-FD-FarEastern,OKZ,federal_subject,https://rosstat.gov.ru/storage/mediabank/sved_57-t_2023.rar,2026-07-29
08,1,Khabarovsk Krai,Хабаровский край,RU,Far Eastern,Managers,1,133741.0,RUB,monthly,average_monthly_nominal_accrued_wage_october_survey,biennial_occupation_survey_57T,2023,,RU-FD-FarEastern,OKZ,federal_subject,https://rosstat.gov.ru/storage/mediabank/sved_57-t_2023.rar,2026-07-29
08,1,Khabarovsk Krai,Хабаровский край,RU,Far Eastern,Professionals,2,76257.0,RUB,monthly,average_monthly_nominal_accrued_wage_october_survey,biennial_occupation_survey_57T,2023,,RU-FD-FarEastern,OKZ,federal_subject,https://rosstat.gov.ru/storage/mediabank/sved_57-t_2023.rar,2026-07-29
08,1,Khabarovsk Krai,Хабаровский край,RU,Far Eastern,Technicians and associate professionals,3,87920.0,RUB,monthly,average_monthly_nominal_accrued_wage_october_survey,biennial_occupation_survey_57T,2023,,RU-FD-FarEastern,OKZ,federal_subject,https://rosstat.gov.ru/storage/mediabank/sved_57-t_2023.rar,2026-07-29
08,1,Khabarovsk Krai,Хабаровский край,RU,Far Eastern,Clerical support workers,4,58752.0,RUB,monthly,average_monthly_nominal_accrued_wage_october_survey,biennial_occupation_survey_57T,2023,,RU-FD-FarEastern,OKZ,federal_subject,https://rosstat.gov.ru/storage/mediabank/sved_57-t_2023.rar,2026-07-29
08,1,Khabarovsk Krai,Хабаровский край,RU,Far Eastern,Service and sales workers,5,49326.0,RUB,monthly,average_monthly_nominal_accrued_wage_october_survey,biennial_occupation_survey_57T,2023,,RU-FD-FarEastern,OKZ,federal_subject,https://rosstat.gov.ru/storage/mediabank/sved_57-t_2023.rar,2026-07-29
08,1,Khabarovsk Krai,Хабаровский край,RU,Far Eastern,"Skilled agricultural, forestry and fishery workers",6,58441.0,RUB,monthly,average_monthly_nominal_accrued_wage_october_survey,biennial_occupation_survey_57T,2023,,RU-FD-FarEastern,OKZ,federal_subject,https://rosstat.gov.ru/storage/mediabank/sved_57-t_2023.rar,2026-07-29
08,1,Khabarovsk Krai,Хабаровский край,RU,Far Eastern,Craft and related trades workers,7,80304.0,RUB,monthly,average_monthly_nominal_accrued_wage_october_survey,biennial_occupation_survey_57T,2023,,RU-FD-FarEastern,OKZ,federal_subject,https://rosstat.gov.ru/storage/mediabank/sved_57-t_2023.rar,2026-07-29
08,1,Khabarovsk Krai,Хабаровский край,RU,Far Eastern,Plant and machine operators and assemblers,8,97800.0,RUB,monthly,average_monthly_nominal_accrued_wage_october_survey,biennial_occupation_survey_57T,2023,,RU-FD-FarEastern,OKZ,federal_subject,https://rosstat.gov.ru/storage/mediabank/sved_57-t_2023.rar,2026-07-29
08,1,Khabarovsk Krai,Хабаровский край,RU,Far Eastern,Elementary occupations,9,42839.0,RUB,monthly,average_monthly_nominal_accrued_wage_october_survey,biennial_occupation_survey_57T,2023,,RU-FD-FarEastern,OKZ,federal_subject,https://rosstat.gov.ru/storage/mediabank/sved_57-t_2023.rar,2026-07-29
10,1,Amur Oblast,Амурская область,RU,Far Eastern,Total,,85320.0,RUB,monthly,average_monthly_nominal_accrued_wage_october_survey,biennial_occupation_survey_57T,2023,,RU-FD-FarEastern,OKZ,federal_subject,https://rosstat.gov.ru/storage/mediabank/sved_57-t_2023.rar,2026-07-29
10,1,Amur Oblast,Амурская область,RU,Far Eastern,Managers,1,127960.0,RUB,monthly,average_monthly_nominal_accrued_wage_october_survey,biennial_occupation_survey_57T,2023,,RU-FD-FarEastern,OKZ,federal_subject,https://rosstat.gov.ru/storage/mediabank/sved_57-t_2023.rar,2026-07-29
10,1,Amur Oblast,Амурская область,RU,Far Eastern,Professionals,2,86527.0,RUB,monthly,average_monthly_nominal_accrued_wage_october_survey,biennial_occupation_survey_57T,2023,,RU-FD-FarEastern,OKZ,federal_subject,https://rosstat.gov.ru/storage/mediabank/sved_57-t_2023.rar,2026-07-29
10,1,Amur Oblast,Амурская область,RU,Far Eastern,Technicians and associate professionals,3,87891.0,RUB,monthly,average_monthly_nominal_accrued_wage_october_survey,biennial_occupation_survey_57T,2023,,RU-FD-FarEastern,OKZ,federal_subject,https://rosstat.gov.ru/storage/mediabank/sved_57-t_2023.rar,2026-07-29
10,1,Amur Oblast,Амурская область,RU,Far Eastern,Clerical support workers,4,66500.0,RUB,monthly,average_monthly_nominal_accrued_wage_october_survey,biennial_occupation_survey_57T,2023,,RU-FD-FarEastern,OKZ,federal_subject,https://rosstat.gov.ru/storage/mediabank/sved_57-t_2023.rar,2026-07-29
10,1,Amur Oblast,Амурская область,RU,Far Eastern,Service and sales workers,5,50836.0,RUB,monthly,average_monthly_nominal_accrued_wage_october_survey,biennial_occupation_survey_57T,2023,,RU-FD-FarEastern,OKZ,federal_subject,https://rosstat.gov.ru/storage/mediabank/sved_57-t_2023.rar,2026-07-29
10,1,Amur Oblast,Амурская область,RU,Far Eastern,"Skilled agricultural, forestry and fishery workers",6,57492.0,RUB,monthly,average_monthly_nominal_accrued_wage_october_survey,biennial_occupation_survey_57T,2023,,RU-FD-FarEastern,OKZ,federal_subject,https://rosstat.gov.ru/storage/mediabank/sved_57-t_2023.rar,2026-07-29
10,1,Amur Oblast,Амурская область,RU,Far Eastern,Craft and related trades workers,7,89192.0,RUB,monthly,average_monthly_nominal_accrued_wage_october_survey,biennial_occupation_survey_57T,2023,,RU-FD-FarEastern,OKZ,federal_subject,https://rosstat.gov.ru/storage/mediabank/sved_57-t_2023.rar,2026-07-29
10,1,Amur Oblast,Амурская область,RU,Far Eastern,Plant and machine operators and assemblers,8,103124.0,RUB,monthly,average_monthly_nominal_accrued_wage_october_survey,biennial_occupation_survey_57T,2023,,RU-FD-FarEastern,OKZ,federal_subject,https://rosstat.gov.ru/storage/mediabank/sved_57-t_2023.rar,2026-07-29
10,1,Amur Oblast,Амурская область,RU,Far Eastern,Elementary occupations,9,42915.0,RUB,monthly,average_monthly_nominal_accrued_wage_october_survey,biennial_occupation_survey_57T,2023,,RU-FD-FarEastern,OKZ,federal_subject,https://rosstat.gov.ru/storage/mediabank/sved_57-t_2023.rar,2026-07-29
44,1,Magadan Oblast,Магаданская область,RU,Far Eastern,Total,,120325.0,RUB,monthly,average_monthly_nominal_accrued_wage_october_survey,biennial_occupation_survey_57T,2023,,RU-FD-FarEastern,OKZ,federal_subject,https://rosstat.gov.ru/storage/mediabank/sved_57-t_2023.rar,2026-07-29
44,1,Magadan Oblast,Магаданская область,RU,Far Eastern,Managers,1,199721.0,RUB,monthly,average_monthly_nominal_accrued_wage_october_survey,biennial_occupation_survey_57T,2023,,RU-FD-FarEastern,OKZ,federal_subject,https://rosstat.gov.ru/storage/mediabank/sved_57-t_2023.rar,2026-07-29
44,1,Magadan Oblast,Магаданская область,RU,Far Eastern,Professionals,2,130323.0,RUB,monthly,average_monthly_nominal_accrued_wage_october_survey,biennial_occupation_survey_57T,2023,,RU-FD-FarEastern,OKZ,federal_subject,https://rosstat.gov.ru/storage/mediabank/sved_57-t_2023.rar,2026-07-29
44,1,Magadan Oblast,Магаданская область,RU,Far Eastern,Technicians and associate professionals,3,119693.0,RUB,monthly,average_monthly_nominal_accrued_wage_october_survey,biennial_occupation_survey_57T,2023,,RU-FD-FarEastern,OKZ,federal_subject,https://rosstat.gov.ru/storage/mediabank/sved_57-t_2023.rar,2026-07-29
44,1,Magadan Oblast,Магаданская область,RU,Far Eastern,Clerical support workers,4,84918.0,RUB,monthly,average_monthly_nominal_accrued_wage_october_survey,biennial_occupation_survey_57T,2023,,RU-FD-FarEastern,OKZ,federal_subject,https://rosstat.gov.ru/storage/mediabank/sved_57-t_2023.rar,2026-07-29
44,1,Magadan Oblast,Магаданская область,RU,Far Eastern,Service and sales workers,5,72827.0,RUB,monthly,average_monthly_nominal_accrued_wage_october_survey,biennial_occupation_survey_57T,2023,,RU-FD-FarEastern,OKZ,federal_subject,https://rosstat.gov.ru/storage/mediabank/sved_57-t_2023.rar,2026-07-29
44,1,Magadan Oblast,Магаданская область,RU,Far Eastern,"Skilled agricultural, forestry and fishery workers",6,70179.0,RUB,monthly,average_monthly_nominal_accrued_wage_october_survey,biennial_occupation_survey_57T,2023,,RU-FD-FarEastern,OKZ,federal_subject,https://rosstat.gov.ru/storage/mediabank/sved_57-t_2023.rar,2026-07-29
44,1,Magadan Oblast,Магаданская область,RU,Far Eastern,Craft and related trades workers,7,112674.0,RUB,monthly,average_monthly_nominal_accrued_wage_october_survey,biennial_occupation_survey_57T,2023,,RU-FD-FarEastern,OKZ,federal_subject,https://rosstat.gov.ru/storage/mediabank/sved_57-t_2023.rar,2026-07-29
44,1,Magadan Oblast,Магаданская область,RU,Far Eastern,Plant and machine operators and assemblers,8,129082.0,RUB,monthly,average_monthly_nominal_accrued_wage_october_survey,biennial_occupation_survey_57T,2023,,RU-FD-FarEastern,OKZ,federal_subject,https://rosstat.gov.ru/storage/mediabank/sved_57-t_2023.rar,2026-07-29
44,1,Magadan Oblast,Магаданская область,RU,Far Eastern,Elementary occupations,9,66549.0,RUB,monthly,average_monthly_nominal_accrued_wage_october_survey,biennial_occupation_survey_57T,2023,,RU-FD-FarEastern,OKZ,federal_subject,https://rosstat.gov.ru/storage/mediabank/sved_57-t_2023.rar,2026-07-29
64,1,Sakhalin Oblast,Сахалинская область,RU,Far Eastern,Total,,113584.0,RUB,monthly,average_monthly_nominal_accrued_wage_october_survey,biennial_occupation_survey_57T,2023,,RU-FD-FarEastern,OKZ,federal_subject,https://rosstat.gov.ru/storage/mediabank/sved_57-t_2023.rar,2026-07-29
64,1,Sakhalin Oblast,Сахалинская область,RU,Far Eastern,Managers,1,228499.0,RUB,monthly,average_monthly_nominal_accrued_wage_october_survey,biennial_occupation_survey_57T,2023,,RU-FD-FarEastern,OKZ,federal_subject,https://rosstat.gov.ru/storage/mediabank/sved_57-t_2023.rar,2026-07-29
64,1,Sakhalin Oblast,Сахалинская область,RU,Far Eastern,Professionals,2,126475.0,RUB,monthly,average_monthly_nominal_accrued_wage_october_survey,biennial_occupation_survey_57T,2023,,RU-FD-FarEastern,OKZ,federal_subject,https://rosstat.gov.ru/storage/mediabank/sved_57-t_2023.rar,2026-07-29
64,1,Sakhalin Oblast,Сахалинская область,RU,Far Eastern,Technicians and associate professionals,3,122384.0,RUB,monthly,average_monthly_nominal_accrued_wage_october_survey,biennial_occupation_survey_57T,2023,,RU-FD-FarEastern,OKZ,federal_subject,https://rosstat.gov.ru/storage/mediabank/sved_57-t_2023.rar,2026-07-29
64,1,Sakhalin Oblast,Сахалинская область,RU,Far Eastern,Clerical support workers,4,68949.0,RUB,monthly,average_monthly_nominal_accrued_wage_october_survey,biennial_occupation_survey_57T,2023,,RU-FD-FarEastern,OKZ,federal_subject,https://rosstat.gov.ru/storage/mediabank/sved_57-t_2023.rar,2026-07-29
64,1,Sakhalin Oblast,Сахалинская область,RU,Far Eastern,Service and sales workers,5,63359.0,RUB,monthly,average_monthly_nominal_accrued_wage_october_survey,biennial_occupation_survey_57T,2023,,RU-FD-FarEastern,OKZ,federal_subject,https://rosstat.gov.ru/storage/mediabank/sved_57-t_2023.rar,2026-07-29
64,1,Sakhalin Oblast,Сахалинская область,RU,Far Eastern,"Skilled agricultural, forestry and fishery workers",6,82437.0,RUB,monthly,average_monthly_nominal_accrued_wage_october_survey,biennial_occupation_survey_57T,2023,,RU-FD-FarEastern,OKZ,federal_subject,https://rosstat.gov.ru/storage/mediabank/sved_57-t_2023.rar,2026-07-29
64,1,Sakhalin Oblast,Сахалинская область,RU,Far Eastern,Craft and related trades workers,7,102893.0,RUB,monthly,average_monthly_nominal_accrued_wage_october_survey,biennial_occupation_survey_57T,2023,,RU-FD-FarEastern,OKZ,federal_subject,https://rosstat.gov.ru/storage/mediabank/sved_57-t_2023.rar,2026-07-29
64,1,Sakhalin Oblast,Сахалинская область,RU,Far Eastern,Plant and machine operators and assemblers,8,109008.0,RUB,monthly,average_monthly_nominal_accrued_wage_october_survey,biennial_occupation_survey_57T,2023,,RU-FD-FarEastern,OKZ,federal_subject,https://rosstat.gov.ru/storage/mediabank/sved_57-t_2023.rar,2026-07-29
64,1,Sakhalin Oblast,Сахалинская область,RU,Far Eastern,Elementary occupations,9,53503.0,RUB,monthly,average_monthly_nominal_accrued_wage_october_survey,biennial_occupation_survey_57T,2023,,RU-FD-FarEastern,OKZ,federal_subject,https://rosstat.gov.ru/storage/mediabank/sved_57-t_2023.rar,2026-07-29
99,1,Jewish Autonomous Oblast,Еврейская автономная область,RU,Far Eastern,Total,,68534.0,RUB,monthly,average_monthly_nominal_accrued_wage_october_survey,biennial_occupation_survey_57T,2023,,RU-FD-FarEastern,OKZ,federal_subject,https://rosstat.gov.ru/storage/mediabank/sved_57-t_2023.rar,2026-07-29
99,1,Jewish Autonomous Oblast,Еврейская автономная область,RU,Far Eastern,Managers,1,99541.0,RUB,monthly,average_monthly_nominal_accrued_wage_october_survey,biennial_occupation_survey_57T,2023,,RU-FD-FarEastern,OKZ,federal_subject,https://rosstat.gov.ru/storage/mediabank/sved_57-t_2023.rar,2026-07-29
99,1,Jewish Autonomous Oblast,Еврейская автономная область,RU,Far Eastern,Professionals,2,57036.0,RUB,monthly,average_monthly_nominal_accrued_wage_october_survey,biennial_occupation_survey_57T,2023,,RU-FD-FarEastern,OKZ,federal_subject,https://rosstat.gov.ru/storage/mediabank/sved_57-t_2023.rar,2026-07-29
99,1,Jewish Autonomous Oblast,Еврейская автономная область,RU,Far Eastern,Technicians and associate professionals,3,59761.0,RUB,monthly,average_monthly_nominal_accrued_wage_october_survey,biennial_occupation_survey_57T,2023,,RU-FD-FarEastern,OKZ,federal_subject,https://rosstat.gov.ru/storage/mediabank/sved_57-t_2023.rar,2026-07-29
99,1,Jewish Autonomous Oblast,Еврейская автономная область,RU,Far Eastern,Clerical support workers,4,51821.0,RUB,monthly,average_monthly_nominal_accrued_wage_october_survey,biennial_occupation_survey_57T,2023,,RU-FD-FarEastern,OKZ,federal_subject,https://rosstat.gov.ru/storage/mediabank/sved_57-t_2023.rar,2026-07-29
99,1,Jewish Autonomous Oblast,Еврейская автономная область,RU,Far Eastern,Service and sales workers,5,43175.0,RUB,monthly,average_monthly_nominal_accrued_wage_october_survey,biennial_occupation_survey_57T,2023,,RU-FD-FarEastern,OKZ,federal_subject,https://rosstat.gov.ru/storage/mediabank/sved_57-t_2023.rar,2026-07-29
99,1,Jewish Autonomous Oblast,Еврейская автономная область,RU,Far Eastern,"Skilled agricultural, forestry and fishery workers",6,52097.0,RUB,monthly,average_monthly_nominal_accrued_wage_october_survey,biennial_occupation_survey_57T,2023,,RU-FD-FarEastern,OKZ,federal_subject,https://rosstat.gov.ru/storage/mediabank/sved_57-t_2023.rar,2026-07-29
99,1,Jewish Autonomous Oblast,Еврейская автономная область,RU,Far Eastern,Craft and related trades workers,7,75566.0,RUB,monthly,average_monthly_nominal_accrued_wage_october_survey,biennial_occupation_survey_57T,2023,,RU-FD-FarEastern,OKZ,federal_subject,https://rosstat.gov.ru/storage/mediabank/sved_57-t_2023.rar,2026-07-29
99,1,Jewish Autonomous Oblast,Еврейская автономная область,RU,Far Eastern,Plant and machine operators and assemblers,8,100184.0,RUB,monthly,average_monthly_nominal_accrued_wage_october_survey,biennial_occupation_survey_57T,2023,,RU-FD-FarEastern,OKZ,federal_subject,https://rosstat.gov.ru/storage/mediabank/sved_57-t_2023.rar,2026-07-29
99,1,Jewish Autonomous Oblast,Еврейская автономная область,RU,Far Eastern,Elementary occupations,9,35400.0,RUB,monthly,average_monthly_nominal_accrued_wage_october_survey,biennial_occupation_survey_57T,2023,,RU-FD-FarEastern,OKZ,federal_subject,https://rosstat.gov.ru/storage/mediabank/sved_57-t_2023.rar,2026-07-29
77,1,Chukotka Autonomous Okrug,Чукотский авт. округ,RU,Far Eastern,Total,,158598.0,RUB,monthly,average_monthly_nominal_accrued_wage_october_survey,biennial_occupation_survey_57T,2023,,RU-FD-FarEastern,OKZ,federal_subject,https://rosstat.gov.ru/storage/mediabank/sved_57-t_2023.rar,2026-07-29
77,1,Chukotka Autonomous Okrug,Чукотский авт. округ,RU,Far Eastern,Managers,1,239819.0,RUB,monthly,average_monthly_nominal_accrued_wage_october_survey,biennial_occupation_survey_57T,2023,,RU-FD-FarEastern,OKZ,federal_subject,https://rosstat.gov.ru/storage/mediabank/sved_57-t_2023.rar,2026-07-29
77,1,Chukotka Autonomous Okrug,Чукотский авт. округ,RU,Far Eastern,Professionals,2,183095.0,RUB,monthly,average_monthly_nominal_accrued_wage_october_survey,biennial_occupation_survey_57T,2023,,RU-FD-FarEastern,OKZ,federal_subject,https://rosstat.gov.ru/storage/mediabank/sved_57-t_2023.rar,2026-07-29
77,1,Chukotka Autonomous Okrug,Чукотский авт. округ,RU,Far Eastern,Technicians and associate professionals,3,154090.0,RUB,monthly,average_monthly_nominal_accrued_wage_october_survey,biennial_occupation_survey_57T,2023,,RU-FD-FarEastern,OKZ,federal_subject,https://rosstat.gov.ru/storage/mediabank/sved_57-t_2023.rar,2026-07-29
77,1,Chukotka Autonomous Okrug,Чукотский авт. округ,RU,Far Eastern,Clerical support workers,4,108790.0,RUB,monthly,average_monthly_nominal_accrued_wage_october_survey,biennial_occupation_survey_57T,2023,,RU-FD-FarEastern,OKZ,federal_subject,https://rosstat.gov.ru/storage/mediabank/sved_57-t_2023.rar,2026-07-29
77,1,Chukotka Autonomous Okrug,Чукотский авт. округ,RU,Far Eastern,Service and sales workers,5,89741.0,RUB,monthly,average_monthly_nominal_accrued_wage_october_survey,biennial_occupation_survey_57T,2023,,RU-FD-FarEastern,OKZ,federal_subject,https://rosstat.gov.ru/storage/mediabank/sved_57-t_2023.rar,2026-07-29
77,1,Chukotka Autonomous Okrug,Чукотский авт. округ,RU,Far Eastern,"Skilled agricultural, forestry and fishery workers",6,74702.0,RUB,monthly,average_monthly_nominal_accrued_wage_october_survey,biennial_occupation_survey_57T,2023,,RU-FD-FarEastern,OKZ,federal_subject,https://rosstat.gov.ru/storage/mediabank/sved_57-t_2023.rar,2026-07-29
77,1,Chukotka Autonomous Okrug,Чукотский авт. округ,RU,Far Eastern,Craft and related trades workers,7,148426.0,RUB,monthly,average_monthly_nominal_accrued_wage_october_survey,biennial_occupation_survey_57T,2023,,RU-FD-FarEastern,OKZ,federal_subject,https://rosstat.gov.ru/storage/mediabank/sved_57-t_2023.rar,2026-07-29
77,1,Chukotka Autonomous Okrug,Чукотский авт. округ,RU,Far Eastern,Plant and machine operators and assemblers,8,168940.0,RUB,monthly,average_monthly_nominal_accrued_wage_october_survey,biennial_occupation_survey_57T,2023,,RU-FD-FarEastern,OKZ,federal_subject,https://rosstat.gov.ru/storage/mediabank/sved_57-t_2023.rar,2026-07-29
77,1,Chukotka Autonomous Okrug,Чукотский авт. округ,RU,Far Eastern,Elementary occupations,9,83891.0,RUB,monthly,average_monthly_nominal_accrued_wage_october_survey,biennial_occupation_survey_57T,2023,,RU-FD-FarEastern,OKZ,federal_subject,https://rosstat.gov.ru/storage/mediabank/sved_57-t_2023.rar,2026-07-29
RU-NAT,0,Russian Federation,Российская Федерация,RU,,Total,,97179.0,RUB,monthly,average_monthly_nominal_accrued_wage_october_survey,biennial_occupation_survey_57T,2025,,,OKZ,national,https://rosstat.gov.ru/storage/mediabank/sved_57-t_2025.rar,2026-07-29
RU-NAT,0,Russian Federation,Российская Федерация,RU,,Managers,1,177990.0,RUB,monthly,average_monthly_nominal_accrued_wage_october_survey,biennial_occupation_survey_57T,2025,,,OKZ,national,https://rosstat.gov.ru/storage/mediabank/sved_57-t_2025.rar,2026-07-29
RU-NAT,0,Russian Federation,Российская Федерация,RU,,Professionals,2,102998.0,RUB,monthly,average_monthly_nominal_accrued_wage_october_survey,biennial_occupation_survey_57T,2025,,,OKZ,national,https://rosstat.gov.ru/storage/mediabank/sved_57-t_2025.rar,2026-07-29
RU-NAT,0,Russian Federation,Российская Федерация,RU,,Technicians and associate professionals,3,85722.0,RUB,monthly,average_monthly_nominal_accrued_wage_october_survey,biennial_occupation_survey_57T,2025,,,OKZ,national,https://rosstat.gov.ru/storage/mediabank/sved_57-t_2025.rar,2026-07-29
RU-NAT,0,Russian Federation,Российская Федерация,RU,,Clerical support workers,4,64878.0,RUB,monthly,average_monthly_nominal_accrued_wage_october_survey,biennial_occupation_survey_57T,2025,,,OKZ,national,https://rosstat.gov.ru/storage/mediabank/sved_57-t_2025.rar,2026-07-29
RU-NAT,0,Russian Federation,Российская Федерация,RU,,Service and sales workers,5,59516.0,RUB,monthly,average_monthly_nominal_accrued_wage_october_survey,biennial_occupation_survey_57T,2025,,,OKZ,national,https://rosstat.gov.ru/storage/mediabank/sved_57-t_2025.rar,2026-07-29
RU-NAT,0,Russian Federation,Российская Федерация,RU,,"Skilled agricultural, forestry and fishery workers",6,69349.0,RUB,monthly,average_monthly_nominal_accrued_wage_october_survey,biennial_occupation_survey_57T,2025,,,OKZ,national,https://rosstat.gov.ru/storage/mediabank/sved_57-t_2025.rar,2026-07-29
RU-NAT,0,Russian Federation,Российская Федерация,RU,,Craft and related trades workers,7,98120.0,RUB,monthly,average_monthly_nominal_accrued_wage_october_survey,biennial_occupation_survey_57T,2025,,,OKZ,national,https://rosstat.gov.ru/storage/mediabank/sved_57-t_2025.rar,2026-07-29
RU-NAT,0,Russian Federation,Российская Федерация,RU,,Plant and machine operators and assemblers,8,97921.0,RUB,monthly,average_monthly_nominal_accrued_wage_october_survey,biennial_occupation_survey_57T,2025,,,OKZ,national,https://rosstat.gov.ru/storage/mediabank/sved_57-t_2025.rar,2026-07-29
RU-NAT,0,Russian Federation,Российская Федерация,RU,,Elementary occupations,9,52067.0,RUB,monthly,average_monthly_nominal_accrued_wage_october_survey,biennial_occupation_survey_57T,2025,,,OKZ,national,https://rosstat.gov.ru/storage/mediabank/sved_57-t_2025.rar,2026-07-29
RU-FD-Central,0,Central Federal District,Центральный федеральный округ,RU,Central,Total,,119539.0,RUB,monthly,average_monthly_nominal_accrued_wage_october_survey,biennial_occupation_survey_57T,2025,,RU-NAT,OKZ,federal_district,https://rosstat.gov.ru/storage/mediabank/sved_57-t_2025.rar,2026-07-29
RU-FD-Central,0,Central Federal District,Центральный федеральный округ,RU,Central,Managers,1,233858.0,RUB,monthly,average_monthly_nominal_accrued_wage_october_survey,biennial_occupation_survey_57T,2025,,RU-NAT,OKZ,federal_district,https://rosstat.gov.ru/storage/mediabank/sved_57-t_2025.rar,2026-07-29
RU-FD-Central,0,Central Federal District,Центральный федеральный округ,RU,Central,Professionals,2,133487.0,RUB,monthly,average_monthly_nominal_accrued_wage_october_survey,biennial_occupation_survey_57T,2025,,RU-NAT,OKZ,federal_district,https://rosstat.gov.ru/storage/mediabank/sved_57-t_2025.rar,2026-07-29
RU-FD-Central,0,Central Federal District,Центральный федеральный округ,RU,Central,Technicians and associate professionals,3,95955.0,RUB,monthly,average_monthly_nominal_accrued_wage_october_survey,biennial_occupation_survey_57T,2025,,RU-NAT,OKZ,federal_district,https://rosstat.gov.ru/storage/mediabank/sved_57-t_2025.rar,2026-07-29
RU-FD-Central,0,Central Federal District,Центральный федеральный округ,RU,Central,Clerical support workers,4,78635.0,RUB,monthly,average_monthly_nominal_accrued_wage_october_survey,biennial_occupation_survey_57T,2025,,RU-NAT,OKZ,federal_district,https://rosstat.gov.ru/storage/mediabank/sved_57-t_2025.rar,2026-07-29
RU-FD-Central,0,Central Federal District,Центральный федеральный округ,RU,Central,Service and sales workers,5,69183.0,RUB,monthly,average_monthly_nominal_accrued_wage_october_survey,biennial_occupation_survey_57T,2025,,RU-NAT,OKZ,federal_district,https://rosstat.gov.ru/storage/mediabank/sved_57-t_2025.rar,2026-07-29
RU-FD-Central,0,Central Federal District,Центральный федеральный округ,RU,Central,"Skilled agricultural, forestry and fishery workers",6,73319.0,RUB,monthly,average_monthly_nominal_accrued_wage_october_survey,biennial_occupation_survey_57T,2025,,RU-NAT,OKZ,federal_district,https://rosstat.gov.ru/storage/mediabank/sved_57-t_2025.rar,2026-07-29
RU-FD-Central,0,Central Federal District,Центральный федеральный округ,RU,Central,Craft and related trades workers,7,100314.0,RUB,monthly,average_monthly_nominal_accrued_wage_october_survey,biennial_occupation_survey_57T,2025,,RU-NAT,OKZ,federal_district,https://rosstat.gov.ru/storage/mediabank/sved_57-t_2025.rar,2026-07-29
RU-FD-Central,0,Central Federal District,Центральный федеральный округ,RU,Central,Plant and machine operators and assemblers,8,98012.0,RUB,monthly,average_monthly_nominal_accrued_wage_october_survey,biennial_occupation_survey_57T,2025,,RU-NAT,OKZ,federal_district,https://rosstat.gov.ru/storage/mediabank/sved_57-t_2025.rar,2026-07-29
RU-FD-Central,0,Central Federal District,Центральный федеральный округ,RU,Central,Elementary occupations,9,61385.0,RUB,monthly,average_monthly_nominal_accrued_wage_october_survey,biennial_occupation_survey_57T,2025,,RU-NAT,OKZ,federal_district,https://rosstat.gov.ru/storage/mediabank/sved_57-t_2025.rar,2026-07-29
14,1,Belgorod Oblast,Белгородская область,RU,Central,Total,,75779.0,RUB,monthly,average_monthly_nominal_accrued_wage_october_survey,biennial_occupation_survey_57T,2025,,RU-FD-Central,OKZ,federal_subject,https://rosstat.gov.ru/storage/mediabank/sved_57-t_2025.rar,2026-07-29
14,1,Belgorod Oblast,Белгородская область,RU,Central,Managers,1,124034.0,RUB,monthly,average_monthly_nominal_accrued_wage_october_survey,biennial_occupation_survey_57T,2025,,RU-FD-Central,OKZ,federal_subject,https://rosstat.gov.ru/storage/mediabank/sved_57-t_2025.rar,2026-07-29
14,1,Belgorod Oblast,Белгородская область,RU,Central,Professionals,2,75424.0,RUB,monthly,average_monthly_nominal_accrued_wage_october_survey,biennial_occupation_survey_57T,2025,,RU-FD-Central,OKZ,federal_subject,https://rosstat.gov.ru/storage/mediabank/sved_57-t_2025.rar,2026-07-29
14,1,Belgorod Oblast,Белгородская область,RU,Central,Technicians and associate professionals,3,70527.0,RUB,monthly,average_monthly_nominal_accrued_wage_october_survey,biennial_occupation_survey_57T,2025,,RU-FD-Central,OKZ,federal_subject,https://rosstat.gov.ru/storage/mediabank/sved_57-t_2025.rar,2026-07-29
14,1,Belgorod Oblast,Белгородская область,RU,Central,Clerical support workers,4,51381.0,RUB,monthly,average_monthly_nominal_accrued_wage_october_survey,biennial_occupation_survey_57T,2025,,RU-FD-Central,OKZ,federal_subject,https://rosstat.gov.ru/storage/mediabank/sved_57-t_2025.rar,2026-07-29
14,1,Belgorod Oblast,Белгородская область,RU,Central,Service and sales workers,5,48003.0,RUB,monthly,average_monthly_nominal_accrued_wage_october_survey,biennial_occupation_survey_57T,2025,,RU-FD-Central,OKZ,federal_subject,https://rosstat.gov.ru/storage/mediabank/sved_57-t_2025.rar,2026-07-29
14,1,Belgorod Oblast,Белгородская область,RU,Central,"Skilled agricultural, forestry and fishery workers",6,79691.0,RUB,monthly,average_monthly_nominal_accrued_wage_october_survey,biennial_occupation_survey_57T,2025,,RU-FD-Central,OKZ,federal_subject,https://rosstat.gov.ru/storage/mediabank/sved_57-t_2025.rar,2026-07-29
14,1,Belgorod Oblast,Белгородская область,RU,Central,Craft and related trades workers,7,86095.0,RUB,monthly,average_monthly_nominal_accrued_wage_october_survey,biennial_occupation_survey_57T,2025,,RU-FD-Central,OKZ,federal_subject,https://rosstat.gov.ru/storage/mediabank/sved_57-t_2025.rar,2026-07-29
14,1,Belgorod Oblast,Белгородская область,RU,Central,Plant and machine operators and assemblers,8,84610.0,RUB,monthly,average_monthly_nominal_accrued_wage_october_survey,biennial_occupation_survey_57T,2025,,RU-FD-Central,OKZ,federal_subject,https://rosstat.gov.ru/storage/mediabank/sved_57-t_2025.rar,2026-07-29
14,1,Belgorod Oblast,Белгородская область,RU,Central,Elementary occupations,9,46931.0,RUB,monthly,average_monthly_nominal_accrued_wage_october_survey,biennial_occupation_survey_57T,2025,,RU-FD-Central,OKZ,federal_subject,https://rosstat.gov.ru/storage/mediabank/sved_57-t_2025.rar,2026-07-29
15,1,Bryansk Oblast,Брянская область,RU,Central,Total,,63980.0,RUB,monthly,average_monthly_nominal_accrued_wage_october_survey,biennial_occupation_survey_57T,2025,,RU-FD-Central,OKZ,federal_subject,https://rosstat.gov.ru/storage/mediabank/sved_57-t_2025.rar,2026-07-29
15,1,Bryansk Oblast,Брянская область,RU,Central,Managers,1,105737.0,RUB,monthly,average_monthly_nominal_accrued_wage_october_survey,biennial_occupation_survey_57T,2025,,RU-FD-Central,OKZ,federal_subject,https://rosstat.gov.ru/storage/mediabank/sved_57-t_2025.rar,2026-07-29
15,1,Bryansk Oblast,Брянская область,RU,Central,Professionals,2,64263.0,RUB,monthly,average_monthly_nominal_accrued_wage_october_survey,biennial_occupation_survey_57T,2025,,RU-FD-Central,OKZ,federal_subject,https://rosstat.gov.ru/storage/mediabank/sved_57-t_2025.rar,2026-07-29
15,1,Bryansk Oblast,Брянская область,RU,Central,Technicians and associate professionals,3,60194.0,RUB,monthly,average_monthly_nominal_accrued_wage_october_survey,biennial_occupation_survey_57T,2025,,RU-FD-Central,OKZ,federal_subject,https://rosstat.gov.ru/storage/mediabank/sved_57-t_2025.rar,2026-07-29
15,1,Bryansk Oblast,Брянская область,RU,Central,Clerical support workers,4,42342.0,RUB,monthly,average_monthly_nominal_accrued_wage_october_survey,biennial_occupation_survey_57T,2025,,RU-FD-Central,OKZ,federal_subject,https://rosstat.gov.ru/storage/mediabank/sved_57-t_2025.rar,2026-07-29
15,1,Bryansk Oblast,Брянская область,RU,Central,Service and sales workers,5,43389.0,RUB,monthly,average_monthly_nominal_accrued_wage_october_survey,biennial_occupation_survey_57T,2025,,RU-FD-Central,OKZ,federal_subject,https://rosstat.gov.ru/storage/mediabank/sved_57-t_2025.rar,2026-07-29
15,1,Bryansk Oblast,Брянская область,RU,Central,"Skilled agricultural, forestry and fishery workers",6,64805.0,RUB,monthly,average_monthly_nominal_accrued_wage_october_survey,biennial_occupation_survey_57T,2025,,RU-FD-Central,OKZ,federal_subject,https://rosstat.gov.ru/storage/mediabank/sved_57-t_2025.rar,2026-07-29
15,1,Bryansk Oblast,Брянская область,RU,Central,Craft and related trades workers,7,74054.0,RUB,monthly,average_monthly_nominal_accrued_wage_october_survey,biennial_occupation_survey_57T,2025,,RU-FD-Central,OKZ,federal_subject,https://rosstat.gov.ru/storage/mediabank/sved_57-t_2025.rar,2026-07-29
15,1,Bryansk Oblast,Брянская область,RU,Central,Plant and machine operators and assemblers,8,73541.0,RUB,monthly,average_monthly_nominal_accrued_wage_october_survey,biennial_occupation_survey_57T,2025,,RU-FD-Central,OKZ,federal_subject,https://rosstat.gov.ru/storage/mediabank/sved_57-t_2025.rar,2026-07-29
15,1,Bryansk Oblast,Брянская область,RU,Central,Elementary occupations,9,39002.0,RUB,monthly,average_monthly_nominal_accrued_wage_october_survey,biennial_occupation_survey_57T,2025,,RU-FD-Central,OKZ,federal_subject,https://rosstat.gov.ru/storage/mediabank/sved_57-t_2025.rar,2026-07-29
17,1,Vladimir Oblast,Владимирская область,RU,Central,Total,,76363.0,RUB,monthly,average_monthly_nominal_accrued_wage_october_survey,biennial_occupation_survey_57T,2025,,RU-FD-Central,OKZ,federal_subject,https://rosstat.gov.ru/storage/mediabank/sved_57-t_2025.rar,2026-07-29
17,1,Vladimir Oblast,Владимирская область,RU,Central,Managers,1,124743.0,RUB,monthly,average_monthly_nominal_accrued_wage_october_survey,biennial_occupation_survey_57T,2025,,RU-FD-Central,OKZ,federal_subject,https://rosstat.gov.ru/storage/mediabank/sved_57-t_2025.rar,2026-07-29
17,1,Vladimir Oblast,Владимирская область,RU,Central,Professionals,2,75773.0,RUB,monthly,average_monthly_nominal_accrued_wage_october_survey,biennial_occupation_survey_57T,2025,,RU-FD-Central,OKZ,federal_subject,https://rosstat.gov.ru/storage/mediabank/sved_57-t_2025.rar,2026-07-29
17,1,Vladimir Oblast,Владимирская область,RU,Central,Technicians and associate professionals,3,63503.0,RUB,monthly,average_monthly_nominal_accrued_wage_october_survey,biennial_occupation_survey_57T,2025,,RU-FD-Central,OKZ,federal_subject,https://rosstat.gov.ru/storage/mediabank/sved_57-t_2025.rar,2026-07-29
17,1,Vladimir Oblast,Владимирская область,RU,Central,Clerical support workers,4,49488.0,RUB,monthly,average_monthly_nominal_accrued_wage_october_survey,biennial_occupation_survey_57T,2025,,RU-FD-Central,OKZ,federal_subject,https://rosstat.gov.ru/storage/mediabank/sved_57-t_2025.rar,2026-07-29
17,1,Vladimir Oblast,Владимирская область,RU,Central,Service and sales workers,5,49954.0,RUB,monthly,average_monthly_nominal_accrued_wage_october_survey,biennial_occupation_survey_57T,2025,,RU-FD-Central,OKZ,federal_subject,https://rosstat.gov.ru/storage/mediabank/sved_57-t_2025.rar,2026-07-29
17,1,Vladimir Oblast,Владимирская область,RU,Central,"Skilled agricultural, forestry and fishery workers",6,69674.0,RUB,monthly,average_monthly_nominal_accrued_wage_october_survey,biennial_occupation_survey_57T,2025,,RU-FD-Central,OKZ,federal_subject,https://rosstat.gov.ru/storage/mediabank/sved_57-t_2025.rar,2026-07-29
17,1,Vladimir Oblast,Владимирская область,RU,Central,Craft and related trades workers,7,84407.0,RUB,monthly,average_monthly_nominal_accrued_wage_october_survey,biennial_occupation_survey_57T,2025,,RU-FD-Central,OKZ,federal_subject,https://rosstat.gov.ru/storage/mediabank/sved_57-t_2025.rar,2026-07-29
17,1,Vladimir Oblast,Владимирская область,RU,Central,Plant and machine operators and assemblers,8,84895.0,RUB,monthly,average_monthly_nominal_accrued_wage_october_survey,biennial_occupation_survey_57T,2025,,RU-FD-Central,OKZ,federal_subject,https://rosstat.gov.ru/storage/mediabank/sved_57-t_2025.rar,2026-07-29
17,1,Vladimir Oblast,Владимирская область,RU,Central,Elementary occupations,9,45169.0,RUB,monthly,average_monthly_nominal_accrued_wage_october_survey,biennial_occupation_survey_57T,2025,,RU-FD-Central,OKZ,federal_subject,https://rosstat.gov.ru/storage/mediabank/sved_57-t_2025.rar,2026-07-29
20,1,Voronezh Oblast,Воронежская область,RU,Central,Total,,75646.0,RUB,monthly,average_monthly_nominal_accrued_wage_october_survey,biennial_occupation_survey_57T,2025,,RU-FD-Central,OKZ,federal_subject,https://rosstat.gov.ru/storage/mediabank/sved_57-t_2025.rar,2026-07-29
20,1,Voronezh Oblast,Воронежская область,RU,Central,Managers,1,132992.0,RUB,monthly,average_monthly_nominal_accrued_wage_october_survey,biennial_occupation_survey_57T,2025,,RU-FD-Central,OKZ,federal_subject,https://rosstat.gov.ru/storage/mediabank/sved_57-t_2025.rar,2026-07-29
20,1,Voronezh Oblast,Воронежская область,RU,Central,Professionals,2,79201.0,RUB,monthly,average_monthly_nominal_accrued_wage_october_survey,biennial_occupation_survey_57T,2025,,RU-FD-Central,OKZ,federal_subject,https://rosstat.gov.ru/storage/mediabank/sved_57-t_2025.rar,2026-07-29
20,1,Voronezh Oblast,Воронежская область,RU,Central,Technicians and associate professionals,3,61701.0,RUB,monthly,average_monthly_nominal_accrued_wage_october_survey,biennial_occupation_survey_57T,2025,,RU-FD-Central,OKZ,federal_subject,https://rosstat.gov.ru/storage/mediabank/sved_57-t_2025.rar,2026-07-29
20,1,Voronezh Oblast,Воронежская область,RU,Central,Clerical support workers,4,57468.0,RUB,monthly,average_monthly_nominal_accrued_wage_october_survey,biennial_occupation_survey_57T,2025,,RU-FD-Central,OKZ,federal_subject,https://rosstat.gov.ru/storage/mediabank/sved_57-t_2025.rar,2026-07-29
20,1,Voronezh Oblast,Воронежская область,RU,Central,Service and sales workers,5,49349.0,RUB,monthly,average_monthly_nominal_accrued_wage_october_survey,biennial_occupation_survey_57T,2025,,RU-FD-Central,OKZ,federal_subject,https://rosstat.gov.ru/storage/mediabank/sved_57-t_2025.rar,2026-07-29
20,1,Voronezh Oblast,Воронежская область,RU,Central,"Skilled agricultural, forestry and fishery workers",6,72992.0,RUB,monthly,average_monthly_nominal_accrued_wage_october_survey,biennial_occupation_survey_57T,2025,,RU-FD-Central,OKZ,federal_subject,https://rosstat.gov.ru/storage/mediabank/sved_57-t_2025.rar,2026-07-29
20,1,Voronezh Oblast,Воронежская область,RU,Central,Craft and related trades workers,7,79784.0,RUB,monthly,average_monthly_nominal_accrued_wage_october_survey,biennial_occupation_survey_57T,2025,,RU-FD-Central,OKZ,federal_subject,https://rosstat.gov.ru/storage/mediabank/sved_57-t_2025.rar,2026-07-29
20,1,Voronezh Oblast,Воронежская область,RU,Central,Plant and machine operators and assemblers,8,76915.0,RUB,monthly,average_monthly_nominal_accrued_wage_october_survey,biennial_occupation_survey_57T,2025,,RU-FD-Central,OKZ,federal_subject,https://rosstat.gov.ru/storage/mediabank/sved_57-t_2025.rar,2026-07-29
20,1,Voronezh Oblast,Воронежская область,RU,Central,Elementary occupations,9,50506.0,RUB,monthly,average_monthly_nominal_accrued_wage_october_survey,biennial_occupation_survey_57T,2025,,RU-FD-Central,OKZ,federal_subject,https://rosstat.gov.ru/storage/mediabank/sved_57-t_2025.rar,2026-07-29
24,1,Ivanovo Oblast,Ивановская область,RU,Central,Total,,60304.0,RUB,monthly,average_monthly_nominal_accrued_wage_october_survey,biennial_occupation_survey_57T,2025,,RU-FD-Central,OKZ,federal_subject,https://rosstat.gov.ru/storage/mediabank/sved_57-t_2025.rar,2026-07-29
24,1,Ivanovo Oblast,Ивановская область,RU,Central,Managers,1,95759.0,RUB,monthly,average_monthly_nominal_accrued_wage_october_survey,biennial_occupation_survey_57T,2025,,RU-FD-Central,OKZ,federal_subject,https://rosstat.gov.ru/storage/mediabank/sved_57-t_2025.rar,2026-07-29
24,1,Ivanovo Oblast,Ивановская область,RU,Central,Professionals,2,64704.0,RUB,monthly,average_monthly_nominal_accrued_wage_october_survey,biennial_occupation_survey_57T,2025,,RU-FD-Central,OKZ,federal_subject,https://rosstat.gov.ru/storage/mediabank/sved_57-t_2025.rar,2026-07-29
24,1,Ivanovo Oblast,Ивановская область,RU,Central,Technicians and associate professionals,3,47610.0,RUB,monthly,average_monthly_nominal_accrued_wage_october_survey,biennial_occupation_survey_57T,2025,,RU-FD-Central,OKZ,federal_subject,https://rosstat.gov.ru/storage/mediabank/sved_57-t_2025.rar,2026-07-29
24,1,Ivanovo Oblast,Ивановская область,RU,Central,Clerical support workers,4,39885.0,RUB,monthly,average_monthly_nominal_accrued_wage_october_survey,biennial_occupation_survey_57T,2025,,RU-FD-Central,OKZ,federal_subject,https://rosstat.gov.ru/storage/mediabank/sved_57-t_2025.rar,2026-07-29
24,1,Ivanovo Oblast,Ивановская область,RU,Central,Service and sales workers,5,49574.0,RUB,monthly,average_monthly_nominal_accrued_wage_october_survey,biennial_occupation_survey_57T,2025,,RU-FD-Central,OKZ,federal_subject,https://rosstat.gov.ru/storage/mediabank/sved_57-t_2025.rar,2026-07-29
24,1,Ivanovo Oblast,Ивановская область,RU,Central,"Skilled agricultural, forestry and fishery workers",6,56894.0,RUB,monthly,average_monthly_nominal_accrued_wage_october_survey,biennial_occupation_survey_57T,2025,,RU-FD-Central,OKZ,federal_subject,https://rosstat.gov.ru/storage/mediabank/sved_57-t_2025.rar,2026-07-29
24,1,Ivanovo Oblast,Ивановская область,RU,Central,Craft and related trades workers,7,58798.0,RUB,monthly,average_monthly_nominal_accrued_wage_october_survey,biennial_occupation_survey_57T,2025,,RU-FD-Central,OKZ,federal_subject,https://rosstat.gov.ru/storage/mediabank/sved_57-t_2025.rar,2026-07-29
24,1,Ivanovo Oblast,Ивановская область,RU,Central,Plant and machine operators and assemblers,8,66316.0,RUB,monthly,average_monthly_nominal_accrued_wage_october_survey,biennial_occupation_survey_57T,2025,,RU-FD-Central,OKZ,federal_subject,https://rosstat.gov.ru/storage/mediabank/sved_57-t_2025.rar,2026-07-29
24,1,Ivanovo Oblast,Ивановская область,RU,Central,Elementary occupations,9,37733.0,RUB,monthly,average_monthly_nominal_accrued_wage_october_survey,biennial_occupation_survey_57T,2025,,RU-FD-Central,OKZ,federal_subject,https://rosstat.gov.ru/storage/mediabank/sved_57-t_2025.rar,2026-07-29
29,1,Kaluga Oblast,Калужская область,RU,Central,Total,,85106.0,RUB,monthly,average_monthly_nominal_accrued_wage_october_survey,biennial_occupation_survey_57T,2025,,RU-FD-Central,OKZ,federal_subject,https://rosstat.gov.ru/storage/mediabank/sved_57-t_2025.rar,2026-07-29
29,1,Kaluga Oblast,Калужская область,RU,Central,Managers,1,145820.0,RUB,monthly,average_monthly_nominal_accrued_wage_october_survey,biennial_occupation_survey_57T,2025,,RU-FD-Central,OKZ,federal_subject,https://rosstat.gov.ru/storage/mediabank/sved_57-t_2025.rar,2026-07-29
29,1,Kaluga Oblast,Калужская область,RU,Central,Professionals,2,81450.0,RUB,monthly,average_monthly_nominal_accrued_wage_october_survey,biennial_occupation_survey_57T,2025,,RU-FD-Central,OKZ,federal_subject,https://rosstat.gov.ru/storage/mediabank/sved_57-t_2025.rar,2026-07-29
29,1,Kaluga Oblast,Калужская область,RU,Central,Technicians and associate professionals,3,73578.0,RUB,monthly,average_monthly_nominal_accrued_wage_october_survey,biennial_occupation_survey_57T,2025,,RU-FD-Central,OKZ,federal_subject,https://rosstat.gov.ru/storage/mediabank/sved_57-t_2025.rar,2026-07-29
29,1,Kaluga Oblast,Калужская область,RU,Central,Clerical support workers,4,62759.0,RUB,monthly,average_monthly_nominal_accrued_wage_october_survey,biennial_occupation_survey_57T,2025,,RU-FD-Central,OKZ,federal_subject,https://rosstat.gov.ru/storage/mediabank/sved_57-t_2025.rar,2026-07-29
29,1,Kaluga Oblast,Калужская область,RU,Central,Service and sales workers,5,49872.0,RUB,monthly,average_monthly_nominal_accrued_wage_october_survey,biennial_occupation_survey_57T,2025,,RU-FD-Central,OKZ,federal_subject,https://rosstat.gov.ru/storage/mediabank/sved_57-t_2025.rar,2026-07-29
29,1,Kaluga Oblast,Калужская область,RU,Central,"Skilled agricultural, forestry and fishery workers",6,63146.0,RUB,monthly,average_monthly_nominal_accrued_wage_october_survey,biennial_occupation_survey_57T,2025,,RU-FD-Central,OKZ,federal_subject,https://rosstat.gov.ru/storage/mediabank/sved_57-t_2025.rar,2026-07-29
29,1,Kaluga Oblast,Калужская область,RU,Central,Craft and related trades workers,7,96457.0,RUB,monthly,average_monthly_nominal_accrued_wage_october_survey,biennial_occupation_survey_57T,2025,,RU-FD-Central,OKZ,federal_subject,https://rosstat.gov.ru/storage/mediabank/sved_57-t_2025.rar,2026-07-29
29,1,Kaluga Oblast,Калужская область,RU,Central,Plant and machine operators and assemblers,8,88908.0,RUB,monthly,average_monthly_nominal_accrued_wage_october_survey,biennial_occupation_survey_57T,2025,,RU-FD-Central,OKZ,federal_subject,https://rosstat.gov.ru/storage/mediabank/sved_57-t_2025.rar,2026-07-29
29,1,Kaluga Oblast,Калужская область,RU,Central,Elementary occupations,9,58089.0,RUB,monthly,average_monthly_nominal_accrued_wage_october_survey,biennial_occupation_survey_57T,2025,,RU-FD-Central,OKZ,federal_subject,https://rosstat.gov.ru/storage/mediabank/sved_57-t_2025.rar,2026-07-29
34,1,Kostroma Oblast,Костромская область,RU,Central,Total,,60748.0,RUB,monthly,average_monthly_nominal_accrued_wage_october_survey,biennial_occupation_survey_57T,2025,,RU-FD-Central,OKZ,federal_subject,https://rosstat.gov.ru/storage/mediabank/sved_57-t_2025.rar,2026-07-29
34,1,Kostroma Oblast,Костромская область,RU,Central,Managers,1,92969.0,RUB,monthly,average_monthly_nominal_accrued_wage_october_survey,biennial_occupation_survey_57T,2025,,RU-FD-Central,OKZ,federal_subject,https://rosstat.gov.ru/storage/mediabank/sved_57-t_2025.rar,2026-07-29
34,1,Kostroma Oblast,Костромская область,RU,Central,Professionals,2,63934.0,RUB,monthly,average_monthly_nominal_accrued_wage_october_survey,biennial_occupation_survey_57T,2025,,RU-FD-Central,OKZ,federal_subject,https://rosstat.gov.ru/storage/mediabank/sved_57-t_2025.rar,2026-07-29
34,1,Kostroma Oblast,Костромская область,RU,Central,Technicians and associate professionals,3,52483.0,RUB,monthly,average_monthly_nominal_accrued_wage_october_survey,biennial_occupation_survey_57T,2025,,RU-FD-Central,OKZ,federal_subject,https://rosstat.gov.ru/storage/mediabank/sved_57-t_2025.rar,2026-07-29
34,1,Kostroma Oblast,Костромская область,RU,Central,Clerical support workers,4,45889.0,RUB,monthly,average_monthly_nominal_accrued_wage_october_survey,biennial_occupation_survey_57T,2025,,RU-FD-Central,OKZ,federal_subject,https://rosstat.gov.ru/storage/mediabank/sved_57-t_2025.rar,2026-07-29
34,1,Kostroma Oblast,Костромская область,RU,Central,Service and sales workers,5,35828.0,RUB,monthly,average_monthly_nominal_accrued_wage_october_survey,biennial_occupation_survey_57T,2025,,RU-FD-Central,OKZ,federal_subject,https://rosstat.gov.ru/storage/mediabank/sved_57-t_2025.rar,2026-07-29
34,1,Kostroma Oblast,Костромская область,RU,Central,"Skilled agricultural, forestry and fishery workers",6,55119.0,RUB,monthly,average_monthly_nominal_accrued_wage_october_survey,biennial_occupation_survey_57T,2025,,RU-FD-Central,OKZ,federal_subject,https://rosstat.gov.ru/storage/mediabank/sved_57-t_2025.rar,2026-07-29
34,1,Kostroma Oblast,Костромская область,RU,Central,Craft and related trades workers,7,76477.0,RUB,monthly,average_monthly_nominal_accrued_wage_october_survey,biennial_occupation_survey_57T,2025,,RU-FD-Central,OKZ,federal_subject,https://rosstat.gov.ru/storage/mediabank/sved_57-t_2025.rar,2026-07-29
34,1,Kostroma Oblast,Костромская область,RU,Central,Plant and machine operators and assemblers,8,63715.0,RUB,monthly,average_monthly_nominal_accrued_wage_october_survey,biennial_occupation_survey_57T,2025,,RU-FD-Central,OKZ,federal_subject,https://rosstat.gov.ru/storage/mediabank/sved_57-t_2025.rar,2026-07-29
34,1,Kostroma Oblast,Костромская область,RU,Central,Elementary occupations,9,36424.0,RUB,monthly,average_monthly_nominal_accrued_wage_october_survey,biennial_occupation_survey_57T,2025,,RU-FD-Central,OKZ,federal_subject,https://rosstat.gov.ru/storage/mediabank/sved_57-t_2025.rar,2026-07-29
38,1,Kursk Oblast,Курская область,RU,Central,Total,,78297.0,RUB,monthly,average_monthly_nominal_accrued_wage_october_survey,biennial_occupation_survey_57T,2025,,RU-FD-Central,OKZ,federal_subject,https://rosstat.gov.ru/storage/mediabank/sved_57-t_2025.rar,2026-07-29
38,1,Kursk Oblast,Курская область,RU,Central,Managers,1,123939.0,RUB,monthly,average_monthly_nominal_accrued_wage_october_survey,biennial_occupation_survey_57T,2025,,RU-FD-Central,OKZ,federal_subject,https://rosstat.gov.ru/storage/mediabank/sved_57-t_2025.rar,2026-07-29
38,1,Kursk Oblast,Курская область,RU,Central,Professionals,2,72176.0,RUB,monthly,average_monthly_nominal_accrued_wage_october_survey,biennial_occupation_survey_57T,2025,,RU-FD-Central,OKZ,federal_subject,https://rosstat.gov.ru/storage/mediabank/sved_57-t_2025.rar,2026-07-29
38,1,Kursk Oblast,Курская область,RU,Central,Technicians and associate professionals,3,68530.0,RUB,monthly,average_monthly_nominal_accrued_wage_october_survey,biennial_occupation_survey_57T,2025,,RU-FD-Central,OKZ,federal_subject,https://rosstat.gov.ru/storage/mediabank/sved_57-t_2025.rar,2026-07-29
38,1,Kursk Oblast,Курская область,RU,Central,Clerical support workers,4,47598.0,RUB,monthly,average_monthly_nominal_accrued_wage_october_survey,biennial_occupation_survey_57T,2025,,RU-FD-Central,OKZ,federal_subject,https://rosstat.gov.ru/storage/mediabank/sved_57-t_2025.rar,2026-07-29
38,1,Kursk Oblast,Курская область,RU,Central,Service and sales workers,5,45957.0,RUB,monthly,average_monthly_nominal_accrued_wage_october_survey,biennial_occupation_survey_57T,2025,,RU-FD-Central,OKZ,federal_subject,https://rosstat.gov.ru/storage/mediabank/sved_57-t_2025.rar,2026-07-29
38,1,Kursk Oblast,Курская область,RU,Central,"Skilled agricultural, forestry and fishery workers",6,90020.0,RUB,monthly,average_monthly_nominal_accrued_wage_october_survey,biennial_occupation_survey_57T,2025,,RU-FD-Central,OKZ,federal_subject,https://rosstat.gov.ru/storage/mediabank/sved_57-t_2025.rar,2026-07-29
38,1,Kursk Oblast,Курская область,RU,Central,Craft and related trades workers,7,100796.0,RUB,monthly,average_monthly_nominal_accrued_wage_october_survey,biennial_occupation_survey_57T,2025,,RU-FD-Central,OKZ,federal_subject,https://rosstat.gov.ru/storage/mediabank/sved_57-t_2025.rar,2026-07-29
38,1,Kursk Oblast,Курская область,RU,Central,Plant and machine operators and assemblers,8,89818.0,RUB,monthly,average_monthly_nominal_accrued_wage_october_survey,biennial_occupation_survey_57T,2025,,RU-FD-Central,OKZ,federal_subject,https://rosstat.gov.ru/storage/mediabank/sved_57-t_2025.rar,2026-07-29
38,1,Kursk Oblast,Курская область,RU,Central,Elementary occupations,9,48938.0,RUB,monthly,average_monthly_nominal_accrued_wage_october_survey,biennial_occupation_survey_57T,2025,,RU-FD-Central,OKZ,federal_subject,https://rosstat.gov.ru/storage/mediabank/sved_57-t_2025.rar,2026-07-29
42,1,Lipetsk Oblast,Липецкая область,RU,Central,Total,,76890.0,RUB,monthly,average_monthly_nominal_accrued_wage_october_survey,biennial_occupation_survey_57T,2025,,RU-FD-Central,OKZ,federal_subject,https://rosstat.gov.ru/storage/mediabank/sved_57-t_2025.rar,2026-07-29
42,1,Lipetsk Oblast,Липецкая область,RU,Central,Managers,1,128175.0,RUB,monthly,average_monthly_nominal_accrued_wage_october_survey,biennial_occupation_survey_57T,2025,,RU-FD-Central,OKZ,federal_subject,https://rosstat.gov.ru/storage/mediabank/sved_57-t_2025.rar,2026-07-29
42,1,Lipetsk Oblast,Липецкая область,RU,Central,Professionals,2,73931.0,RUB,monthly,average_monthly_nominal_accrued_wage_october_survey,biennial_occupation_survey_57T,2025,,RU-FD-Central,OKZ,federal_subject,https://rosstat.gov.ru/storage/mediabank/sved_57-t_2025.rar,2026-07-29
42,1,Lipetsk Oblast,Липецкая область,RU,Central,Technicians and associate professionals,3,64896.0,RUB,monthly,average_monthly_nominal_accrued_wage_october_survey,biennial_occupation_survey_57T,2025,,RU-FD-Central,OKZ,federal_subject,https://rosstat.gov.ru/storage/mediabank/sved_57-t_2025.rar,2026-07-29
42,1,Lipetsk Oblast,Липецкая область,RU,Central,Clerical support workers,4,63059.0,RUB,monthly,average_monthly_nominal_accrued_wage_october_survey,biennial_occupation_survey_57T,2025,,RU-FD-Central,OKZ,federal_subject,https://rosstat.gov.ru/storage/mediabank/sved_57-t_2025.rar,2026-07-29
42,1,Lipetsk Oblast,Липецкая область,RU,Central,Service and sales workers,5,48206.0,RUB,monthly,average_monthly_nominal_accrued_wage_october_survey,biennial_occupation_survey_57T,2025,,RU-FD-Central,OKZ,federal_subject,https://rosstat.gov.ru/storage/mediabank/sved_57-t_2025.rar,2026-07-29
42,1,Lipetsk Oblast,Липецкая область,RU,Central,"Skilled agricultural, forestry and fishery workers",6,78807.0,RUB,monthly,average_monthly_nominal_accrued_wage_october_survey,biennial_occupation_survey_57T,2025,,RU-FD-Central,OKZ,federal_subject,https://rosstat.gov.ru/storage/mediabank/sved_57-t_2025.rar,2026-07-29
42,1,Lipetsk Oblast,Липецкая область,RU,Central,Craft and related trades workers,7,90432.0,RUB,monthly,average_monthly_nominal_accrued_wage_october_survey,biennial_occupation_survey_57T,2025,,RU-FD-Central,OKZ,federal_subject,https://rosstat.gov.ru/storage/mediabank/sved_57-t_2025.rar,2026-07-29
42,1,Lipetsk Oblast,Липецкая область,RU,Central,Plant and machine operators and assemblers,8,87239.0,RUB,monthly,average_monthly_nominal_accrued_wage_october_survey,biennial_occupation_survey_57T,2025,,RU-FD-Central,OKZ,federal_subject,https://rosstat.gov.ru/storage/mediabank/sved_57-t_2025.rar,2026-07-29
42,1,Lipetsk Oblast,Липецкая область,RU,Central,Elementary occupations,9,40382.0,RUB,monthly,average_monthly_nominal_accrued_wage_october_survey,biennial_occupation_survey_57T,2025,,RU-FD-Central,OKZ,federal_subject,https://rosstat.gov.ru/storage/mediabank/sved_57-t_2025.rar,2026-07-29
46,1,Moscow Oblast,Московская область,RU,Central,Total,,117089.0,RUB,monthly,average_monthly_nominal_accrued_wage_october_survey,biennial_occupation_survey_57T,2025,,RU-FD-Central,OKZ,federal_subject,https://rosstat.gov.ru/storage/mediabank/sved_57-t_2025.rar,2026-07-29
46,1,Moscow Oblast,Московская область,RU,Central,Managers,1,212043.0,RUB,monthly,average_monthly_nominal_accrued_wage_october_survey,biennial_occupation_survey_57T,2025,,RU-FD-Central,OKZ,federal_subject,https://rosstat.gov.ru/storage/mediabank/sved_57-t_2025.rar,2026-07-29
46,1,Moscow Oblast,Московская область,RU,Central,Professionals,2,126653.0,RUB,monthly,average_monthly_nominal_accrued_wage_october_survey,biennial_occupation_survey_57T,2025,,RU-FD-Central,OKZ,federal_subject,https://rosstat.gov.ru/storage/mediabank/sved_57-t_2025.rar,2026-07-29
46,1,Moscow Oblast,Московская область,RU,Central,Technicians and associate professionals,3,99913.0,RUB,monthly,average_monthly_nominal_accrued_wage_october_survey,biennial_occupation_survey_57T,2025,,RU-FD-Central,OKZ,federal_subject,https://rosstat.gov.ru/storage/mediabank/sved_57-t_2025.rar,2026-07-29
46,1,Moscow Oblast,Московская область,RU,Central,Clerical support workers,4,89988.0,RUB,monthly,average_monthly_nominal_accrued_wage_october_survey,biennial_occupation_survey_57T,2025,,RU-FD-Central,OKZ,federal_subject,https://rosstat.gov.ru/storage/mediabank/sved_57-t_2025.rar,2026-07-29
46,1,Moscow Oblast,Московская область,RU,Central,Service and sales workers,5,77684.0,RUB,monthly,average_monthly_nominal_accrued_wage_october_survey,biennial_occupation_survey_57T,2025,,RU-FD-Central,OKZ,federal_subject,https://rosstat.gov.ru/storage/mediabank/sved_57-t_2025.rar,2026-07-29
46,1,Moscow Oblast,Московская область,RU,Central,"Skilled agricultural, forestry and fishery workers",6,79489.0,RUB,monthly,average_monthly_nominal_accrued_wage_october_survey,biennial_occupation_survey_57T,2025,,RU-FD-Central,OKZ,federal_subject,https://rosstat.gov.ru/storage/mediabank/sved_57-t_2025.rar,2026-07-29
46,1,Moscow Oblast,Московская область,RU,Central,Craft and related trades workers,7,110566.0,RUB,monthly,average_monthly_nominal_accrued_wage_october_survey,biennial_occupation_survey_57T,2025,,RU-FD-Central,OKZ,federal_subject,https://rosstat.gov.ru/storage/mediabank/sved_57-t_2025.rar,2026-07-29
46,1,Moscow Oblast,Московская область,RU,Central,Plant and machine operators and assemblers,8,110692.0,RUB,monthly,average_monthly_nominal_accrued_wage_october_survey,biennial_occupation_survey_57T,2025,,RU-FD-Central,OKZ,federal_subject,https://rosstat.gov.ru/storage/mediabank/sved_57-t_2025.rar,2026-07-29
46,1,Moscow Oblast,Московская область,RU,Central,Elementary occupations,9,70126.0,RUB,monthly,average_monthly_nominal_accrued_wage_october_survey,biennial_occupation_survey_57T,2025,,RU-FD-Central,OKZ,federal_subject,https://rosstat.gov.ru/storage/mediabank/sved_57-t_2025.rar,2026-07-29
54,1,Oryol Oblast,Орловская область,RU,Central,Total,,63307.0,RUB,monthly,average_monthly_nominal_accrued_wage_october_survey,biennial_occupation_survey_57T,2025,,RU-FD-Central,OKZ,federal_subject,https://rosstat.gov.ru/storage/mediabank/sved_57-t_2025.rar,2026-07-29
54,1,Oryol Oblast,Орловская область,RU,Central,Managers,1,99779.0,RUB,monthly,average_monthly_nominal_accrued_wage_october_survey,biennial_occupation_survey_57T,2025,,RU-FD-Central,OKZ,federal_subject,https://rosstat.gov.ru/storage/mediabank/sved_57-t_2025.rar,2026-07-29
54,1,Oryol Oblast,Орловская область,RU,Central,Professionals,2,60021.0,RUB,monthly,average_monthly_nominal_accrued_wage_october_survey,biennial_occupation_survey_57T,2025,,RU-FD-Central,OKZ,federal_subject,https://rosstat.gov.ru/storage/mediabank/sved_57-t_2025.rar,2026-07-29
54,1,Oryol Oblast,Орловская область,RU,Central,Technicians and associate professionals,3,55473.0,RUB,monthly,average_monthly_nominal_accrued_wage_october_survey,biennial_occupation_survey_57T,2025,,RU-FD-Central,OKZ,federal_subject,https://rosstat.gov.ru/storage/mediabank/sved_57-t_2025.rar,2026-07-29
54,1,Oryol Oblast,Орловская область,RU,Central,Clerical support workers,4,48454.0,RUB,monthly,average_monthly_nominal_accrued_wage_october_survey,biennial_occupation_survey_57T,2025,,RU-FD-Central,OKZ,federal_subject,https://rosstat.gov.ru/storage/mediabank/sved_57-t_2025.rar,2026-07-29
54,1,Oryol Oblast,Орловская область,RU,Central,Service and sales workers,5,43038.0,RUB,monthly,average_monthly_nominal_accrued_wage_october_survey,biennial_occupation_survey_57T,2025,,RU-FD-Central,OKZ,federal_subject,https://rosstat.gov.ru/storage/mediabank/sved_57-t_2025.rar,2026-07-29
54,1,Oryol Oblast,Орловская область,RU,Central,"Skilled agricultural, forestry and fishery workers",6,62715.0,RUB,monthly,average_monthly_nominal_accrued_wage_october_survey,biennial_occupation_survey_57T,2025,,RU-FD-Central,OKZ,federal_subject,https://rosstat.gov.ru/storage/mediabank/sved_57-t_2025.rar,2026-07-29
54,1,Oryol Oblast,Орловская область,RU,Central,Craft and related trades workers,7,74313.0,RUB,monthly,average_monthly_nominal_accrued_wage_october_survey,biennial_occupation_survey_57T,2025,,RU-FD-Central,OKZ,federal_subject,https://rosstat.gov.ru/storage/mediabank/sved_57-t_2025.rar,2026-07-29
54,1,Oryol Oblast,Орловская область,RU,Central,Plant and machine operators and assemblers,8,75567.0,RUB,monthly,average_monthly_nominal_accrued_wage_october_survey,biennial_occupation_survey_57T,2025,,RU-FD-Central,OKZ,federal_subject,https://rosstat.gov.ru/storage/mediabank/sved_57-t_2025.rar,2026-07-29
54,1,Oryol Oblast,Орловская область,RU,Central,Elementary occupations,9,42587.0,RUB,monthly,average_monthly_nominal_accrued_wage_october_survey,biennial_occupation_survey_57T,2025,,RU-FD-Central,OKZ,federal_subject,https://rosstat.gov.ru/storage/mediabank/sved_57-t_2025.rar,2026-07-29
61,1,Ryazan Oblast,Рязанская область,RU,Central,Total,,73188.0,RUB,monthly,average_monthly_nominal_accrued_wage_october_survey,biennial_occupation_survey_57T,2025,,RU-FD-Central,OKZ,federal_subject,https://rosstat.gov.ru/storage/mediabank/sved_57-t_2025.rar,2026-07-29
61,1,Ryazan Oblast,Рязанская область,RU,Central,Managers,1,115032.0,RUB,monthly,average_monthly_nominal_accrued_wage_october_survey,biennial_occupation_survey_57T,2025,,RU-FD-Central,OKZ,federal_subject,https://rosstat.gov.ru/storage/mediabank/sved_57-t_2025.rar,2026-07-29
61,1,Ryazan Oblast,Рязанская область,RU,Central,Professionals,2,74125.0,RUB,monthly,average_monthly_nominal_accrued_wage_october_survey,biennial_occupation_survey_57T,2025,,RU-FD-Central,OKZ,federal_subject,https://rosstat.gov.ru/storage/mediabank/sved_57-t_2025.rar,2026-07-29
61,1,Ryazan Oblast,Рязанская область,RU,Central,Technicians and associate professionals,3,65230.0,RUB,monthly,average_monthly_nominal_accrued_wage_october_survey,biennial_occupation_survey_57T,2025,,RU-FD-Central,OKZ,federal_subject,https://rosstat.gov.ru/storage/mediabank/sved_57-t_2025.rar,2026-07-29
61,1,Ryazan Oblast,Рязанская область,RU,Central,Clerical support workers,4,56267.0,RUB,monthly,average_monthly_nominal_accrued_wage_october_survey,biennial_occupation_survey_57T,2025,,RU-FD-Central,OKZ,federal_subject,https://rosstat.gov.ru/storage/mediabank/sved_57-t_2025.rar,2026-07-29
61,1,Ryazan Oblast,Рязанская область,RU,Central,Service and sales workers,5,47640.0,RUB,monthly,average_monthly_nominal_accrued_wage_october_survey,biennial_occupation_survey_57T,2025,,RU-FD-Central,OKZ,federal_subject,https://rosstat.gov.ru/storage/mediabank/sved_57-t_2025.rar,2026-07-29
61,1,Ryazan Oblast,Рязанская область,RU,Central,"Skilled agricultural, forestry and fishery workers",6,69589.0,RUB,monthly,average_monthly_nominal_accrued_wage_october_survey,biennial_occupation_survey_57T,2025,,RU-FD-Central,OKZ,federal_subject,https://rosstat.gov.ru/storage/mediabank/sved_57-t_2025.rar,2026-07-29
61,1,Ryazan Oblast,Рязанская область,RU,Central,Craft and related trades workers,7,85548.0,RUB,monthly,average_monthly_nominal_accrued_wage_october_survey,biennial_occupation_survey_57T,2025,,RU-FD-Central,OKZ,federal_subject,https://rosstat.gov.ru/storage/mediabank/sved_57-t_2025.rar,2026-07-29
61,1,Ryazan Oblast,Рязанская область,RU,Central,Plant and machine operators and assemblers,8,80135.0,RUB,monthly,average_monthly_nominal_accrued_wage_october_survey,biennial_occupation_survey_57T,2025,,RU-FD-Central,OKZ,federal_subject,https://rosstat.gov.ru/storage/mediabank/sved_57-t_2025.rar,2026-07-29
61,1,Ryazan Oblast,Рязанская область,RU,Central,Elementary occupations,9,42231.0,RUB,monthly,average_monthly_nominal_accrued_wage_october_survey,biennial_occupation_survey_57T,2025,,RU-FD-Central,OKZ,federal_subject,https://rosstat.gov.ru/storage/mediabank/sved_57-t_2025.rar,2026-07-29
66,1,Smolensk Oblast,Смоленская область,RU,Central,Total,,68641.0,RUB,monthly,average_monthly_nominal_accrued_wage_october_survey,biennial_occupation_survey_57T,2025,,RU-FD-Central,OKZ,federal_subject,https://rosstat.gov.ru/storage/mediabank/sved_57-t_2025.rar,2026-07-29
66,1,Smolensk Oblast,Смоленская область,RU,Central,Managers,1,119270.0,RUB,monthly,average_monthly_nominal_accrued_wage_october_survey,biennial_occupation_survey_57T,2025,,RU-FD-Central,OKZ,federal_subject,https://rosstat.gov.ru/storage/mediabank/sved_57-t_2025.rar,2026-07-29
66,1,Smolensk Oblast,Смоленская область,RU,Central,Professionals,2,71884.0,RUB,monthly,average_monthly_nominal_accrued_wage_october_survey,biennial_occupation_survey_57T,2025,,RU-FD-Central,OKZ,federal_subject,https://rosstat.gov.ru/storage/mediabank/sved_57-t_2025.rar,2026-07-29
66,1,Smolensk Oblast,Смоленская область,RU,Central,Technicians and associate professionals,3,56518.0,RUB,monthly,average_monthly_nominal_accrued_wage_october_survey,biennial_occupation_survey_57T,2025,,RU-FD-Central,OKZ,federal_subject,https://rosstat.gov.ru/storage/mediabank/sved_57-t_2025.rar,2026-07-29
66,1,Smolensk Oblast,Смоленская область,RU,Central,Clerical support workers,4,44954.0,RUB,monthly,average_monthly_nominal_accrued_wage_october_survey,biennial_occupation_survey_57T,2025,,RU-FD-Central,OKZ,federal_subject,https://rosstat.gov.ru/storage/mediabank/sved_57-t_2025.rar,2026-07-29
66,1,Smolensk Oblast,Смоленская область,RU,Central,Service and sales workers,5,44065.0,RUB,monthly,average_monthly_nominal_accrued_wage_october_survey,biennial_occupation_survey_57T,2025,,RU-FD-Central,OKZ,federal_subject,https://rosstat.gov.ru/storage/mediabank/sved_57-t_2025.rar,2026-07-29
66,1,Smolensk Oblast,Смоленская область,RU,Central,"Skilled agricultural, forestry and fishery workers",6,66789.0,RUB,monthly,average_monthly_nominal_accrued_wage_october_survey,biennial_occupation_survey_57T,2025,,RU-FD-Central,OKZ,federal_subject,https://rosstat.gov.ru/storage/mediabank/sved_57-t_2025.rar,2026-07-29
66,1,Smolensk Oblast,Смоленская область,RU,Central,Craft and related trades workers,7,81193.0,RUB,monthly,average_monthly_nominal_accrued_wage_october_survey,biennial_occupation_survey_57T,2025,,RU-FD-Central,OKZ,federal_subject,https://rosstat.gov.ru/storage/mediabank/sved_57-t_2025.rar,2026-07-29
66,1,Smolensk Oblast,Смоленская область,RU,Central,Plant and machine operators and assemblers,8,73952.0,RUB,monthly,average_monthly_nominal_accrued_wage_october_survey,biennial_occupation_survey_57T,2025,,RU-FD-Central,OKZ,federal_subject,https://rosstat.gov.ru/storage/mediabank/sved_57-t_2025.rar,2026-07-29
66,1,Smolensk Oblast,Смоленская область,RU,Central,Elementary occupations,9,38806.0,RUB,monthly,average_monthly_nominal_accrued_wage_october_survey,biennial_occupation_survey_57T,2025,,RU-FD-Central,OKZ,federal_subject,https://rosstat.gov.ru/storage/mediabank/sved_57-t_2025.rar,2026-07-29
68,1,Tambov Oblast,Тамбовская область,RU,Central,Total,,67469.0,RUB,monthly,average_monthly_nominal_accrued_wage_october_survey,biennial_occupation_survey_57T,2025,,RU-FD-Central,OKZ,federal_subject,https://rosstat.gov.ru/storage/mediabank/sved_57-t_2025.rar,2026-07-29
68,1,Tambov Oblast,Тамбовская область,RU,Central,Managers,1,117959.0,RUB,monthly,average_monthly_nominal_accrued_wage_october_survey,biennial_occupation_survey_57T,2025,,RU-FD-Central,OKZ,federal_subject,https://rosstat.gov.ru/storage/mediabank/sved_57-t_2025.rar,2026-07-29
68,1,Tambov Oblast,Тамбовская область,RU,Central,Professionals,2,63120.0,RUB,monthly,average_monthly_nominal_accrued_wage_october_survey,biennial_occupation_survey_57T,2025,,RU-FD-Central,OKZ,federal_subject,https://rosstat.gov.ru/storage/mediabank/sved_57-t_2025.rar,2026-07-29
68,1,Tambov Oblast,Тамбовская область,RU,Central,Technicians and associate professionals,3,53090.0,RUB,monthly,average_monthly_nominal_accrued_wage_october_survey,biennial_occupation_survey_57T,2025,,RU-FD-Central,OKZ,federal_subject,https://rosstat.gov.ru/storage/mediabank/sved_57-t_2025.rar,2026-07-29
68,1,Tambov Oblast,Тамбовская область,RU,Central,Clerical support workers,4,59891.0,RUB,monthly,average_monthly_nominal_accrued_wage_october_survey,biennial_occupation_survey_57T,2025,,RU-FD-Central,OKZ,federal_subject,https://rosstat.gov.ru/storage/mediabank/sved_57-t_2025.rar,2026-07-29
68,1,Tambov Oblast,Тамбовская область,RU,Central,Service and sales workers,5,44334.0,RUB,monthly,average_monthly_nominal_accrued_wage_october_survey,biennial_occupation_survey_57T,2025,,RU-FD-Central,OKZ,federal_subject,https://rosstat.gov.ru/storage/mediabank/sved_57-t_2025.rar,2026-07-29
68,1,Tambov Oblast,Тамбовская область,RU,Central,"Skilled agricultural, forestry and fishery workers",6,70976.0,RUB,monthly,average_monthly_nominal_accrued_wage_october_survey,biennial_occupation_survey_57T,2025,,RU-FD-Central,OKZ,federal_subject,https://rosstat.gov.ru/storage/mediabank/sved_57-t_2025.rar,2026-07-29
68,1,Tambov Oblast,Тамбовская область,RU,Central,Craft and related trades workers,7,74166.0,RUB,monthly,average_monthly_nominal_accrued_wage_october_survey,biennial_occupation_survey_57T,2025,,RU-FD-Central,OKZ,federal_subject,https://rosstat.gov.ru/storage/mediabank/sved_57-t_2025.rar,2026-07-29
68,1,Tambov Oblast,Тамбовская область,RU,Central,Plant and machine operators and assemblers,8,81085.0,RUB,monthly,average_monthly_nominal_accrued_wage_october_survey,biennial_occupation_survey_57T,2025,,RU-FD-Central,OKZ,federal_subject,https://rosstat.gov.ru/storage/mediabank/sved_57-t_2025.rar,2026-07-29
68,1,Tambov Oblast,Тамбовская область,RU,Central,Elementary occupations,9,39284.0,RUB,monthly,average_monthly_nominal_accrued_wage_october_survey,biennial_occupation_survey_57T,2025,,RU-FD-Central,OKZ,federal_subject,https://rosstat.gov.ru/storage/mediabank/sved_57-t_2025.rar,2026-07-29
28,1,Tver Oblast,Тверская область,RU,Central,Total,,76720.0,RUB,monthly,average_monthly_nominal_accrued_wage_october_survey,biennial_occupation_survey_57T,2025,,RU-FD-Central,OKZ,federal_subject,https://rosstat.gov.ru/storage/mediabank/sved_57-t_2025.rar,2026-07-29
28,1,Tver Oblast,Тверская область,RU,Central,Managers,1,136315.0,RUB,monthly,average_monthly_nominal_accrued_wage_october_survey,biennial_occupation_survey_57T,2025,,RU-FD-Central,OKZ,federal_subject,https://rosstat.gov.ru/storage/mediabank/sved_57-t_2025.rar,2026-07-29
28,1,Tver Oblast,Тверская область,RU,Central,Professionals,2,76504.0,RUB,monthly,average_monthly_nominal_accrued_wage_october_survey,biennial_occupation_survey_57T,2025,,RU-FD-Central,OKZ,federal_subject,https://rosstat.gov.ru/storage/mediabank/sved_57-t_2025.rar,2026-07-29
28,1,Tver Oblast,Тверская область,RU,Central,Technicians and associate professionals,3,69427.0,RUB,monthly,average_monthly_nominal_accrued_wage_october_survey,biennial_occupation_survey_57T,2025,,RU-FD-Central,OKZ,federal_subject,https://rosstat.gov.ru/storage/mediabank/sved_57-t_2025.rar,2026-07-29
28,1,Tver Oblast,Тверская область,RU,Central,Clerical support workers,4,55437.0,RUB,monthly,average_monthly_nominal_accrued_wage_october_survey,biennial_occupation_survey_57T,2025,,RU-FD-Central,OKZ,federal_subject,https://rosstat.gov.ru/storage/mediabank/sved_57-t_2025.rar,2026-07-29
28,1,Tver Oblast,Тверская область,RU,Central,Service and sales workers,5,48459.0,RUB,monthly,average_monthly_nominal_accrued_wage_october_survey,biennial_occupation_survey_57T,2025,,RU-FD-Central,OKZ,federal_subject,https://rosstat.gov.ru/storage/mediabank/sved_57-t_2025.rar,2026-07-29
28,1,Tver Oblast,Тверская область,RU,Central,"Skilled agricultural, forestry and fishery workers",6,66477.0,RUB,monthly,average_monthly_nominal_accrued_wage_october_survey,biennial_occupation_survey_57T,2025,,RU-FD-Central,OKZ,federal_subject,https://rosstat.gov.ru/storage/mediabank/sved_57-t_2025.rar,2026-07-29
28,1,Tver Oblast,Тверская область,RU,Central,Craft and related trades workers,7,88600.0,RUB,monthly,average_monthly_nominal_accrued_wage_october_survey,biennial_occupation_survey_57T,2025,,RU-FD-Central,OKZ,federal_subject,https://rosstat.gov.ru/storage/mediabank/sved_57-t_2025.rar,2026-07-29
28,1,Tver Oblast,Тверская область,RU,Central,Plant and machine operators and assemblers,8,78530.0,RUB,monthly,average_monthly_nominal_accrued_wage_october_survey,biennial_occupation_survey_57T,2025,,RU-FD-Central,OKZ,federal_subject,https://rosstat.gov.ru/storage/mediabank/sved_57-t_2025.rar,2026-07-29
28,1,Tver Oblast,Тверская область,RU,Central,Elementary occupations,9,42122.0,RUB,monthly,average_monthly_nominal_accrued_wage_october_survey,biennial_occupation_survey_57T,2025,,RU-FD-Central,OKZ,federal_subject,https://rosstat.gov.ru/storage/mediabank/sved_57-t_2025.rar,2026-07-29
70,1,Tula Oblast,Тульская область,RU,Central,Total,,84925.0,RUB,monthly,average_monthly_nominal_accrued_wage_october_survey,biennial_occupation_survey_57T,2025,,RU-FD-Central,OKZ,federal_subject,https://rosstat.gov.ru/storage/mediabank/sved_57-t_2025.rar,2026-07-29
70,1,Tula Oblast,Тульская область,RU,Central,Managers,1,140930.0,RUB,monthly,average_monthly_nominal_accrued_wage_october_survey,biennial_occupation_survey_57T,2025,,RU-FD-Central,OKZ,federal_subject,https://rosstat.gov.ru/storage/mediabank/sved_57-t_2025.rar,2026-07-29
70,1,Tula Oblast,Тульская область,RU,Central,Professionals,2,80025.0,RUB,monthly,average_monthly_nominal_accrued_wage_october_survey,biennial_occupation_survey_57T,2025,,RU-FD-Central,OKZ,federal_subject,https://rosstat.gov.ru/storage/mediabank/sved_57-t_2025.rar,2026-07-29
70,1,Tula Oblast,Тульская область,RU,Central,Technicians and associate professionals,3,72141.0,RUB,monthly,average_monthly_nominal_accrued_wage_october_survey,biennial_occupation_survey_57T,2025,,RU-FD-Central,OKZ,federal_subject,https://rosstat.gov.ru/storage/mediabank/sved_57-t_2025.rar,2026-07-29
70,1,Tula Oblast,Тульская область,RU,Central,Clerical support workers,4,72262.0,RUB,monthly,average_monthly_nominal_accrued_wage_october_survey,biennial_occupation_survey_57T,2025,,RU-FD-Central,OKZ,federal_subject,https://rosstat.gov.ru/storage/mediabank/sved_57-t_2025.rar,2026-07-29
70,1,Tula Oblast,Тульская область,RU,Central,Service and sales workers,5,55943.0,RUB,monthly,average_monthly_nominal_accrued_wage_october_survey,biennial_occupation_survey_57T,2025,,RU-FD-Central,OKZ,federal_subject,https://rosstat.gov.ru/storage/mediabank/sved_57-t_2025.rar,2026-07-29
70,1,Tula Oblast,Тульская область,RU,Central,"Skilled agricultural, forestry and fishery workers",6,66303.0,RUB,monthly,average_monthly_nominal_accrued_wage_october_survey,biennial_occupation_survey_57T,2025,,RU-FD-Central,OKZ,federal_subject,https://rosstat.gov.ru/storage/mediabank/sved_57-t_2025.rar,2026-07-29
70,1,Tula Oblast,Тульская область,RU,Central,Craft and related trades workers,7,102818.0,RUB,monthly,average_monthly_nominal_accrued_wage_october_survey,biennial_occupation_survey_57T,2025,,RU-FD-Central,OKZ,federal_subject,https://rosstat.gov.ru/storage/mediabank/sved_57-t_2025.rar,2026-07-29
70,1,Tula Oblast,Тульская область,RU,Central,Plant and machine operators and assemblers,8,94068.0,RUB,monthly,average_monthly_nominal_accrued_wage_october_survey,biennial_occupation_survey_57T,2025,,RU-FD-Central,OKZ,federal_subject,https://rosstat.gov.ru/storage/mediabank/sved_57-t_2025.rar,2026-07-29
70,1,Tula Oblast,Тульская область,RU,Central,Elementary occupations,9,48448.0,RUB,monthly,average_monthly_nominal_accrued_wage_october_survey,biennial_occupation_survey_57T,2025,,RU-FD-Central,OKZ,federal_subject,https://rosstat.gov.ru/storage/mediabank/sved_57-t_2025.rar,2026-07-29
78,1,Yaroslavl Oblast,Ярославская область,RU,Central,Total,,74819.0,RUB,monthly,average_monthly_nominal_accrued_wage_october_survey,biennial_occupation_survey_57T,2025,,RU-FD-Central,OKZ,federal_subject,https://rosstat.gov.ru/storage/mediabank/sved_57-t_2025.rar,2026-07-29
78,1,Yaroslavl Oblast,Ярославская область,RU,Central,Managers,1,120680.0,RUB,monthly,average_monthly_nominal_accrued_wage_october_survey,biennial_occupation_survey_57T,2025,,RU-FD-Central,OKZ,federal_subject,https://rosstat.gov.ru/storage/mediabank/sved_57-t_2025.rar,2026-07-29
78,1,Yaroslavl Oblast,Ярославская область,RU,Central,Professionals,2,73517.0,RUB,monthly,average_monthly_nominal_accrued_wage_october_survey,biennial_occupation_survey_57T,2025,,RU-FD-Central,OKZ,federal_subject,https://rosstat.gov.ru/storage/mediabank/sved_57-t_2025.rar,2026-07-29
78,1,Yaroslavl Oblast,Ярославская область,RU,Central,Technicians and associate professionals,3,66972.0,RUB,monthly,average_monthly_nominal_accrued_wage_october_survey,biennial_occupation_survey_57T,2025,,RU-FD-Central,OKZ,federal_subject,https://rosstat.gov.ru/storage/mediabank/sved_57-t_2025.rar,2026-07-29
78,1,Yaroslavl Oblast,Ярославская область,RU,Central,Clerical support workers,4,52655.0,RUB,monthly,average_monthly_nominal_accrued_wage_october_survey,biennial_occupation_survey_57T,2025,,RU-FD-Central,OKZ,federal_subject,https://rosstat.gov.ru/storage/mediabank/sved_57-t_2025.rar,2026-07-29
78,1,Yaroslavl Oblast,Ярославская область,RU,Central,Service and sales workers,5,55143.0,RUB,monthly,average_monthly_nominal_accrued_wage_october_survey,biennial_occupation_survey_57T,2025,,RU-FD-Central,OKZ,federal_subject,https://rosstat.gov.ru/storage/mediabank/sved_57-t_2025.rar,2026-07-29
78,1,Yaroslavl Oblast,Ярославская область,RU,Central,"Skilled agricultural, forestry and fishery workers",6,50970.0,RUB,monthly,average_monthly_nominal_accrued_wage_october_survey,biennial_occupation_survey_57T,2025,,RU-FD-Central,OKZ,federal_subject,https://rosstat.gov.ru/storage/mediabank/sved_57-t_2025.rar,2026-07-29
78,1,Yaroslavl Oblast,Ярославская область,RU,Central,Craft and related trades workers,7,81886.0,RUB,monthly,average_monthly_nominal_accrued_wage_october_survey,biennial_occupation_survey_57T,2025,,RU-FD-Central,OKZ,federal_subject,https://rosstat.gov.ru/storage/mediabank/sved_57-t_2025.rar,2026-07-29
78,1,Yaroslavl Oblast,Ярославская область,RU,Central,Plant and machine operators and assemblers,8,82189.0,RUB,monthly,average_monthly_nominal_accrued_wage_october_survey,biennial_occupation_survey_57T,2025,,RU-FD-Central,OKZ,federal_subject,https://rosstat.gov.ru/storage/mediabank/sved_57-t_2025.rar,2026-07-29
78,1,Yaroslavl Oblast,Ярославская область,RU,Central,Elementary occupations,9,43566.0,RUB,monthly,average_monthly_nominal_accrued_wage_october_survey,biennial_occupation_survey_57T,2025,,RU-FD-Central,OKZ,federal_subject,https://rosstat.gov.ru/storage/mediabank/sved_57-t_2025.rar,2026-07-29
45,1,Moscow,г. Москва,RU,Central,Total,,171547.0,RUB,monthly,average_monthly_nominal_accrued_wage_october_survey,biennial_occupation_survey_57T,2025,,RU-FD-Central,OKZ,federal_subject,https://rosstat.gov.ru/storage/mediabank/sved_57-t_2025.rar,2026-07-29
45,1,Moscow,г. Москва,RU,Central,Managers,1,314864.0,RUB,monthly,average_monthly_nominal_accrued_wage_october_survey,biennial_occupation_survey_57T,2025,,RU-FD-Central,OKZ,federal_subject,https://rosstat.gov.ru/storage/mediabank/sved_57-t_2025.rar,2026-07-29
45,1,Moscow,г. Москва,RU,Central,Professionals,2,179712.0,RUB,monthly,average_monthly_nominal_accrued_wage_october_survey,biennial_occupation_survey_57T,2025,,RU-FD-Central,OKZ,federal_subject,https://rosstat.gov.ru/storage/mediabank/sved_57-t_2025.rar,2026-07-29
45,1,Moscow,г. Москва,RU,Central,Technicians and associate professionals,3,130520.0,RUB,monthly,average_monthly_nominal_accrued_wage_october_survey,biennial_occupation_survey_57T,2025,,RU-FD-Central,OKZ,federal_subject,https://rosstat.gov.ru/storage/mediabank/sved_57-t_2025.rar,2026-07-29
45,1,Moscow,г. Москва,RU,Central,Clerical support workers,4,99216.0,RUB,monthly,average_monthly_nominal_accrued_wage_october_survey,biennial_occupation_survey_57T,2025,,RU-FD-Central,OKZ,federal_subject,https://rosstat.gov.ru/storage/mediabank/sved_57-t_2025.rar,2026-07-29
45,1,Moscow,г. Москва,RU,Central,Service and sales workers,5,89896.0,RUB,monthly,average_monthly_nominal_accrued_wage_october_survey,biennial_occupation_survey_57T,2025,,RU-FD-Central,OKZ,federal_subject,https://rosstat.gov.ru/storage/mediabank/sved_57-t_2025.rar,2026-07-29
45,1,Moscow,г. Москва,RU,Central,"Skilled agricultural, forestry and fishery workers",6,74705.0,RUB,monthly,average_monthly_nominal_accrued_wage_october_survey,biennial_occupation_survey_57T,2025,,RU-FD-Central,OKZ,federal_subject,https://rosstat.gov.ru/storage/mediabank/sved_57-t_2025.rar,2026-07-29
45,1,Moscow,г. Москва,RU,Central,Craft and related trades workers,7,121812.0,RUB,monthly,average_monthly_nominal_accrued_wage_october_survey,biennial_occupation_survey_57T,2025,,RU-FD-Central,OKZ,federal_subject,https://rosstat.gov.ru/storage/mediabank/sved_57-t_2025.rar,2026-07-29
45,1,Moscow,г. Москва,RU,Central,Plant and machine operators and assemblers,8,124098.0,RUB,monthly,average_monthly_nominal_accrued_wage_october_survey,biennial_occupation_survey_57T,2025,,RU-FD-Central,OKZ,federal_subject,https://rosstat.gov.ru/storage/mediabank/sved_57-t_2025.rar,2026-07-29
45,1,Moscow,г. Москва,RU,Central,Elementary occupations,9,85038.0,RUB,monthly,average_monthly_nominal_accrued_wage_october_survey,biennial_occupation_survey_57T,2025,,RU-FD-Central,OKZ,federal_subject,https://rosstat.gov.ru/storage/mediabank/sved_57-t_2025.rar,2026-07-29
RU-FD-Northwestern,0,Northwestern Federal District,Северо-Западный федеральный округ,RU,Northwestern,Total,,108941.0,RUB,monthly,average_monthly_nominal_accrued_wage_october_survey,biennial_occupation_survey_57T,2025,,RU-NAT,OKZ,federal_district,https://rosstat.gov.ru/storage/mediabank/sved_57-t_2025.rar,2026-07-29
RU-FD-Northwestern,0,Northwestern Federal District,Северо-Западный федеральный округ,RU,Northwestern,Managers,1,187008.0,RUB,monthly,average_monthly_nominal_accrued_wage_october_survey,biennial_occupation_survey_57T,2025,,RU-NAT,OKZ,federal_district,https://rosstat.gov.ru/storage/mediabank/sved_57-t_2025.rar,2026-07-29
RU-FD-Northwestern,0,Northwestern Federal District,Северо-Западный федеральный округ,RU,Northwestern,Professionals,2,115331.0,RUB,monthly,average_monthly_nominal_accrued_wage_october_survey,biennial_occupation_survey_57T,2025,,RU-NAT,OKZ,federal_district,https://rosstat.gov.ru/storage/mediabank/sved_57-t_2025.rar,2026-07-29
RU-FD-Northwestern,0,Northwestern Federal District,Северо-Западный федеральный округ,RU,Northwestern,Technicians and associate professionals,3,102065.0,RUB,monthly,average_monthly_nominal_accrued_wage_october_survey,biennial_occupation_survey_57T,2025,,RU-NAT,OKZ,federal_district,https://rosstat.gov.ru/storage/mediabank/sved_57-t_2025.rar,2026-07-29
RU-FD-Northwestern,0,Northwestern Federal District,Северо-Западный федеральный округ,RU,Northwestern,Clerical support workers,4,72115.0,RUB,monthly,average_monthly_nominal_accrued_wage_october_survey,biennial_occupation_survey_57T,2025,,RU-NAT,OKZ,federal_district,https://rosstat.gov.ru/storage/mediabank/sved_57-t_2025.rar,2026-07-29
RU-FD-Northwestern,0,Northwestern Federal District,Северо-Западный федеральный округ,RU,Northwestern,Service and sales workers,5,66792.0,RUB,monthly,average_monthly_nominal_accrued_wage_october_survey,biennial_occupation_survey_57T,2025,,RU-NAT,OKZ,federal_district,https://rosstat.gov.ru/storage/mediabank/sved_57-t_2025.rar,2026-07-29
RU-FD-Northwestern,0,Northwestern Federal District,Северо-Западный федеральный округ,RU,Northwestern,"Skilled agricultural, forestry and fishery workers",6,73679.0,RUB,monthly,average_monthly_nominal_accrued_wage_october_survey,biennial_occupation_survey_57T,2025,,RU-NAT,OKZ,federal_district,https://rosstat.gov.ru/storage/mediabank/sved_57-t_2025.rar,2026-07-29
RU-FD-Northwestern,0,Northwestern Federal District,Северо-Западный федеральный округ,RU,Northwestern,Craft and related trades workers,7,109066.0,RUB,monthly,average_monthly_nominal_accrued_wage_october_survey,biennial_occupation_survey_57T,2025,,RU-NAT,OKZ,federal_district,https://rosstat.gov.ru/storage/mediabank/sved_57-t_2025.rar,2026-07-29
RU-FD-Northwestern,0,Northwestern Federal District,Северо-Западный федеральный округ,RU,Northwestern,Plant and machine operators and assemblers,8,104841.0,RUB,monthly,average_monthly_nominal_accrued_wage_october_survey,biennial_occupation_survey_57T,2025,,RU-NAT,OKZ,federal_district,https://rosstat.gov.ru/storage/mediabank/sved_57-t_2025.rar,2026-07-29
RU-FD-Northwestern,0,Northwestern Federal District,Северо-Западный федеральный округ,RU,Northwestern,Elementary occupations,9,61209.0,RUB,monthly,average_monthly_nominal_accrued_wage_october_survey,biennial_occupation_survey_57T,2025,,RU-NAT,OKZ,federal_district,https://rosstat.gov.ru/storage/mediabank/sved_57-t_2025.rar,2026-07-29
86,1,Republic of Karelia,Республика Карелия,RU,Northwestern,Total,,81448.0,RUB,monthly,average_monthly_nominal_accrued_wage_october_survey,biennial_occupation_survey_57T,2025,,RU-FD-Northwestern,OKZ,federal_subject,https://rosstat.gov.ru/storage/mediabank/sved_57-t_2025.rar,2026-07-29
86,1,Republic of Karelia,Республика Карелия,RU,Northwestern,Managers,1,125843.0,RUB,monthly,average_monthly_nominal_accrued_wage_october_survey,biennial_occupation_survey_57T,2025,,RU-FD-Northwestern,OKZ,federal_subject,https://rosstat.gov.ru/storage/mediabank/sved_57-t_2025.rar,2026-07-29
86,1,Republic of Karelia,Республика Карелия,RU,Northwestern,Professionals,2,73477.0,RUB,monthly,average_monthly_nominal_accrued_wage_october_survey,biennial_occupation_survey_57T,2025,,RU-FD-Northwestern,OKZ,federal_subject,https://rosstat.gov.ru/storage/mediabank/sved_57-t_2025.rar,2026-07-29
86,1,Republic of Karelia,Республика Карелия,RU,Northwestern,Technicians and associate professionals,3,77968.0,RUB,monthly,average_monthly_nominal_accrued_wage_october_survey,biennial_occupation_survey_57T,2025,,RU-FD-Northwestern,OKZ,federal_subject,https://rosstat.gov.ru/storage/mediabank/sved_57-t_2025.rar,2026-07-29
86,1,Republic of Karelia,Республика Карелия,RU,Northwestern,Clerical support workers,4,66089.0,RUB,monthly,average_monthly_nominal_accrued_wage_october_survey,biennial_occupation_survey_57T,2025,,RU-FD-Northwestern,OKZ,federal_subject,https://rosstat.gov.ru/storage/mediabank/sved_57-t_2025.rar,2026-07-29
86,1,Republic of Karelia,Республика Карелия,RU,Northwestern,Service and sales workers,5,54732.0,RUB,monthly,average_monthly_nominal_accrued_wage_october_survey,biennial_occupation_survey_57T,2025,,RU-FD-Northwestern,OKZ,federal_subject,https://rosstat.gov.ru/storage/mediabank/sved_57-t_2025.rar,2026-07-29
86,1,Republic of Karelia,Республика Карелия,RU,Northwestern,"Skilled agricultural, forestry and fishery workers",6,74344.0,RUB,monthly,average_monthly_nominal_accrued_wage_october_survey,biennial_occupation_survey_57T,2025,,RU-FD-Northwestern,OKZ,federal_subject,https://rosstat.gov.ru/storage/mediabank/sved_57-t_2025.rar,2026-07-29
86,1,Republic of Karelia,Республика Карелия,RU,Northwestern,Craft and related trades workers,7,97233.0,RUB,monthly,average_monthly_nominal_accrued_wage_october_survey,biennial_occupation_survey_57T,2025,,RU-FD-Northwestern,OKZ,federal_subject,https://rosstat.gov.ru/storage/mediabank/sved_57-t_2025.rar,2026-07-29
86,1,Republic of Karelia,Республика Карелия,RU,Northwestern,Plant and machine operators and assemblers,8,100605.0,RUB,monthly,average_monthly_nominal_accrued_wage_october_survey,biennial_occupation_survey_57T,2025,,RU-FD-Northwestern,OKZ,federal_subject,https://rosstat.gov.ru/storage/mediabank/sved_57-t_2025.rar,2026-07-29
86,1,Republic of Karelia,Республика Карелия,RU,Northwestern,Elementary occupations,9,49388.0,RUB,monthly,average_monthly_nominal_accrued_wage_october_survey,biennial_occupation_survey_57T,2025,,RU-FD-Northwestern,OKZ,federal_subject,https://rosstat.gov.ru/storage/mediabank/sved_57-t_2025.rar,2026-07-29
87,1,Komi Republic,Республика Коми,RU,Northwestern,Total,,92298.0,RUB,monthly,average_monthly_nominal_accrued_wage_october_survey,biennial_occupation_survey_57T,2025,,RU-FD-Northwestern,OKZ,federal_subject,https://rosstat.gov.ru/storage/mediabank/sved_57-t_2025.rar,2026-07-29
87,1,Komi Republic,Республика Коми,RU,Northwestern,Managers,1,158375.0,RUB,monthly,average_monthly_nominal_accrued_wage_october_survey,biennial_occupation_survey_57T,2025,,RU-FD-Northwestern,OKZ,federal_subject,https://rosstat.gov.ru/storage/mediabank/sved_57-t_2025.rar,2026-07-29
87,1,Komi Republic,Республика Коми,RU,Northwestern,Professionals,2,93614.0,RUB,monthly,average_monthly_nominal_accrued_wage_october_survey,biennial_occupation_survey_57T,2025,,RU-FD-Northwestern,OKZ,federal_subject,https://rosstat.gov.ru/storage/mediabank/sved_57-t_2025.rar,2026-07-29
87,1,Komi Republic,Республика Коми,RU,Northwestern,Technicians and associate professionals,3,90914.0,RUB,monthly,average_monthly_nominal_accrued_wage_october_survey,biennial_occupation_survey_57T,2025,,RU-FD-Northwestern,OKZ,federal_subject,https://rosstat.gov.ru/storage/mediabank/sved_57-t_2025.rar,2026-07-29
87,1,Komi Republic,Республика Коми,RU,Northwestern,Clerical support workers,4,67496.0,RUB,monthly,average_monthly_nominal_accrued_wage_october_survey,biennial_occupation_survey_57T,2025,,RU-FD-Northwestern,OKZ,federal_subject,https://rosstat.gov.ru/storage/mediabank/sved_57-t_2025.rar,2026-07-29
87,1,Komi Republic,Республика Коми,RU,Northwestern,Service and sales workers,5,63214.0,RUB,monthly,average_monthly_nominal_accrued_wage_october_survey,biennial_occupation_survey_57T,2025,,RU-FD-Northwestern,OKZ,federal_subject,https://rosstat.gov.ru/storage/mediabank/sved_57-t_2025.rar,2026-07-29
87,1,Komi Republic,Республика Коми,RU,Northwestern,"Skilled agricultural, forestry and fishery workers",6,66463.0,RUB,monthly,average_monthly_nominal_accrued_wage_october_survey,biennial_occupation_survey_57T,2025,,RU-FD-Northwestern,OKZ,federal_subject,https://rosstat.gov.ru/storage/mediabank/sved_57-t_2025.rar,2026-07-29
87,1,Komi Republic,Республика Коми,RU,Northwestern,Craft and related trades workers,7,92651.0,RUB,monthly,average_monthly_nominal_accrued_wage_october_survey,biennial_occupation_survey_57T,2025,,RU-FD-Northwestern,OKZ,federal_subject,https://rosstat.gov.ru/storage/mediabank/sved_57-t_2025.rar,2026-07-29
87,1,Komi Republic,Республика Коми,RU,Northwestern,Plant and machine operators and assemblers,8,105366.0,RUB,monthly,average_monthly_nominal_accrued_wage_october_survey,biennial_occupation_survey_57T,2025,,RU-FD-Northwestern,OKZ,federal_subject,https://rosstat.gov.ru/storage/mediabank/sved_57-t_2025.rar,2026-07-29
87,1,Komi Republic,Республика Коми,RU,Northwestern,Elementary occupations,9,51097.0,RUB,monthly,average_monthly_nominal_accrued_wage_october_survey,biennial_occupation_survey_57T,2025,,RU-FD-Northwestern,OKZ,federal_subject,https://rosstat.gov.ru/storage/mediabank/sved_57-t_2025.rar,2026-07-29
11,1,Arkhangelsk Oblast,Архангельская область,RU,Northwestern,Total,,93433.0,RUB,monthly,average_monthly_nominal_accrued_wage_october_survey,biennial_occupation_survey_57T,2025,,RU-FD-Northwestern,OKZ,federal_subject,https://rosstat.gov.ru/storage/mediabank/sved_57-t_2025.rar,2026-07-29
11,1,Arkhangelsk Oblast,Архангельская область,RU,Northwestern,Managers,1,142364.0,RUB,monthly,average_monthly_nominal_accrued_wage_october_survey,biennial_occupation_survey_57T,2025,,RU-FD-Northwestern,OKZ,federal_subject,https://rosstat.gov.ru/storage/mediabank/sved_57-t_2025.rar,2026-07-29
11,1,Arkhangelsk Oblast,Архангельская область,RU,Northwestern,Professionals,2,92091.0,RUB,monthly,average_monthly_nominal_accrued_wage_october_survey,biennial_occupation_survey_57T,2025,,RU-FD-Northwestern,OKZ,federal_subject,https://rosstat.gov.ru/storage/mediabank/sved_57-t_2025.rar,2026-07-29
11,1,Arkhangelsk Oblast,Архангельская область,RU,Northwestern,Technicians and associate professionals,3,102014.0,RUB,monthly,average_monthly_nominal_accrued_wage_october_survey,biennial_occupation_survey_57T,2025,,RU-FD-Northwestern,OKZ,federal_subject,https://rosstat.gov.ru/storage/mediabank/sved_57-t_2025.rar,2026-07-29
11,1,Arkhangelsk Oblast,Архангельская область,RU,Northwestern,Clerical support workers,4,66137.0,RUB,monthly,average_monthly_nominal_accrued_wage_october_survey,biennial_occupation_survey_57T,2025,,RU-FD-Northwestern,OKZ,federal_subject,https://rosstat.gov.ru/storage/mediabank/sved_57-t_2025.rar,2026-07-29
11,1,Arkhangelsk Oblast,Архангельская область,RU,Northwestern,Service and sales workers,5,64698.0,RUB,monthly,average_monthly_nominal_accrued_wage_october_survey,biennial_occupation_survey_57T,2025,,RU-FD-Northwestern,OKZ,federal_subject,https://rosstat.gov.ru/storage/mediabank/sved_57-t_2025.rar,2026-07-29
11,1,Arkhangelsk Oblast,Архангельская область,RU,Northwestern,"Skilled agricultural, forestry and fishery workers",6,66015.0,RUB,monthly,average_monthly_nominal_accrued_wage_october_survey,biennial_occupation_survey_57T,2025,,RU-FD-Northwestern,OKZ,federal_subject,https://rosstat.gov.ru/storage/mediabank/sved_57-t_2025.rar,2026-07-29
11,1,Arkhangelsk Oblast,Архангельская область,RU,Northwestern,Craft and related trades workers,7,101967.0,RUB,monthly,average_monthly_nominal_accrued_wage_october_survey,biennial_occupation_survey_57T,2025,,RU-FD-Northwestern,OKZ,federal_subject,https://rosstat.gov.ru/storage/mediabank/sved_57-t_2025.rar,2026-07-29
11,1,Arkhangelsk Oblast,Архангельская область,RU,Northwestern,Plant and machine operators and assemblers,8,104743.0,RUB,monthly,average_monthly_nominal_accrued_wage_october_survey,biennial_occupation_survey_57T,2025,,RU-FD-Northwestern,OKZ,federal_subject,https://rosstat.gov.ru/storage/mediabank/sved_57-t_2025.rar,2026-07-29
11,1,Arkhangelsk Oblast,Архангельская область,RU,Northwestern,Elementary occupations,9,53903.0,RUB,monthly,average_monthly_nominal_accrued_wage_october_survey,biennial_occupation_survey_57T,2025,,RU-FD-Northwestern,OKZ,federal_subject,https://rosstat.gov.ru/storage/mediabank/sved_57-t_2025.rar,2026-07-29
19,1,Vologda Oblast,Вологодская область,RU,Northwestern,Total,,83461.0,RUB,monthly,average_monthly_nominal_accrued_wage_october_survey,biennial_occupation_survey_57T,2025,,RU-FD-Northwestern,OKZ,federal_subject,https://rosstat.gov.ru/storage/mediabank/sved_57-t_2025.rar,2026-07-29
19,1,Vologda Oblast,Вологодская область,RU,Northwestern,Managers,1,151395.0,RUB,monthly,average_monthly_nominal_accrued_wage_october_survey,biennial_occupation_survey_57T,2025,,RU-FD-Northwestern,OKZ,federal_subject,https://rosstat.gov.ru/storage/mediabank/sved_57-t_2025.rar,2026-07-29
19,1,Vologda Oblast,Вологодская область,RU,Northwestern,Professionals,2,74846.0,RUB,monthly,average_monthly_nominal_accrued_wage_october_survey,biennial_occupation_survey_57T,2025,,RU-FD-Northwestern,OKZ,federal_subject,https://rosstat.gov.ru/storage/mediabank/sved_57-t_2025.rar,2026-07-29
19,1,Vologda Oblast,Вологодская область,RU,Northwestern,Technicians and associate professionals,3,82089.0,RUB,monthly,average_monthly_nominal_accrued_wage_october_survey,biennial_occupation_survey_57T,2025,,RU-FD-Northwestern,OKZ,federal_subject,https://rosstat.gov.ru/storage/mediabank/sved_57-t_2025.rar,2026-07-29
19,1,Vologda Oblast,Вологодская область,RU,Northwestern,Clerical support workers,4,52117.0,RUB,monthly,average_monthly_nominal_accrued_wage_october_survey,biennial_occupation_survey_57T,2025,,RU-FD-Northwestern,OKZ,federal_subject,https://rosstat.gov.ru/storage/mediabank/sved_57-t_2025.rar,2026-07-29
19,1,Vologda Oblast,Вологодская область,RU,Northwestern,Service and sales workers,5,47724.0,RUB,monthly,average_monthly_nominal_accrued_wage_october_survey,biennial_occupation_survey_57T,2025,,RU-FD-Northwestern,OKZ,federal_subject,https://rosstat.gov.ru/storage/mediabank/sved_57-t_2025.rar,2026-07-29
19,1,Vologda Oblast,Вологодская область,RU,Northwestern,"Skilled agricultural, forestry and fishery workers",6,71105.0,RUB,monthly,average_monthly_nominal_accrued_wage_october_survey,biennial_occupation_survey_57T,2025,,RU-FD-Northwestern,OKZ,federal_subject,https://rosstat.gov.ru/storage/mediabank/sved_57-t_2025.rar,2026-07-29
19,1,Vologda Oblast,Вологодская область,RU,Northwestern,Craft and related trades workers,7,88736.0,RUB,monthly,average_monthly_nominal_accrued_wage_october_survey,biennial_occupation_survey_57T,2025,,RU-FD-Northwestern,OKZ,federal_subject,https://rosstat.gov.ru/storage/mediabank/sved_57-t_2025.rar,2026-07-29
19,1,Vologda Oblast,Вологодская область,RU,Northwestern,Plant and machine operators and assemblers,8,93807.0,RUB,monthly,average_monthly_nominal_accrued_wage_october_survey,biennial_occupation_survey_57T,2025,,RU-FD-Northwestern,OKZ,federal_subject,https://rosstat.gov.ru/storage/mediabank/sved_57-t_2025.rar,2026-07-29
19,1,Vologda Oblast,Вологодская область,RU,Northwestern,Elementary occupations,9,43696.0,RUB,monthly,average_monthly_nominal_accrued_wage_october_survey,biennial_occupation_survey_57T,2025,,RU-FD-Northwestern,OKZ,federal_subject,https://rosstat.gov.ru/storage/mediabank/sved_57-t_2025.rar,2026-07-29
27,1,Kaliningrad Oblast,Калининградская область,RU,Northwestern,Total,,84919.0,RUB,monthly,average_monthly_nominal_accrued_wage_october_survey,biennial_occupation_survey_57T,2025,,RU-FD-Northwestern,OKZ,federal_subject,https://rosstat.gov.ru/storage/mediabank/sved_57-t_2025.rar,2026-07-29
27,1,Kaliningrad Oblast,Калининградская область,RU,Northwestern,Managers,1,139427.0,RUB,monthly,average_monthly_nominal_accrued_wage_october_survey,biennial_occupation_survey_57T,2025,,RU-FD-Northwestern,OKZ,federal_subject,https://rosstat.gov.ru/storage/mediabank/sved_57-t_2025.rar,2026-07-29
27,1,Kaliningrad Oblast,Калининградская область,RU,Northwestern,Professionals,2,87150.0,RUB,monthly,average_monthly_nominal_accrued_wage_october_survey,biennial_occupation_survey_57T,2025,,RU-FD-Northwestern,OKZ,federal_subject,https://rosstat.gov.ru/storage/mediabank/sved_57-t_2025.rar,2026-07-29
27,1,Kaliningrad Oblast,Калининградская область,RU,Northwestern,Technicians and associate professionals,3,80814.0,RUB,monthly,average_monthly_nominal_accrued_wage_october_survey,biennial_occupation_survey_57T,2025,,RU-FD-Northwestern,OKZ,federal_subject,https://rosstat.gov.ru/storage/mediabank/sved_57-t_2025.rar,2026-07-29
27,1,Kaliningrad Oblast,Калининградская область,RU,Northwestern,Clerical support workers,4,59999.0,RUB,monthly,average_monthly_nominal_accrued_wage_october_survey,biennial_occupation_survey_57T,2025,,RU-FD-Northwestern,OKZ,federal_subject,https://rosstat.gov.ru/storage/mediabank/sved_57-t_2025.rar,2026-07-29
27,1,Kaliningrad Oblast,Калининградская область,RU,Northwestern,Service and sales workers,5,55915.0,RUB,monthly,average_monthly_nominal_accrued_wage_october_survey,biennial_occupation_survey_57T,2025,,RU-FD-Northwestern,OKZ,federal_subject,https://rosstat.gov.ru/storage/mediabank/sved_57-t_2025.rar,2026-07-29
27,1,Kaliningrad Oblast,Калининградская область,RU,Northwestern,"Skilled agricultural, forestry and fishery workers",6,61492.0,RUB,monthly,average_monthly_nominal_accrued_wage_october_survey,biennial_occupation_survey_57T,2025,,RU-FD-Northwestern,OKZ,federal_subject,https://rosstat.gov.ru/storage/mediabank/sved_57-t_2025.rar,2026-07-29
27,1,Kaliningrad Oblast,Калининградская область,RU,Northwestern,Craft and related trades workers,7,93386.0,RUB,monthly,average_monthly_nominal_accrued_wage_october_survey,biennial_occupation_survey_57T,2025,,RU-FD-Northwestern,OKZ,federal_subject,https://rosstat.gov.ru/storage/mediabank/sved_57-t_2025.rar,2026-07-29
27,1,Kaliningrad Oblast,Калининградская область,RU,Northwestern,Plant and machine operators and assemblers,8,87796.0,RUB,monthly,average_monthly_nominal_accrued_wage_october_survey,biennial_occupation_survey_57T,2025,,RU-FD-Northwestern,OKZ,federal_subject,https://rosstat.gov.ru/storage/mediabank/sved_57-t_2025.rar,2026-07-29
27,1,Kaliningrad Oblast,Калининградская область,RU,Northwestern,Elementary occupations,9,54427.0,RUB,monthly,average_monthly_nominal_accrued_wage_october_survey,biennial_occupation_survey_57T,2025,,RU-FD-Northwestern,OKZ,federal_subject,https://rosstat.gov.ru/storage/mediabank/sved_57-t_2025.rar,2026-07-29
41,1,Leningrad Oblast,Ленинградская область,RU,Northwestern,Total,,107873.0,RUB,monthly,average_monthly_nominal_accrued_wage_october_survey,biennial_occupation_survey_57T,2025,,RU-FD-Northwestern,OKZ,federal_subject,https://rosstat.gov.ru/storage/mediabank/sved_57-t_2025.rar,2026-07-29
41,1,Leningrad Oblast,Ленинградская область,RU,Northwestern,Managers,1,163643.0,RUB,monthly,average_monthly_nominal_accrued_wage_october_survey,biennial_occupation_survey_57T,2025,,RU-FD-Northwestern,OKZ,federal_subject,https://rosstat.gov.ru/storage/mediabank/sved_57-t_2025.rar,2026-07-29
41,1,Leningrad Oblast,Ленинградская область,RU,Northwestern,Professionals,2,108620.0,RUB,monthly,average_monthly_nominal_accrued_wage_october_survey,biennial_occupation_survey_57T,2025,,RU-FD-Northwestern,OKZ,federal_subject,https://rosstat.gov.ru/storage/mediabank/sved_57-t_2025.rar,2026-07-29
41,1,Leningrad Oblast,Ленинградская область,RU,Northwestern,Technicians and associate professionals,3,106854.0,RUB,monthly,average_monthly_nominal_accrued_wage_october_survey,biennial_occupation_survey_57T,2025,,RU-FD-Northwestern,OKZ,federal_subject,https://rosstat.gov.ru/storage/mediabank/sved_57-t_2025.rar,2026-07-29
41,1,Leningrad Oblast,Ленинградская область,RU,Northwestern,Clerical support workers,4,77988.0,RUB,monthly,average_monthly_nominal_accrued_wage_october_survey,biennial_occupation_survey_57T,2025,,RU-FD-Northwestern,OKZ,federal_subject,https://rosstat.gov.ru/storage/mediabank/sved_57-t_2025.rar,2026-07-29
41,1,Leningrad Oblast,Ленинградская область,RU,Northwestern,Service and sales workers,5,60534.0,RUB,monthly,average_monthly_nominal_accrued_wage_october_survey,biennial_occupation_survey_57T,2025,,RU-FD-Northwestern,OKZ,federal_subject,https://rosstat.gov.ru/storage/mediabank/sved_57-t_2025.rar,2026-07-29
41,1,Leningrad Oblast,Ленинградская область,RU,Northwestern,"Skilled agricultural, forestry and fishery workers",6,97868.0,RUB,monthly,average_monthly_nominal_accrued_wage_october_survey,biennial_occupation_survey_57T,2025,,RU-FD-Northwestern,OKZ,federal_subject,https://rosstat.gov.ru/storage/mediabank/sved_57-t_2025.rar,2026-07-29
41,1,Leningrad Oblast,Ленинградская область,RU,Northwestern,Craft and related trades workers,7,129026.0,RUB,monthly,average_monthly_nominal_accrued_wage_october_survey,biennial_occupation_survey_57T,2025,,RU-FD-Northwestern,OKZ,federal_subject,https://rosstat.gov.ru/storage/mediabank/sved_57-t_2025.rar,2026-07-29
41,1,Leningrad Oblast,Ленинградская область,RU,Northwestern,Plant and machine operators and assemblers,8,102946.0,RUB,monthly,average_monthly_nominal_accrued_wage_october_survey,biennial_occupation_survey_57T,2025,,RU-FD-Northwestern,OKZ,federal_subject,https://rosstat.gov.ru/storage/mediabank/sved_57-t_2025.rar,2026-07-29
41,1,Leningrad Oblast,Ленинградская область,RU,Northwestern,Elementary occupations,9,70337.0,RUB,monthly,average_monthly_nominal_accrued_wage_october_survey,biennial_occupation_survey_57T,2025,,RU-FD-Northwestern,OKZ,federal_subject,https://rosstat.gov.ru/storage/mediabank/sved_57-t_2025.rar,2026-07-29
47,1,Murmansk Oblast,Мурманская область,RU,Northwestern,Total,,117016.0,RUB,monthly,average_monthly_nominal_accrued_wage_october_survey,biennial_occupation_survey_57T,2025,,RU-FD-Northwestern,OKZ,federal_subject,https://rosstat.gov.ru/storage/mediabank/sved_57-t_2025.rar,2026-07-29
47,1,Murmansk Oblast,Мурманская область,RU,Northwestern,Managers,1,182628.0,RUB,monthly,average_monthly_nominal_accrued_wage_october_survey,biennial_occupation_survey_57T,2025,,RU-FD-Northwestern,OKZ,federal_subject,https://rosstat.gov.ru/storage/mediabank/sved_57-t_2025.rar,2026-07-29
47,1,Murmansk Oblast,Мурманская область,RU,Northwestern,Professionals,2,109846.0,RUB,monthly,average_monthly_nominal_accrued_wage_october_survey,biennial_occupation_survey_57T,2025,,RU-FD-Northwestern,OKZ,federal_subject,https://rosstat.gov.ru/storage/mediabank/sved_57-t_2025.rar,2026-07-29
47,1,Murmansk Oblast,Мурманская область,RU,Northwestern,Technicians and associate professionals,3,146327.0,RUB,monthly,average_monthly_nominal_accrued_wage_october_survey,biennial_occupation_survey_57T,2025,,RU-FD-Northwestern,OKZ,federal_subject,https://rosstat.gov.ru/storage/mediabank/sved_57-t_2025.rar,2026-07-29
47,1,Murmansk Oblast,Мурманская область,RU,Northwestern,Clerical support workers,4,82509.0,RUB,monthly,average_monthly_nominal_accrued_wage_october_survey,biennial_occupation_survey_57T,2025,,RU-FD-Northwestern,OKZ,federal_subject,https://rosstat.gov.ru/storage/mediabank/sved_57-t_2025.rar,2026-07-29
47,1,Murmansk Oblast,Мурманская область,RU,Northwestern,Service and sales workers,5,81801.0,RUB,monthly,average_monthly_nominal_accrued_wage_october_survey,biennial_occupation_survey_57T,2025,,RU-FD-Northwestern,OKZ,federal_subject,https://rosstat.gov.ru/storage/mediabank/sved_57-t_2025.rar,2026-07-29
47,1,Murmansk Oblast,Мурманская область,RU,Northwestern,"Skilled agricultural, forestry and fishery workers",6,103708.0,RUB,monthly,average_monthly_nominal_accrued_wage_october_survey,biennial_occupation_survey_57T,2025,,RU-FD-Northwestern,OKZ,federal_subject,https://rosstat.gov.ru/storage/mediabank/sved_57-t_2025.rar,2026-07-29
47,1,Murmansk Oblast,Мурманская область,RU,Northwestern,Craft and related trades workers,7,122894.0,RUB,monthly,average_monthly_nominal_accrued_wage_october_survey,biennial_occupation_survey_57T,2025,,RU-FD-Northwestern,OKZ,federal_subject,https://rosstat.gov.ru/storage/mediabank/sved_57-t_2025.rar,2026-07-29
47,1,Murmansk Oblast,Мурманская область,RU,Northwestern,Plant and machine operators and assemblers,8,123331.0,RUB,monthly,average_monthly_nominal_accrued_wage_october_survey,biennial_occupation_survey_57T,2025,,RU-FD-Northwestern,OKZ,federal_subject,https://rosstat.gov.ru/storage/mediabank/sved_57-t_2025.rar,2026-07-29
47,1,Murmansk Oblast,Мурманская область,RU,Northwestern,Elementary occupations,9,66583.0,RUB,monthly,average_monthly_nominal_accrued_wage_october_survey,biennial_occupation_survey_57T,2025,,RU-FD-Northwestern,OKZ,federal_subject,https://rosstat.gov.ru/storage/mediabank/sved_57-t_2025.rar,2026-07-29
49,1,Novgorod Oblast,Новгородская область,RU,Northwestern,Total,,72883.0,RUB,monthly,average_monthly_nominal_accrued_wage_october_survey,biennial_occupation_survey_57T,2025,,RU-FD-Northwestern,OKZ,federal_subject,https://rosstat.gov.ru/storage/mediabank/sved_57-t_2025.rar,2026-07-29
49,1,Novgorod Oblast,Новгородская область,RU,Northwestern,Managers,1,115927.0,RUB,monthly,average_monthly_nominal_accrued_wage_october_survey,biennial_occupation_survey_57T,2025,,RU-FD-Northwestern,OKZ,federal_subject,https://rosstat.gov.ru/storage/mediabank/sved_57-t_2025.rar,2026-07-29
49,1,Novgorod Oblast,Новгородская область,RU,Northwestern,Professionals,2,76008.0,RUB,monthly,average_monthly_nominal_accrued_wage_october_survey,biennial_occupation_survey_57T,2025,,RU-FD-Northwestern,OKZ,federal_subject,https://rosstat.gov.ru/storage/mediabank/sved_57-t_2025.rar,2026-07-29
49,1,Novgorod Oblast,Новгородская область,RU,Northwestern,Technicians and associate professionals,3,67135.0,RUB,monthly,average_monthly_nominal_accrued_wage_october_survey,biennial_occupation_survey_57T,2025,,RU-FD-Northwestern,OKZ,federal_subject,https://rosstat.gov.ru/storage/mediabank/sved_57-t_2025.rar,2026-07-29
49,1,Novgorod Oblast,Новгородская область,RU,Northwestern,Clerical support workers,4,54726.0,RUB,monthly,average_monthly_nominal_accrued_wage_october_survey,biennial_occupation_survey_57T,2025,,RU-FD-Northwestern,OKZ,federal_subject,https://rosstat.gov.ru/storage/mediabank/sved_57-t_2025.rar,2026-07-29
49,1,Novgorod Oblast,Новгородская область,RU,Northwestern,Service and sales workers,5,50727.0,RUB,monthly,average_monthly_nominal_accrued_wage_october_survey,biennial_occupation_survey_57T,2025,,RU-FD-Northwestern,OKZ,federal_subject,https://rosstat.gov.ru/storage/mediabank/sved_57-t_2025.rar,2026-07-29
49,1,Novgorod Oblast,Новгородская область,RU,Northwestern,"Skilled agricultural, forestry and fishery workers",6,73764.0,RUB,monthly,average_monthly_nominal_accrued_wage_october_survey,biennial_occupation_survey_57T,2025,,RU-FD-Northwestern,OKZ,federal_subject,https://rosstat.gov.ru/storage/mediabank/sved_57-t_2025.rar,2026-07-29
49,1,Novgorod Oblast,Новгородская область,RU,Northwestern,Craft and related trades workers,7,79019.0,RUB,monthly,average_monthly_nominal_accrued_wage_october_survey,biennial_occupation_survey_57T,2025,,RU-FD-Northwestern,OKZ,federal_subject,https://rosstat.gov.ru/storage/mediabank/sved_57-t_2025.rar,2026-07-29
49,1,Novgorod Oblast,Новгородская область,RU,Northwestern,Plant and machine operators and assemblers,8,72584.0,RUB,monthly,average_monthly_nominal_accrued_wage_october_survey,biennial_occupation_survey_57T,2025,,RU-FD-Northwestern,OKZ,federal_subject,https://rosstat.gov.ru/storage/mediabank/sved_57-t_2025.rar,2026-07-29
49,1,Novgorod Oblast,Новгородская область,RU,Northwestern,Elementary occupations,9,41742.0,RUB,monthly,average_monthly_nominal_accrued_wage_october_survey,biennial_occupation_survey_57T,2025,,RU-FD-Northwestern,OKZ,federal_subject,https://rosstat.gov.ru/storage/mediabank/sved_57-t_2025.rar,2026-07-29
58,1,Pskov Oblast,Псковская область,RU,Northwestern,Total,,64803.0,RUB,monthly,average_monthly_nominal_accrued_wage_october_survey,biennial_occupation_survey_57T,2025,,RU-FD-Northwestern,OKZ,federal_subject,https://rosstat.gov.ru/storage/mediabank/sved_57-t_2025.rar,2026-07-29
58,1,Pskov Oblast,Псковская область,RU,Northwestern,Managers,1,103183.0,RUB,monthly,average_monthly_nominal_accrued_wage_october_survey,biennial_occupation_survey_57T,2025,,RU-FD-Northwestern,OKZ,federal_subject,https://rosstat.gov.ru/storage/mediabank/sved_57-t_2025.rar,2026-07-29
58,1,Pskov Oblast,Псковская область,RU,Northwestern,Professionals,2,60688.0,RUB,monthly,average_monthly_nominal_accrued_wage_october_survey,biennial_occupation_survey_57T,2025,,RU-FD-Northwestern,OKZ,federal_subject,https://rosstat.gov.ru/storage/mediabank/sved_57-t_2025.rar,2026-07-29
58,1,Pskov Oblast,Псковская область,RU,Northwestern,Technicians and associate professionals,3,65495.0,RUB,monthly,average_monthly_nominal_accrued_wage_october_survey,biennial_occupation_survey_57T,2025,,RU-FD-Northwestern,OKZ,federal_subject,https://rosstat.gov.ru/storage/mediabank/sved_57-t_2025.rar,2026-07-29
58,1,Pskov Oblast,Псковская область,RU,Northwestern,Clerical support workers,4,48384.0,RUB,monthly,average_monthly_nominal_accrued_wage_october_survey,biennial_occupation_survey_57T,2025,,RU-FD-Northwestern,OKZ,federal_subject,https://rosstat.gov.ru/storage/mediabank/sved_57-t_2025.rar,2026-07-29
58,1,Pskov Oblast,Псковская область,RU,Northwestern,Service and sales workers,5,41838.0,RUB,monthly,average_monthly_nominal_accrued_wage_october_survey,biennial_occupation_survey_57T,2025,,RU-FD-Northwestern,OKZ,federal_subject,https://rosstat.gov.ru/storage/mediabank/sved_57-t_2025.rar,2026-07-29
58,1,Pskov Oblast,Псковская область,RU,Northwestern,"Skilled agricultural, forestry and fishery workers",6,69368.0,RUB,monthly,average_monthly_nominal_accrued_wage_october_survey,biennial_occupation_survey_57T,2025,,RU-FD-Northwestern,OKZ,federal_subject,https://rosstat.gov.ru/storage/mediabank/sved_57-t_2025.rar,2026-07-29
58,1,Pskov Oblast,Псковская область,RU,Northwestern,Craft and related trades workers,7,76503.0,RUB,monthly,average_monthly_nominal_accrued_wage_october_survey,biennial_occupation_survey_57T,2025,,RU-FD-Northwestern,OKZ,federal_subject,https://rosstat.gov.ru/storage/mediabank/sved_57-t_2025.rar,2026-07-29
58,1,Pskov Oblast,Псковская область,RU,Northwestern,Plant and machine operators and assemblers,8,69958.0,RUB,monthly,average_monthly_nominal_accrued_wage_october_survey,biennial_occupation_survey_57T,2025,,RU-FD-Northwestern,OKZ,federal_subject,https://rosstat.gov.ru/storage/mediabank/sved_57-t_2025.rar,2026-07-29
58,1,Pskov Oblast,Псковская область,RU,Northwestern,Elementary occupations,9,44264.0,RUB,monthly,average_monthly_nominal_accrued_wage_october_survey,biennial_occupation_survey_57T,2025,,RU-FD-Northwestern,OKZ,federal_subject,https://rosstat.gov.ru/storage/mediabank/sved_57-t_2025.rar,2026-07-29
40,1,Saint Petersburg,г. Санкт-Петербург,RU,Northwestern,Total,,128205.0,RUB,monthly,average_monthly_nominal_accrued_wage_october_survey,biennial_occupation_survey_57T,2025,,RU-FD-Northwestern,OKZ,federal_subject,https://rosstat.gov.ru/storage/mediabank/sved_57-t_2025.rar,2026-07-29
40,1,Saint Petersburg,г. Санкт-Петербург,RU,Northwestern,Managers,1,218584.0,RUB,monthly,average_monthly_nominal_accrued_wage_october_survey,biennial_occupation_survey_57T,2025,,RU-FD-Northwestern,OKZ,federal_subject,https://rosstat.gov.ru/storage/mediabank/sved_57-t_2025.rar,2026-07-29
40,1,Saint Petersburg,г. Санкт-Петербург,RU,Northwestern,Professionals,2,136039.0,RUB,monthly,average_monthly_nominal_accrued_wage_october_survey,biennial_occupation_survey_57T,2025,,RU-FD-Northwestern,OKZ,federal_subject,https://rosstat.gov.ru/storage/mediabank/sved_57-t_2025.rar,2026-07-29
40,1,Saint Petersburg,г. Санкт-Петербург,RU,Northwestern,Technicians and associate professionals,3,110197.0,RUB,monthly,average_monthly_nominal_accrued_wage_october_survey,biennial_occupation_survey_57T,2025,,RU-FD-Northwestern,OKZ,federal_subject,https://rosstat.gov.ru/storage/mediabank/sved_57-t_2025.rar,2026-07-29
40,1,Saint Petersburg,г. Санкт-Петербург,RU,Northwestern,Clerical support workers,4,76465.0,RUB,monthly,average_monthly_nominal_accrued_wage_october_survey,biennial_occupation_survey_57T,2025,,RU-FD-Northwestern,OKZ,federal_subject,https://rosstat.gov.ru/storage/mediabank/sved_57-t_2025.rar,2026-07-29
40,1,Saint Petersburg,г. Санкт-Петербург,RU,Northwestern,Service and sales workers,5,75630.0,RUB,monthly,average_monthly_nominal_accrued_wage_october_survey,biennial_occupation_survey_57T,2025,,RU-FD-Northwestern,OKZ,federal_subject,https://rosstat.gov.ru/storage/mediabank/sved_57-t_2025.rar,2026-07-29
40,1,Saint Petersburg,г. Санкт-Петербург,RU,Northwestern,"Skilled agricultural, forestry and fishery workers",6,66047.0,RUB,monthly,average_monthly_nominal_accrued_wage_october_survey,biennial_occupation_survey_57T,2025,,RU-FD-Northwestern,OKZ,federal_subject,https://rosstat.gov.ru/storage/mediabank/sved_57-t_2025.rar,2026-07-29
40,1,Saint Petersburg,г. Санкт-Петербург,RU,Northwestern,Craft and related trades workers,7,116414.0,RUB,monthly,average_monthly_nominal_accrued_wage_october_survey,biennial_occupation_survey_57T,2025,,RU-FD-Northwestern,OKZ,federal_subject,https://rosstat.gov.ru/storage/mediabank/sved_57-t_2025.rar,2026-07-29
40,1,Saint Petersburg,г. Санкт-Петербург,RU,Northwestern,Plant and machine operators and assemblers,8,119474.0,RUB,monthly,average_monthly_nominal_accrued_wage_october_survey,biennial_occupation_survey_57T,2025,,RU-FD-Northwestern,OKZ,federal_subject,https://rosstat.gov.ru/storage/mediabank/sved_57-t_2025.rar,2026-07-29
40,1,Saint Petersburg,г. Санкт-Петербург,RU,Northwestern,Elementary occupations,9,68306.0,RUB,monthly,average_monthly_nominal_accrued_wage_october_survey,biennial_occupation_survey_57T,2025,,RU-FD-Northwestern,OKZ,federal_subject,https://rosstat.gov.ru/storage/mediabank/sved_57-t_2025.rar,2026-07-29
RU-FD-Southern,0,Southern Federal District,Южный федеральный округ,RU,Southern,Total,,70047.0,RUB,monthly,average_monthly_nominal_accrued_wage_october_survey,biennial_occupation_survey_57T,2025,,RU-NAT,OKZ,federal_district,https://rosstat.gov.ru/storage/mediabank/sved_57-t_2025.rar,2026-07-29
RU-FD-Southern,0,Southern Federal District,Южный федеральный округ,RU,Southern,Managers,1,118271.0,RUB,monthly,average_monthly_nominal_accrued_wage_october_survey,biennial_occupation_survey_57T,2025,,RU-NAT,OKZ,federal_district,https://rosstat.gov.ru/storage/mediabank/sved_57-t_2025.rar,2026-07-29
RU-FD-Southern,0,Southern Federal District,Южный федеральный округ,RU,Southern,Professionals,2,72409.0,RUB,monthly,average_monthly_nominal_accrued_wage_october_survey,biennial_occupation_survey_57T,2025,,RU-NAT,OKZ,federal_district,https://rosstat.gov.ru/storage/mediabank/sved_57-t_2025.rar,2026-07-29
RU-FD-Southern,0,Southern Federal District,Южный федеральный округ,RU,Southern,Technicians and associate professionals,3,66217.0,RUB,monthly,average_monthly_nominal_accrued_wage_october_survey,biennial_occupation_survey_57T,2025,,RU-NAT,OKZ,federal_district,https://rosstat.gov.ru/storage/mediabank/sved_57-t_2025.rar,2026-07-29
RU-FD-Southern,0,Southern Federal District,Южный федеральный округ,RU,Southern,Clerical support workers,4,50635.0,RUB,monthly,average_monthly_nominal_accrued_wage_october_survey,biennial_occupation_survey_57T,2025,,RU-NAT,OKZ,federal_district,https://rosstat.gov.ru/storage/mediabank/sved_57-t_2025.rar,2026-07-29
RU-FD-Southern,0,Southern Federal District,Южный федеральный округ,RU,Southern,Service and sales workers,5,49740.0,RUB,monthly,average_monthly_nominal_accrued_wage_october_survey,biennial_occupation_survey_57T,2025,,RU-NAT,OKZ,federal_district,https://rosstat.gov.ru/storage/mediabank/sved_57-t_2025.rar,2026-07-29
RU-FD-Southern,0,Southern Federal District,Южный федеральный округ,RU,Southern,"Skilled agricultural, forestry and fishery workers",6,62896.0,RUB,monthly,average_monthly_nominal_accrued_wage_october_survey,biennial_occupation_survey_57T,2025,,RU-NAT,OKZ,federal_district,https://rosstat.gov.ru/storage/mediabank/sved_57-t_2025.rar,2026-07-29
RU-FD-Southern,0,Southern Federal District,Южный федеральный округ,RU,Southern,Craft and related trades workers,7,78297.0,RUB,monthly,average_monthly_nominal_accrued_wage_october_survey,biennial_occupation_survey_57T,2025,,RU-NAT,OKZ,federal_district,https://rosstat.gov.ru/storage/mediabank/sved_57-t_2025.rar,2026-07-29
RU-FD-Southern,0,Southern Federal District,Южный федеральный округ,RU,Southern,Plant and machine operators and assemblers,8,75982.0,RUB,monthly,average_monthly_nominal_accrued_wage_october_survey,biennial_occupation_survey_57T,2025,,RU-NAT,OKZ,federal_district,https://rosstat.gov.ru/storage/mediabank/sved_57-t_2025.rar,2026-07-29
RU-FD-Southern,0,Southern Federal District,Южный федеральный округ,RU,Southern,Elementary occupations,9,42209.0,RUB,monthly,average_monthly_nominal_accrued_wage_october_survey,biennial_occupation_survey_57T,2025,,RU-NAT,OKZ,federal_district,https://rosstat.gov.ru/storage/mediabank/sved_57-t_2025.rar,2026-07-29
79,1,Republic of Adygea,Республика Адыгея,RU,Southern,Total,,62253.0,RUB,monthly,average_monthly_nominal_accrued_wage_october_survey,biennial_occupation_survey_57T,2025,,RU-FD-Southern,OKZ,federal_subject,https://rosstat.gov.ru/storage/mediabank/sved_57-t_2025.rar,2026-07-29
79,1,Republic of Adygea,Республика Адыгея,RU,Southern,Managers,1,110423.0,RUB,monthly,average_monthly_nominal_accrued_wage_october_survey,biennial_occupation_survey_57T,2025,,RU-FD-Southern,OKZ,federal_subject,https://rosstat.gov.ru/storage/mediabank/sved_57-t_2025.rar,2026-07-29
79,1,Republic of Adygea,Республика Адыгея,RU,Southern,Professionals,2,60601.0,RUB,monthly,average_monthly_nominal_accrued_wage_october_survey,biennial_occupation_survey_57T,2025,,RU-FD-Southern,OKZ,federal_subject,https://rosstat.gov.ru/storage/mediabank/sved_57-t_2025.rar,2026-07-29
79,1,Republic of Adygea,Республика Адыгея,RU,Southern,Technicians and associate professionals,3,57858.0,RUB,monthly,average_monthly_nominal_accrued_wage_october_survey,biennial_occupation_survey_57T,2025,,RU-FD-Southern,OKZ,federal_subject,https://rosstat.gov.ru/storage/mediabank/sved_57-t_2025.rar,2026-07-29
79,1,Republic of Adygea,Республика Адыгея,RU,Southern,Clerical support workers,4,40884.0,RUB,monthly,average_monthly_nominal_accrued_wage_october_survey,biennial_occupation_survey_57T,2025,,RU-FD-Southern,OKZ,federal_subject,https://rosstat.gov.ru/storage/mediabank/sved_57-t_2025.rar,2026-07-29
79,1,Republic of Adygea,Республика Адыгея,RU,Southern,Service and sales workers,5,46498.0,RUB,monthly,average_monthly_nominal_accrued_wage_october_survey,biennial_occupation_survey_57T,2025,,RU-FD-Southern,OKZ,federal_subject,https://rosstat.gov.ru/storage/mediabank/sved_57-t_2025.rar,2026-07-29
79,1,Republic of Adygea,Республика Адыгея,RU,Southern,"Skilled agricultural, forestry and fishery workers",6,56310.0,RUB,monthly,average_monthly_nominal_accrued_wage_october_survey,biennial_occupation_survey_57T,2025,,RU-FD-Southern,OKZ,federal_subject,https://rosstat.gov.ru/storage/mediabank/sved_57-t_2025.rar,2026-07-29
79,1,Republic of Adygea,Республика Адыгея,RU,Southern,Craft and related trades workers,7,68562.0,RUB,monthly,average_monthly_nominal_accrued_wage_october_survey,biennial_occupation_survey_57T,2025,,RU-FD-Southern,OKZ,federal_subject,https://rosstat.gov.ru/storage/mediabank/sved_57-t_2025.rar,2026-07-29
79,1,Republic of Adygea,Республика Адыгея,RU,Southern,Plant and machine operators and assemblers,8,68279.0,RUB,monthly,average_monthly_nominal_accrued_wage_october_survey,biennial_occupation_survey_57T,2025,,RU-FD-Southern,OKZ,federal_subject,https://rosstat.gov.ru/storage/mediabank/sved_57-t_2025.rar,2026-07-29
79,1,Republic of Adygea,Республика Адыгея,RU,Southern,Elementary occupations,9,47916.0,RUB,monthly,average_monthly_nominal_accrued_wage_october_survey,biennial_occupation_survey_57T,2025,,RU-FD-Southern,OKZ,federal_subject,https://rosstat.gov.ru/storage/mediabank/sved_57-t_2025.rar,2026-07-29
85,1,Republic of Kalmykia,Республика Калмыкия,RU,Southern,Total,,48085.0,RUB,monthly,average_monthly_nominal_accrued_wage_october_survey,biennial_occupation_survey_57T,2025,,RU-FD-Southern,OKZ,federal_subject,https://rosstat.gov.ru/storage/mediabank/sved_57-t_2025.rar,2026-07-29
85,1,Republic of Kalmykia,Республика Калмыкия,RU,Southern,Managers,1,66724.0,RUB,monthly,average_monthly_nominal_accrued_wage_october_survey,biennial_occupation_survey_57T,2025,,RU-FD-Southern,OKZ,federal_subject,https://rosstat.gov.ru/storage/mediabank/sved_57-t_2025.rar,2026-07-29
85,1,Republic of Kalmykia,Республика Калмыкия,RU,Southern,Professionals,2,50703.0,RUB,monthly,average_monthly_nominal_accrued_wage_october_survey,biennial_occupation_survey_57T,2025,,RU-FD-Southern,OKZ,federal_subject,https://rosstat.gov.ru/storage/mediabank/sved_57-t_2025.rar,2026-07-29
85,1,Republic of Kalmykia,Республика Калмыкия,RU,Southern,Technicians and associate professionals,3,46862.0,RUB,monthly,average_monthly_nominal_accrued_wage_october_survey,biennial_occupation_survey_57T,2025,,RU-FD-Southern,OKZ,federal_subject,https://rosstat.gov.ru/storage/mediabank/sved_57-t_2025.rar,2026-07-29
85,1,Republic of Kalmykia,Республика Калмыкия,RU,Southern,Clerical support workers,4,34440.0,RUB,monthly,average_monthly_nominal_accrued_wage_october_survey,biennial_occupation_survey_57T,2025,,RU-FD-Southern,OKZ,federal_subject,https://rosstat.gov.ru/storage/mediabank/sved_57-t_2025.rar,2026-07-29
85,1,Republic of Kalmykia,Республика Калмыкия,RU,Southern,Service and sales workers,5,57209.0,RUB,monthly,average_monthly_nominal_accrued_wage_october_survey,biennial_occupation_survey_57T,2025,,RU-FD-Southern,OKZ,federal_subject,https://rosstat.gov.ru/storage/mediabank/sved_57-t_2025.rar,2026-07-29
85,1,Republic of Kalmykia,Республика Калмыкия,RU,Southern,"Skilled agricultural, forestry and fishery workers",6,30187.0,RUB,monthly,average_monthly_nominal_accrued_wage_october_survey,biennial_occupation_survey_57T,2025,,RU-FD-Southern,OKZ,federal_subject,https://rosstat.gov.ru/storage/mediabank/sved_57-t_2025.rar,2026-07-29
85,1,Republic of Kalmykia,Республика Калмыкия,RU,Southern,Craft and related trades workers,7,49473.0,RUB,monthly,average_monthly_nominal_accrued_wage_october_survey,biennial_occupation_survey_57T,2025,,RU-FD-Southern,OKZ,federal_subject,https://rosstat.gov.ru/storage/mediabank/sved_57-t_2025.rar,2026-07-29
85,1,Republic of Kalmykia,Республика Калмыкия,RU,Southern,Plant and machine operators and assemblers,8,41504.0,RUB,monthly,average_monthly_nominal_accrued_wage_october_survey,biennial_occupation_survey_57T,2025,,RU-FD-Southern,OKZ,federal_subject,https://rosstat.gov.ru/storage/mediabank/sved_57-t_2025.rar,2026-07-29
85,1,Republic of Kalmykia,Республика Калмыкия,RU,Southern,Elementary occupations,9,31752.0,RUB,monthly,average_monthly_nominal_accrued_wage_october_survey,biennial_occupation_survey_57T,2025,,RU-FD-Southern,OKZ,federal_subject,https://rosstat.gov.ru/storage/mediabank/sved_57-t_2025.rar,2026-07-29
35,1,Republic of Crimea,Республика Крым,RU,Southern,Total,,60363.0,RUB,monthly,average_monthly_nominal_accrued_wage_october_survey,biennial_occupation_survey_57T,2025,,RU-FD-Southern,OKZ,federal_subject,https://rosstat.gov.ru/storage/mediabank/sved_57-t_2025.rar,2026-07-29
35,1,Republic of Crimea,Республика Крым,RU,Southern,Managers,1,107159.0,RUB,monthly,average_monthly_nominal_accrued_wage_october_survey,biennial_occupation_survey_57T,2025,,RU-FD-Southern,OKZ,federal_subject,https://rosstat.gov.ru/storage/mediabank/sved_57-t_2025.rar,2026-07-29
35,1,Republic of Crimea,Республика Крым,RU,Southern,Professionals,2,62803.0,RUB,monthly,average_monthly_nominal_accrued_wage_october_survey,biennial_occupation_survey_57T,2025,,RU-FD-Southern,OKZ,federal_subject,https://rosstat.gov.ru/storage/mediabank/sved_57-t_2025.rar,2026-07-29
35,1,Republic of Crimea,Республика Крым,RU,Southern,Technicians and associate professionals,3,54897.0,RUB,monthly,average_monthly_nominal_accrued_wage_october_survey,biennial_occupation_survey_57T,2025,,RU-FD-Southern,OKZ,federal_subject,https://rosstat.gov.ru/storage/mediabank/sved_57-t_2025.rar,2026-07-29
35,1,Republic of Crimea,Республика Крым,RU,Southern,Clerical support workers,4,43144.0,RUB,monthly,average_monthly_nominal_accrued_wage_october_survey,biennial_occupation_survey_57T,2025,,RU-FD-Southern,OKZ,federal_subject,https://rosstat.gov.ru/storage/mediabank/sved_57-t_2025.rar,2026-07-29
35,1,Republic of Crimea,Республика Крым,RU,Southern,Service and sales workers,5,53135.0,RUB,monthly,average_monthly_nominal_accrued_wage_october_survey,biennial_occupation_survey_57T,2025,,RU-FD-Southern,OKZ,federal_subject,https://rosstat.gov.ru/storage/mediabank/sved_57-t_2025.rar,2026-07-29
35,1,Republic of Crimea,Республика Крым,RU,Southern,"Skilled agricultural, forestry and fishery workers",6,62506.0,RUB,monthly,average_monthly_nominal_accrued_wage_october_survey,biennial_occupation_survey_57T,2025,,RU-FD-Southern,OKZ,federal_subject,https://rosstat.gov.ru/storage/mediabank/sved_57-t_2025.rar,2026-07-29
35,1,Republic of Crimea,Республика Крым,RU,Southern,Craft and related trades workers,7,68138.0,RUB,monthly,average_monthly_nominal_accrued_wage_october_survey,biennial_occupation_survey_57T,2025,,RU-FD-Southern,OKZ,federal_subject,https://rosstat.gov.ru/storage/mediabank/sved_57-t_2025.rar,2026-07-29
35,1,Republic of Crimea,Республика Крым,RU,Southern,Plant and machine operators and assemblers,8,64235.0,RUB,monthly,average_monthly_nominal_accrued_wage_october_survey,biennial_occupation_survey_57T,2025,,RU-FD-Southern,OKZ,federal_subject,https://rosstat.gov.ru/storage/mediabank/sved_57-t_2025.rar,2026-07-29
35,1,Republic of Crimea,Республика Крым,RU,Southern,Elementary occupations,9,35126.0,RUB,monthly,average_monthly_nominal_accrued_wage_october_survey,biennial_occupation_survey_57T,2025,,RU-FD-Southern,OKZ,federal_subject,https://rosstat.gov.ru/storage/mediabank/sved_57-t_2025.rar,2026-07-29
03,1,Krasnodar Krai,Краснодарский край,RU,Southern,Total,,76492.0,RUB,monthly,average_monthly_nominal_accrued_wage_october_survey,biennial_occupation_survey_57T,2025,,RU-FD-Southern,OKZ,federal_subject,https://rosstat.gov.ru/storage/mediabank/sved_57-t_2025.rar,2026-07-29
03,1,Krasnodar Krai,Краснодарский край,RU,Southern,Managers,1,131528.0,RUB,monthly,average_monthly_nominal_accrued_wage_october_survey,biennial_occupation_survey_57T,2025,,RU-FD-Southern,OKZ,federal_subject,https://rosstat.gov.ru/storage/mediabank/sved_57-t_2025.rar,2026-07-29
03,1,Krasnodar Krai,Краснодарский край,RU,Southern,Professionals,2,81981.0,RUB,monthly,average_monthly_nominal_accrued_wage_october_survey,biennial_occupation_survey_57T,2025,,RU-FD-Southern,OKZ,federal_subject,https://rosstat.gov.ru/storage/mediabank/sved_57-t_2025.rar,2026-07-29
03,1,Krasnodar Krai,Краснодарский край,RU,Southern,Technicians and associate professionals,3,74064.0,RUB,monthly,average_monthly_nominal_accrued_wage_october_survey,biennial_occupation_survey_57T,2025,,RU-FD-Southern,OKZ,federal_subject,https://rosstat.gov.ru/storage/mediabank/sved_57-t_2025.rar,2026-07-29
03,1,Krasnodar Krai,Краснодарский край,RU,Southern,Clerical support workers,4,54199.0,RUB,monthly,average_monthly_nominal_accrued_wage_october_survey,biennial_occupation_survey_57T,2025,,RU-FD-Southern,OKZ,federal_subject,https://rosstat.gov.ru/storage/mediabank/sved_57-t_2025.rar,2026-07-29
03,1,Krasnodar Krai,Краснодарский край,RU,Southern,Service and sales workers,5,52734.0,RUB,monthly,average_monthly_nominal_accrued_wage_october_survey,biennial_occupation_survey_57T,2025,,RU-FD-Southern,OKZ,federal_subject,https://rosstat.gov.ru/storage/mediabank/sved_57-t_2025.rar,2026-07-29
03,1,Krasnodar Krai,Краснодарский край,RU,Southern,"Skilled agricultural, forestry and fishery workers",6,73856.0,RUB,monthly,average_monthly_nominal_accrued_wage_october_survey,biennial_occupation_survey_57T,2025,,RU-FD-Southern,OKZ,federal_subject,https://rosstat.gov.ru/storage/mediabank/sved_57-t_2025.rar,2026-07-29
03,1,Krasnodar Krai,Краснодарский край,RU,Southern,Craft and related trades workers,7,79967.0,RUB,monthly,average_monthly_nominal_accrued_wage_october_survey,biennial_occupation_survey_57T,2025,,RU-FD-Southern,OKZ,federal_subject,https://rosstat.gov.ru/storage/mediabank/sved_57-t_2025.rar,2026-07-29
03,1,Krasnodar Krai,Краснодарский край,RU,Southern,Plant and machine operators and assemblers,8,79190.0,RUB,monthly,average_monthly_nominal_accrued_wage_october_survey,biennial_occupation_survey_57T,2025,,RU-FD-Southern,OKZ,federal_subject,https://rosstat.gov.ru/storage/mediabank/sved_57-t_2025.rar,2026-07-29
03,1,Krasnodar Krai,Краснодарский край,RU,Southern,Elementary occupations,9,48298.0,RUB,monthly,average_monthly_nominal_accrued_wage_october_survey,biennial_occupation_survey_57T,2025,,RU-FD-Southern,OKZ,federal_subject,https://rosstat.gov.ru/storage/mediabank/sved_57-t_2025.rar,2026-07-29
12,1,Astrakhan Oblast,Астраханская область,RU,Southern,Total,,63097.0,RUB,monthly,average_monthly_nominal_accrued_wage_october_survey,biennial_occupation_survey_57T,2025,,RU-FD-Southern,OKZ,federal_subject,https://rosstat.gov.ru/storage/mediabank/sved_57-t_2025.rar,2026-07-29
12,1,Astrakhan Oblast,Астраханская область,RU,Southern,Managers,1,100991.0,RUB,monthly,average_monthly_nominal_accrued_wage_october_survey,biennial_occupation_survey_57T,2025,,RU-FD-Southern,OKZ,federal_subject,https://rosstat.gov.ru/storage/mediabank/sved_57-t_2025.rar,2026-07-29
12,1,Astrakhan Oblast,Астраханская область,RU,Southern,Professionals,2,63657.0,RUB,monthly,average_monthly_nominal_accrued_wage_october_survey,biennial_occupation_survey_57T,2025,,RU-FD-Southern,OKZ,federal_subject,https://rosstat.gov.ru/storage/mediabank/sved_57-t_2025.rar,2026-07-29
12,1,Astrakhan Oblast,Астраханская область,RU,Southern,Technicians and associate professionals,3,63706.0,RUB,monthly,average_monthly_nominal_accrued_wage_october_survey,biennial_occupation_survey_57T,2025,,RU-FD-Southern,OKZ,federal_subject,https://rosstat.gov.ru/storage/mediabank/sved_57-t_2025.rar,2026-07-29
12,1,Astrakhan Oblast,Астраханская область,RU,Southern,Clerical support workers,4,45473.0,RUB,monthly,average_monthly_nominal_accrued_wage_october_survey,biennial_occupation_survey_57T,2025,,RU-FD-Southern,OKZ,federal_subject,https://rosstat.gov.ru/storage/mediabank/sved_57-t_2025.rar,2026-07-29
12,1,Astrakhan Oblast,Астраханская область,RU,Southern,Service and sales workers,5,46457.0,RUB,monthly,average_monthly_nominal_accrued_wage_october_survey,biennial_occupation_survey_57T,2025,,RU-FD-Southern,OKZ,federal_subject,https://rosstat.gov.ru/storage/mediabank/sved_57-t_2025.rar,2026-07-29
12,1,Astrakhan Oblast,Астраханская область,RU,Southern,"Skilled agricultural, forestry and fishery workers",6,38598.0,RUB,monthly,average_monthly_nominal_accrued_wage_october_survey,biennial_occupation_survey_57T,2025,,RU-FD-Southern,OKZ,federal_subject,https://rosstat.gov.ru/storage/mediabank/sved_57-t_2025.rar,2026-07-29
12,1,Astrakhan Oblast,Астраханская область,RU,Southern,Craft and related trades workers,7,79294.0,RUB,monthly,average_monthly_nominal_accrued_wage_october_survey,biennial_occupation_survey_57T,2025,,RU-FD-Southern,OKZ,federal_subject,https://rosstat.gov.ru/storage/mediabank/sved_57-t_2025.rar,2026-07-29
12,1,Astrakhan Oblast,Астраханская область,RU,Southern,Plant and machine operators and assemblers,8,69008.0,RUB,monthly,average_monthly_nominal_accrued_wage_october_survey,biennial_occupation_survey_57T,2025,,RU-FD-Southern,OKZ,federal_subject,https://rosstat.gov.ru/storage/mediabank/sved_57-t_2025.rar,2026-07-29
12,1,Astrakhan Oblast,Астраханская область,RU,Southern,Elementary occupations,9,32630.0,RUB,monthly,average_monthly_nominal_accrued_wage_october_survey,biennial_occupation_survey_57T,2025,,RU-FD-Southern,OKZ,federal_subject,https://rosstat.gov.ru/storage/mediabank/sved_57-t_2025.rar,2026-07-29
18,1,Volgograd Oblast,Волгоградская область,RU,Southern,Total,,67158.0,RUB,monthly,average_monthly_nominal_accrued_wage_october_survey,biennial_occupation_survey_57T,2025,,RU-FD-Southern,OKZ,federal_subject,https://rosstat.gov.ru/storage/mediabank/sved_57-t_2025.rar,2026-07-29
18,1,Volgograd Oblast,Волгоградская область,RU,Southern,Managers,1,109814.0,RUB,monthly,average_monthly_nominal_accrued_wage_october_survey,biennial_occupation_survey_57T,2025,,RU-FD-Southern,OKZ,federal_subject,https://rosstat.gov.ru/storage/mediabank/sved_57-t_2025.rar,2026-07-29
18,1,Volgograd Oblast,Волгоградская область,RU,Southern,Professionals,2,67736.0,RUB,monthly,average_monthly_nominal_accrued_wage_october_survey,biennial_occupation_survey_57T,2025,,RU-FD-Southern,OKZ,federal_subject,https://rosstat.gov.ru/storage/mediabank/sved_57-t_2025.rar,2026-07-29
18,1,Volgograd Oblast,Волгоградская область,RU,Southern,Technicians and associate professionals,3,60928.0,RUB,monthly,average_monthly_nominal_accrued_wage_october_survey,biennial_occupation_survey_57T,2025,,RU-FD-Southern,OKZ,federal_subject,https://rosstat.gov.ru/storage/mediabank/sved_57-t_2025.rar,2026-07-29
18,1,Volgograd Oblast,Волгоградская область,RU,Southern,Clerical support workers,4,47694.0,RUB,monthly,average_monthly_nominal_accrued_wage_october_survey,biennial_occupation_survey_57T,2025,,RU-FD-Southern,OKZ,federal_subject,https://rosstat.gov.ru/storage/mediabank/sved_57-t_2025.rar,2026-07-29
18,1,Volgograd Oblast,Волгоградская область,RU,Southern,Service and sales workers,5,47335.0,RUB,monthly,average_monthly_nominal_accrued_wage_october_survey,biennial_occupation_survey_57T,2025,,RU-FD-Southern,OKZ,federal_subject,https://rosstat.gov.ru/storage/mediabank/sved_57-t_2025.rar,2026-07-29
18,1,Volgograd Oblast,Волгоградская область,RU,Southern,"Skilled agricultural, forestry and fishery workers",6,47878.0,RUB,monthly,average_monthly_nominal_accrued_wage_october_survey,biennial_occupation_survey_57T,2025,,RU-FD-Southern,OKZ,federal_subject,https://rosstat.gov.ru/storage/mediabank/sved_57-t_2025.rar,2026-07-29
18,1,Volgograd Oblast,Волгоградская область,RU,Southern,Craft and related trades workers,7,74665.0,RUB,monthly,average_monthly_nominal_accrued_wage_october_survey,biennial_occupation_survey_57T,2025,,RU-FD-Southern,OKZ,federal_subject,https://rosstat.gov.ru/storage/mediabank/sved_57-t_2025.rar,2026-07-29
18,1,Volgograd Oblast,Волгоградская область,RU,Southern,Plant and machine operators and assemblers,8,77800.0,RUB,monthly,average_monthly_nominal_accrued_wage_october_survey,biennial_occupation_survey_57T,2025,,RU-FD-Southern,OKZ,federal_subject,https://rosstat.gov.ru/storage/mediabank/sved_57-t_2025.rar,2026-07-29
18,1,Volgograd Oblast,Волгоградская область,RU,Southern,Elementary occupations,9,37434.0,RUB,monthly,average_monthly_nominal_accrued_wage_october_survey,biennial_occupation_survey_57T,2025,,RU-FD-Southern,OKZ,federal_subject,https://rosstat.gov.ru/storage/mediabank/sved_57-t_2025.rar,2026-07-29
60,1,Rostov Oblast,Ростовская область,RU,Southern,Total,,70642.0,RUB,monthly,average_monthly_nominal_accrued_wage_october_survey,biennial_occupation_survey_57T,2025,,RU-FD-Southern,OKZ,federal_subject,https://rosstat.gov.ru/storage/mediabank/sved_57-t_2025.rar,2026-07-29
60,1,Rostov Oblast,Ростовская область,RU,Southern,Managers,1,116649.0,RUB,monthly,average_monthly_nominal_accrued_wage_october_survey,biennial_occupation_survey_57T,2025,,RU-FD-Southern,OKZ,federal_subject,https://rosstat.gov.ru/storage/mediabank/sved_57-t_2025.rar,2026-07-29
60,1,Rostov Oblast,Ростовская область,RU,Southern,Professionals,2,70812.0,RUB,monthly,average_monthly_nominal_accrued_wage_october_survey,biennial_occupation_survey_57T,2025,,RU-FD-Southern,OKZ,federal_subject,https://rosstat.gov.ru/storage/mediabank/sved_57-t_2025.rar,2026-07-29
60,1,Rostov Oblast,Ростовская область,RU,Southern,Technicians and associate professionals,3,66207.0,RUB,monthly,average_monthly_nominal_accrued_wage_october_survey,biennial_occupation_survey_57T,2025,,RU-FD-Southern,OKZ,federal_subject,https://rosstat.gov.ru/storage/mediabank/sved_57-t_2025.rar,2026-07-29
60,1,Rostov Oblast,Ростовская область,RU,Southern,Clerical support workers,4,54615.0,RUB,monthly,average_monthly_nominal_accrued_wage_october_survey,biennial_occupation_survey_57T,2025,,RU-FD-Southern,OKZ,federal_subject,https://rosstat.gov.ru/storage/mediabank/sved_57-t_2025.rar,2026-07-29
60,1,Rostov Oblast,Ростовская область,RU,Southern,Service and sales workers,5,44982.0,RUB,monthly,average_monthly_nominal_accrued_wage_october_survey,biennial_occupation_survey_57T,2025,,RU-FD-Southern,OKZ,federal_subject,https://rosstat.gov.ru/storage/mediabank/sved_57-t_2025.rar,2026-07-29
60,1,Rostov Oblast,Ростовская область,RU,Southern,"Skilled agricultural, forestry and fishery workers",6,55682.0,RUB,monthly,average_monthly_nominal_accrued_wage_october_survey,biennial_occupation_survey_57T,2025,,RU-FD-Southern,OKZ,federal_subject,https://rosstat.gov.ru/storage/mediabank/sved_57-t_2025.rar,2026-07-29
60,1,Rostov Oblast,Ростовская область,RU,Southern,Craft and related trades workers,7,83396.0,RUB,monthly,average_monthly_nominal_accrued_wage_october_survey,biennial_occupation_survey_57T,2025,,RU-FD-Southern,OKZ,federal_subject,https://rosstat.gov.ru/storage/mediabank/sved_57-t_2025.rar,2026-07-29
60,1,Rostov Oblast,Ростовская область,RU,Southern,Plant and machine operators and assemblers,8,78555.0,RUB,monthly,average_monthly_nominal_accrued_wage_october_survey,biennial_occupation_survey_57T,2025,,RU-FD-Southern,OKZ,federal_subject,https://rosstat.gov.ru/storage/mediabank/sved_57-t_2025.rar,2026-07-29
60,1,Rostov Oblast,Ростовская область,RU,Southern,Elementary occupations,9,41909.0,RUB,monthly,average_monthly_nominal_accrued_wage_october_survey,biennial_occupation_survey_57T,2025,,RU-FD-Southern,OKZ,federal_subject,https://rosstat.gov.ru/storage/mediabank/sved_57-t_2025.rar,2026-07-29
67,1,Sevastopol,г.Севастополь,RU,Southern,Total,,67479.0,RUB,monthly,average_monthly_nominal_accrued_wage_october_survey,biennial_occupation_survey_57T,2025,,RU-FD-Southern,OKZ,federal_subject,https://rosstat.gov.ru/storage/mediabank/sved_57-t_2025.rar,2026-07-29
67,1,Sevastopol,г.Севастополь,RU,Southern,Managers,1,122470.0,RUB,monthly,average_monthly_nominal_accrued_wage_october_survey,biennial_occupation_survey_57T,2025,,RU-FD-Southern,OKZ,federal_subject,https://rosstat.gov.ru/storage/mediabank/sved_57-t_2025.rar,2026-07-29
67,1,Sevastopol,г.Севастополь,RU,Southern,Professionals,2,70852.0,RUB,monthly,average_monthly_nominal_accrued_wage_october_survey,biennial_occupation_survey_57T,2025,,RU-FD-Southern,OKZ,federal_subject,https://rosstat.gov.ru/storage/mediabank/sved_57-t_2025.rar,2026-07-29
67,1,Sevastopol,г.Севастополь,RU,Southern,Technicians and associate professionals,3,61341.0,RUB,monthly,average_monthly_nominal_accrued_wage_october_survey,biennial_occupation_survey_57T,2025,,RU-FD-Southern,OKZ,federal_subject,https://rosstat.gov.ru/storage/mediabank/sved_57-t_2025.rar,2026-07-29
67,1,Sevastopol,г.Севастополь,RU,Southern,Clerical support workers,4,45658.0,RUB,monthly,average_monthly_nominal_accrued_wage_october_survey,biennial_occupation_survey_57T,2025,,RU-FD-Southern,OKZ,federal_subject,https://rosstat.gov.ru/storage/mediabank/sved_57-t_2025.rar,2026-07-29
67,1,Sevastopol,г.Севастополь,RU,Southern,Service and sales workers,5,48906.0,RUB,monthly,average_monthly_nominal_accrued_wage_october_survey,biennial_occupation_survey_57T,2025,,RU-FD-Southern,OKZ,federal_subject,https://rosstat.gov.ru/storage/mediabank/sved_57-t_2025.rar,2026-07-29
67,1,Sevastopol,г.Севастополь,RU,Southern,"Skilled agricultural, forestry and fishery workers",6,59010.0,RUB,monthly,average_monthly_nominal_accrued_wage_october_survey,biennial_occupation_survey_57T,2025,,RU-FD-Southern,OKZ,federal_subject,https://rosstat.gov.ru/storage/mediabank/sved_57-t_2025.rar,2026-07-29
67,1,Sevastopol,г.Севастополь,RU,Southern,Craft and related trades workers,7,76557.0,RUB,monthly,average_monthly_nominal_accrued_wage_october_survey,biennial_occupation_survey_57T,2025,,RU-FD-Southern,OKZ,federal_subject,https://rosstat.gov.ru/storage/mediabank/sved_57-t_2025.rar,2026-07-29
67,1,Sevastopol,г.Севастополь,RU,Southern,Plant and machine operators and assemblers,8,67208.0,RUB,monthly,average_monthly_nominal_accrued_wage_october_survey,biennial_occupation_survey_57T,2025,,RU-FD-Southern,OKZ,federal_subject,https://rosstat.gov.ru/storage/mediabank/sved_57-t_2025.rar,2026-07-29
67,1,Sevastopol,г.Севастополь,RU,Southern,Elementary occupations,9,38254.0,RUB,monthly,average_monthly_nominal_accrued_wage_october_survey,biennial_occupation_survey_57T,2025,,RU-FD-Southern,OKZ,federal_subject,https://rosstat.gov.ru/storage/mediabank/sved_57-t_2025.rar,2026-07-29
RU-FD-NorthCaucasian,0,North Caucasian Federal District,Северо-Кавказский федеральный округ,RU,North Caucasian,Total,,47152.0,RUB,monthly,average_monthly_nominal_accrued_wage_october_survey,biennial_occupation_survey_57T,2025,,RU-NAT,OKZ,federal_district,https://rosstat.gov.ru/storage/mediabank/sved_57-t_2025.rar,2026-07-29
RU-FD-NorthCaucasian,0,North Caucasian Federal District,Северо-Кавказский федеральный округ,RU,North Caucasian,Managers,1,81446.0,RUB,monthly,average_monthly_nominal_accrued_wage_october_survey,biennial_occupation_survey_57T,2025,,RU-NAT,OKZ,federal_district,https://rosstat.gov.ru/storage/mediabank/sved_57-t_2025.rar,2026-07-29
RU-FD-NorthCaucasian,0,North Caucasian Federal District,Северо-Кавказский федеральный округ,RU,North Caucasian,Professionals,2,46371.0,RUB,monthly,average_monthly_nominal_accrued_wage_october_survey,biennial_occupation_survey_57T,2025,,RU-NAT,OKZ,federal_district,https://rosstat.gov.ru/storage/mediabank/sved_57-t_2025.rar,2026-07-29
RU-FD-NorthCaucasian,0,North Caucasian Federal District,Северо-Кавказский федеральный округ,RU,North Caucasian,Technicians and associate professionals,3,41793.0,RUB,monthly,average_monthly_nominal_accrued_wage_october_survey,biennial_occupation_survey_57T,2025,,RU-NAT,OKZ,federal_district,https://rosstat.gov.ru/storage/mediabank/sved_57-t_2025.rar,2026-07-29
RU-FD-NorthCaucasian,0,North Caucasian Federal District,Северо-Кавказский федеральный округ,RU,North Caucasian,Clerical support workers,4,40269.0,RUB,monthly,average_monthly_nominal_accrued_wage_october_survey,biennial_occupation_survey_57T,2025,,RU-NAT,OKZ,federal_district,https://rosstat.gov.ru/storage/mediabank/sved_57-t_2025.rar,2026-07-29
RU-FD-NorthCaucasian,0,North Caucasian Federal District,Северо-Кавказский федеральный округ,RU,North Caucasian,Service and sales workers,5,33569.0,RUB,monthly,average_monthly_nominal_accrued_wage_october_survey,biennial_occupation_survey_57T,2025,,RU-NAT,OKZ,federal_district,https://rosstat.gov.ru/storage/mediabank/sved_57-t_2025.rar,2026-07-29
RU-FD-NorthCaucasian,0,North Caucasian Federal District,Северо-Кавказский федеральный округ,RU,North Caucasian,"Skilled agricultural, forestry and fishery workers",6,51423.0,RUB,monthly,average_monthly_nominal_accrued_wage_october_survey,biennial_occupation_survey_57T,2025,,RU-NAT,OKZ,federal_district,https://rosstat.gov.ru/storage/mediabank/sved_57-t_2025.rar,2026-07-29
RU-FD-NorthCaucasian,0,North Caucasian Federal District,Северо-Кавказский федеральный округ,RU,North Caucasian,Craft and related trades workers,7,60410.0,RUB,monthly,average_monthly_nominal_accrued_wage_october_survey,biennial_occupation_survey_57T,2025,,RU-NAT,OKZ,federal_district,https://rosstat.gov.ru/storage/mediabank/sved_57-t_2025.rar,2026-07-29
RU-FD-NorthCaucasian,0,North Caucasian Federal District,Северо-Кавказский федеральный округ,RU,North Caucasian,Plant and machine operators and assemblers,8,56982.0,RUB,monthly,average_monthly_nominal_accrued_wage_october_survey,biennial_occupation_survey_57T,2025,,RU-NAT,OKZ,federal_district,https://rosstat.gov.ru/storage/mediabank/sved_57-t_2025.rar,2026-07-29
RU-FD-NorthCaucasian,0,North Caucasian Federal District,Северо-Кавказский федеральный округ,RU,North Caucasian,Elementary occupations,9,31709.0,RUB,monthly,average_monthly_nominal_accrued_wage_october_survey,biennial_occupation_survey_57T,2025,,RU-NAT,OKZ,federal_district,https://rosstat.gov.ru/storage/mediabank/sved_57-t_2025.rar,2026-07-29
82,1,Republic of Dagestan,Республика Дагестан,RU,North Caucasian,Total,,42039.0,RUB,monthly,average_monthly_nominal_accrued_wage_october_survey,biennial_occupation_survey_57T,2025,,RU-FD-NorthCaucasian,OKZ,federal_subject,https://rosstat.gov.ru/storage/mediabank/sved_57-t_2025.rar,2026-07-29
82,1,Republic of Dagestan,Республика Дагестан,RU,North Caucasian,Managers,1,70198.0,RUB,monthly,average_monthly_nominal_accrued_wage_october_survey,biennial_occupation_survey_57T,2025,,RU-FD-NorthCaucasian,OKZ,federal_subject,https://rosstat.gov.ru/storage/mediabank/sved_57-t_2025.rar,2026-07-29
82,1,Republic of Dagestan,Республика Дагестан,RU,North Caucasian,Professionals,2,43558.0,RUB,monthly,average_monthly_nominal_accrued_wage_october_survey,biennial_occupation_survey_57T,2025,,RU-FD-NorthCaucasian,OKZ,federal_subject,https://rosstat.gov.ru/storage/mediabank/sved_57-t_2025.rar,2026-07-29
82,1,Republic of Dagestan,Республика Дагестан,RU,North Caucasian,Technicians and associate professionals,3,37637.0,RUB,monthly,average_monthly_nominal_accrued_wage_october_survey,biennial_occupation_survey_57T,2025,,RU-FD-NorthCaucasian,OKZ,federal_subject,https://rosstat.gov.ru/storage/mediabank/sved_57-t_2025.rar,2026-07-29
82,1,Republic of Dagestan,Республика Дагестан,RU,North Caucasian,Clerical support workers,4,34312.0,RUB,monthly,average_monthly_nominal_accrued_wage_october_survey,biennial_occupation_survey_57T,2025,,RU-FD-NorthCaucasian,OKZ,federal_subject,https://rosstat.gov.ru/storage/mediabank/sved_57-t_2025.rar,2026-07-29
82,1,Republic of Dagestan,Республика Дагестан,RU,North Caucasian,Service and sales workers,5,29275.0,RUB,monthly,average_monthly_nominal_accrued_wage_october_survey,biennial_occupation_survey_57T,2025,,RU-FD-NorthCaucasian,OKZ,federal_subject,https://rosstat.gov.ru/storage/mediabank/sved_57-t_2025.rar,2026-07-29
82,1,Republic of Dagestan,Республика Дагестан,RU,North Caucasian,"Skilled agricultural, forestry and fishery workers",6,35640.0,RUB,monthly,average_monthly_nominal_accrued_wage_october_survey,biennial_occupation_survey_57T,2025,,RU-FD-NorthCaucasian,OKZ,federal_subject,https://rosstat.gov.ru/storage/mediabank/sved_57-t_2025.rar,2026-07-29
82,1,Republic of Dagestan,Республика Дагестан,RU,North Caucasian,Craft and related trades workers,7,52827.0,RUB,monthly,average_monthly_nominal_accrued_wage_october_survey,biennial_occupation_survey_57T,2025,,RU-FD-NorthCaucasian,OKZ,federal_subject,https://rosstat.gov.ru/storage/mediabank/sved_57-t_2025.rar,2026-07-29
82,1,Republic of Dagestan,Республика Дагестан,RU,North Caucasian,Plant and machine operators and assemblers,8,49161.0,RUB,monthly,average_monthly_nominal_accrued_wage_october_survey,biennial_occupation_survey_57T,2025,,RU-FD-NorthCaucasian,OKZ,federal_subject,https://rosstat.gov.ru/storage/mediabank/sved_57-t_2025.rar,2026-07-29
82,1,Republic of Dagestan,Республика Дагестан,RU,North Caucasian,Elementary occupations,9,28422.0,RUB,monthly,average_monthly_nominal_accrued_wage_october_survey,biennial_occupation_survey_57T,2025,,RU-FD-NorthCaucasian,OKZ,federal_subject,https://rosstat.gov.ru/storage/mediabank/sved_57-t_2025.rar,2026-07-29
26,1,Republic of Ingushetia,Республика Ингушетия,RU,North Caucasian,Total,,34623.0,RUB,monthly,average_monthly_nominal_accrued_wage_october_survey,biennial_occupation_survey_57T,2025,,RU-FD-NorthCaucasian,OKZ,federal_subject,https://rosstat.gov.ru/storage/mediabank/sved_57-t_2025.rar,2026-07-29
26,1,Republic of Ingushetia,Республика Ингушетия,RU,North Caucasian,Managers,1,53287.0,RUB,monthly,average_monthly_nominal_accrued_wage_october_survey,biennial_occupation_survey_57T,2025,,RU-FD-NorthCaucasian,OKZ,federal_subject,https://rosstat.gov.ru/storage/mediabank/sved_57-t_2025.rar,2026-07-29
26,1,Republic of Ingushetia,Республика Ингушетия,RU,North Caucasian,Professionals,2,36492.0,RUB,monthly,average_monthly_nominal_accrued_wage_october_survey,biennial_occupation_survey_57T,2025,,RU-FD-NorthCaucasian,OKZ,federal_subject,https://rosstat.gov.ru/storage/mediabank/sved_57-t_2025.rar,2026-07-29
26,1,Republic of Ingushetia,Республика Ингушетия,RU,North Caucasian,Technicians and associate professionals,3,33171.0,RUB,monthly,average_monthly_nominal_accrued_wage_october_survey,biennial_occupation_survey_57T,2025,,RU-FD-NorthCaucasian,OKZ,federal_subject,https://rosstat.gov.ru/storage/mediabank/sved_57-t_2025.rar,2026-07-29
26,1,Republic of Ingushetia,Республика Ингушетия,RU,North Caucasian,Clerical support workers,4,26085.0,RUB,monthly,average_monthly_nominal_accrued_wage_october_survey,biennial_occupation_survey_57T,2025,,RU-FD-NorthCaucasian,OKZ,federal_subject,https://rosstat.gov.ru/storage/mediabank/sved_57-t_2025.rar,2026-07-29
26,1,Republic of Ingushetia,Республика Ингушетия,RU,North Caucasian,Service and sales workers,5,27883.0,RUB,monthly,average_monthly_nominal_accrued_wage_october_survey,biennial_occupation_survey_57T,2025,,RU-FD-NorthCaucasian,OKZ,federal_subject,https://rosstat.gov.ru/storage/mediabank/sved_57-t_2025.rar,2026-07-29
26,1,Republic of Ingushetia,Республика Ингушетия,RU,North Caucasian,"Skilled agricultural, forestry and fishery workers",6,25709.0,RUB,monthly,average_monthly_nominal_accrued_wage_october_survey,biennial_occupation_survey_57T,2025,,RU-FD-NorthCaucasian,OKZ,federal_subject,https://rosstat.gov.ru/storage/mediabank/sved_57-t_2025.rar,2026-07-29
26,1,Republic of Ingushetia,Республика Ингушетия,RU,North Caucasian,Craft and related trades workers,7,32433.0,RUB,monthly,average_monthly_nominal_accrued_wage_october_survey,biennial_occupation_survey_57T,2025,,RU-FD-NorthCaucasian,OKZ,federal_subject,https://rosstat.gov.ru/storage/mediabank/sved_57-t_2025.rar,2026-07-29
26,1,Republic of Ingushetia,Республика Ингушетия,RU,North Caucasian,Plant and machine operators and assemblers,8,32740.0,RUB,monthly,average_monthly_nominal_accrued_wage_october_survey,biennial_occupation_survey_57T,2025,,RU-FD-NorthCaucasian,OKZ,federal_subject,https://rosstat.gov.ru/storage/mediabank/sved_57-t_2025.rar,2026-07-29
26,1,Republic of Ingushetia,Республика Ингушетия,RU,North Caucasian,Elementary occupations,9,26981.0,RUB,monthly,average_monthly_nominal_accrued_wage_october_survey,biennial_occupation_survey_57T,2025,,RU-FD-NorthCaucasian,OKZ,federal_subject,https://rosstat.gov.ru/storage/mediabank/sved_57-t_2025.rar,2026-07-29
83,1,Kabardino-Balkar Republic,Кабардино-Балкарская Республика,RU,North Caucasian,Total,,45885.0,RUB,monthly,average_monthly_nominal_accrued_wage_october_survey,biennial_occupation_survey_57T,2025,,RU-FD-NorthCaucasian,OKZ,federal_subject,https://rosstat.gov.ru/storage/mediabank/sved_57-t_2025.rar,2026-07-29
83,1,Kabardino-Balkar Republic,Кабардино-Балкарская Республика,RU,North Caucasian,Managers,1,64603.0,RUB,monthly,average_monthly_nominal_accrued_wage_october_survey,biennial_occupation_survey_57T,2025,,RU-FD-NorthCaucasian,OKZ,federal_subject,https://rosstat.gov.ru/storage/mediabank/sved_57-t_2025.rar,2026-07-29
83,1,Kabardino-Balkar Republic,Кабардино-Балкарская Республика,RU,North Caucasian,Professionals,2,48387.0,RUB,monthly,average_monthly_nominal_accrued_wage_october_survey,biennial_occupation_survey_57T,2025,,RU-FD-NorthCaucasian,OKZ,federal_subject,https://rosstat.gov.ru/storage/mediabank/sved_57-t_2025.rar,2026-07-29
83,1,Kabardino-Balkar Republic,Кабардино-Балкарская Республика,RU,North Caucasian,Technicians and associate professionals,3,42653.0,RUB,monthly,average_monthly_nominal_accrued_wage_october_survey,biennial_occupation_survey_57T,2025,,RU-FD-NorthCaucasian,OKZ,federal_subject,https://rosstat.gov.ru/storage/mediabank/sved_57-t_2025.rar,2026-07-29
83,1,Kabardino-Balkar Republic,Кабардино-Балкарская Республика,RU,North Caucasian,Clerical support workers,4,31447.0,RUB,monthly,average_monthly_nominal_accrued_wage_october_survey,biennial_occupation_survey_57T,2025,,RU-FD-NorthCaucasian,OKZ,federal_subject,https://rosstat.gov.ru/storage/mediabank/sved_57-t_2025.rar,2026-07-29
83,1,Kabardino-Balkar Republic,Кабардино-Балкарская Республика,RU,North Caucasian,Service and sales workers,5,30177.0,RUB,monthly,average_monthly_nominal_accrued_wage_october_survey,biennial_occupation_survey_57T,2025,,RU-FD-NorthCaucasian,OKZ,federal_subject,https://rosstat.gov.ru/storage/mediabank/sved_57-t_2025.rar,2026-07-29
83,1,Kabardino-Balkar Republic,Кабардино-Балкарская Республика,RU,North Caucasian,"Skilled agricultural, forestry and fishery workers",6,42458.0,RUB,monthly,average_monthly_nominal_accrued_wage_october_survey,biennial_occupation_survey_57T,2025,,RU-FD-NorthCaucasian,OKZ,federal_subject,https://rosstat.gov.ru/storage/mediabank/sved_57-t_2025.rar,2026-07-29
83,1,Kabardino-Balkar Republic,Кабардино-Балкарская Республика,RU,North Caucasian,Craft and related trades workers,7,51489.0,RUB,monthly,average_monthly_nominal_accrued_wage_october_survey,biennial_occupation_survey_57T,2025,,RU-FD-NorthCaucasian,OKZ,federal_subject,https://rosstat.gov.ru/storage/mediabank/sved_57-t_2025.rar,2026-07-29
83,1,Kabardino-Balkar Republic,Кабардино-Балкарская Республика,RU,North Caucasian,Plant and machine operators and assemblers,8,45372.0,RUB,monthly,average_monthly_nominal_accrued_wage_october_survey,biennial_occupation_survey_57T,2025,,RU-FD-NorthCaucasian,OKZ,federal_subject,https://rosstat.gov.ru/storage/mediabank/sved_57-t_2025.rar,2026-07-29
83,1,Kabardino-Balkar Republic,Кабардино-Балкарская Республика,RU,North Caucasian,Elementary occupations,9,32647.0,RUB,monthly,average_monthly_nominal_accrued_wage_october_survey,biennial_occupation_survey_57T,2025,,RU-FD-NorthCaucasian,OKZ,federal_subject,https://rosstat.gov.ru/storage/mediabank/sved_57-t_2025.rar,2026-07-29
91,1,Karachay-Cherkess Republic,Карачаево-Черкесская Республика,RU,North Caucasian,Total,,47875.0,RUB,monthly,average_monthly_nominal_accrued_wage_october_survey,biennial_occupation_survey_57T,2025,,RU-FD-NorthCaucasian,OKZ,federal_subject,https://rosstat.gov.ru/storage/mediabank/sved_57-t_2025.rar,2026-07-29
91,1,Karachay-Cherkess Republic,Карачаево-Черкесская Республика,RU,North Caucasian,Managers,1,76473.0,RUB,monthly,average_monthly_nominal_accrued_wage_october_survey,biennial_occupation_survey_57T,2025,,RU-FD-NorthCaucasian,OKZ,federal_subject,https://rosstat.gov.ru/storage/mediabank/sved_57-t_2025.rar,2026-07-29
91,1,Karachay-Cherkess Republic,Карачаево-Черкесская Республика,RU,North Caucasian,Professionals,2,50020.0,RUB,monthly,average_monthly_nominal_accrued_wage_october_survey,biennial_occupation_survey_57T,2025,,RU-FD-NorthCaucasian,OKZ,federal_subject,https://rosstat.gov.ru/storage/mediabank/sved_57-t_2025.rar,2026-07-29
91,1,Karachay-Cherkess Republic,Карачаево-Черкесская Республика,RU,North Caucasian,Technicians and associate professionals,3,39932.0,RUB,monthly,average_monthly_nominal_accrued_wage_october_survey,biennial_occupation_survey_57T,2025,,RU-FD-NorthCaucasian,OKZ,federal_subject,https://rosstat.gov.ru/storage/mediabank/sved_57-t_2025.rar,2026-07-29
91,1,Karachay-Cherkess Republic,Карачаево-Черкесская Республика,RU,North Caucasian,Clerical support workers,4,39625.0,RUB,monthly,average_monthly_nominal_accrued_wage_october_survey,biennial_occupation_survey_57T,2025,,RU-FD-NorthCaucasian,OKZ,federal_subject,https://rosstat.gov.ru/storage/mediabank/sved_57-t_2025.rar,2026-07-29
91,1,Karachay-Cherkess Republic,Карачаево-Черкесская Республика,RU,North Caucasian,Service and sales workers,5,33905.0,RUB,monthly,average_monthly_nominal_accrued_wage_october_survey,biennial_occupation_survey_57T,2025,,RU-FD-NorthCaucasian,OKZ,federal_subject,https://rosstat.gov.ru/storage/mediabank/sved_57-t_2025.rar,2026-07-29
91,1,Karachay-Cherkess Republic,Карачаево-Черкесская Республика,RU,North Caucasian,"Skilled agricultural, forestry and fishery workers",6,57751.0,RUB,monthly,average_monthly_nominal_accrued_wage_october_survey,biennial_occupation_survey_57T,2025,,RU-FD-NorthCaucasian,OKZ,federal_subject,https://rosstat.gov.ru/storage/mediabank/sved_57-t_2025.rar,2026-07-29
91,1,Karachay-Cherkess Republic,Карачаево-Черкесская Республика,RU,North Caucasian,Craft and related trades workers,7,61343.0,RUB,monthly,average_monthly_nominal_accrued_wage_october_survey,biennial_occupation_survey_57T,2025,,RU-FD-NorthCaucasian,OKZ,federal_subject,https://rosstat.gov.ru/storage/mediabank/sved_57-t_2025.rar,2026-07-29
91,1,Karachay-Cherkess Republic,Карачаево-Черкесская Республика,RU,North Caucasian,Plant and machine operators and assemblers,8,53395.0,RUB,monthly,average_monthly_nominal_accrued_wage_october_survey,biennial_occupation_survey_57T,2025,,RU-FD-NorthCaucasian,OKZ,federal_subject,https://rosstat.gov.ru/storage/mediabank/sved_57-t_2025.rar,2026-07-29
91,1,Karachay-Cherkess Republic,Карачаево-Черкесская Республика,RU,North Caucasian,Elementary occupations,9,31296.0,RUB,monthly,average_monthly_nominal_accrued_wage_october_survey,biennial_occupation_survey_57T,2025,,RU-FD-NorthCaucasian,OKZ,federal_subject,https://rosstat.gov.ru/storage/mediabank/sved_57-t_2025.rar,2026-07-29
90,1,Republic of North Ossetia-Alania,Республика Северная Осетия- Алания,RU,North Caucasian,Total,,43925.0,RUB,monthly,average_monthly_nominal_accrued_wage_october_survey,biennial_occupation_survey_57T,2025,,RU-FD-NorthCaucasian,OKZ,federal_subject,https://rosstat.gov.ru/storage/mediabank/sved_57-t_2025.rar,2026-07-29
90,1,Republic of North Ossetia-Alania,Республика Северная Осетия- Алания,RU,North Caucasian,Managers,1,69931.0,RUB,monthly,average_monthly_nominal_accrued_wage_october_survey,biennial_occupation_survey_57T,2025,,RU-FD-NorthCaucasian,OKZ,federal_subject,https://rosstat.gov.ru/storage/mediabank/sved_57-t_2025.rar,2026-07-29
90,1,Republic of North Ossetia-Alania,Республика Северная Осетия- Алания,RU,North Caucasian,Professionals,2,44938.0,RUB,monthly,average_monthly_nominal_accrued_wage_october_survey,biennial_occupation_survey_57T,2025,,RU-FD-NorthCaucasian,OKZ,federal_subject,https://rosstat.gov.ru/storage/mediabank/sved_57-t_2025.rar,2026-07-29
90,1,Republic of North Ossetia-Alania,Республика Северная Осетия- Алания,RU,North Caucasian,Technicians and associate professionals,3,39246.0,RUB,monthly,average_monthly_nominal_accrued_wage_october_survey,biennial_occupation_survey_57T,2025,,RU-FD-NorthCaucasian,OKZ,federal_subject,https://rosstat.gov.ru/storage/mediabank/sved_57-t_2025.rar,2026-07-29
90,1,Republic of North Ossetia-Alania,Республика Северная Осетия- Алания,RU,North Caucasian,Clerical support workers,4,33408.0,RUB,monthly,average_monthly_nominal_accrued_wage_october_survey,biennial_occupation_survey_57T,2025,,RU-FD-NorthCaucasian,OKZ,federal_subject,https://rosstat.gov.ru/storage/mediabank/sved_57-t_2025.rar,2026-07-29
90,1,Republic of North Ossetia-Alania,Республика Северная Осетия- Алания,RU,North Caucasian,Service and sales workers,5,31749.0,RUB,monthly,average_monthly_nominal_accrued_wage_october_survey,biennial_occupation_survey_57T,2025,,RU-FD-NorthCaucasian,OKZ,federal_subject,https://rosstat.gov.ru/storage/mediabank/sved_57-t_2025.rar,2026-07-29
90,1,Republic of North Ossetia-Alania,Республика Северная Осетия- Алания,RU,North Caucasian,"Skilled agricultural, forestry and fishery workers",6,58190.0,RUB,monthly,average_monthly_nominal_accrued_wage_october_survey,biennial_occupation_survey_57T,2025,,RU-FD-NorthCaucasian,OKZ,federal_subject,https://rosstat.gov.ru/storage/mediabank/sved_57-t_2025.rar,2026-07-29
90,1,Republic of North Ossetia-Alania,Республика Северная Осетия- Алания,RU,North Caucasian,Craft and related trades workers,7,52204.0,RUB,monthly,average_monthly_nominal_accrued_wage_october_survey,biennial_occupation_survey_57T,2025,,RU-FD-NorthCaucasian,OKZ,federal_subject,https://rosstat.gov.ru/storage/mediabank/sved_57-t_2025.rar,2026-07-29
90,1,Republic of North Ossetia-Alania,Республика Северная Осетия- Алания,RU,North Caucasian,Plant and machine operators and assemblers,8,50569.0,RUB,monthly,average_monthly_nominal_accrued_wage_october_survey,biennial_occupation_survey_57T,2025,,RU-FD-NorthCaucasian,OKZ,federal_subject,https://rosstat.gov.ru/storage/mediabank/sved_57-t_2025.rar,2026-07-29
90,1,Republic of North Ossetia-Alania,Республика Северная Осетия- Алания,RU,North Caucasian,Elementary occupations,9,29299.0,RUB,monthly,average_monthly_nominal_accrued_wage_october_survey,biennial_occupation_survey_57T,2025,,RU-FD-NorthCaucasian,OKZ,federal_subject,https://rosstat.gov.ru/storage/mediabank/sved_57-t_2025.rar,2026-07-29
96,1,Chechen Republic,Чеченская Республика,RU,North Caucasian,Total,,37208.0,RUB,monthly,average_monthly_nominal_accrued_wage_october_survey,biennial_occupation_survey_57T,2025,,RU-FD-NorthCaucasian,OKZ,federal_subject,https://rosstat.gov.ru/storage/mediabank/sved_57-t_2025.rar,2026-07-29
96,1,Chechen Republic,Чеченская Республика,RU,North Caucasian,Managers,1,64679.0,RUB,monthly,average_monthly_nominal_accrued_wage_october_survey,biennial_occupation_survey_57T,2025,,RU-FD-NorthCaucasian,OKZ,federal_subject,https://rosstat.gov.ru/storage/mediabank/sved_57-t_2025.rar,2026-07-29
96,1,Chechen Republic,Чеченская Республика,RU,North Caucasian,Professionals,2,39028.0,RUB,monthly,average_monthly_nominal_accrued_wage_october_survey,biennial_occupation_survey_57T,2025,,RU-FD-NorthCaucasian,OKZ,federal_subject,https://rosstat.gov.ru/storage/mediabank/sved_57-t_2025.rar,2026-07-29
96,1,Chechen Republic,Чеченская Республика,RU,North Caucasian,Technicians and associate professionals,3,36131.0,RUB,monthly,average_monthly_nominal_accrued_wage_october_survey,biennial_occupation_survey_57T,2025,,RU-FD-NorthCaucasian,OKZ,federal_subject,https://rosstat.gov.ru/storage/mediabank/sved_57-t_2025.rar,2026-07-29
96,1,Chechen Republic,Чеченская Республика,RU,North Caucasian,Clerical support workers,4,28858.0,RUB,monthly,average_monthly_nominal_accrued_wage_october_survey,biennial_occupation_survey_57T,2025,,RU-FD-NorthCaucasian,OKZ,federal_subject,https://rosstat.gov.ru/storage/mediabank/sved_57-t_2025.rar,2026-07-29
96,1,Chechen Republic,Чеченская Республика,RU,North Caucasian,Service and sales workers,5,26044.0,RUB,monthly,average_monthly_nominal_accrued_wage_october_survey,biennial_occupation_survey_57T,2025,,RU-FD-NorthCaucasian,OKZ,federal_subject,https://rosstat.gov.ru/storage/mediabank/sved_57-t_2025.rar,2026-07-29
96,1,Chechen Republic,Чеченская Республика,RU,North Caucasian,"Skilled agricultural, forestry and fishery workers",6,29398.0,RUB,monthly,average_monthly_nominal_accrued_wage_october_survey,biennial_occupation_survey_57T,2025,,RU-FD-NorthCaucasian,OKZ,federal_subject,https://rosstat.gov.ru/storage/mediabank/sved_57-t_2025.rar,2026-07-29
96,1,Chechen Republic,Чеченская Республика,RU,North Caucasian,Craft and related trades workers,7,47935.0,RUB,monthly,average_monthly_nominal_accrued_wage_october_survey,biennial_occupation_survey_57T,2025,,RU-FD-NorthCaucasian,OKZ,federal_subject,https://rosstat.gov.ru/storage/mediabank/sved_57-t_2025.rar,2026-07-29
96,1,Chechen Republic,Чеченская Республика,RU,North Caucasian,Plant and machine operators and assemblers,8,47152.0,RUB,monthly,average_monthly_nominal_accrued_wage_october_survey,biennial_occupation_survey_57T,2025,,RU-FD-NorthCaucasian,OKZ,federal_subject,https://rosstat.gov.ru/storage/mediabank/sved_57-t_2025.rar,2026-07-29
96,1,Chechen Republic,Чеченская Республика,RU,North Caucasian,Elementary occupations,9,25156.0,RUB,monthly,average_monthly_nominal_accrued_wage_october_survey,biennial_occupation_survey_57T,2025,,RU-FD-NorthCaucasian,OKZ,federal_subject,https://rosstat.gov.ru/storage/mediabank/sved_57-t_2025.rar,2026-07-29
07,1,Stavropol Krai,Ставропольский край,RU,North Caucasian,Total,,60966.0,RUB,monthly,average_monthly_nominal_accrued_wage_october_survey,biennial_occupation_survey_57T,2025,,RU-FD-NorthCaucasian,OKZ,federal_subject,https://rosstat.gov.ru/storage/mediabank/sved_57-t_2025.rar,2026-07-29
07,1,Stavropol Krai,Ставропольский край,RU,North Caucasian,Managers,1,109909.0,RUB,monthly,average_monthly_nominal_accrued_wage_october_survey,biennial_occupation_survey_57T,2025,,RU-FD-NorthCaucasian,OKZ,federal_subject,https://rosstat.gov.ru/storage/mediabank/sved_57-t_2025.rar,2026-07-29
07,1,Stavropol Krai,Ставропольский край,RU,North Caucasian,Professionals,2,59176.0,RUB,monthly,average_monthly_nominal_accrued_wage_october_survey,biennial_occupation_survey_57T,2025,,RU-FD-NorthCaucasian,OKZ,federal_subject,https://rosstat.gov.ru/storage/mediabank/sved_57-t_2025.rar,2026-07-29
07,1,Stavropol Krai,Ставропольский край,RU,North Caucasian,Technicians and associate professionals,3,51386.0,RUB,monthly,average_monthly_nominal_accrued_wage_october_survey,biennial_occupation_survey_57T,2025,,RU-FD-NorthCaucasian,OKZ,federal_subject,https://rosstat.gov.ru/storage/mediabank/sved_57-t_2025.rar,2026-07-29
07,1,Stavropol Krai,Ставропольский край,RU,North Caucasian,Clerical support workers,4,52467.0,RUB,monthly,average_monthly_nominal_accrued_wage_october_survey,biennial_occupation_survey_57T,2025,,RU-FD-NorthCaucasian,OKZ,federal_subject,https://rosstat.gov.ru/storage/mediabank/sved_57-t_2025.rar,2026-07-29
07,1,Stavropol Krai,Ставропольский край,RU,North Caucasian,Service and sales workers,5,42086.0,RUB,monthly,average_monthly_nominal_accrued_wage_october_survey,biennial_occupation_survey_57T,2025,,RU-FD-NorthCaucasian,OKZ,federal_subject,https://rosstat.gov.ru/storage/mediabank/sved_57-t_2025.rar,2026-07-29
07,1,Stavropol Krai,Ставропольский край,RU,North Caucasian,"Skilled agricultural, forestry and fishery workers",6,75129.0,RUB,monthly,average_monthly_nominal_accrued_wage_october_survey,biennial_occupation_survey_57T,2025,,RU-FD-NorthCaucasian,OKZ,federal_subject,https://rosstat.gov.ru/storage/mediabank/sved_57-t_2025.rar,2026-07-29
07,1,Stavropol Krai,Ставропольский край,RU,North Caucasian,Craft and related trades workers,7,70189.0,RUB,monthly,average_monthly_nominal_accrued_wage_october_survey,biennial_occupation_survey_57T,2025,,RU-FD-NorthCaucasian,OKZ,federal_subject,https://rosstat.gov.ru/storage/mediabank/sved_57-t_2025.rar,2026-07-29
07,1,Stavropol Krai,Ставропольский край,RU,North Caucasian,Plant and machine operators and assemblers,8,67649.0,RUB,monthly,average_monthly_nominal_accrued_wage_october_survey,biennial_occupation_survey_57T,2025,,RU-FD-NorthCaucasian,OKZ,federal_subject,https://rosstat.gov.ru/storage/mediabank/sved_57-t_2025.rar,2026-07-29
07,1,Stavropol Krai,Ставропольский край,RU,North Caucasian,Elementary occupations,9,41699.0,RUB,monthly,average_monthly_nominal_accrued_wage_october_survey,biennial_occupation_survey_57T,2025,,RU-FD-NorthCaucasian,OKZ,federal_subject,https://rosstat.gov.ru/storage/mediabank/sved_57-t_2025.rar,2026-07-29
RU-FD-Volga,0,Volga Federal District,Приволжский федеральный округ,RU,Volga,Total,,77242.0,RUB,monthly,average_monthly_nominal_accrued_wage_october_survey,biennial_occupation_survey_57T,2025,,RU-NAT,OKZ,federal_district,https://rosstat.gov.ru/storage/mediabank/sved_57-t_2025.rar,2026-07-29
RU-FD-Volga,0,Volga Federal District,Приволжский федеральный округ,RU,Volga,Managers,1,127967.0,RUB,monthly,average_monthly_nominal_accrued_wage_october_survey,biennial_occupation_survey_57T,2025,,RU-NAT,OKZ,federal_district,https://rosstat.gov.ru/storage/mediabank/sved_57-t_2025.rar,2026-07-29
RU-FD-Volga,0,Volga Federal District,Приволжский федеральный округ,RU,Volga,Professionals,2,78501.0,RUB,monthly,average_monthly_nominal_accrued_wage_october_survey,biennial_occupation_survey_57T,2025,,RU-NAT,OKZ,federal_district,https://rosstat.gov.ru/storage/mediabank/sved_57-t_2025.rar,2026-07-29
RU-FD-Volga,0,Volga Federal District,Приволжский федеральный округ,RU,Volga,Technicians and associate professionals,3,68685.0,RUB,monthly,average_monthly_nominal_accrued_wage_october_survey,biennial_occupation_survey_57T,2025,,RU-NAT,OKZ,federal_district,https://rosstat.gov.ru/storage/mediabank/sved_57-t_2025.rar,2026-07-29
RU-FD-Volga,0,Volga Federal District,Приволжский федеральный округ,RU,Volga,Clerical support workers,4,50738.0,RUB,monthly,average_monthly_nominal_accrued_wage_october_survey,biennial_occupation_survey_57T,2025,,RU-NAT,OKZ,federal_district,https://rosstat.gov.ru/storage/mediabank/sved_57-t_2025.rar,2026-07-29
RU-FD-Volga,0,Volga Federal District,Приволжский федеральный округ,RU,Volga,Service and sales workers,5,48154.0,RUB,monthly,average_monthly_nominal_accrued_wage_october_survey,biennial_occupation_survey_57T,2025,,RU-NAT,OKZ,federal_district,https://rosstat.gov.ru/storage/mediabank/sved_57-t_2025.rar,2026-07-29
RU-FD-Volga,0,Volga Federal District,Приволжский федеральный округ,RU,Volga,"Skilled agricultural, forestry and fishery workers",6,68055.0,RUB,monthly,average_monthly_nominal_accrued_wage_october_survey,biennial_occupation_survey_57T,2025,,RU-NAT,OKZ,federal_district,https://rosstat.gov.ru/storage/mediabank/sved_57-t_2025.rar,2026-07-29
RU-FD-Volga,0,Volga Federal District,Приволжский федеральный округ,RU,Volga,Craft and related trades workers,7,88024.0,RUB,monthly,average_monthly_nominal_accrued_wage_october_survey,biennial_occupation_survey_57T,2025,,RU-NAT,OKZ,federal_district,https://rosstat.gov.ru/storage/mediabank/sved_57-t_2025.rar,2026-07-29
RU-FD-Volga,0,Volga Federal District,Приволжский федеральный округ,RU,Volga,Plant and machine operators and assemblers,8,83953.0,RUB,monthly,average_monthly_nominal_accrued_wage_october_survey,biennial_occupation_survey_57T,2025,,RU-NAT,OKZ,federal_district,https://rosstat.gov.ru/storage/mediabank/sved_57-t_2025.rar,2026-07-29
RU-FD-Volga,0,Volga Federal District,Приволжский федеральный округ,RU,Volga,Elementary occupations,9,43225.0,RUB,monthly,average_monthly_nominal_accrued_wage_october_survey,biennial_occupation_survey_57T,2025,,RU-NAT,OKZ,federal_district,https://rosstat.gov.ru/storage/mediabank/sved_57-t_2025.rar,2026-07-29
80,1,Republic of Bashkortostan,Республика Башкортостан,RU,Volga,Total,,73520.0,RUB,monthly,average_monthly_nominal_accrued_wage_october_survey,biennial_occupation_survey_57T,2025,,RU-FD-Volga,OKZ,federal_subject,https://rosstat.gov.ru/storage/mediabank/sved_57-t_2025.rar,2026-07-29
80,1,Republic of Bashkortostan,Республика Башкортостан,RU,Volga,Managers,1,124433.0,RUB,monthly,average_monthly_nominal_accrued_wage_october_survey,biennial_occupation_survey_57T,2025,,RU-FD-Volga,OKZ,federal_subject,https://rosstat.gov.ru/storage/mediabank/sved_57-t_2025.rar,2026-07-29
80,1,Republic of Bashkortostan,Республика Башкортостан,RU,Volga,Professionals,2,71662.0,RUB,monthly,average_monthly_nominal_accrued_wage_october_survey,biennial_occupation_survey_57T,2025,,RU-FD-Volga,OKZ,federal_subject,https://rosstat.gov.ru/storage/mediabank/sved_57-t_2025.rar,2026-07-29
80,1,Republic of Bashkortostan,Республика Башкортостан,RU,Volga,Technicians and associate professionals,3,66696.0,RUB,monthly,average_monthly_nominal_accrued_wage_october_survey,biennial_occupation_survey_57T,2025,,RU-FD-Volga,OKZ,federal_subject,https://rosstat.gov.ru/storage/mediabank/sved_57-t_2025.rar,2026-07-29
80,1,Republic of Bashkortostan,Республика Башкортостан,RU,Volga,Clerical support workers,4,45125.0,RUB,monthly,average_monthly_nominal_accrued_wage_october_survey,biennial_occupation_survey_57T,2025,,RU-FD-Volga,OKZ,federal_subject,https://rosstat.gov.ru/storage/mediabank/sved_57-t_2025.rar,2026-07-29
80,1,Republic of Bashkortostan,Республика Башкортостан,RU,Volga,Service and sales workers,5,46458.0,RUB,monthly,average_monthly_nominal_accrued_wage_october_survey,biennial_occupation_survey_57T,2025,,RU-FD-Volga,OKZ,federal_subject,https://rosstat.gov.ru/storage/mediabank/sved_57-t_2025.rar,2026-07-29
80,1,Republic of Bashkortostan,Республика Башкортостан,RU,Volga,"Skilled agricultural, forestry and fishery workers",6,57637.0,RUB,monthly,average_monthly_nominal_accrued_wage_october_survey,biennial_occupation_survey_57T,2025,,RU-FD-Volga,OKZ,federal_subject,https://rosstat.gov.ru/storage/mediabank/sved_57-t_2025.rar,2026-07-29
80,1,Republic of Bashkortostan,Республика Башкортостан,RU,Volga,Craft and related trades workers,7,85171.0,RUB,monthly,average_monthly_nominal_accrued_wage_october_survey,biennial_occupation_survey_57T,2025,,RU-FD-Volga,OKZ,federal_subject,https://rosstat.gov.ru/storage/mediabank/sved_57-t_2025.rar,2026-07-29
80,1,Republic of Bashkortostan,Республика Башкортостан,RU,Volga,Plant and machine operators and assemblers,8,79084.0,RUB,monthly,average_monthly_nominal_accrued_wage_october_survey,biennial_occupation_survey_57T,2025,,RU-FD-Volga,OKZ,federal_subject,https://rosstat.gov.ru/storage/mediabank/sved_57-t_2025.rar,2026-07-29
80,1,Republic of Bashkortostan,Республика Башкортостан,RU,Volga,Elementary occupations,9,42455.0,RUB,monthly,average_monthly_nominal_accrued_wage_october_survey,biennial_occupation_survey_57T,2025,,RU-FD-Volga,OKZ,federal_subject,https://rosstat.gov.ru/storage/mediabank/sved_57-t_2025.rar,2026-07-29
88,1,Mari El Republic,Республика Марий Эл,RU,Volga,Total,,67895.0,RUB,monthly,average_monthly_nominal_accrued_wage_october_survey,biennial_occupation_survey_57T,2025,,RU-FD-Volga,OKZ,federal_subject,https://rosstat.gov.ru/storage/mediabank/sved_57-t_2025.rar,2026-07-29
88,1,Mari El Republic,Республика Марий Эл,RU,Volga,Managers,1,102199.0,RUB,monthly,average_monthly_nominal_accrued_wage_october_survey,biennial_occupation_survey_57T,2025,,RU-FD-Volga,OKZ,federal_subject,https://rosstat.gov.ru/storage/mediabank/sved_57-t_2025.rar,2026-07-29
88,1,Mari El Republic,Республика Марий Эл,RU,Volga,Professionals,2,71068.0,RUB,monthly,average_monthly_nominal_accrued_wage_october_survey,biennial_occupation_survey_57T,2025,,RU-FD-Volga,OKZ,federal_subject,https://rosstat.gov.ru/storage/mediabank/sved_57-t_2025.rar,2026-07-29
88,1,Mari El Republic,Республика Марий Эл,RU,Volga,Technicians and associate professionals,3,57169.0,RUB,monthly,average_monthly_nominal_accrued_wage_october_survey,biennial_occupation_survey_57T,2025,,RU-FD-Volga,OKZ,federal_subject,https://rosstat.gov.ru/storage/mediabank/sved_57-t_2025.rar,2026-07-29
88,1,Mari El Republic,Республика Марий Эл,RU,Volga,Clerical support workers,4,43976.0,RUB,monthly,average_monthly_nominal_accrued_wage_october_survey,biennial_occupation_survey_57T,2025,,RU-FD-Volga,OKZ,federal_subject,https://rosstat.gov.ru/storage/mediabank/sved_57-t_2025.rar,2026-07-29
88,1,Mari El Republic,Республика Марий Эл,RU,Volga,Service and sales workers,5,42646.0,RUB,monthly,average_monthly_nominal_accrued_wage_october_survey,biennial_occupation_survey_57T,2025,,RU-FD-Volga,OKZ,federal_subject,https://rosstat.gov.ru/storage/mediabank/sved_57-t_2025.rar,2026-07-29
88,1,Mari El Republic,Республика Марий Эл,RU,Volga,"Skilled agricultural, forestry and fishery workers",6,71837.0,RUB,monthly,average_monthly_nominal_accrued_wage_october_survey,biennial_occupation_survey_57T,2025,,RU-FD-Volga,OKZ,federal_subject,https://rosstat.gov.ru/storage/mediabank/sved_57-t_2025.rar,2026-07-29
88,1,Mari El Republic,Республика Марий Эл,RU,Volga,Craft and related trades workers,7,83822.0,RUB,monthly,average_monthly_nominal_accrued_wage_october_survey,biennial_occupation_survey_57T,2025,,RU-FD-Volga,OKZ,federal_subject,https://rosstat.gov.ru/storage/mediabank/sved_57-t_2025.rar,2026-07-29
88,1,Mari El Republic,Республика Марий Эл,RU,Volga,Plant and machine operators and assemblers,8,77805.0,RUB,monthly,average_monthly_nominal_accrued_wage_october_survey,biennial_occupation_survey_57T,2025,,RU-FD-Volga,OKZ,federal_subject,https://rosstat.gov.ru/storage/mediabank/sved_57-t_2025.rar,2026-07-29
88,1,Mari El Republic,Республика Марий Эл,RU,Volga,Elementary occupations,9,39782.0,RUB,monthly,average_monthly_nominal_accrued_wage_october_survey,biennial_occupation_survey_57T,2025,,RU-FD-Volga,OKZ,federal_subject,https://rosstat.gov.ru/storage/mediabank/sved_57-t_2025.rar,2026-07-29
89,1,Republic of Mordovia,Республика Мордовия,RU,Volga,Total,,64862.0,RUB,monthly,average_monthly_nominal_accrued_wage_october_survey,biennial_occupation_survey_57T,2025,,RU-FD-Volga,OKZ,federal_subject,https://rosstat.gov.ru/storage/mediabank/sved_57-t_2025.rar,2026-07-29
89,1,Republic of Mordovia,Республика Мордовия,RU,Volga,Managers,1,97469.0,RUB,monthly,average_monthly_nominal_accrued_wage_october_survey,biennial_occupation_survey_57T,2025,,RU-FD-Volga,OKZ,federal_subject,https://rosstat.gov.ru/storage/mediabank/sved_57-t_2025.rar,2026-07-29
89,1,Republic of Mordovia,Республика Мордовия,RU,Volga,Professionals,2,57303.0,RUB,monthly,average_monthly_nominal_accrued_wage_october_survey,biennial_occupation_survey_57T,2025,,RU-FD-Volga,OKZ,federal_subject,https://rosstat.gov.ru/storage/mediabank/sved_57-t_2025.rar,2026-07-29
89,1,Republic of Mordovia,Республика Мордовия,RU,Volga,Technicians and associate professionals,3,53666.0,RUB,monthly,average_monthly_nominal_accrued_wage_october_survey,biennial_occupation_survey_57T,2025,,RU-FD-Volga,OKZ,federal_subject,https://rosstat.gov.ru/storage/mediabank/sved_57-t_2025.rar,2026-07-29
89,1,Republic of Mordovia,Республика Мордовия,RU,Volga,Clerical support workers,4,42466.0,RUB,monthly,average_monthly_nominal_accrued_wage_october_survey,biennial_occupation_survey_57T,2025,,RU-FD-Volga,OKZ,federal_subject,https://rosstat.gov.ru/storage/mediabank/sved_57-t_2025.rar,2026-07-29
89,1,Republic of Mordovia,Республика Мордовия,RU,Volga,Service and sales workers,5,40063.0,RUB,monthly,average_monthly_nominal_accrued_wage_october_survey,biennial_occupation_survey_57T,2025,,RU-FD-Volga,OKZ,federal_subject,https://rosstat.gov.ru/storage/mediabank/sved_57-t_2025.rar,2026-07-29
89,1,Republic of Mordovia,Республика Мордовия,RU,Volga,"Skilled agricultural, forestry and fishery workers",6,88336.0,RUB,monthly,average_monthly_nominal_accrued_wage_october_survey,biennial_occupation_survey_57T,2025,,RU-FD-Volga,OKZ,federal_subject,https://rosstat.gov.ru/storage/mediabank/sved_57-t_2025.rar,2026-07-29
89,1,Republic of Mordovia,Республика Мордовия,RU,Volga,Craft and related trades workers,7,83054.0,RUB,monthly,average_monthly_nominal_accrued_wage_october_survey,biennial_occupation_survey_57T,2025,,RU-FD-Volga,OKZ,federal_subject,https://rosstat.gov.ru/storage/mediabank/sved_57-t_2025.rar,2026-07-29
89,1,Republic of Mordovia,Республика Мордовия,RU,Volga,Plant and machine operators and assemblers,8,78927.0,RUB,monthly,average_monthly_nominal_accrued_wage_october_survey,biennial_occupation_survey_57T,2025,,RU-FD-Volga,OKZ,federal_subject,https://rosstat.gov.ru/storage/mediabank/sved_57-t_2025.rar,2026-07-29
89,1,Republic of Mordovia,Республика Мордовия,RU,Volga,Elementary occupations,9,43591.0,RUB,monthly,average_monthly_nominal_accrued_wage_october_survey,biennial_occupation_survey_57T,2025,,RU-FD-Volga,OKZ,federal_subject,https://rosstat.gov.ru/storage/mediabank/sved_57-t_2025.rar,2026-07-29
92,1,Republic of Tatarstan,Республика Татарстан,RU,Volga,Total,,90648.0,RUB,monthly,average_monthly_nominal_accrued_wage_october_survey,biennial_occupation_survey_57T,2025,,RU-FD-Volga,OKZ,federal_subject,https://rosstat.gov.ru/storage/mediabank/sved_57-t_2025.rar,2026-07-29
92,1,Republic of Tatarstan,Республика Татарстан,RU,Volga,Managers,1,139772.0,RUB,monthly,average_monthly_nominal_accrued_wage_october_survey,biennial_occupation_survey_57T,2025,,RU-FD-Volga,OKZ,federal_subject,https://rosstat.gov.ru/storage/mediabank/sved_57-t_2025.rar,2026-07-29
92,1,Republic of Tatarstan,Республика Татарстан,RU,Volga,Professionals,2,94970.0,RUB,monthly,average_monthly_nominal_accrued_wage_october_survey,biennial_occupation_survey_57T,2025,,RU-FD-Volga,OKZ,federal_subject,https://rosstat.gov.ru/storage/mediabank/sved_57-t_2025.rar,2026-07-29
92,1,Republic of Tatarstan,Республика Татарстан,RU,Volga,Technicians and associate professionals,3,81590.0,RUB,monthly,average_monthly_nominal_accrued_wage_october_survey,biennial_occupation_survey_57T,2025,,RU-FD-Volga,OKZ,federal_subject,https://rosstat.gov.ru/storage/mediabank/sved_57-t_2025.rar,2026-07-29
92,1,Republic of Tatarstan,Республика Татарстан,RU,Volga,Clerical support workers,4,60049.0,RUB,monthly,average_monthly_nominal_accrued_wage_october_survey,biennial_occupation_survey_57T,2025,,RU-FD-Volga,OKZ,federal_subject,https://rosstat.gov.ru/storage/mediabank/sved_57-t_2025.rar,2026-07-29
92,1,Republic of Tatarstan,Республика Татарстан,RU,Volga,Service and sales workers,5,51852.0,RUB,monthly,average_monthly_nominal_accrued_wage_october_survey,biennial_occupation_survey_57T,2025,,RU-FD-Volga,OKZ,federal_subject,https://rosstat.gov.ru/storage/mediabank/sved_57-t_2025.rar,2026-07-29
92,1,Republic of Tatarstan,Республика Татарстан,RU,Volga,"Skilled agricultural, forestry and fishery workers",6,72172.0,RUB,monthly,average_monthly_nominal_accrued_wage_october_survey,biennial_occupation_survey_57T,2025,,RU-FD-Volga,OKZ,federal_subject,https://rosstat.gov.ru/storage/mediabank/sved_57-t_2025.rar,2026-07-29
92,1,Republic of Tatarstan,Республика Татарстан,RU,Volga,Craft and related trades workers,7,101974.0,RUB,monthly,average_monthly_nominal_accrued_wage_october_survey,biennial_occupation_survey_57T,2025,,RU-FD-Volga,OKZ,federal_subject,https://rosstat.gov.ru/storage/mediabank/sved_57-t_2025.rar,2026-07-29
92,1,Republic of Tatarstan,Республика Татарстан,RU,Volga,Plant and machine operators and assemblers,8,98003.0,RUB,monthly,average_monthly_nominal_accrued_wage_october_survey,biennial_occupation_survey_57T,2025,,RU-FD-Volga,OKZ,federal_subject,https://rosstat.gov.ru/storage/mediabank/sved_57-t_2025.rar,2026-07-29
92,1,Republic of Tatarstan,Республика Татарстан,RU,Volga,Elementary occupations,9,53573.0,RUB,monthly,average_monthly_nominal_accrued_wage_october_survey,biennial_occupation_survey_57T,2025,,RU-FD-Volga,OKZ,federal_subject,https://rosstat.gov.ru/storage/mediabank/sved_57-t_2025.rar,2026-07-29
94,1,Udmurt Republic,Удмуртская Республика,RU,Volga,Total,,80561.0,RUB,monthly,average_monthly_nominal_accrued_wage_october_survey,biennial_occupation_survey_57T,2025,,RU-FD-Volga,OKZ,federal_subject,https://rosstat.gov.ru/storage/mediabank/sved_57-t_2025.rar,2026-07-29
94,1,Udmurt Republic,Удмуртская Республика,RU,Volga,Managers,1,137909.0,RUB,monthly,average_monthly_nominal_accrued_wage_october_survey,biennial_occupation_survey_57T,2025,,RU-FD-Volga,OKZ,federal_subject,https://rosstat.gov.ru/storage/mediabank/sved_57-t_2025.rar,2026-07-29
94,1,Udmurt Republic,Удмуртская Республика,RU,Volga,Professionals,2,81033.0,RUB,monthly,average_monthly_nominal_accrued_wage_october_survey,biennial_occupation_survey_57T,2025,,RU-FD-Volga,OKZ,federal_subject,https://rosstat.gov.ru/storage/mediabank/sved_57-t_2025.rar,2026-07-29
94,1,Udmurt Republic,Удмуртская Республика,RU,Volga,Technicians and associate professionals,3,69903.0,RUB,monthly,average_monthly_nominal_accrued_wage_october_survey,biennial_occupation_survey_57T,2025,,RU-FD-Volga,OKZ,federal_subject,https://rosstat.gov.ru/storage/mediabank/sved_57-t_2025.rar,2026-07-29
94,1,Udmurt Republic,Удмуртская Республика,RU,Volga,Clerical support workers,4,55364.0,RUB,monthly,average_monthly_nominal_accrued_wage_october_survey,biennial_occupation_survey_57T,2025,,RU-FD-Volga,OKZ,federal_subject,https://rosstat.gov.ru/storage/mediabank/sved_57-t_2025.rar,2026-07-29
94,1,Udmurt Republic,Удмуртская Республика,RU,Volga,Service and sales workers,5,48045.0,RUB,monthly,average_monthly_nominal_accrued_wage_october_survey,biennial_occupation_survey_57T,2025,,RU-FD-Volga,OKZ,federal_subject,https://rosstat.gov.ru/storage/mediabank/sved_57-t_2025.rar,2026-07-29
94,1,Udmurt Republic,Удмуртская Республика,RU,Volga,"Skilled agricultural, forestry and fishery workers",6,66781.0,RUB,monthly,average_monthly_nominal_accrued_wage_october_survey,biennial_occupation_survey_57T,2025,,RU-FD-Volga,OKZ,federal_subject,https://rosstat.gov.ru/storage/mediabank/sved_57-t_2025.rar,2026-07-29
94,1,Udmurt Republic,Удмуртская Республика,RU,Volga,Craft and related trades workers,7,95299.0,RUB,monthly,average_monthly_nominal_accrued_wage_october_survey,biennial_occupation_survey_57T,2025,,RU-FD-Volga,OKZ,federal_subject,https://rosstat.gov.ru/storage/mediabank/sved_57-t_2025.rar,2026-07-29
94,1,Udmurt Republic,Удмуртская Республика,RU,Volga,Plant and machine operators and assemblers,8,96300.0,RUB,monthly,average_monthly_nominal_accrued_wage_october_survey,biennial_occupation_survey_57T,2025,,RU-FD-Volga,OKZ,federal_subject,https://rosstat.gov.ru/storage/mediabank/sved_57-t_2025.rar,2026-07-29
94,1,Udmurt Republic,Удмуртская Республика,RU,Volga,Elementary occupations,9,39434.0,RUB,monthly,average_monthly_nominal_accrued_wage_october_survey,biennial_occupation_survey_57T,2025,,RU-FD-Volga,OKZ,federal_subject,https://rosstat.gov.ru/storage/mediabank/sved_57-t_2025.rar,2026-07-29
97,1,Chuvash Republic,Чувашская Республика,RU,Volga,Total,,65361.0,RUB,monthly,average_monthly_nominal_accrued_wage_october_survey,biennial_occupation_survey_57T,2025,,RU-FD-Volga,OKZ,federal_subject,https://rosstat.gov.ru/storage/mediabank/sved_57-t_2025.rar,2026-07-29
97,1,Chuvash Republic,Чувашская Республика,RU,Volga,Managers,1,101082.0,RUB,monthly,average_monthly_nominal_accrued_wage_october_survey,biennial_occupation_survey_57T,2025,,RU-FD-Volga,OKZ,federal_subject,https://rosstat.gov.ru/storage/mediabank/sved_57-t_2025.rar,2026-07-29
97,1,Chuvash Republic,Чувашская Республика,RU,Volga,Professionals,2,68183.0,RUB,monthly,average_monthly_nominal_accrued_wage_october_survey,biennial_occupation_survey_57T,2025,,RU-FD-Volga,OKZ,federal_subject,https://rosstat.gov.ru/storage/mediabank/sved_57-t_2025.rar,2026-07-29
97,1,Chuvash Republic,Чувашская Республика,RU,Volga,Technicians and associate professionals,3,54940.0,RUB,monthly,average_monthly_nominal_accrued_wage_october_survey,biennial_occupation_survey_57T,2025,,RU-FD-Volga,OKZ,federal_subject,https://rosstat.gov.ru/storage/mediabank/sved_57-t_2025.rar,2026-07-29
97,1,Chuvash Republic,Чувашская Республика,RU,Volga,Clerical support workers,4,42461.0,RUB,monthly,average_monthly_nominal_accrued_wage_october_survey,biennial_occupation_survey_57T,2025,,RU-FD-Volga,OKZ,federal_subject,https://rosstat.gov.ru/storage/mediabank/sved_57-t_2025.rar,2026-07-29
97,1,Chuvash Republic,Чувашская Республика,RU,Volga,Service and sales workers,5,40489.0,RUB,monthly,average_monthly_nominal_accrued_wage_october_survey,biennial_occupation_survey_57T,2025,,RU-FD-Volga,OKZ,federal_subject,https://rosstat.gov.ru/storage/mediabank/sved_57-t_2025.rar,2026-07-29
97,1,Chuvash Republic,Чувашская Республика,RU,Volga,"Skilled agricultural, forestry and fishery workers",6,59926.0,RUB,monthly,average_monthly_nominal_accrued_wage_october_survey,biennial_occupation_survey_57T,2025,,RU-FD-Volga,OKZ,federal_subject,https://rosstat.gov.ru/storage/mediabank/sved_57-t_2025.rar,2026-07-29
97,1,Chuvash Republic,Чувашская Республика,RU,Volga,Craft and related trades workers,7,78797.0,RUB,monthly,average_monthly_nominal_accrued_wage_october_survey,biennial_occupation_survey_57T,2025,,RU-FD-Volga,OKZ,federal_subject,https://rosstat.gov.ru/storage/mediabank/sved_57-t_2025.rar,2026-07-29
97,1,Chuvash Republic,Чувашская Республика,RU,Volga,Plant and machine operators and assemblers,8,75022.0,RUB,monthly,average_monthly_nominal_accrued_wage_october_survey,biennial_occupation_survey_57T,2025,,RU-FD-Volga,OKZ,federal_subject,https://rosstat.gov.ru/storage/mediabank/sved_57-t_2025.rar,2026-07-29
97,1,Chuvash Republic,Чувашская Республика,RU,Volga,Elementary occupations,9,39212.0,RUB,monthly,average_monthly_nominal_accrued_wage_october_survey,biennial_occupation_survey_57T,2025,,RU-FD-Volga,OKZ,federal_subject,https://rosstat.gov.ru/storage/mediabank/sved_57-t_2025.rar,2026-07-29
57,1,Perm Krai,Пермский край,RU,Volga,Total,,84433.0,RUB,monthly,average_monthly_nominal_accrued_wage_october_survey,biennial_occupation_survey_57T,2025,,RU-FD-Volga,OKZ,federal_subject,https://rosstat.gov.ru/storage/mediabank/sved_57-t_2025.rar,2026-07-29
57,1,Perm Krai,Пермский край,RU,Volga,Managers,1,144947.0,RUB,monthly,average_monthly_nominal_accrued_wage_october_survey,biennial_occupation_survey_57T,2025,,RU-FD-Volga,OKZ,federal_subject,https://rosstat.gov.ru/storage/mediabank/sved_57-t_2025.rar,2026-07-29
57,1,Perm Krai,Пермский край,RU,Volga,Professionals,2,84695.0,RUB,monthly,average_monthly_nominal_accrued_wage_october_survey,biennial_occupation_survey_57T,2025,,RU-FD-Volga,OKZ,federal_subject,https://rosstat.gov.ru/storage/mediabank/sved_57-t_2025.rar,2026-07-29
57,1,Perm Krai,Пермский край,RU,Volga,Technicians and associate professionals,3,74105.0,RUB,monthly,average_monthly_nominal_accrued_wage_october_survey,biennial_occupation_survey_57T,2025,,RU-FD-Volga,OKZ,federal_subject,https://rosstat.gov.ru/storage/mediabank/sved_57-t_2025.rar,2026-07-29
57,1,Perm Krai,Пермский край,RU,Volga,Clerical support workers,4,57570.0,RUB,monthly,average_monthly_nominal_accrued_wage_october_survey,biennial_occupation_survey_57T,2025,,RU-FD-Volga,OKZ,federal_subject,https://rosstat.gov.ru/storage/mediabank/sved_57-t_2025.rar,2026-07-29
57,1,Perm Krai,Пермский край,RU,Volga,Service and sales workers,5,50514.0,RUB,monthly,average_monthly_nominal_accrued_wage_october_survey,biennial_occupation_survey_57T,2025,,RU-FD-Volga,OKZ,federal_subject,https://rosstat.gov.ru/storage/mediabank/sved_57-t_2025.rar,2026-07-29
57,1,Perm Krai,Пермский край,RU,Volga,"Skilled agricultural, forestry and fishery workers",6,58324.0,RUB,monthly,average_monthly_nominal_accrued_wage_october_survey,biennial_occupation_survey_57T,2025,,RU-FD-Volga,OKZ,federal_subject,https://rosstat.gov.ru/storage/mediabank/sved_57-t_2025.rar,2026-07-29
57,1,Perm Krai,Пермский край,RU,Volga,Craft and related trades workers,7,89289.0,RUB,monthly,average_monthly_nominal_accrued_wage_october_survey,biennial_occupation_survey_57T,2025,,RU-FD-Volga,OKZ,federal_subject,https://rosstat.gov.ru/storage/mediabank/sved_57-t_2025.rar,2026-07-29
57,1,Perm Krai,Пермский край,RU,Volga,Plant and machine operators and assemblers,8,86958.0,RUB,monthly,average_monthly_nominal_accrued_wage_october_survey,biennial_occupation_survey_57T,2025,,RU-FD-Volga,OKZ,federal_subject,https://rosstat.gov.ru/storage/mediabank/sved_57-t_2025.rar,2026-07-29
57,1,Perm Krai,Пермский край,RU,Volga,Elementary occupations,9,45323.0,RUB,monthly,average_monthly_nominal_accrued_wage_october_survey,biennial_occupation_survey_57T,2025,,RU-FD-Volga,OKZ,federal_subject,https://rosstat.gov.ru/storage/mediabank/sved_57-t_2025.rar,2026-07-29
33,1,Kirov Oblast,Кировская область,RU,Volga,Total,,67169.0,RUB,monthly,average_monthly_nominal_accrued_wage_october_survey,biennial_occupation_survey_57T,2025,,RU-FD-Volga,OKZ,federal_subject,https://rosstat.gov.ru/storage/mediabank/sved_57-t_2025.rar,2026-07-29
33,1,Kirov Oblast,Кировская область,RU,Volga,Managers,1,106809.0,RUB,monthly,average_monthly_nominal_accrued_wage_october_survey,biennial_occupation_survey_57T,2025,,RU-FD-Volga,OKZ,federal_subject,https://rosstat.gov.ru/storage/mediabank/sved_57-t_2025.rar,2026-07-29
33,1,Kirov Oblast,Кировская область,RU,Volga,Professionals,2,65604.0,RUB,monthly,average_monthly_nominal_accrued_wage_october_survey,biennial_occupation_survey_57T,2025,,RU-FD-Volga,OKZ,federal_subject,https://rosstat.gov.ru/storage/mediabank/sved_57-t_2025.rar,2026-07-29
33,1,Kirov Oblast,Кировская область,RU,Volga,Technicians and associate professionals,3,58827.0,RUB,monthly,average_monthly_nominal_accrued_wage_october_survey,biennial_occupation_survey_57T,2025,,RU-FD-Volga,OKZ,federal_subject,https://rosstat.gov.ru/storage/mediabank/sved_57-t_2025.rar,2026-07-29
33,1,Kirov Oblast,Кировская область,RU,Volga,Clerical support workers,4,48983.0,RUB,monthly,average_monthly_nominal_accrued_wage_october_survey,biennial_occupation_survey_57T,2025,,RU-FD-Volga,OKZ,federal_subject,https://rosstat.gov.ru/storage/mediabank/sved_57-t_2025.rar,2026-07-29
33,1,Kirov Oblast,Кировская область,RU,Volga,Service and sales workers,5,46126.0,RUB,monthly,average_monthly_nominal_accrued_wage_october_survey,biennial_occupation_survey_57T,2025,,RU-FD-Volga,OKZ,federal_subject,https://rosstat.gov.ru/storage/mediabank/sved_57-t_2025.rar,2026-07-29
33,1,Kirov Oblast,Кировская область,RU,Volga,"Skilled agricultural, forestry and fishery workers",6,73181.0,RUB,monthly,average_monthly_nominal_accrued_wage_october_survey,biennial_occupation_survey_57T,2025,,RU-FD-Volga,OKZ,federal_subject,https://rosstat.gov.ru/storage/mediabank/sved_57-t_2025.rar,2026-07-29
33,1,Kirov Oblast,Кировская область,RU,Volga,Craft and related trades workers,7,80990.0,RUB,monthly,average_monthly_nominal_accrued_wage_october_survey,biennial_occupation_survey_57T,2025,,RU-FD-Volga,OKZ,federal_subject,https://rosstat.gov.ru/storage/mediabank/sved_57-t_2025.rar,2026-07-29
33,1,Kirov Oblast,Кировская область,RU,Volga,Plant and machine operators and assemblers,8,78546.0,RUB,monthly,average_monthly_nominal_accrued_wage_october_survey,biennial_occupation_survey_57T,2025,,RU-FD-Volga,OKZ,federal_subject,https://rosstat.gov.ru/storage/mediabank/sved_57-t_2025.rar,2026-07-29
33,1,Kirov Oblast,Кировская область,RU,Volga,Elementary occupations,9,40971.0,RUB,monthly,average_monthly_nominal_accrued_wage_october_survey,biennial_occupation_survey_57T,2025,,RU-FD-Volga,OKZ,federal_subject,https://rosstat.gov.ru/storage/mediabank/sved_57-t_2025.rar,2026-07-29
22,1,Nizhny Novgorod Oblast,Hижегородская область,RU,Volga,Total,,85868.0,RUB,monthly,average_monthly_nominal_accrued_wage_october_survey,biennial_occupation_survey_57T,2025,,RU-FD-Volga,OKZ,federal_subject,https://rosstat.gov.ru/storage/mediabank/sved_57-t_2025.rar,2026-07-29
22,1,Nizhny Novgorod Oblast,Hижегородская область,RU,Volga,Managers,1,141566.0,RUB,monthly,average_monthly_nominal_accrued_wage_october_survey,biennial_occupation_survey_57T,2025,,RU-FD-Volga,OKZ,federal_subject,https://rosstat.gov.ru/storage/mediabank/sved_57-t_2025.rar,2026-07-29
22,1,Nizhny Novgorod Oblast,Hижегородская область,RU,Volga,Professionals,2,89445.0,RUB,monthly,average_monthly_nominal_accrued_wage_october_survey,biennial_occupation_survey_57T,2025,,RU-FD-Volga,OKZ,federal_subject,https://rosstat.gov.ru/storage/mediabank/sved_57-t_2025.rar,2026-07-29
22,1,Nizhny Novgorod Oblast,Hижегородская область,RU,Volga,Technicians and associate professionals,3,78668.0,RUB,monthly,average_monthly_nominal_accrued_wage_october_survey,biennial_occupation_survey_57T,2025,,RU-FD-Volga,OKZ,federal_subject,https://rosstat.gov.ru/storage/mediabank/sved_57-t_2025.rar,2026-07-29
22,1,Nizhny Novgorod Oblast,Hижегородская область,RU,Volga,Clerical support workers,4,49759.0,RUB,monthly,average_monthly_nominal_accrued_wage_october_survey,biennial_occupation_survey_57T,2025,,RU-FD-Volga,OKZ,federal_subject,https://rosstat.gov.ru/storage/mediabank/sved_57-t_2025.rar,2026-07-29
22,1,Nizhny Novgorod Oblast,Hижегородская область,RU,Volga,Service and sales workers,5,55464.0,RUB,monthly,average_monthly_nominal_accrued_wage_october_survey,biennial_occupation_survey_57T,2025,,RU-FD-Volga,OKZ,federal_subject,https://rosstat.gov.ru/storage/mediabank/sved_57-t_2025.rar,2026-07-29
22,1,Nizhny Novgorod Oblast,Hижегородская область,RU,Volga,"Skilled agricultural, forestry and fishery workers",6,74412.0,RUB,monthly,average_monthly_nominal_accrued_wage_october_survey,biennial_occupation_survey_57T,2025,,RU-FD-Volga,OKZ,federal_subject,https://rosstat.gov.ru/storage/mediabank/sved_57-t_2025.rar,2026-07-29
22,1,Nizhny Novgorod Oblast,Hижегородская область,RU,Volga,Craft and related trades workers,7,92245.0,RUB,monthly,average_monthly_nominal_accrued_wage_october_survey,biennial_occupation_survey_57T,2025,,RU-FD-Volga,OKZ,federal_subject,https://rosstat.gov.ru/storage/mediabank/sved_57-t_2025.rar,2026-07-29
22,1,Nizhny Novgorod Oblast,Hижегородская область,RU,Volga,Plant and machine operators and assemblers,8,88479.0,RUB,monthly,average_monthly_nominal_accrued_wage_october_survey,biennial_occupation_survey_57T,2025,,RU-FD-Volga,OKZ,federal_subject,https://rosstat.gov.ru/storage/mediabank/sved_57-t_2025.rar,2026-07-29
22,1,Nizhny Novgorod Oblast,Hижегородская область,RU,Volga,Elementary occupations,9,46101.0,RUB,monthly,average_monthly_nominal_accrued_wage_october_survey,biennial_occupation_survey_57T,2025,,RU-FD-Volga,OKZ,federal_subject,https://rosstat.gov.ru/storage/mediabank/sved_57-t_2025.rar,2026-07-29
53,1,Orenburg Oblast,Оренбургская область,RU,Volga,Total,,68141.0,RUB,monthly,average_monthly_nominal_accrued_wage_october_survey,biennial_occupation_survey_57T,2025,,RU-FD-Volga,OKZ,federal_subject,https://rosstat.gov.ru/storage/mediabank/sved_57-t_2025.rar,2026-07-29
53,1,Orenburg Oblast,Оренбургская область,RU,Volga,Managers,1,110107.0,RUB,monthly,average_monthly_nominal_accrued_wage_october_survey,biennial_occupation_survey_57T,2025,,RU-FD-Volga,OKZ,federal_subject,https://rosstat.gov.ru/storage/mediabank/sved_57-t_2025.rar,2026-07-29
53,1,Orenburg Oblast,Оренбургская область,RU,Volga,Professionals,2,68086.0,RUB,monthly,average_monthly_nominal_accrued_wage_october_survey,biennial_occupation_survey_57T,2025,,RU-FD-Volga,OKZ,federal_subject,https://rosstat.gov.ru/storage/mediabank/sved_57-t_2025.rar,2026-07-29
53,1,Orenburg Oblast,Оренбургская область,RU,Volga,Technicians and associate professionals,3,69048.0,RUB,monthly,average_monthly_nominal_accrued_wage_october_survey,biennial_occupation_survey_57T,2025,,RU-FD-Volga,OKZ,federal_subject,https://rosstat.gov.ru/storage/mediabank/sved_57-t_2025.rar,2026-07-29
53,1,Orenburg Oblast,Оренбургская область,RU,Volga,Clerical support workers,4,45369.0,RUB,monthly,average_monthly_nominal_accrued_wage_october_survey,biennial_occupation_survey_57T,2025,,RU-FD-Volga,OKZ,federal_subject,https://rosstat.gov.ru/storage/mediabank/sved_57-t_2025.rar,2026-07-29
53,1,Orenburg Oblast,Оренбургская область,RU,Volga,Service and sales workers,5,42702.0,RUB,monthly,average_monthly_nominal_accrued_wage_october_survey,biennial_occupation_survey_57T,2025,,RU-FD-Volga,OKZ,federal_subject,https://rosstat.gov.ru/storage/mediabank/sved_57-t_2025.rar,2026-07-29
53,1,Orenburg Oblast,Оренбургская область,RU,Volga,"Skilled agricultural, forestry and fishery workers",6,55979.0,RUB,monthly,average_monthly_nominal_accrued_wage_october_survey,biennial_occupation_survey_57T,2025,,RU-FD-Volga,OKZ,federal_subject,https://rosstat.gov.ru/storage/mediabank/sved_57-t_2025.rar,2026-07-29
53,1,Orenburg Oblast,Оренбургская область,RU,Volga,Craft and related trades workers,7,79981.0,RUB,monthly,average_monthly_nominal_accrued_wage_october_survey,biennial_occupation_survey_57T,2025,,RU-FD-Volga,OKZ,federal_subject,https://rosstat.gov.ru/storage/mediabank/sved_57-t_2025.rar,2026-07-29
53,1,Orenburg Oblast,Оренбургская область,RU,Volga,Plant and machine operators and assemblers,8,78507.0,RUB,monthly,average_monthly_nominal_accrued_wage_october_survey,biennial_occupation_survey_57T,2025,,RU-FD-Volga,OKZ,federal_subject,https://rosstat.gov.ru/storage/mediabank/sved_57-t_2025.rar,2026-07-29
53,1,Orenburg Oblast,Оренбургская область,RU,Volga,Elementary occupations,9,36794.0,RUB,monthly,average_monthly_nominal_accrued_wage_october_survey,biennial_occupation_survey_57T,2025,,RU-FD-Volga,OKZ,federal_subject,https://rosstat.gov.ru/storage/mediabank/sved_57-t_2025.rar,2026-07-29
56,1,Penza Oblast,Пензенская область,RU,Volga,Total,,67586.0,RUB,monthly,average_monthly_nominal_accrued_wage_october_survey,biennial_occupation_survey_57T,2025,,RU-FD-Volga,OKZ,federal_subject,https://rosstat.gov.ru/storage/mediabank/sved_57-t_2025.rar,2026-07-29
56,1,Penza Oblast,Пензенская область,RU,Volga,Managers,1,107471.0,RUB,monthly,average_monthly_nominal_accrued_wage_october_survey,biennial_occupation_survey_57T,2025,,RU-FD-Volga,OKZ,federal_subject,https://rosstat.gov.ru/storage/mediabank/sved_57-t_2025.rar,2026-07-29
56,1,Penza Oblast,Пензенская область,RU,Volga,Professionals,2,67019.0,RUB,monthly,average_monthly_nominal_accrued_wage_october_survey,biennial_occupation_survey_57T,2025,,RU-FD-Volga,OKZ,federal_subject,https://rosstat.gov.ru/storage/mediabank/sved_57-t_2025.rar,2026-07-29
56,1,Penza Oblast,Пензенская область,RU,Volga,Technicians and associate professionals,3,55537.0,RUB,monthly,average_monthly_nominal_accrued_wage_october_survey,biennial_occupation_survey_57T,2025,,RU-FD-Volga,OKZ,federal_subject,https://rosstat.gov.ru/storage/mediabank/sved_57-t_2025.rar,2026-07-29
56,1,Penza Oblast,Пензенская область,RU,Volga,Clerical support workers,4,52106.0,RUB,monthly,average_monthly_nominal_accrued_wage_october_survey,biennial_occupation_survey_57T,2025,,RU-FD-Volga,OKZ,federal_subject,https://rosstat.gov.ru/storage/mediabank/sved_57-t_2025.rar,2026-07-29
56,1,Penza Oblast,Пензенская область,RU,Volga,Service and sales workers,5,43428.0,RUB,monthly,average_monthly_nominal_accrued_wage_october_survey,biennial_occupation_survey_57T,2025,,RU-FD-Volga,OKZ,federal_subject,https://rosstat.gov.ru/storage/mediabank/sved_57-t_2025.rar,2026-07-29
56,1,Penza Oblast,Пензенская область,RU,Volga,"Skilled agricultural, forestry and fishery workers",6,71967.0,RUB,monthly,average_monthly_nominal_accrued_wage_october_survey,biennial_occupation_survey_57T,2025,,RU-FD-Volga,OKZ,federal_subject,https://rosstat.gov.ru/storage/mediabank/sved_57-t_2025.rar,2026-07-29
56,1,Penza Oblast,Пензенская область,RU,Volga,Craft and related trades workers,7,80528.0,RUB,monthly,average_monthly_nominal_accrued_wage_october_survey,biennial_occupation_survey_57T,2025,,RU-FD-Volga,OKZ,federal_subject,https://rosstat.gov.ru/storage/mediabank/sved_57-t_2025.rar,2026-07-29
56,1,Penza Oblast,Пензенская область,RU,Volga,Plant and machine operators and assemblers,8,81932.0,RUB,monthly,average_monthly_nominal_accrued_wage_october_survey,biennial_occupation_survey_57T,2025,,RU-FD-Volga,OKZ,federal_subject,https://rosstat.gov.ru/storage/mediabank/sved_57-t_2025.rar,2026-07-29
56,1,Penza Oblast,Пензенская область,RU,Volga,Elementary occupations,9,41616.0,RUB,monthly,average_monthly_nominal_accrued_wage_october_survey,biennial_occupation_survey_57T,2025,,RU-FD-Volga,OKZ,federal_subject,https://rosstat.gov.ru/storage/mediabank/sved_57-t_2025.rar,2026-07-29
36,1,Samara Oblast,Самарская область,RU,Volga,Total,,78322.0,RUB,monthly,average_monthly_nominal_accrued_wage_october_survey,biennial_occupation_survey_57T,2025,,RU-FD-Volga,OKZ,federal_subject,https://rosstat.gov.ru/storage/mediabank/sved_57-t_2025.rar,2026-07-29
36,1,Samara Oblast,Самарская область,RU,Volga,Managers,1,133994.0,RUB,monthly,average_monthly_nominal_accrued_wage_october_survey,biennial_occupation_survey_57T,2025,,RU-FD-Volga,OKZ,federal_subject,https://rosstat.gov.ru/storage/mediabank/sved_57-t_2025.rar,2026-07-29
36,1,Samara Oblast,Самарская область,RU,Volga,Professionals,2,79788.0,RUB,monthly,average_monthly_nominal_accrued_wage_october_survey,biennial_occupation_survey_57T,2025,,RU-FD-Volga,OKZ,federal_subject,https://rosstat.gov.ru/storage/mediabank/sved_57-t_2025.rar,2026-07-29
36,1,Samara Oblast,Самарская область,RU,Volga,Technicians and associate professionals,3,69809.0,RUB,monthly,average_monthly_nominal_accrued_wage_october_survey,biennial_occupation_survey_57T,2025,,RU-FD-Volga,OKZ,federal_subject,https://rosstat.gov.ru/storage/mediabank/sved_57-t_2025.rar,2026-07-29
36,1,Samara Oblast,Самарская область,RU,Volga,Clerical support workers,4,53303.0,RUB,monthly,average_monthly_nominal_accrued_wage_october_survey,biennial_occupation_survey_57T,2025,,RU-FD-Volga,OKZ,federal_subject,https://rosstat.gov.ru/storage/mediabank/sved_57-t_2025.rar,2026-07-29
36,1,Samara Oblast,Самарская область,RU,Volga,Service and sales workers,5,53787.0,RUB,monthly,average_monthly_nominal_accrued_wage_october_survey,biennial_occupation_survey_57T,2025,,RU-FD-Volga,OKZ,federal_subject,https://rosstat.gov.ru/storage/mediabank/sved_57-t_2025.rar,2026-07-29
36,1,Samara Oblast,Самарская область,RU,Volga,"Skilled agricultural, forestry and fishery workers",6,62368.0,RUB,monthly,average_monthly_nominal_accrued_wage_october_survey,biennial_occupation_survey_57T,2025,,RU-FD-Volga,OKZ,federal_subject,https://rosstat.gov.ru/storage/mediabank/sved_57-t_2025.rar,2026-07-29
36,1,Samara Oblast,Самарская область,RU,Volga,Craft and related trades workers,7,86168.0,RUB,monthly,average_monthly_nominal_accrued_wage_october_survey,biennial_occupation_survey_57T,2025,,RU-FD-Volga,OKZ,federal_subject,https://rosstat.gov.ru/storage/mediabank/sved_57-t_2025.rar,2026-07-29
36,1,Samara Oblast,Самарская область,RU,Volga,Plant and machine operators and assemblers,8,76866.0,RUB,monthly,average_monthly_nominal_accrued_wage_october_survey,biennial_occupation_survey_57T,2025,,RU-FD-Volga,OKZ,federal_subject,https://rosstat.gov.ru/storage/mediabank/sved_57-t_2025.rar,2026-07-29
36,1,Samara Oblast,Самарская область,RU,Volga,Elementary occupations,9,46007.0,RUB,monthly,average_monthly_nominal_accrued_wage_october_survey,biennial_occupation_survey_57T,2025,,RU-FD-Volga,OKZ,federal_subject,https://rosstat.gov.ru/storage/mediabank/sved_57-t_2025.rar,2026-07-29
63,1,Saratov Oblast,Саратовская область,RU,Volga,Total,,64230.0,RUB,monthly,average_monthly_nominal_accrued_wage_october_survey,biennial_occupation_survey_57T,2025,,RU-FD-Volga,OKZ,federal_subject,https://rosstat.gov.ru/storage/mediabank/sved_57-t_2025.rar,2026-07-29
63,1,Saratov Oblast,Саратовская область,RU,Volga,Managers,1,116635.0,RUB,monthly,average_monthly_nominal_accrued_wage_october_survey,biennial_occupation_survey_57T,2025,,RU-FD-Volga,OKZ,federal_subject,https://rosstat.gov.ru/storage/mediabank/sved_57-t_2025.rar,2026-07-29
63,1,Saratov Oblast,Саратовская область,RU,Volga,Professionals,2,65049.0,RUB,monthly,average_monthly_nominal_accrued_wage_october_survey,biennial_occupation_survey_57T,2025,,RU-FD-Volga,OKZ,federal_subject,https://rosstat.gov.ru/storage/mediabank/sved_57-t_2025.rar,2026-07-29
63,1,Saratov Oblast,Саратовская область,RU,Volga,Technicians and associate professionals,3,57102.0,RUB,monthly,average_monthly_nominal_accrued_wage_october_survey,biennial_occupation_survey_57T,2025,,RU-FD-Volga,OKZ,federal_subject,https://rosstat.gov.ru/storage/mediabank/sved_57-t_2025.rar,2026-07-29
63,1,Saratov Oblast,Саратовская область,RU,Volga,Clerical support workers,4,46114.0,RUB,monthly,average_monthly_nominal_accrued_wage_october_survey,biennial_occupation_survey_57T,2025,,RU-FD-Volga,OKZ,federal_subject,https://rosstat.gov.ru/storage/mediabank/sved_57-t_2025.rar,2026-07-29
63,1,Saratov Oblast,Саратовская область,RU,Volga,Service and sales workers,5,43336.0,RUB,monthly,average_monthly_nominal_accrued_wage_october_survey,biennial_occupation_survey_57T,2025,,RU-FD-Volga,OKZ,federal_subject,https://rosstat.gov.ru/storage/mediabank/sved_57-t_2025.rar,2026-07-29
63,1,Saratov Oblast,Саратовская область,RU,Volga,"Skilled agricultural, forestry and fishery workers",6,62727.0,RUB,monthly,average_monthly_nominal_accrued_wage_october_survey,biennial_occupation_survey_57T,2025,,RU-FD-Volga,OKZ,federal_subject,https://rosstat.gov.ru/storage/mediabank/sved_57-t_2025.rar,2026-07-29
63,1,Saratov Oblast,Саратовская область,RU,Volga,Craft and related trades workers,7,76212.0,RUB,monthly,average_monthly_nominal_accrued_wage_october_survey,biennial_occupation_survey_57T,2025,,RU-FD-Volga,OKZ,federal_subject,https://rosstat.gov.ru/storage/mediabank/sved_57-t_2025.rar,2026-07-29
63,1,Saratov Oblast,Саратовская область,RU,Volga,Plant and machine operators and assemblers,8,68785.0,RUB,monthly,average_monthly_nominal_accrued_wage_october_survey,biennial_occupation_survey_57T,2025,,RU-FD-Volga,OKZ,federal_subject,https://rosstat.gov.ru/storage/mediabank/sved_57-t_2025.rar,2026-07-29
63,1,Saratov Oblast,Саратовская область,RU,Volga,Elementary occupations,9,34181.0,RUB,monthly,average_monthly_nominal_accrued_wage_october_survey,biennial_occupation_survey_57T,2025,,RU-FD-Volga,OKZ,federal_subject,https://rosstat.gov.ru/storage/mediabank/sved_57-t_2025.rar,2026-07-29
73,1,Ulyanovsk Oblast,Ульяновская область,RU,Volga,Total,,69285.0,RUB,monthly,average_monthly_nominal_accrued_wage_october_survey,biennial_occupation_survey_57T,2025,,RU-FD-Volga,OKZ,federal_subject,https://rosstat.gov.ru/storage/mediabank/sved_57-t_2025.rar,2026-07-29
73,1,Ulyanovsk Oblast,Ульяновская область,RU,Volga,Managers,1,112977.0,RUB,monthly,average_monthly_nominal_accrued_wage_october_survey,biennial_occupation_survey_57T,2025,,RU-FD-Volga,OKZ,federal_subject,https://rosstat.gov.ru/storage/mediabank/sved_57-t_2025.rar,2026-07-29
73,1,Ulyanovsk Oblast,Ульяновская область,RU,Volga,Professionals,2,69494.0,RUB,monthly,average_monthly_nominal_accrued_wage_october_survey,biennial_occupation_survey_57T,2025,,RU-FD-Volga,OKZ,federal_subject,https://rosstat.gov.ru/storage/mediabank/sved_57-t_2025.rar,2026-07-29
73,1,Ulyanovsk Oblast,Ульяновская область,RU,Volga,Technicians and associate professionals,3,54208.0,RUB,monthly,average_monthly_nominal_accrued_wage_october_survey,biennial_occupation_survey_57T,2025,,RU-FD-Volga,OKZ,federal_subject,https://rosstat.gov.ru/storage/mediabank/sved_57-t_2025.rar,2026-07-29
73,1,Ulyanovsk Oblast,Ульяновская область,RU,Volga,Clerical support workers,4,41922.0,RUB,monthly,average_monthly_nominal_accrued_wage_october_survey,biennial_occupation_survey_57T,2025,,RU-FD-Volga,OKZ,federal_subject,https://rosstat.gov.ru/storage/mediabank/sved_57-t_2025.rar,2026-07-29
73,1,Ulyanovsk Oblast,Ульяновская область,RU,Volga,Service and sales workers,5,43518.0,RUB,monthly,average_monthly_nominal_accrued_wage_october_survey,biennial_occupation_survey_57T,2025,,RU-FD-Volga,OKZ,federal_subject,https://rosstat.gov.ru/storage/mediabank/sved_57-t_2025.rar,2026-07-29
73,1,Ulyanovsk Oblast,Ульяновская область,RU,Volga,"Skilled agricultural, forestry and fishery workers",6,43349.0,RUB,monthly,average_monthly_nominal_accrued_wage_october_survey,biennial_occupation_survey_57T,2025,,RU-FD-Volga,OKZ,federal_subject,https://rosstat.gov.ru/storage/mediabank/sved_57-t_2025.rar,2026-07-29
73,1,Ulyanovsk Oblast,Ульяновская область,RU,Volga,Craft and related trades workers,7,84324.0,RUB,monthly,average_monthly_nominal_accrued_wage_october_survey,biennial_occupation_survey_57T,2025,,RU-FD-Volga,OKZ,federal_subject,https://rosstat.gov.ru/storage/mediabank/sved_57-t_2025.rar,2026-07-29
73,1,Ulyanovsk Oblast,Ульяновская область,RU,Volga,Plant and machine operators and assemblers,8,81201.0,RUB,monthly,average_monthly_nominal_accrued_wage_october_survey,biennial_occupation_survey_57T,2025,,RU-FD-Volga,OKZ,federal_subject,https://rosstat.gov.ru/storage/mediabank/sved_57-t_2025.rar,2026-07-29
73,1,Ulyanovsk Oblast,Ульяновская область,RU,Volga,Elementary occupations,9,36233.0,RUB,monthly,average_monthly_nominal_accrued_wage_october_survey,biennial_occupation_survey_57T,2025,,RU-FD-Volga,OKZ,federal_subject,https://rosstat.gov.ru/storage/mediabank/sved_57-t_2025.rar,2026-07-29
RU-FD-Ural,0,Ural Federal District,Уральский федеральный округ,RU,Ural,Total,,102815.0,RUB,monthly,average_monthly_nominal_accrued_wage_october_survey,biennial_occupation_survey_57T,2025,,RU-NAT,OKZ,federal_district,https://rosstat.gov.ru/storage/mediabank/sved_57-t_2025.rar,2026-07-29
RU-FD-Ural,0,Ural Federal District,Уральский федеральный округ,RU,Ural,Managers,1,168971.0,RUB,monthly,average_monthly_nominal_accrued_wage_october_survey,biennial_occupation_survey_57T,2025,,RU-NAT,OKZ,federal_district,https://rosstat.gov.ru/storage/mediabank/sved_57-t_2025.rar,2026-07-29
RU-FD-Ural,0,Ural Federal District,Уральский федеральный округ,RU,Ural,Professionals,2,103654.0,RUB,monthly,average_monthly_nominal_accrued_wage_october_survey,biennial_occupation_survey_57T,2025,,RU-NAT,OKZ,federal_district,https://rosstat.gov.ru/storage/mediabank/sved_57-t_2025.rar,2026-07-29
RU-FD-Ural,0,Ural Federal District,Уральский федеральный округ,RU,Ural,Technicians and associate professionals,3,98518.0,RUB,monthly,average_monthly_nominal_accrued_wage_october_survey,biennial_occupation_survey_57T,2025,,RU-NAT,OKZ,federal_district,https://rosstat.gov.ru/storage/mediabank/sved_57-t_2025.rar,2026-07-29
RU-FD-Ural,0,Ural Federal District,Уральский федеральный округ,RU,Ural,Clerical support workers,4,66110.0,RUB,monthly,average_monthly_nominal_accrued_wage_october_survey,biennial_occupation_survey_57T,2025,,RU-NAT,OKZ,federal_district,https://rosstat.gov.ru/storage/mediabank/sved_57-t_2025.rar,2026-07-29
RU-FD-Ural,0,Ural Federal District,Уральский федеральный округ,RU,Ural,Service and sales workers,5,64154.0,RUB,monthly,average_monthly_nominal_accrued_wage_october_survey,biennial_occupation_survey_57T,2025,,RU-NAT,OKZ,federal_district,https://rosstat.gov.ru/storage/mediabank/sved_57-t_2025.rar,2026-07-29
RU-FD-Ural,0,Ural Federal District,Уральский федеральный округ,RU,Ural,"Skilled agricultural, forestry and fishery workers",6,67517.0,RUB,monthly,average_monthly_nominal_accrued_wage_october_survey,biennial_occupation_survey_57T,2025,,RU-NAT,OKZ,federal_district,https://rosstat.gov.ru/storage/mediabank/sved_57-t_2025.rar,2026-07-29
RU-FD-Ural,0,Ural Federal District,Уральский федеральный округ,RU,Ural,Craft and related trades workers,7,109244.0,RUB,monthly,average_monthly_nominal_accrued_wage_october_survey,biennial_occupation_survey_57T,2025,,RU-NAT,OKZ,federal_district,https://rosstat.gov.ru/storage/mediabank/sved_57-t_2025.rar,2026-07-29
RU-FD-Ural,0,Ural Federal District,Уральский федеральный округ,RU,Ural,Plant and machine operators and assemblers,8,112925.0,RUB,monthly,average_monthly_nominal_accrued_wage_october_survey,biennial_occupation_survey_57T,2025,,RU-NAT,OKZ,federal_district,https://rosstat.gov.ru/storage/mediabank/sved_57-t_2025.rar,2026-07-29
RU-FD-Ural,0,Ural Federal District,Уральский федеральный округ,RU,Ural,Elementary occupations,9,54484.0,RUB,monthly,average_monthly_nominal_accrued_wage_october_survey,biennial_occupation_survey_57T,2025,,RU-NAT,OKZ,federal_district,https://rosstat.gov.ru/storage/mediabank/sved_57-t_2025.rar,2026-07-29
37,1,Kurgan Oblast,Курганская область,RU,Ural,Total,,70143.0,RUB,monthly,average_monthly_nominal_accrued_wage_october_survey,biennial_occupation_survey_57T,2025,,RU-FD-Ural,OKZ,federal_subject,https://rosstat.gov.ru/storage/mediabank/sved_57-t_2025.rar,2026-07-29
37,1,Kurgan Oblast,Курганская область,RU,Ural,Managers,1,114222.0,RUB,monthly,average_monthly_nominal_accrued_wage_october_survey,biennial_occupation_survey_57T,2025,,RU-FD-Ural,OKZ,federal_subject,https://rosstat.gov.ru/storage/mediabank/sved_57-t_2025.rar,2026-07-29
37,1,Kurgan Oblast,Курганская область,RU,Ural,Professionals,2,64318.0,RUB,monthly,average_monthly_nominal_accrued_wage_october_survey,biennial_occupation_survey_57T,2025,,RU-FD-Ural,OKZ,federal_subject,https://rosstat.gov.ru/storage/mediabank/sved_57-t_2025.rar,2026-07-29
37,1,Kurgan Oblast,Курганская область,RU,Ural,Technicians and associate professionals,3,64519.0,RUB,monthly,average_monthly_nominal_accrued_wage_october_survey,biennial_occupation_survey_57T,2025,,RU-FD-Ural,OKZ,federal_subject,https://rosstat.gov.ru/storage/mediabank/sved_57-t_2025.rar,2026-07-29
37,1,Kurgan Oblast,Курганская область,RU,Ural,Clerical support workers,4,42440.0,RUB,monthly,average_monthly_nominal_accrued_wage_october_survey,biennial_occupation_survey_57T,2025,,RU-FD-Ural,OKZ,federal_subject,https://rosstat.gov.ru/storage/mediabank/sved_57-t_2025.rar,2026-07-29
37,1,Kurgan Oblast,Курганская область,RU,Ural,Service and sales workers,5,45034.0,RUB,monthly,average_monthly_nominal_accrued_wage_october_survey,biennial_occupation_survey_57T,2025,,RU-FD-Ural,OKZ,federal_subject,https://rosstat.gov.ru/storage/mediabank/sved_57-t_2025.rar,2026-07-29
37,1,Kurgan Oblast,Курганская область,RU,Ural,"Skilled agricultural, forestry and fishery workers",6,50351.0,RUB,monthly,average_monthly_nominal_accrued_wage_october_survey,biennial_occupation_survey_57T,2025,,RU-FD-Ural,OKZ,federal_subject,https://rosstat.gov.ru/storage/mediabank/sved_57-t_2025.rar,2026-07-29
37,1,Kurgan Oblast,Курганская область,RU,Ural,Craft and related trades workers,7,94473.0,RUB,monthly,average_monthly_nominal_accrued_wage_october_survey,biennial_occupation_survey_57T,2025,,RU-FD-Ural,OKZ,federal_subject,https://rosstat.gov.ru/storage/mediabank/sved_57-t_2025.rar,2026-07-29
37,1,Kurgan Oblast,Курганская область,RU,Ural,Plant and machine operators and assemblers,8,78594.0,RUB,monthly,average_monthly_nominal_accrued_wage_october_survey,biennial_occupation_survey_57T,2025,,RU-FD-Ural,OKZ,federal_subject,https://rosstat.gov.ru/storage/mediabank/sved_57-t_2025.rar,2026-07-29
37,1,Kurgan Oblast,Курганская область,RU,Ural,Elementary occupations,9,39943.0,RUB,monthly,average_monthly_nominal_accrued_wage_october_survey,biennial_occupation_survey_57T,2025,,RU-FD-Ural,OKZ,federal_subject,https://rosstat.gov.ru/storage/mediabank/sved_57-t_2025.rar,2026-07-29
65,1,Sverdlovsk Oblast,Свердловская область,RU,Ural,Total,,91349.0,RUB,monthly,average_monthly_nominal_accrued_wage_october_survey,biennial_occupation_survey_57T,2025,,RU-FD-Ural,OKZ,federal_subject,https://rosstat.gov.ru/storage/mediabank/sved_57-t_2025.rar,2026-07-29
65,1,Sverdlovsk Oblast,Свердловская область,RU,Ural,Managers,1,156843.0,RUB,monthly,average_monthly_nominal_accrued_wage_october_survey,biennial_occupation_survey_57T,2025,,RU-FD-Ural,OKZ,federal_subject,https://rosstat.gov.ru/storage/mediabank/sved_57-t_2025.rar,2026-07-29
65,1,Sverdlovsk Oblast,Свердловская область,RU,Ural,Professionals,2,94581.0,RUB,monthly,average_monthly_nominal_accrued_wage_october_survey,biennial_occupation_survey_57T,2025,,RU-FD-Ural,OKZ,federal_subject,https://rosstat.gov.ru/storage/mediabank/sved_57-t_2025.rar,2026-07-29
65,1,Sverdlovsk Oblast,Свердловская область,RU,Ural,Technicians and associate professionals,3,85699.0,RUB,monthly,average_monthly_nominal_accrued_wage_october_survey,biennial_occupation_survey_57T,2025,,RU-FD-Ural,OKZ,federal_subject,https://rosstat.gov.ru/storage/mediabank/sved_57-t_2025.rar,2026-07-29
65,1,Sverdlovsk Oblast,Свердловская область,RU,Ural,Clerical support workers,4,62765.0,RUB,monthly,average_monthly_nominal_accrued_wage_october_survey,biennial_occupation_survey_57T,2025,,RU-FD-Ural,OKZ,federal_subject,https://rosstat.gov.ru/storage/mediabank/sved_57-t_2025.rar,2026-07-29
65,1,Sverdlovsk Oblast,Свердловская область,RU,Ural,Service and sales workers,5,56928.0,RUB,monthly,average_monthly_nominal_accrued_wage_october_survey,biennial_occupation_survey_57T,2025,,RU-FD-Ural,OKZ,federal_subject,https://rosstat.gov.ru/storage/mediabank/sved_57-t_2025.rar,2026-07-29
65,1,Sverdlovsk Oblast,Свердловская область,RU,Ural,"Skilled agricultural, forestry and fishery workers",6,68056.0,RUB,monthly,average_monthly_nominal_accrued_wage_october_survey,biennial_occupation_survey_57T,2025,,RU-FD-Ural,OKZ,federal_subject,https://rosstat.gov.ru/storage/mediabank/sved_57-t_2025.rar,2026-07-29
65,1,Sverdlovsk Oblast,Свердловская область,RU,Ural,Craft and related trades workers,7,96687.0,RUB,monthly,average_monthly_nominal_accrued_wage_october_survey,biennial_occupation_survey_57T,2025,,RU-FD-Ural,OKZ,federal_subject,https://rosstat.gov.ru/storage/mediabank/sved_57-t_2025.rar,2026-07-29
65,1,Sverdlovsk Oblast,Свердловская область,RU,Ural,Plant and machine operators and assemblers,8,93333.0,RUB,monthly,average_monthly_nominal_accrued_wage_october_survey,biennial_occupation_survey_57T,2025,,RU-FD-Ural,OKZ,federal_subject,https://rosstat.gov.ru/storage/mediabank/sved_57-t_2025.rar,2026-07-29
65,1,Sverdlovsk Oblast,Свердловская область,RU,Ural,Elementary occupations,9,50097.0,RUB,monthly,average_monthly_nominal_accrued_wage_october_survey,biennial_occupation_survey_57T,2025,,RU-FD-Ural,OKZ,federal_subject,https://rosstat.gov.ru/storage/mediabank/sved_57-t_2025.rar,2026-07-29
71,1,Tyumen Oblast,Тюменская область,RU,Ural,Total,,128297.0,RUB,monthly,average_monthly_nominal_accrued_wage_october_survey,biennial_occupation_survey_57T,2025,,RU-FD-Ural,OKZ,federal_subject,https://rosstat.gov.ru/storage/mediabank/sved_57-t_2025.rar,2026-07-29
71,1,Tyumen Oblast,Тюменская область,RU,Ural,Managers,1,204104.0,RUB,monthly,average_monthly_nominal_accrued_wage_october_survey,biennial_occupation_survey_57T,2025,,RU-FD-Ural,OKZ,federal_subject,https://rosstat.gov.ru/storage/mediabank/sved_57-t_2025.rar,2026-07-29
71,1,Tyumen Oblast,Тюменская область,RU,Ural,Professionals,2,132268.0,RUB,monthly,average_monthly_nominal_accrued_wage_october_survey,biennial_occupation_survey_57T,2025,,RU-FD-Ural,OKZ,federal_subject,https://rosstat.gov.ru/storage/mediabank/sved_57-t_2025.rar,2026-07-29
71,1,Tyumen Oblast,Тюменская область,RU,Ural,Technicians and associate professionals,3,126696.0,RUB,monthly,average_monthly_nominal_accrued_wage_october_survey,biennial_occupation_survey_57T,2025,,RU-FD-Ural,OKZ,federal_subject,https://rosstat.gov.ru/storage/mediabank/sved_57-t_2025.rar,2026-07-29
71,1,Tyumen Oblast,Тюменская область,RU,Ural,Clerical support workers,4,78407.0,RUB,monthly,average_monthly_nominal_accrued_wage_october_survey,biennial_occupation_survey_57T,2025,,RU-FD-Ural,OKZ,federal_subject,https://rosstat.gov.ru/storage/mediabank/sved_57-t_2025.rar,2026-07-29
71,1,Tyumen Oblast,Тюменская область,RU,Ural,Service and sales workers,5,83014.0,RUB,monthly,average_monthly_nominal_accrued_wage_october_survey,biennial_occupation_survey_57T,2025,,RU-FD-Ural,OKZ,federal_subject,https://rosstat.gov.ru/storage/mediabank/sved_57-t_2025.rar,2026-07-29
71,1,Tyumen Oblast,Тюменская область,RU,Ural,"Skilled agricultural, forestry and fishery workers",6,73483.0,RUB,monthly,average_monthly_nominal_accrued_wage_october_survey,biennial_occupation_survey_57T,2025,,RU-FD-Ural,OKZ,federal_subject,https://rosstat.gov.ru/storage/mediabank/sved_57-t_2025.rar,2026-07-29
71,1,Tyumen Oblast,Тюменская область,RU,Ural,Craft and related trades workers,7,129987.0,RUB,monthly,average_monthly_nominal_accrued_wage_october_survey,biennial_occupation_survey_57T,2025,,RU-FD-Ural,OKZ,federal_subject,https://rosstat.gov.ru/storage/mediabank/sved_57-t_2025.rar,2026-07-29
71,1,Tyumen Oblast,Тюменская область,RU,Ural,Plant and machine operators and assemblers,8,134273.0,RUB,monthly,average_monthly_nominal_accrued_wage_october_survey,biennial_occupation_survey_57T,2025,,RU-FD-Ural,OKZ,federal_subject,https://rosstat.gov.ru/storage/mediabank/sved_57-t_2025.rar,2026-07-29
71,1,Tyumen Oblast,Тюменская область,RU,Ural,Elementary occupations,9,70057.0,RUB,monthly,average_monthly_nominal_accrued_wage_october_survey,biennial_occupation_survey_57T,2025,,RU-FD-Ural,OKZ,federal_subject,https://rosstat.gov.ru/storage/mediabank/sved_57-t_2025.rar,2026-07-29
75,1,Chelyabinsk Oblast,Челябинская область,RU,Ural,Total,,83501.0,RUB,monthly,average_monthly_nominal_accrued_wage_october_survey,biennial_occupation_survey_57T,2025,,RU-FD-Ural,OKZ,federal_subject,https://rosstat.gov.ru/storage/mediabank/sved_57-t_2025.rar,2026-07-29
75,1,Chelyabinsk Oblast,Челябинская область,RU,Ural,Managers,1,142886.0,RUB,monthly,average_monthly_nominal_accrued_wage_october_survey,biennial_occupation_survey_57T,2025,,RU-FD-Ural,OKZ,federal_subject,https://rosstat.gov.ru/storage/mediabank/sved_57-t_2025.rar,2026-07-29
75,1,Chelyabinsk Oblast,Челябинская область,RU,Ural,Professionals,2,79420.0,RUB,monthly,average_monthly_nominal_accrued_wage_october_survey,biennial_occupation_survey_57T,2025,,RU-FD-Ural,OKZ,federal_subject,https://rosstat.gov.ru/storage/mediabank/sved_57-t_2025.rar,2026-07-29
75,1,Chelyabinsk Oblast,Челябинская область,RU,Ural,Technicians and associate professionals,3,75395.0,RUB,monthly,average_monthly_nominal_accrued_wage_october_survey,biennial_occupation_survey_57T,2025,,RU-FD-Ural,OKZ,federal_subject,https://rosstat.gov.ru/storage/mediabank/sved_57-t_2025.rar,2026-07-29
75,1,Chelyabinsk Oblast,Челябинская область,RU,Ural,Clerical support workers,4,56332.0,RUB,monthly,average_monthly_nominal_accrued_wage_october_survey,biennial_occupation_survey_57T,2025,,RU-FD-Ural,OKZ,federal_subject,https://rosstat.gov.ru/storage/mediabank/sved_57-t_2025.rar,2026-07-29
75,1,Chelyabinsk Oblast,Челябинская область,RU,Ural,Service and sales workers,5,50176.0,RUB,monthly,average_monthly_nominal_accrued_wage_october_survey,biennial_occupation_survey_57T,2025,,RU-FD-Ural,OKZ,federal_subject,https://rosstat.gov.ru/storage/mediabank/sved_57-t_2025.rar,2026-07-29
75,1,Chelyabinsk Oblast,Челябинская область,RU,Ural,"Skilled agricultural, forestry and fishery workers",6,65727.0,RUB,monthly,average_monthly_nominal_accrued_wage_october_survey,biennial_occupation_survey_57T,2025,,RU-FD-Ural,OKZ,federal_subject,https://rosstat.gov.ru/storage/mediabank/sved_57-t_2025.rar,2026-07-29
75,1,Chelyabinsk Oblast,Челябинская область,RU,Ural,Craft and related trades workers,7,97721.0,RUB,monthly,average_monthly_nominal_accrued_wage_october_survey,biennial_occupation_survey_57T,2025,,RU-FD-Ural,OKZ,federal_subject,https://rosstat.gov.ru/storage/mediabank/sved_57-t_2025.rar,2026-07-29
75,1,Chelyabinsk Oblast,Челябинская область,RU,Ural,Plant and machine operators and assemblers,8,94325.0,RUB,monthly,average_monthly_nominal_accrued_wage_october_survey,biennial_occupation_survey_57T,2025,,RU-FD-Ural,OKZ,federal_subject,https://rosstat.gov.ru/storage/mediabank/sved_57-t_2025.rar,2026-07-29
75,1,Chelyabinsk Oblast,Челябинская область,RU,Ural,Elementary occupations,9,45720.0,RUB,monthly,average_monthly_nominal_accrued_wage_october_survey,biennial_occupation_survey_57T,2025,,RU-FD-Ural,OKZ,federal_subject,https://rosstat.gov.ru/storage/mediabank/sved_57-t_2025.rar,2026-07-29
RU-FD-Siberian,0,Siberian Federal District,Сибирский федеральный округ,RU,Siberian,Total,,86708.0,RUB,monthly,average_monthly_nominal_accrued_wage_october_survey,biennial_occupation_survey_57T,2025,,RU-NAT,OKZ,federal_district,https://rosstat.gov.ru/storage/mediabank/sved_57-t_2025.rar,2026-07-29
RU-FD-Siberian,0,Siberian Federal District,Сибирский федеральный округ,RU,Siberian,Managers,1,142672.0,RUB,monthly,average_monthly_nominal_accrued_wage_october_survey,biennial_occupation_survey_57T,2025,,RU-NAT,OKZ,federal_district,https://rosstat.gov.ru/storage/mediabank/sved_57-t_2025.rar,2026-07-29
RU-FD-Siberian,0,Siberian Federal District,Сибирский федеральный округ,RU,Siberian,Professionals,2,87550.0,RUB,monthly,average_monthly_nominal_accrued_wage_october_survey,biennial_occupation_survey_57T,2025,,RU-NAT,OKZ,federal_district,https://rosstat.gov.ru/storage/mediabank/sved_57-t_2025.rar,2026-07-29
RU-FD-Siberian,0,Siberian Federal District,Сибирский федеральный округ,RU,Siberian,Technicians and associate professionals,3,81730.0,RUB,monthly,average_monthly_nominal_accrued_wage_october_survey,biennial_occupation_survey_57T,2025,,RU-NAT,OKZ,federal_district,https://rosstat.gov.ru/storage/mediabank/sved_57-t_2025.rar,2026-07-29
RU-FD-Siberian,0,Siberian Federal District,Сибирский федеральный округ,RU,Siberian,Clerical support workers,4,59871.0,RUB,monthly,average_monthly_nominal_accrued_wage_october_survey,biennial_occupation_survey_57T,2025,,RU-NAT,OKZ,federal_district,https://rosstat.gov.ru/storage/mediabank/sved_57-t_2025.rar,2026-07-29
RU-FD-Siberian,0,Siberian Federal District,Сибирский федеральный округ,RU,Siberian,Service and sales workers,5,55198.0,RUB,monthly,average_monthly_nominal_accrued_wage_october_survey,biennial_occupation_survey_57T,2025,,RU-NAT,OKZ,federal_district,https://rosstat.gov.ru/storage/mediabank/sved_57-t_2025.rar,2026-07-29
RU-FD-Siberian,0,Siberian Federal District,Сибирский федеральный округ,RU,Siberian,"Skilled agricultural, forestry and fishery workers",6,68022.0,RUB,monthly,average_monthly_nominal_accrued_wage_october_survey,biennial_occupation_survey_57T,2025,,RU-NAT,OKZ,federal_district,https://rosstat.gov.ru/storage/mediabank/sved_57-t_2025.rar,2026-07-29
RU-FD-Siberian,0,Siberian Federal District,Сибирский федеральный округ,RU,Siberian,Craft and related trades workers,7,95748.0,RUB,monthly,average_monthly_nominal_accrued_wage_october_survey,biennial_occupation_survey_57T,2025,,RU-NAT,OKZ,federal_district,https://rosstat.gov.ru/storage/mediabank/sved_57-t_2025.rar,2026-07-29
RU-FD-Siberian,0,Siberian Federal District,Сибирский федеральный округ,RU,Siberian,Plant and machine operators and assemblers,8,99602.0,RUB,monthly,average_monthly_nominal_accrued_wage_october_survey,biennial_occupation_survey_57T,2025,,RU-NAT,OKZ,federal_district,https://rosstat.gov.ru/storage/mediabank/sved_57-t_2025.rar,2026-07-29
RU-FD-Siberian,0,Siberian Federal District,Сибирский федеральный округ,RU,Siberian,Elementary occupations,9,49370.0,RUB,monthly,average_monthly_nominal_accrued_wage_october_survey,biennial_occupation_survey_57T,2025,,RU-NAT,OKZ,federal_district,https://rosstat.gov.ru/storage/mediabank/sved_57-t_2025.rar,2026-07-29
84,1,Altai Republic,Республика Алтай,RU,Siberian,Total,,60734.0,RUB,monthly,average_monthly_nominal_accrued_wage_october_survey,biennial_occupation_survey_57T,2025,,RU-FD-Siberian,OKZ,federal_subject,https://rosstat.gov.ru/storage/mediabank/sved_57-t_2025.rar,2026-07-29
84,1,Altai Republic,Республика Алтай,RU,Siberian,Managers,1,92892.0,RUB,monthly,average_monthly_nominal_accrued_wage_october_survey,biennial_occupation_survey_57T,2025,,RU-FD-Siberian,OKZ,federal_subject,https://rosstat.gov.ru/storage/mediabank/sved_57-t_2025.rar,2026-07-29
84,1,Altai Republic,Республика Алтай,RU,Siberian,Professionals,2,61750.0,RUB,monthly,average_monthly_nominal_accrued_wage_october_survey,biennial_occupation_survey_57T,2025,,RU-FD-Siberian,OKZ,federal_subject,https://rosstat.gov.ru/storage/mediabank/sved_57-t_2025.rar,2026-07-29
84,1,Altai Republic,Республика Алтай,RU,Siberian,Technicians and associate professionals,3,64031.0,RUB,monthly,average_monthly_nominal_accrued_wage_october_survey,biennial_occupation_survey_57T,2025,,RU-FD-Siberian,OKZ,federal_subject,https://rosstat.gov.ru/storage/mediabank/sved_57-t_2025.rar,2026-07-29
84,1,Altai Republic,Республика Алтай,RU,Siberian,Clerical support workers,4,51848.0,RUB,monthly,average_monthly_nominal_accrued_wage_october_survey,biennial_occupation_survey_57T,2025,,RU-FD-Siberian,OKZ,federal_subject,https://rosstat.gov.ru/storage/mediabank/sved_57-t_2025.rar,2026-07-29
84,1,Altai Republic,Республика Алтай,RU,Siberian,Service and sales workers,5,47218.0,RUB,monthly,average_monthly_nominal_accrued_wage_october_survey,biennial_occupation_survey_57T,2025,,RU-FD-Siberian,OKZ,federal_subject,https://rosstat.gov.ru/storage/mediabank/sved_57-t_2025.rar,2026-07-29
84,1,Altai Republic,Республика Алтай,RU,Siberian,"Skilled agricultural, forestry and fishery workers",6,38843.0,RUB,monthly,average_monthly_nominal_accrued_wage_october_survey,biennial_occupation_survey_57T,2025,,RU-FD-Siberian,OKZ,federal_subject,https://rosstat.gov.ru/storage/mediabank/sved_57-t_2025.rar,2026-07-29
84,1,Altai Republic,Республика Алтай,RU,Siberian,Craft and related trades workers,7,66065.0,RUB,monthly,average_monthly_nominal_accrued_wage_october_survey,biennial_occupation_survey_57T,2025,,RU-FD-Siberian,OKZ,federal_subject,https://rosstat.gov.ru/storage/mediabank/sved_57-t_2025.rar,2026-07-29
84,1,Altai Republic,Республика Алтай,RU,Siberian,Plant and machine operators and assemblers,8,60434.0,RUB,monthly,average_monthly_nominal_accrued_wage_october_survey,biennial_occupation_survey_57T,2025,,RU-FD-Siberian,OKZ,federal_subject,https://rosstat.gov.ru/storage/mediabank/sved_57-t_2025.rar,2026-07-29
84,1,Altai Republic,Республика Алтай,RU,Siberian,Elementary occupations,9,42489.0,RUB,monthly,average_monthly_nominal_accrued_wage_october_survey,biennial_occupation_survey_57T,2025,,RU-FD-Siberian,OKZ,federal_subject,https://rosstat.gov.ru/storage/mediabank/sved_57-t_2025.rar,2026-07-29
93,1,Tyva Republic,Республика Тыва,RU,Siberian,Total,,62690.0,RUB,monthly,average_monthly_nominal_accrued_wage_october_survey,biennial_occupation_survey_57T,2025,,RU-FD-Siberian,OKZ,federal_subject,https://rosstat.gov.ru/storage/mediabank/sved_57-t_2025.rar,2026-07-29
93,1,Tyva Republic,Республика Тыва,RU,Siberian,Managers,1,97341.0,RUB,monthly,average_monthly_nominal_accrued_wage_october_survey,biennial_occupation_survey_57T,2025,,RU-FD-Siberian,OKZ,federal_subject,https://rosstat.gov.ru/storage/mediabank/sved_57-t_2025.rar,2026-07-29
93,1,Tyva Republic,Республика Тыва,RU,Siberian,Professionals,2,60120.0,RUB,monthly,average_monthly_nominal_accrued_wage_october_survey,biennial_occupation_survey_57T,2025,,RU-FD-Siberian,OKZ,federal_subject,https://rosstat.gov.ru/storage/mediabank/sved_57-t_2025.rar,2026-07-29
93,1,Tyva Republic,Республика Тыва,RU,Siberian,Technicians and associate professionals,3,65355.0,RUB,monthly,average_monthly_nominal_accrued_wage_october_survey,biennial_occupation_survey_57T,2025,,RU-FD-Siberian,OKZ,federal_subject,https://rosstat.gov.ru/storage/mediabank/sved_57-t_2025.rar,2026-07-29
93,1,Tyva Republic,Республика Тыва,RU,Siberian,Clerical support workers,4,48264.0,RUB,monthly,average_monthly_nominal_accrued_wage_october_survey,biennial_occupation_survey_57T,2025,,RU-FD-Siberian,OKZ,federal_subject,https://rosstat.gov.ru/storage/mediabank/sved_57-t_2025.rar,2026-07-29
93,1,Tyva Republic,Республика Тыва,RU,Siberian,Service and sales workers,5,49611.0,RUB,monthly,average_monthly_nominal_accrued_wage_october_survey,biennial_occupation_survey_57T,2025,,RU-FD-Siberian,OKZ,federal_subject,https://rosstat.gov.ru/storage/mediabank/sved_57-t_2025.rar,2026-07-29
93,1,Tyva Republic,Республика Тыва,RU,Siberian,"Skilled agricultural, forestry and fishery workers",6,72351.0,RUB,monthly,average_monthly_nominal_accrued_wage_october_survey,biennial_occupation_survey_57T,2025,,RU-FD-Siberian,OKZ,federal_subject,https://rosstat.gov.ru/storage/mediabank/sved_57-t_2025.rar,2026-07-29
93,1,Tyva Republic,Республика Тыва,RU,Siberian,Craft and related trades workers,7,75379.0,RUB,monthly,average_monthly_nominal_accrued_wage_october_survey,biennial_occupation_survey_57T,2025,,RU-FD-Siberian,OKZ,federal_subject,https://rosstat.gov.ru/storage/mediabank/sved_57-t_2025.rar,2026-07-29
93,1,Tyva Republic,Республика Тыва,RU,Siberian,Plant and machine operators and assemblers,8,78317.0,RUB,monthly,average_monthly_nominal_accrued_wage_october_survey,biennial_occupation_survey_57T,2025,,RU-FD-Siberian,OKZ,federal_subject,https://rosstat.gov.ru/storage/mediabank/sved_57-t_2025.rar,2026-07-29
93,1,Tyva Republic,Республика Тыва,RU,Siberian,Elementary occupations,9,50977.0,RUB,monthly,average_monthly_nominal_accrued_wage_october_survey,biennial_occupation_survey_57T,2025,,RU-FD-Siberian,OKZ,federal_subject,https://rosstat.gov.ru/storage/mediabank/sved_57-t_2025.rar,2026-07-29
95,1,Republic of Khakassia,Республика Хакасия,RU,Siberian,Total,,75608.0,RUB,monthly,average_monthly_nominal_accrued_wage_october_survey,biennial_occupation_survey_57T,2025,,RU-FD-Siberian,OKZ,federal_subject,https://rosstat.gov.ru/storage/mediabank/sved_57-t_2025.rar,2026-07-29
95,1,Republic of Khakassia,Республика Хакасия,RU,Siberian,Managers,1,118874.0,RUB,monthly,average_monthly_nominal_accrued_wage_october_survey,biennial_occupation_survey_57T,2025,,RU-FD-Siberian,OKZ,federal_subject,https://rosstat.gov.ru/storage/mediabank/sved_57-t_2025.rar,2026-07-29
95,1,Republic of Khakassia,Республика Хакасия,RU,Siberian,Professionals,2,68687.0,RUB,monthly,average_monthly_nominal_accrued_wage_october_survey,biennial_occupation_survey_57T,2025,,RU-FD-Siberian,OKZ,federal_subject,https://rosstat.gov.ru/storage/mediabank/sved_57-t_2025.rar,2026-07-29
95,1,Republic of Khakassia,Республика Хакасия,RU,Siberian,Technicians and associate professionals,3,71759.0,RUB,monthly,average_monthly_nominal_accrued_wage_october_survey,biennial_occupation_survey_57T,2025,,RU-FD-Siberian,OKZ,federal_subject,https://rosstat.gov.ru/storage/mediabank/sved_57-t_2025.rar,2026-07-29
95,1,Republic of Khakassia,Республика Хакасия,RU,Siberian,Clerical support workers,4,57003.0,RUB,monthly,average_monthly_nominal_accrued_wage_october_survey,biennial_occupation_survey_57T,2025,,RU-FD-Siberian,OKZ,federal_subject,https://rosstat.gov.ru/storage/mediabank/sved_57-t_2025.rar,2026-07-29
95,1,Republic of Khakassia,Республика Хакасия,RU,Siberian,Service and sales workers,5,44462.0,RUB,monthly,average_monthly_nominal_accrued_wage_october_survey,biennial_occupation_survey_57T,2025,,RU-FD-Siberian,OKZ,federal_subject,https://rosstat.gov.ru/storage/mediabank/sved_57-t_2025.rar,2026-07-29
95,1,Republic of Khakassia,Республика Хакасия,RU,Siberian,"Skilled agricultural, forestry and fishery workers",6,51393.0,RUB,monthly,average_monthly_nominal_accrued_wage_october_survey,biennial_occupation_survey_57T,2025,,RU-FD-Siberian,OKZ,federal_subject,https://rosstat.gov.ru/storage/mediabank/sved_57-t_2025.rar,2026-07-29
95,1,Republic of Khakassia,Республика Хакасия,RU,Siberian,Craft and related trades workers,7,95855.0,RUB,monthly,average_monthly_nominal_accrued_wage_october_survey,biennial_occupation_survey_57T,2025,,RU-FD-Siberian,OKZ,federal_subject,https://rosstat.gov.ru/storage/mediabank/sved_57-t_2025.rar,2026-07-29
95,1,Republic of Khakassia,Республика Хакасия,RU,Siberian,Plant and machine operators and assemblers,8,94187.0,RUB,monthly,average_monthly_nominal_accrued_wage_october_survey,biennial_occupation_survey_57T,2025,,RU-FD-Siberian,OKZ,federal_subject,https://rosstat.gov.ru/storage/mediabank/sved_57-t_2025.rar,2026-07-29
95,1,Republic of Khakassia,Республика Хакасия,RU,Siberian,Elementary occupations,9,49873.0,RUB,monthly,average_monthly_nominal_accrued_wage_october_survey,biennial_occupation_survey_57T,2025,,RU-FD-Siberian,OKZ,federal_subject,https://rosstat.gov.ru/storage/mediabank/sved_57-t_2025.rar,2026-07-29
01,1,Altai Krai,Алтайский край,RU,Siberian,Total,,65224.0,RUB,monthly,average_monthly_nominal_accrued_wage_october_survey,biennial_occupation_survey_57T,2025,,RU-FD-Siberian,OKZ,federal_subject,https://rosstat.gov.ru/storage/mediabank/sved_57-t_2025.rar,2026-07-29
01,1,Altai Krai,Алтайский край,RU,Siberian,Managers,1,100297.0,RUB,monthly,average_monthly_nominal_accrued_wage_october_survey,biennial_occupation_survey_57T,2025,,RU-FD-Siberian,OKZ,federal_subject,https://rosstat.gov.ru/storage/mediabank/sved_57-t_2025.rar,2026-07-29
01,1,Altai Krai,Алтайский край,RU,Siberian,Professionals,2,68079.0,RUB,monthly,average_monthly_nominal_accrued_wage_october_survey,biennial_occupation_survey_57T,2025,,RU-FD-Siberian,OKZ,federal_subject,https://rosstat.gov.ru/storage/mediabank/sved_57-t_2025.rar,2026-07-29
01,1,Altai Krai,Алтайский край,RU,Siberian,Technicians and associate professionals,3,58606.0,RUB,monthly,average_monthly_nominal_accrued_wage_october_survey,biennial_occupation_survey_57T,2025,,RU-FD-Siberian,OKZ,federal_subject,https://rosstat.gov.ru/storage/mediabank/sved_57-t_2025.rar,2026-07-29
01,1,Altai Krai,Алтайский край,RU,Siberian,Clerical support workers,4,45807.0,RUB,monthly,average_monthly_nominal_accrued_wage_october_survey,biennial_occupation_survey_57T,2025,,RU-FD-Siberian,OKZ,federal_subject,https://rosstat.gov.ru/storage/mediabank/sved_57-t_2025.rar,2026-07-29
01,1,Altai Krai,Алтайский край,RU,Siberian,Service and sales workers,5,46078.0,RUB,monthly,average_monthly_nominal_accrued_wage_october_survey,biennial_occupation_survey_57T,2025,,RU-FD-Siberian,OKZ,federal_subject,https://rosstat.gov.ru/storage/mediabank/sved_57-t_2025.rar,2026-07-29
01,1,Altai Krai,Алтайский край,RU,Siberian,"Skilled agricultural, forestry and fishery workers",6,62836.0,RUB,monthly,average_monthly_nominal_accrued_wage_october_survey,biennial_occupation_survey_57T,2025,,RU-FD-Siberian,OKZ,federal_subject,https://rosstat.gov.ru/storage/mediabank/sved_57-t_2025.rar,2026-07-29
01,1,Altai Krai,Алтайский край,RU,Siberian,Craft and related trades workers,7,76890.0,RUB,monthly,average_monthly_nominal_accrued_wage_october_survey,biennial_occupation_survey_57T,2025,,RU-FD-Siberian,OKZ,federal_subject,https://rosstat.gov.ru/storage/mediabank/sved_57-t_2025.rar,2026-07-29
01,1,Altai Krai,Алтайский край,RU,Siberian,Plant and machine operators and assemblers,8,75600.0,RUB,monthly,average_monthly_nominal_accrued_wage_october_survey,biennial_occupation_survey_57T,2025,,RU-FD-Siberian,OKZ,federal_subject,https://rosstat.gov.ru/storage/mediabank/sved_57-t_2025.rar,2026-07-29
01,1,Altai Krai,Алтайский край,RU,Siberian,Elementary occupations,9,40751.0,RUB,monthly,average_monthly_nominal_accrued_wage_october_survey,biennial_occupation_survey_57T,2025,,RU-FD-Siberian,OKZ,federal_subject,https://rosstat.gov.ru/storage/mediabank/sved_57-t_2025.rar,2026-07-29
04,1,Krasnoyarsk Krai,Красноярский край,RU,Siberian,Total,,105244.0,RUB,monthly,average_monthly_nominal_accrued_wage_october_survey,biennial_occupation_survey_57T,2025,,RU-FD-Siberian,OKZ,federal_subject,https://rosstat.gov.ru/storage/mediabank/sved_57-t_2025.rar,2026-07-29
04,1,Krasnoyarsk Krai,Красноярский край,RU,Siberian,Managers,1,172789.0,RUB,monthly,average_monthly_nominal_accrued_wage_october_survey,biennial_occupation_survey_57T,2025,,RU-FD-Siberian,OKZ,federal_subject,https://rosstat.gov.ru/storage/mediabank/sved_57-t_2025.rar,2026-07-29
04,1,Krasnoyarsk Krai,Красноярский край,RU,Siberian,Professionals,2,108011.0,RUB,monthly,average_monthly_nominal_accrued_wage_october_survey,biennial_occupation_survey_57T,2025,,RU-FD-Siberian,OKZ,federal_subject,https://rosstat.gov.ru/storage/mediabank/sved_57-t_2025.rar,2026-07-29
04,1,Krasnoyarsk Krai,Красноярский край,RU,Siberian,Technicians and associate professionals,3,102968.0,RUB,monthly,average_monthly_nominal_accrued_wage_october_survey,biennial_occupation_survey_57T,2025,,RU-FD-Siberian,OKZ,federal_subject,https://rosstat.gov.ru/storage/mediabank/sved_57-t_2025.rar,2026-07-29
04,1,Krasnoyarsk Krai,Красноярский край,RU,Siberian,Clerical support workers,4,67569.0,RUB,monthly,average_monthly_nominal_accrued_wage_october_survey,biennial_occupation_survey_57T,2025,,RU-FD-Siberian,OKZ,federal_subject,https://rosstat.gov.ru/storage/mediabank/sved_57-t_2025.rar,2026-07-29
04,1,Krasnoyarsk Krai,Красноярский край,RU,Siberian,Service and sales workers,5,65223.0,RUB,monthly,average_monthly_nominal_accrued_wage_october_survey,biennial_occupation_survey_57T,2025,,RU-FD-Siberian,OKZ,federal_subject,https://rosstat.gov.ru/storage/mediabank/sved_57-t_2025.rar,2026-07-29
04,1,Krasnoyarsk Krai,Красноярский край,RU,Siberian,"Skilled agricultural, forestry and fishery workers",6,75583.0,RUB,monthly,average_monthly_nominal_accrued_wage_october_survey,biennial_occupation_survey_57T,2025,,RU-FD-Siberian,OKZ,federal_subject,https://rosstat.gov.ru/storage/mediabank/sved_57-t_2025.rar,2026-07-29
04,1,Krasnoyarsk Krai,Красноярский край,RU,Siberian,Craft and related trades workers,7,113330.0,RUB,monthly,average_monthly_nominal_accrued_wage_october_survey,biennial_occupation_survey_57T,2025,,RU-FD-Siberian,OKZ,federal_subject,https://rosstat.gov.ru/storage/mediabank/sved_57-t_2025.rar,2026-07-29
04,1,Krasnoyarsk Krai,Красноярский край,RU,Siberian,Plant and machine operators and assemblers,8,121944.0,RUB,monthly,average_monthly_nominal_accrued_wage_october_survey,biennial_occupation_survey_57T,2025,,RU-FD-Siberian,OKZ,federal_subject,https://rosstat.gov.ru/storage/mediabank/sved_57-t_2025.rar,2026-07-29
04,1,Krasnoyarsk Krai,Красноярский край,RU,Siberian,Elementary occupations,9,54316.0,RUB,monthly,average_monthly_nominal_accrued_wage_october_survey,biennial_occupation_survey_57T,2025,,RU-FD-Siberian,OKZ,federal_subject,https://rosstat.gov.ru/storage/mediabank/sved_57-t_2025.rar,2026-07-29
25,1,Irkutsk Oblast,Иркутская область,RU,Siberian,Total,,95010.0,RUB,monthly,average_monthly_nominal_accrued_wage_october_survey,biennial_occupation_survey_57T,2025,,RU-FD-Siberian,OKZ,federal_subject,https://rosstat.gov.ru/storage/mediabank/sved_57-t_2025.rar,2026-07-29
25,1,Irkutsk Oblast,Иркутская область,RU,Siberian,Managers,1,154019.0,RUB,monthly,average_monthly_nominal_accrued_wage_october_survey,biennial_occupation_survey_57T,2025,,RU-FD-Siberian,OKZ,federal_subject,https://rosstat.gov.ru/storage/mediabank/sved_57-t_2025.rar,2026-07-29
25,1,Irkutsk Oblast,Иркутская область,RU,Siberian,Professionals,2,90359.0,RUB,monthly,average_monthly_nominal_accrued_wage_october_survey,biennial_occupation_survey_57T,2025,,RU-FD-Siberian,OKZ,federal_subject,https://rosstat.gov.ru/storage/mediabank/sved_57-t_2025.rar,2026-07-29
25,1,Irkutsk Oblast,Иркутская область,RU,Siberian,Technicians and associate professionals,3,87301.0,RUB,monthly,average_monthly_nominal_accrued_wage_october_survey,biennial_occupation_survey_57T,2025,,RU-FD-Siberian,OKZ,federal_subject,https://rosstat.gov.ru/storage/mediabank/sved_57-t_2025.rar,2026-07-29
25,1,Irkutsk Oblast,Иркутская область,RU,Siberian,Clerical support workers,4,69343.0,RUB,monthly,average_monthly_nominal_accrued_wage_october_survey,biennial_occupation_survey_57T,2025,,RU-FD-Siberian,OKZ,federal_subject,https://rosstat.gov.ru/storage/mediabank/sved_57-t_2025.rar,2026-07-29
25,1,Irkutsk Oblast,Иркутская область,RU,Siberian,Service and sales workers,5,64308.0,RUB,monthly,average_monthly_nominal_accrued_wage_october_survey,biennial_occupation_survey_57T,2025,,RU-FD-Siberian,OKZ,federal_subject,https://rosstat.gov.ru/storage/mediabank/sved_57-t_2025.rar,2026-07-29
25,1,Irkutsk Oblast,Иркутская область,RU,Siberian,"Skilled agricultural, forestry and fishery workers",6,77443.0,RUB,monthly,average_monthly_nominal_accrued_wage_october_survey,biennial_occupation_survey_57T,2025,,RU-FD-Siberian,OKZ,federal_subject,https://rosstat.gov.ru/storage/mediabank/sved_57-t_2025.rar,2026-07-29
25,1,Irkutsk Oblast,Иркутская область,RU,Siberian,Craft and related trades workers,7,107400.0,RUB,monthly,average_monthly_nominal_accrued_wage_october_survey,biennial_occupation_survey_57T,2025,,RU-FD-Siberian,OKZ,federal_subject,https://rosstat.gov.ru/storage/mediabank/sved_57-t_2025.rar,2026-07-29
25,1,Irkutsk Oblast,Иркутская область,RU,Siberian,Plant and machine operators and assemblers,8,113904.0,RUB,monthly,average_monthly_nominal_accrued_wage_october_survey,biennial_occupation_survey_57T,2025,,RU-FD-Siberian,OKZ,federal_subject,https://rosstat.gov.ru/storage/mediabank/sved_57-t_2025.rar,2026-07-29
25,1,Irkutsk Oblast,Иркутская область,RU,Siberian,Elementary occupations,9,52817.0,RUB,monthly,average_monthly_nominal_accrued_wage_october_survey,biennial_occupation_survey_57T,2025,,RU-FD-Siberian,OKZ,federal_subject,https://rosstat.gov.ru/storage/mediabank/sved_57-t_2025.rar,2026-07-29
32,1,Kemerovo Oblast,Кемеровская область,RU,Siberian,Total,,82328.0,RUB,monthly,average_monthly_nominal_accrued_wage_october_survey,biennial_occupation_survey_57T,2025,,RU-FD-Siberian,OKZ,federal_subject,https://rosstat.gov.ru/storage/mediabank/sved_57-t_2025.rar,2026-07-29
32,1,Kemerovo Oblast,Кемеровская область,RU,Siberian,Managers,1,141767.0,RUB,monthly,average_monthly_nominal_accrued_wage_october_survey,biennial_occupation_survey_57T,2025,,RU-FD-Siberian,OKZ,federal_subject,https://rosstat.gov.ru/storage/mediabank/sved_57-t_2025.rar,2026-07-29
32,1,Kemerovo Oblast,Кемеровская область,RU,Siberian,Professionals,2,77741.0,RUB,monthly,average_monthly_nominal_accrued_wage_october_survey,biennial_occupation_survey_57T,2025,,RU-FD-Siberian,OKZ,federal_subject,https://rosstat.gov.ru/storage/mediabank/sved_57-t_2025.rar,2026-07-29
32,1,Kemerovo Oblast,Кемеровская область,RU,Siberian,Technicians and associate professionals,3,77808.0,RUB,monthly,average_monthly_nominal_accrued_wage_october_survey,biennial_occupation_survey_57T,2025,,RU-FD-Siberian,OKZ,federal_subject,https://rosstat.gov.ru/storage/mediabank/sved_57-t_2025.rar,2026-07-29
32,1,Kemerovo Oblast,Кемеровская область,RU,Siberian,Clerical support workers,4,60101.0,RUB,monthly,average_monthly_nominal_accrued_wage_october_survey,biennial_occupation_survey_57T,2025,,RU-FD-Siberian,OKZ,federal_subject,https://rosstat.gov.ru/storage/mediabank/sved_57-t_2025.rar,2026-07-29
32,1,Kemerovo Oblast,Кемеровская область,RU,Siberian,Service and sales workers,5,47027.0,RUB,monthly,average_monthly_nominal_accrued_wage_october_survey,biennial_occupation_survey_57T,2025,,RU-FD-Siberian,OKZ,federal_subject,https://rosstat.gov.ru/storage/mediabank/sved_57-t_2025.rar,2026-07-29
32,1,Kemerovo Oblast,Кемеровская область,RU,Siberian,"Skilled agricultural, forestry and fishery workers",6,79496.0,RUB,monthly,average_monthly_nominal_accrued_wage_october_survey,biennial_occupation_survey_57T,2025,,RU-FD-Siberian,OKZ,federal_subject,https://rosstat.gov.ru/storage/mediabank/sved_57-t_2025.rar,2026-07-29
32,1,Kemerovo Oblast,Кемеровская область,RU,Siberian,Craft and related trades workers,7,88330.0,RUB,monthly,average_monthly_nominal_accrued_wage_october_survey,biennial_occupation_survey_57T,2025,,RU-FD-Siberian,OKZ,federal_subject,https://rosstat.gov.ru/storage/mediabank/sved_57-t_2025.rar,2026-07-29
32,1,Kemerovo Oblast,Кемеровская область,RU,Siberian,Plant and machine operators and assemblers,8,97076.0,RUB,monthly,average_monthly_nominal_accrued_wage_october_survey,biennial_occupation_survey_57T,2025,,RU-FD-Siberian,OKZ,federal_subject,https://rosstat.gov.ru/storage/mediabank/sved_57-t_2025.rar,2026-07-29
32,1,Kemerovo Oblast,Кемеровская область,RU,Siberian,Elementary occupations,9,43318.0,RUB,monthly,average_monthly_nominal_accrued_wage_october_survey,biennial_occupation_survey_57T,2025,,RU-FD-Siberian,OKZ,federal_subject,https://rosstat.gov.ru/storage/mediabank/sved_57-t_2025.rar,2026-07-29
50,1,Novosibirsk Oblast,Новосибирская область,RU,Siberian,Total,,92161.0,RUB,monthly,average_monthly_nominal_accrued_wage_october_survey,biennial_occupation_survey_57T,2025,,RU-FD-Siberian,OKZ,federal_subject,https://rosstat.gov.ru/storage/mediabank/sved_57-t_2025.rar,2026-07-29
50,1,Novosibirsk Oblast,Новосибирская область,RU,Siberian,Managers,1,159819.0,RUB,monthly,average_monthly_nominal_accrued_wage_october_survey,biennial_occupation_survey_57T,2025,,RU-FD-Siberian,OKZ,federal_subject,https://rosstat.gov.ru/storage/mediabank/sved_57-t_2025.rar,2026-07-29
50,1,Novosibirsk Oblast,Новосибирская область,RU,Siberian,Professionals,2,100240.0,RUB,monthly,average_monthly_nominal_accrued_wage_october_survey,biennial_occupation_survey_57T,2025,,RU-FD-Siberian,OKZ,federal_subject,https://rosstat.gov.ru/storage/mediabank/sved_57-t_2025.rar,2026-07-29
50,1,Novosibirsk Oblast,Новосибирская область,RU,Siberian,Technicians and associate professionals,3,82632.0,RUB,monthly,average_monthly_nominal_accrued_wage_october_survey,biennial_occupation_survey_57T,2025,,RU-FD-Siberian,OKZ,federal_subject,https://rosstat.gov.ru/storage/mediabank/sved_57-t_2025.rar,2026-07-29
50,1,Novosibirsk Oblast,Новосибирская область,RU,Siberian,Clerical support workers,4,63555.0,RUB,monthly,average_monthly_nominal_accrued_wage_october_survey,biennial_occupation_survey_57T,2025,,RU-FD-Siberian,OKZ,federal_subject,https://rosstat.gov.ru/storage/mediabank/sved_57-t_2025.rar,2026-07-29
50,1,Novosibirsk Oblast,Новосибирская область,RU,Siberian,Service and sales workers,5,58406.0,RUB,monthly,average_monthly_nominal_accrued_wage_october_survey,biennial_occupation_survey_57T,2025,,RU-FD-Siberian,OKZ,federal_subject,https://rosstat.gov.ru/storage/mediabank/sved_57-t_2025.rar,2026-07-29
50,1,Novosibirsk Oblast,Новосибирская область,RU,Siberian,"Skilled agricultural, forestry and fishery workers",6,60085.0,RUB,monthly,average_monthly_nominal_accrued_wage_october_survey,biennial_occupation_survey_57T,2025,,RU-FD-Siberian,OKZ,federal_subject,https://rosstat.gov.ru/storage/mediabank/sved_57-t_2025.rar,2026-07-29
50,1,Novosibirsk Oblast,Новосибирская область,RU,Siberian,Craft and related trades workers,7,91832.0,RUB,monthly,average_monthly_nominal_accrued_wage_october_survey,biennial_occupation_survey_57T,2025,,RU-FD-Siberian,OKZ,federal_subject,https://rosstat.gov.ru/storage/mediabank/sved_57-t_2025.rar,2026-07-29
50,1,Novosibirsk Oblast,Новосибирская область,RU,Siberian,Plant and machine operators and assemblers,8,89042.0,RUB,monthly,average_monthly_nominal_accrued_wage_october_survey,biennial_occupation_survey_57T,2025,,RU-FD-Siberian,OKZ,federal_subject,https://rosstat.gov.ru/storage/mediabank/sved_57-t_2025.rar,2026-07-29
50,1,Novosibirsk Oblast,Новосибирская область,RU,Siberian,Elementary occupations,9,58267.0,RUB,monthly,average_monthly_nominal_accrued_wage_october_survey,biennial_occupation_survey_57T,2025,,RU-FD-Siberian,OKZ,federal_subject,https://rosstat.gov.ru/storage/mediabank/sved_57-t_2025.rar,2026-07-29
52,1,Omsk Oblast,Омская область,RU,Siberian,Total,,71554.0,RUB,monthly,average_monthly_nominal_accrued_wage_october_survey,biennial_occupation_survey_57T,2025,,RU-FD-Siberian,OKZ,federal_subject,https://rosstat.gov.ru/storage/mediabank/sved_57-t_2025.rar,2026-07-29
52,1,Omsk Oblast,Омская область,RU,Siberian,Managers,1,107701.0,RUB,monthly,average_monthly_nominal_accrued_wage_october_survey,biennial_occupation_survey_57T,2025,,RU-FD-Siberian,OKZ,federal_subject,https://rosstat.gov.ru/storage/mediabank/sved_57-t_2025.rar,2026-07-29
52,1,Omsk Oblast,Омская область,RU,Siberian,Professionals,2,69538.0,RUB,monthly,average_monthly_nominal_accrued_wage_october_survey,biennial_occupation_survey_57T,2025,,RU-FD-Siberian,OKZ,federal_subject,https://rosstat.gov.ru/storage/mediabank/sved_57-t_2025.rar,2026-07-29
52,1,Omsk Oblast,Омская область,RU,Siberian,Technicians and associate professionals,3,71678.0,RUB,monthly,average_monthly_nominal_accrued_wage_october_survey,biennial_occupation_survey_57T,2025,,RU-FD-Siberian,OKZ,federal_subject,https://rosstat.gov.ru/storage/mediabank/sved_57-t_2025.rar,2026-07-29
52,1,Omsk Oblast,Омская область,RU,Siberian,Clerical support workers,4,45345.0,RUB,monthly,average_monthly_nominal_accrued_wage_october_survey,biennial_occupation_survey_57T,2025,,RU-FD-Siberian,OKZ,federal_subject,https://rosstat.gov.ru/storage/mediabank/sved_57-t_2025.rar,2026-07-29
52,1,Omsk Oblast,Омская область,RU,Siberian,Service and sales workers,5,46321.0,RUB,monthly,average_monthly_nominal_accrued_wage_october_survey,biennial_occupation_survey_57T,2025,,RU-FD-Siberian,OKZ,federal_subject,https://rosstat.gov.ru/storage/mediabank/sved_57-t_2025.rar,2026-07-29
52,1,Omsk Oblast,Омская область,RU,Siberian,"Skilled agricultural, forestry and fishery workers",6,62735.0,RUB,monthly,average_monthly_nominal_accrued_wage_october_survey,biennial_occupation_survey_57T,2025,,RU-FD-Siberian,OKZ,federal_subject,https://rosstat.gov.ru/storage/mediabank/sved_57-t_2025.rar,2026-07-29
52,1,Omsk Oblast,Омская область,RU,Siberian,Craft and related trades workers,7,87602.0,RUB,monthly,average_monthly_nominal_accrued_wage_october_survey,biennial_occupation_survey_57T,2025,,RU-FD-Siberian,OKZ,federal_subject,https://rosstat.gov.ru/storage/mediabank/sved_57-t_2025.rar,2026-07-29
52,1,Omsk Oblast,Омская область,RU,Siberian,Plant and machine operators and assemblers,8,79212.0,RUB,monthly,average_monthly_nominal_accrued_wage_october_survey,biennial_occupation_survey_57T,2025,,RU-FD-Siberian,OKZ,federal_subject,https://rosstat.gov.ru/storage/mediabank/sved_57-t_2025.rar,2026-07-29
52,1,Omsk Oblast,Омская область,RU,Siberian,Elementary occupations,9,43290.0,RUB,monthly,average_monthly_nominal_accrued_wage_october_survey,biennial_occupation_survey_57T,2025,,RU-FD-Siberian,OKZ,federal_subject,https://rosstat.gov.ru/storage/mediabank/sved_57-t_2025.rar,2026-07-29
69,1,Tomsk Oblast,Томская область,RU,Siberian,Total,,86372.0,RUB,monthly,average_monthly_nominal_accrued_wage_october_survey,biennial_occupation_survey_57T,2025,,RU-FD-Siberian,OKZ,federal_subject,https://rosstat.gov.ru/storage/mediabank/sved_57-t_2025.rar,2026-07-29
69,1,Tomsk Oblast,Томская область,RU,Siberian,Managers,1,148081.0,RUB,monthly,average_monthly_nominal_accrued_wage_october_survey,biennial_occupation_survey_57T,2025,,RU-FD-Siberian,OKZ,federal_subject,https://rosstat.gov.ru/storage/mediabank/sved_57-t_2025.rar,2026-07-29
69,1,Tomsk Oblast,Томская область,RU,Siberian,Professionals,2,93934.0,RUB,monthly,average_monthly_nominal_accrued_wage_october_survey,biennial_occupation_survey_57T,2025,,RU-FD-Siberian,OKZ,federal_subject,https://rosstat.gov.ru/storage/mediabank/sved_57-t_2025.rar,2026-07-29
69,1,Tomsk Oblast,Томская область,RU,Siberian,Technicians and associate professionals,3,78843.0,RUB,monthly,average_monthly_nominal_accrued_wage_october_survey,biennial_occupation_survey_57T,2025,,RU-FD-Siberian,OKZ,federal_subject,https://rosstat.gov.ru/storage/mediabank/sved_57-t_2025.rar,2026-07-29
69,1,Tomsk Oblast,Томская область,RU,Siberian,Clerical support workers,4,53165.0,RUB,monthly,average_monthly_nominal_accrued_wage_october_survey,biennial_occupation_survey_57T,2025,,RU-FD-Siberian,OKZ,federal_subject,https://rosstat.gov.ru/storage/mediabank/sved_57-t_2025.rar,2026-07-29
69,1,Tomsk Oblast,Томская область,RU,Siberian,Service and sales workers,5,56813.0,RUB,monthly,average_monthly_nominal_accrued_wage_october_survey,biennial_occupation_survey_57T,2025,,RU-FD-Siberian,OKZ,federal_subject,https://rosstat.gov.ru/storage/mediabank/sved_57-t_2025.rar,2026-07-29
69,1,Tomsk Oblast,Томская область,RU,Siberian,"Skilled agricultural, forestry and fishery workers",6,77330.0,RUB,monthly,average_monthly_nominal_accrued_wage_october_survey,biennial_occupation_survey_57T,2025,,RU-FD-Siberian,OKZ,federal_subject,https://rosstat.gov.ru/storage/mediabank/sved_57-t_2025.rar,2026-07-29
69,1,Tomsk Oblast,Томская область,RU,Siberian,Craft and related trades workers,7,85834.0,RUB,monthly,average_monthly_nominal_accrued_wage_october_survey,biennial_occupation_survey_57T,2025,,RU-FD-Siberian,OKZ,federal_subject,https://rosstat.gov.ru/storage/mediabank/sved_57-t_2025.rar,2026-07-29
69,1,Tomsk Oblast,Томская область,RU,Siberian,Plant and machine operators and assemblers,8,87537.0,RUB,monthly,average_monthly_nominal_accrued_wage_october_survey,biennial_occupation_survey_57T,2025,,RU-FD-Siberian,OKZ,federal_subject,https://rosstat.gov.ru/storage/mediabank/sved_57-t_2025.rar,2026-07-29
69,1,Tomsk Oblast,Томская область,RU,Siberian,Elementary occupations,9,47111.0,RUB,monthly,average_monthly_nominal_accrued_wage_october_survey,biennial_occupation_survey_57T,2025,,RU-FD-Siberian,OKZ,federal_subject,https://rosstat.gov.ru/storage/mediabank/sved_57-t_2025.rar,2026-07-29
RU-FD-FarEastern,0,Far Eastern Federal District,Дальневосточный федеральный округ,RU,Far Eastern,Total,,115972.0,RUB,monthly,average_monthly_nominal_accrued_wage_october_survey,biennial_occupation_survey_57T,2025,,RU-NAT,OKZ,federal_district,https://rosstat.gov.ru/storage/mediabank/sved_57-t_2025.rar,2026-07-29
RU-FD-FarEastern,0,Far Eastern Federal District,Дальневосточный федеральный округ,RU,Far Eastern,Managers,1,184336.0,RUB,monthly,average_monthly_nominal_accrued_wage_october_survey,biennial_occupation_survey_57T,2025,,RU-NAT,OKZ,federal_district,https://rosstat.gov.ru/storage/mediabank/sved_57-t_2025.rar,2026-07-29
RU-FD-FarEastern,0,Far Eastern Federal District,Дальневосточный федеральный округ,RU,Far Eastern,Professionals,2,114426.0,RUB,monthly,average_monthly_nominal_accrued_wage_october_survey,biennial_occupation_survey_57T,2025,,RU-NAT,OKZ,federal_district,https://rosstat.gov.ru/storage/mediabank/sved_57-t_2025.rar,2026-07-29
RU-FD-FarEastern,0,Far Eastern Federal District,Дальневосточный федеральный округ,RU,Far Eastern,Technicians and associate professionals,3,116486.0,RUB,monthly,average_monthly_nominal_accrued_wage_october_survey,biennial_occupation_survey_57T,2025,,RU-NAT,OKZ,federal_district,https://rosstat.gov.ru/storage/mediabank/sved_57-t_2025.rar,2026-07-29
RU-FD-FarEastern,0,Far Eastern Federal District,Дальневосточный федеральный округ,RU,Far Eastern,Clerical support workers,4,78821.0,RUB,monthly,average_monthly_nominal_accrued_wage_october_survey,biennial_occupation_survey_57T,2025,,RU-NAT,OKZ,federal_district,https://rosstat.gov.ru/storage/mediabank/sved_57-t_2025.rar,2026-07-29
RU-FD-FarEastern,0,Far Eastern Federal District,Дальневосточный федеральный округ,RU,Far Eastern,Service and sales workers,5,70209.0,RUB,monthly,average_monthly_nominal_accrued_wage_october_survey,biennial_occupation_survey_57T,2025,,RU-NAT,OKZ,federal_district,https://rosstat.gov.ru/storage/mediabank/sved_57-t_2025.rar,2026-07-29
RU-FD-FarEastern,0,Far Eastern Federal District,Дальневосточный федеральный округ,RU,Far Eastern,"Skilled agricultural, forestry and fishery workers",6,83883.0,RUB,monthly,average_monthly_nominal_accrued_wage_october_survey,biennial_occupation_survey_57T,2025,,RU-NAT,OKZ,federal_district,https://rosstat.gov.ru/storage/mediabank/sved_57-t_2025.rar,2026-07-29
RU-FD-FarEastern,0,Far Eastern Federal District,Дальневосточный федеральный округ,RU,Far Eastern,Craft and related trades workers,7,125643.0,RUB,monthly,average_monthly_nominal_accrued_wage_october_survey,biennial_occupation_survey_57T,2025,,RU-NAT,OKZ,federal_district,https://rosstat.gov.ru/storage/mediabank/sved_57-t_2025.rar,2026-07-29
RU-FD-FarEastern,0,Far Eastern Federal District,Дальневосточный федеральный округ,RU,Far Eastern,Plant and machine operators and assemblers,8,137097.0,RUB,monthly,average_monthly_nominal_accrued_wage_october_survey,biennial_occupation_survey_57T,2025,,RU-NAT,OKZ,federal_district,https://rosstat.gov.ru/storage/mediabank/sved_57-t_2025.rar,2026-07-29
RU-FD-FarEastern,0,Far Eastern Federal District,Дальневосточный федеральный округ,RU,Far Eastern,Elementary occupations,9,62106.0,RUB,monthly,average_monthly_nominal_accrued_wage_october_survey,biennial_occupation_survey_57T,2025,,RU-NAT,OKZ,federal_district,https://rosstat.gov.ru/storage/mediabank/sved_57-t_2025.rar,2026-07-29
81,1,Republic of Buryatia,Республика Бурятия,RU,Far Eastern,Total,,79800.0,RUB,monthly,average_monthly_nominal_accrued_wage_october_survey,biennial_occupation_survey_57T,2025,,RU-FD-FarEastern,OKZ,federal_subject,https://rosstat.gov.ru/storage/mediabank/sved_57-t_2025.rar,2026-07-29
81,1,Republic of Buryatia,Республика Бурятия,RU,Far Eastern,Managers,1,126236.0,RUB,monthly,average_monthly_nominal_accrued_wage_october_survey,biennial_occupation_survey_57T,2025,,RU-FD-FarEastern,OKZ,federal_subject,https://rosstat.gov.ru/storage/mediabank/sved_57-t_2025.rar,2026-07-29
81,1,Republic of Buryatia,Республика Бурятия,RU,Far Eastern,Professionals,2,73481.0,RUB,monthly,average_monthly_nominal_accrued_wage_october_survey,biennial_occupation_survey_57T,2025,,RU-FD-FarEastern,OKZ,federal_subject,https://rosstat.gov.ru/storage/mediabank/sved_57-t_2025.rar,2026-07-29
81,1,Republic of Buryatia,Республика Бурятия,RU,Far Eastern,Technicians and associate professionals,3,75933.0,RUB,monthly,average_monthly_nominal_accrued_wage_october_survey,biennial_occupation_survey_57T,2025,,RU-FD-FarEastern,OKZ,federal_subject,https://rosstat.gov.ru/storage/mediabank/sved_57-t_2025.rar,2026-07-29
81,1,Republic of Buryatia,Республика Бурятия,RU,Far Eastern,Clerical support workers,4,54181.0,RUB,monthly,average_monthly_nominal_accrued_wage_october_survey,biennial_occupation_survey_57T,2025,,RU-FD-FarEastern,OKZ,federal_subject,https://rosstat.gov.ru/storage/mediabank/sved_57-t_2025.rar,2026-07-29
81,1,Republic of Buryatia,Республика Бурятия,RU,Far Eastern,Service and sales workers,5,49754.0,RUB,monthly,average_monthly_nominal_accrued_wage_october_survey,biennial_occupation_survey_57T,2025,,RU-FD-FarEastern,OKZ,federal_subject,https://rosstat.gov.ru/storage/mediabank/sved_57-t_2025.rar,2026-07-29
81,1,Republic of Buryatia,Республика Бурятия,RU,Far Eastern,"Skilled agricultural, forestry and fishery workers",6,81589.0,RUB,monthly,average_monthly_nominal_accrued_wage_october_survey,biennial_occupation_survey_57T,2025,,RU-FD-FarEastern,OKZ,federal_subject,https://rosstat.gov.ru/storage/mediabank/sved_57-t_2025.rar,2026-07-29
81,1,Republic of Buryatia,Республика Бурятия,RU,Far Eastern,Craft and related trades workers,7,102026.0,RUB,monthly,average_monthly_nominal_accrued_wage_october_survey,biennial_occupation_survey_57T,2025,,RU-FD-FarEastern,OKZ,federal_subject,https://rosstat.gov.ru/storage/mediabank/sved_57-t_2025.rar,2026-07-29
81,1,Republic of Buryatia,Республика Бурятия,RU,Far Eastern,Plant and machine operators and assemblers,8,99580.0,RUB,monthly,average_monthly_nominal_accrued_wage_october_survey,biennial_occupation_survey_57T,2025,,RU-FD-FarEastern,OKZ,federal_subject,https://rosstat.gov.ru/storage/mediabank/sved_57-t_2025.rar,2026-07-29
81,1,Republic of Buryatia,Республика Бурятия,RU,Far Eastern,Elementary occupations,9,45553.0,RUB,monthly,average_monthly_nominal_accrued_wage_october_survey,biennial_occupation_survey_57T,2025,,RU-FD-FarEastern,OKZ,federal_subject,https://rosstat.gov.ru/storage/mediabank/sved_57-t_2025.rar,2026-07-29
98,1,Sakha Republic (Yakutia),Республика Саха (Якутия),RU,Far Eastern,Total,,133013.0,RUB,monthly,average_monthly_nominal_accrued_wage_october_survey,biennial_occupation_survey_57T,2025,,RU-FD-FarEastern,OKZ,federal_subject,https://rosstat.gov.ru/storage/mediabank/sved_57-t_2025.rar,2026-07-29
98,1,Sakha Republic (Yakutia),Республика Саха (Якутия),RU,Far Eastern,Managers,1,205813.0,RUB,monthly,average_monthly_nominal_accrued_wage_october_survey,biennial_occupation_survey_57T,2025,,RU-FD-FarEastern,OKZ,federal_subject,https://rosstat.gov.ru/storage/mediabank/sved_57-t_2025.rar,2026-07-29
98,1,Sakha Republic (Yakutia),Республика Саха (Якутия),RU,Far Eastern,Professionals,2,124555.0,RUB,monthly,average_monthly_nominal_accrued_wage_october_survey,biennial_occupation_survey_57T,2025,,RU-FD-FarEastern,OKZ,federal_subject,https://rosstat.gov.ru/storage/mediabank/sved_57-t_2025.rar,2026-07-29
98,1,Sakha Republic (Yakutia),Республика Саха (Якутия),RU,Far Eastern,Technicians and associate professionals,3,130622.0,RUB,monthly,average_monthly_nominal_accrued_wage_october_survey,biennial_occupation_survey_57T,2025,,RU-FD-FarEastern,OKZ,federal_subject,https://rosstat.gov.ru/storage/mediabank/sved_57-t_2025.rar,2026-07-29
98,1,Sakha Republic (Yakutia),Республика Саха (Якутия),RU,Far Eastern,Clerical support workers,4,94773.0,RUB,monthly,average_monthly_nominal_accrued_wage_october_survey,biennial_occupation_survey_57T,2025,,RU-FD-FarEastern,OKZ,federal_subject,https://rosstat.gov.ru/storage/mediabank/sved_57-t_2025.rar,2026-07-29
98,1,Sakha Republic (Yakutia),Республика Саха (Якутия),RU,Far Eastern,Service and sales workers,5,89340.0,RUB,monthly,average_monthly_nominal_accrued_wage_october_survey,biennial_occupation_survey_57T,2025,,RU-FD-FarEastern,OKZ,federal_subject,https://rosstat.gov.ru/storage/mediabank/sved_57-t_2025.rar,2026-07-29
98,1,Sakha Republic (Yakutia),Республика Саха (Якутия),RU,Far Eastern,"Skilled agricultural, forestry and fishery workers",6,85413.0,RUB,monthly,average_monthly_nominal_accrued_wage_october_survey,biennial_occupation_survey_57T,2025,,RU-FD-FarEastern,OKZ,federal_subject,https://rosstat.gov.ru/storage/mediabank/sved_57-t_2025.rar,2026-07-29
98,1,Sakha Republic (Yakutia),Республика Саха (Якутия),RU,Far Eastern,Craft and related trades workers,7,150280.0,RUB,monthly,average_monthly_nominal_accrued_wage_october_survey,biennial_occupation_survey_57T,2025,,RU-FD-FarEastern,OKZ,federal_subject,https://rosstat.gov.ru/storage/mediabank/sved_57-t_2025.rar,2026-07-29
98,1,Sakha Republic (Yakutia),Республика Саха (Якутия),RU,Far Eastern,Plant and machine operators and assemblers,8,160521.0,RUB,monthly,average_monthly_nominal_accrued_wage_october_survey,biennial_occupation_survey_57T,2025,,RU-FD-FarEastern,OKZ,federal_subject,https://rosstat.gov.ru/storage/mediabank/sved_57-t_2025.rar,2026-07-29
98,1,Sakha Republic (Yakutia),Республика Саха (Якутия),RU,Far Eastern,Elementary occupations,9,72333.0,RUB,monthly,average_monthly_nominal_accrued_wage_october_survey,biennial_occupation_survey_57T,2025,,RU-FD-FarEastern,OKZ,federal_subject,https://rosstat.gov.ru/storage/mediabank/sved_57-t_2025.rar,2026-07-29
76,1,Zabaykalsky Krai,Забайкальский край,RU,Far Eastern,Total,,98127.0,RUB,monthly,average_monthly_nominal_accrued_wage_october_survey,biennial_occupation_survey_57T,2025,,RU-FD-FarEastern,OKZ,federal_subject,https://rosstat.gov.ru/storage/mediabank/sved_57-t_2025.rar,2026-07-29
76,1,Zabaykalsky Krai,Забайкальский край,RU,Far Eastern,Managers,1,150719.0,RUB,monthly,average_monthly_nominal_accrued_wage_october_survey,biennial_occupation_survey_57T,2025,,RU-FD-FarEastern,OKZ,federal_subject,https://rosstat.gov.ru/storage/mediabank/sved_57-t_2025.rar,2026-07-29
76,1,Zabaykalsky Krai,Забайкальский край,RU,Far Eastern,Professionals,2,93579.0,RUB,monthly,average_monthly_nominal_accrued_wage_october_survey,biennial_occupation_survey_57T,2025,,RU-FD-FarEastern,OKZ,federal_subject,https://rosstat.gov.ru/storage/mediabank/sved_57-t_2025.rar,2026-07-29
76,1,Zabaykalsky Krai,Забайкальский край,RU,Far Eastern,Technicians and associate professionals,3,85829.0,RUB,monthly,average_monthly_nominal_accrued_wage_october_survey,biennial_occupation_survey_57T,2025,,RU-FD-FarEastern,OKZ,federal_subject,https://rosstat.gov.ru/storage/mediabank/sved_57-t_2025.rar,2026-07-29
76,1,Zabaykalsky Krai,Забайкальский край,RU,Far Eastern,Clerical support workers,4,66936.0,RUB,monthly,average_monthly_nominal_accrued_wage_october_survey,biennial_occupation_survey_57T,2025,,RU-FD-FarEastern,OKZ,federal_subject,https://rosstat.gov.ru/storage/mediabank/sved_57-t_2025.rar,2026-07-29
76,1,Zabaykalsky Krai,Забайкальский край,RU,Far Eastern,Service and sales workers,5,55088.0,RUB,monthly,average_monthly_nominal_accrued_wage_october_survey,biennial_occupation_survey_57T,2025,,RU-FD-FarEastern,OKZ,federal_subject,https://rosstat.gov.ru/storage/mediabank/sved_57-t_2025.rar,2026-07-29
76,1,Zabaykalsky Krai,Забайкальский край,RU,Far Eastern,"Skilled agricultural, forestry and fishery workers",6,52332.0,RUB,monthly,average_monthly_nominal_accrued_wage_october_survey,biennial_occupation_survey_57T,2025,,RU-FD-FarEastern,OKZ,federal_subject,https://rosstat.gov.ru/storage/mediabank/sved_57-t_2025.rar,2026-07-29
76,1,Zabaykalsky Krai,Забайкальский край,RU,Far Eastern,Craft and related trades workers,7,108952.0,RUB,monthly,average_monthly_nominal_accrued_wage_october_survey,biennial_occupation_survey_57T,2025,,RU-FD-FarEastern,OKZ,federal_subject,https://rosstat.gov.ru/storage/mediabank/sved_57-t_2025.rar,2026-07-29
76,1,Zabaykalsky Krai,Забайкальский край,RU,Far Eastern,Plant and machine operators and assemblers,8,131963.0,RUB,monthly,average_monthly_nominal_accrued_wage_october_survey,biennial_occupation_survey_57T,2025,,RU-FD-FarEastern,OKZ,federal_subject,https://rosstat.gov.ru/storage/mediabank/sved_57-t_2025.rar,2026-07-29
76,1,Zabaykalsky Krai,Забайкальский край,RU,Far Eastern,Elementary occupations,9,46781.0,RUB,monthly,average_monthly_nominal_accrued_wage_october_survey,biennial_occupation_survey_57T,2025,,RU-FD-FarEastern,OKZ,federal_subject,https://rosstat.gov.ru/storage/mediabank/sved_57-t_2025.rar,2026-07-29
30,1,Kamchatka Krai,Камчатский край,RU,Far Eastern,Total,,137060.0,RUB,monthly,average_monthly_nominal_accrued_wage_october_survey,biennial_occupation_survey_57T,2025,,RU-FD-FarEastern,OKZ,federal_subject,https://rosstat.gov.ru/storage/mediabank/sved_57-t_2025.rar,2026-07-29
30,1,Kamchatka Krai,Камчатский край,RU,Far Eastern,Managers,1,222349.0,RUB,monthly,average_monthly_nominal_accrued_wage_october_survey,biennial_occupation_survey_57T,2025,,RU-FD-FarEastern,OKZ,federal_subject,https://rosstat.gov.ru/storage/mediabank/sved_57-t_2025.rar,2026-07-29
30,1,Kamchatka Krai,Камчатский край,RU,Far Eastern,Professionals,2,146125.0,RUB,monthly,average_monthly_nominal_accrued_wage_october_survey,biennial_occupation_survey_57T,2025,,RU-FD-FarEastern,OKZ,federal_subject,https://rosstat.gov.ru/storage/mediabank/sved_57-t_2025.rar,2026-07-29
30,1,Kamchatka Krai,Камчатский край,RU,Far Eastern,Technicians and associate professionals,3,137896.0,RUB,monthly,average_monthly_nominal_accrued_wage_october_survey,biennial_occupation_survey_57T,2025,,RU-FD-FarEastern,OKZ,federal_subject,https://rosstat.gov.ru/storage/mediabank/sved_57-t_2025.rar,2026-07-29
30,1,Kamchatka Krai,Камчатский край,RU,Far Eastern,Clerical support workers,4,97144.0,RUB,monthly,average_monthly_nominal_accrued_wage_october_survey,biennial_occupation_survey_57T,2025,,RU-FD-FarEastern,OKZ,federal_subject,https://rosstat.gov.ru/storage/mediabank/sved_57-t_2025.rar,2026-07-29
30,1,Kamchatka Krai,Камчатский край,RU,Far Eastern,Service and sales workers,5,94732.0,RUB,monthly,average_monthly_nominal_accrued_wage_october_survey,biennial_occupation_survey_57T,2025,,RU-FD-FarEastern,OKZ,federal_subject,https://rosstat.gov.ru/storage/mediabank/sved_57-t_2025.rar,2026-07-29
30,1,Kamchatka Krai,Камчатский край,RU,Far Eastern,"Skilled agricultural, forestry and fishery workers",6,114852.0,RUB,monthly,average_monthly_nominal_accrued_wage_october_survey,biennial_occupation_survey_57T,2025,,RU-FD-FarEastern,OKZ,federal_subject,https://rosstat.gov.ru/storage/mediabank/sved_57-t_2025.rar,2026-07-29
30,1,Kamchatka Krai,Камчатский край,RU,Far Eastern,Craft and related trades workers,7,134921.0,RUB,monthly,average_monthly_nominal_accrued_wage_october_survey,biennial_occupation_survey_57T,2025,,RU-FD-FarEastern,OKZ,federal_subject,https://rosstat.gov.ru/storage/mediabank/sved_57-t_2025.rar,2026-07-29
30,1,Kamchatka Krai,Камчатский край,RU,Far Eastern,Plant and machine operators and assemblers,8,138944.0,RUB,monthly,average_monthly_nominal_accrued_wage_october_survey,biennial_occupation_survey_57T,2025,,RU-FD-FarEastern,OKZ,federal_subject,https://rosstat.gov.ru/storage/mediabank/sved_57-t_2025.rar,2026-07-29
30,1,Kamchatka Krai,Камчатский край,RU,Far Eastern,Elementary occupations,9,81292.0,RUB,monthly,average_monthly_nominal_accrued_wage_october_survey,biennial_occupation_survey_57T,2025,,RU-FD-FarEastern,OKZ,federal_subject,https://rosstat.gov.ru/storage/mediabank/sved_57-t_2025.rar,2026-07-29
05,1,Primorsky Krai,Приморский край,RU,Far Eastern,Total,,102939.0,RUB,monthly,average_monthly_nominal_accrued_wage_october_survey,biennial_occupation_survey_57T,2025,,RU-FD-FarEastern,OKZ,federal_subject,https://rosstat.gov.ru/storage/mediabank/sved_57-t_2025.rar,2026-07-29
05,1,Primorsky Krai,Приморский край,RU,Far Eastern,Managers,1,168848.0,RUB,monthly,average_monthly_nominal_accrued_wage_october_survey,biennial_occupation_survey_57T,2025,,RU-FD-FarEastern,OKZ,federal_subject,https://rosstat.gov.ru/storage/mediabank/sved_57-t_2025.rar,2026-07-29
05,1,Primorsky Krai,Приморский край,RU,Far Eastern,Professionals,2,105052.0,RUB,monthly,average_monthly_nominal_accrued_wage_october_survey,biennial_occupation_survey_57T,2025,,RU-FD-FarEastern,OKZ,federal_subject,https://rosstat.gov.ru/storage/mediabank/sved_57-t_2025.rar,2026-07-29
05,1,Primorsky Krai,Приморский край,RU,Far Eastern,Technicians and associate professionals,3,117054.0,RUB,monthly,average_monthly_nominal_accrued_wage_october_survey,biennial_occupation_survey_57T,2025,,RU-FD-FarEastern,OKZ,federal_subject,https://rosstat.gov.ru/storage/mediabank/sved_57-t_2025.rar,2026-07-29
05,1,Primorsky Krai,Приморский край,RU,Far Eastern,Clerical support workers,4,75118.0,RUB,monthly,average_monthly_nominal_accrued_wage_october_survey,biennial_occupation_survey_57T,2025,,RU-FD-FarEastern,OKZ,federal_subject,https://rosstat.gov.ru/storage/mediabank/sved_57-t_2025.rar,2026-07-29
05,1,Primorsky Krai,Приморский край,RU,Far Eastern,Service and sales workers,5,62571.0,RUB,monthly,average_monthly_nominal_accrued_wage_october_survey,biennial_occupation_survey_57T,2025,,RU-FD-FarEastern,OKZ,federal_subject,https://rosstat.gov.ru/storage/mediabank/sved_57-t_2025.rar,2026-07-29
05,1,Primorsky Krai,Приморский край,RU,Far Eastern,"Skilled agricultural, forestry and fishery workers",6,75979.0,RUB,monthly,average_monthly_nominal_accrued_wage_october_survey,biennial_occupation_survey_57T,2025,,RU-FD-FarEastern,OKZ,federal_subject,https://rosstat.gov.ru/storage/mediabank/sved_57-t_2025.rar,2026-07-29
05,1,Primorsky Krai,Приморский край,RU,Far Eastern,Craft and related trades workers,7,108886.0,RUB,monthly,average_monthly_nominal_accrued_wage_october_survey,biennial_occupation_survey_57T,2025,,RU-FD-FarEastern,OKZ,federal_subject,https://rosstat.gov.ru/storage/mediabank/sved_57-t_2025.rar,2026-07-29
05,1,Primorsky Krai,Приморский край,RU,Far Eastern,Plant and machine operators and assemblers,8,108256.0,RUB,monthly,average_monthly_nominal_accrued_wage_october_survey,biennial_occupation_survey_57T,2025,,RU-FD-FarEastern,OKZ,federal_subject,https://rosstat.gov.ru/storage/mediabank/sved_57-t_2025.rar,2026-07-29
05,1,Primorsky Krai,Приморский край,RU,Far Eastern,Elementary occupations,9,58223.0,RUB,monthly,average_monthly_nominal_accrued_wage_october_survey,biennial_occupation_survey_57T,2025,,RU-FD-FarEastern,OKZ,federal_subject,https://rosstat.gov.ru/storage/mediabank/sved_57-t_2025.rar,2026-07-29
08,1,Khabarovsk Krai,Хабаровский край,RU,Far Eastern,Total,,109763.0,RUB,monthly,average_monthly_nominal_accrued_wage_october_survey,biennial_occupation_survey_57T,2025,,RU-FD-FarEastern,OKZ,federal_subject,https://rosstat.gov.ru/storage/mediabank/sved_57-t_2025.rar,2026-07-29
08,1,Khabarovsk Krai,Хабаровский край,RU,Far Eastern,Managers,1,174535.0,RUB,monthly,average_monthly_nominal_accrued_wage_october_survey,biennial_occupation_survey_57T,2025,,RU-FD-FarEastern,OKZ,federal_subject,https://rosstat.gov.ru/storage/mediabank/sved_57-t_2025.rar,2026-07-29
08,1,Khabarovsk Krai,Хабаровский край,RU,Far Eastern,Professionals,2,103003.0,RUB,monthly,average_monthly_nominal_accrued_wage_october_survey,biennial_occupation_survey_57T,2025,,RU-FD-FarEastern,OKZ,federal_subject,https://rosstat.gov.ru/storage/mediabank/sved_57-t_2025.rar,2026-07-29
08,1,Khabarovsk Krai,Хабаровский край,RU,Far Eastern,Technicians and associate professionals,3,109788.0,RUB,monthly,average_monthly_nominal_accrued_wage_october_survey,biennial_occupation_survey_57T,2025,,RU-FD-FarEastern,OKZ,federal_subject,https://rosstat.gov.ru/storage/mediabank/sved_57-t_2025.rar,2026-07-29
08,1,Khabarovsk Krai,Хабаровский край,RU,Far Eastern,Clerical support workers,4,74888.0,RUB,monthly,average_monthly_nominal_accrued_wage_october_survey,biennial_occupation_survey_57T,2025,,RU-FD-FarEastern,OKZ,federal_subject,https://rosstat.gov.ru/storage/mediabank/sved_57-t_2025.rar,2026-07-29
08,1,Khabarovsk Krai,Хабаровский край,RU,Far Eastern,Service and sales workers,5,65143.0,RUB,monthly,average_monthly_nominal_accrued_wage_october_survey,biennial_occupation_survey_57T,2025,,RU-FD-FarEastern,OKZ,federal_subject,https://rosstat.gov.ru/storage/mediabank/sved_57-t_2025.rar,2026-07-29
08,1,Khabarovsk Krai,Хабаровский край,RU,Far Eastern,"Skilled agricultural, forestry and fishery workers",6,76469.0,RUB,monthly,average_monthly_nominal_accrued_wage_october_survey,biennial_occupation_survey_57T,2025,,RU-FD-FarEastern,OKZ,federal_subject,https://rosstat.gov.ru/storage/mediabank/sved_57-t_2025.rar,2026-07-29
08,1,Khabarovsk Krai,Хабаровский край,RU,Far Eastern,Craft and related trades workers,7,119291.0,RUB,monthly,average_monthly_nominal_accrued_wage_october_survey,biennial_occupation_survey_57T,2025,,RU-FD-FarEastern,OKZ,federal_subject,https://rosstat.gov.ru/storage/mediabank/sved_57-t_2025.rar,2026-07-29
08,1,Khabarovsk Krai,Хабаровский край,RU,Far Eastern,Plant and machine operators and assemblers,8,137907.0,RUB,monthly,average_monthly_nominal_accrued_wage_october_survey,biennial_occupation_survey_57T,2025,,RU-FD-FarEastern,OKZ,federal_subject,https://rosstat.gov.ru/storage/mediabank/sved_57-t_2025.rar,2026-07-29
08,1,Khabarovsk Krai,Хабаровский край,RU,Far Eastern,Elementary occupations,9,59634.0,RUB,monthly,average_monthly_nominal_accrued_wage_october_survey,biennial_occupation_survey_57T,2025,,RU-FD-FarEastern,OKZ,federal_subject,https://rosstat.gov.ru/storage/mediabank/sved_57-t_2025.rar,2026-07-29
10,1,Amur Oblast,Амурская область,RU,Far Eastern,Total,,113577.0,RUB,monthly,average_monthly_nominal_accrued_wage_october_survey,biennial_occupation_survey_57T,2025,,RU-FD-FarEastern,OKZ,federal_subject,https://rosstat.gov.ru/storage/mediabank/sved_57-t_2025.rar,2026-07-29
10,1,Amur Oblast,Амурская область,RU,Far Eastern,Managers,1,170371.0,RUB,monthly,average_monthly_nominal_accrued_wage_october_survey,biennial_occupation_survey_57T,2025,,RU-FD-FarEastern,OKZ,federal_subject,https://rosstat.gov.ru/storage/mediabank/sved_57-t_2025.rar,2026-07-29
10,1,Amur Oblast,Амурская область,RU,Far Eastern,Professionals,2,116655.0,RUB,monthly,average_monthly_nominal_accrued_wage_october_survey,biennial_occupation_survey_57T,2025,,RU-FD-FarEastern,OKZ,federal_subject,https://rosstat.gov.ru/storage/mediabank/sved_57-t_2025.rar,2026-07-29
10,1,Amur Oblast,Амурская область,RU,Far Eastern,Technicians and associate professionals,3,104841.0,RUB,monthly,average_monthly_nominal_accrued_wage_october_survey,biennial_occupation_survey_57T,2025,,RU-FD-FarEastern,OKZ,federal_subject,https://rosstat.gov.ru/storage/mediabank/sved_57-t_2025.rar,2026-07-29
10,1,Amur Oblast,Амурская область,RU,Far Eastern,Clerical support workers,4,82684.0,RUB,monthly,average_monthly_nominal_accrued_wage_october_survey,biennial_occupation_survey_57T,2025,,RU-FD-FarEastern,OKZ,federal_subject,https://rosstat.gov.ru/storage/mediabank/sved_57-t_2025.rar,2026-07-29
10,1,Amur Oblast,Амурская область,RU,Far Eastern,Service and sales workers,5,68075.0,RUB,monthly,average_monthly_nominal_accrued_wage_october_survey,biennial_occupation_survey_57T,2025,,RU-FD-FarEastern,OKZ,federal_subject,https://rosstat.gov.ru/storage/mediabank/sved_57-t_2025.rar,2026-07-29
10,1,Amur Oblast,Амурская область,RU,Far Eastern,"Skilled agricultural, forestry and fishery workers",6,81835.0,RUB,monthly,average_monthly_nominal_accrued_wage_october_survey,biennial_occupation_survey_57T,2025,,RU-FD-FarEastern,OKZ,federal_subject,https://rosstat.gov.ru/storage/mediabank/sved_57-t_2025.rar,2026-07-29
10,1,Amur Oblast,Амурская область,RU,Far Eastern,Craft and related trades workers,7,120014.0,RUB,monthly,average_monthly_nominal_accrued_wage_october_survey,biennial_occupation_survey_57T,2025,,RU-FD-FarEastern,OKZ,federal_subject,https://rosstat.gov.ru/storage/mediabank/sved_57-t_2025.rar,2026-07-29
10,1,Amur Oblast,Амурская область,RU,Far Eastern,Plant and machine operators and assemblers,8,130570.0,RUB,monthly,average_monthly_nominal_accrued_wage_october_survey,biennial_occupation_survey_57T,2025,,RU-FD-FarEastern,OKZ,federal_subject,https://rosstat.gov.ru/storage/mediabank/sved_57-t_2025.rar,2026-07-29
10,1,Amur Oblast,Амурская область,RU,Far Eastern,Elementary occupations,9,62236.0,RUB,monthly,average_monthly_nominal_accrued_wage_october_survey,biennial_occupation_survey_57T,2025,,RU-FD-FarEastern,OKZ,federal_subject,https://rosstat.gov.ru/storage/mediabank/sved_57-t_2025.rar,2026-07-29
44,1,Magadan Oblast,Магаданская область,RU,Far Eastern,Total,,166672.0,RUB,monthly,average_monthly_nominal_accrued_wage_october_survey,biennial_occupation_survey_57T,2025,,RU-FD-FarEastern,OKZ,federal_subject,https://rosstat.gov.ru/storage/mediabank/sved_57-t_2025.rar,2026-07-29
44,1,Magadan Oblast,Магаданская область,RU,Far Eastern,Managers,1,263895.0,RUB,monthly,average_monthly_nominal_accrued_wage_october_survey,biennial_occupation_survey_57T,2025,,RU-FD-FarEastern,OKZ,federal_subject,https://rosstat.gov.ru/storage/mediabank/sved_57-t_2025.rar,2026-07-29
44,1,Magadan Oblast,Магаданская область,RU,Far Eastern,Professionals,2,174989.0,RUB,monthly,average_monthly_nominal_accrued_wage_october_survey,biennial_occupation_survey_57T,2025,,RU-FD-FarEastern,OKZ,federal_subject,https://rosstat.gov.ru/storage/mediabank/sved_57-t_2025.rar,2026-07-29
44,1,Magadan Oblast,Магаданская область,RU,Far Eastern,Technicians and associate professionals,3,170454.0,RUB,monthly,average_monthly_nominal_accrued_wage_october_survey,biennial_occupation_survey_57T,2025,,RU-FD-FarEastern,OKZ,federal_subject,https://rosstat.gov.ru/storage/mediabank/sved_57-t_2025.rar,2026-07-29
44,1,Magadan Oblast,Магаданская область,RU,Far Eastern,Clerical support workers,4,104657.0,RUB,monthly,average_monthly_nominal_accrued_wage_october_survey,biennial_occupation_survey_57T,2025,,RU-FD-FarEastern,OKZ,federal_subject,https://rosstat.gov.ru/storage/mediabank/sved_57-t_2025.rar,2026-07-29
44,1,Magadan Oblast,Магаданская область,RU,Far Eastern,Service and sales workers,5,113854.0,RUB,monthly,average_monthly_nominal_accrued_wage_october_survey,biennial_occupation_survey_57T,2025,,RU-FD-FarEastern,OKZ,federal_subject,https://rosstat.gov.ru/storage/mediabank/sved_57-t_2025.rar,2026-07-29
44,1,Magadan Oblast,Магаданская область,RU,Far Eastern,"Skilled agricultural, forestry and fishery workers",6,132095.0,RUB,monthly,average_monthly_nominal_accrued_wage_october_survey,biennial_occupation_survey_57T,2025,,RU-FD-FarEastern,OKZ,federal_subject,https://rosstat.gov.ru/storage/mediabank/sved_57-t_2025.rar,2026-07-29
44,1,Magadan Oblast,Магаданская область,RU,Far Eastern,Craft and related trades workers,7,150144.0,RUB,monthly,average_monthly_nominal_accrued_wage_october_survey,biennial_occupation_survey_57T,2025,,RU-FD-FarEastern,OKZ,federal_subject,https://rosstat.gov.ru/storage/mediabank/sved_57-t_2025.rar,2026-07-29
44,1,Magadan Oblast,Магаданская область,RU,Far Eastern,Plant and machine operators and assemblers,8,184054.0,RUB,monthly,average_monthly_nominal_accrued_wage_october_survey,biennial_occupation_survey_57T,2025,,RU-FD-FarEastern,OKZ,federal_subject,https://rosstat.gov.ru/storage/mediabank/sved_57-t_2025.rar,2026-07-29
44,1,Magadan Oblast,Магаданская область,RU,Far Eastern,Elementary occupations,9,82665.0,RUB,monthly,average_monthly_nominal_accrued_wage_october_survey,biennial_occupation_survey_57T,2025,,RU-FD-FarEastern,OKZ,federal_subject,https://rosstat.gov.ru/storage/mediabank/sved_57-t_2025.rar,2026-07-29
64,1,Sakhalin Oblast,Сахалинская область,RU,Far Eastern,Total,,142280.0,RUB,monthly,average_monthly_nominal_accrued_wage_october_survey,biennial_occupation_survey_57T,2025,,RU-FD-FarEastern,OKZ,federal_subject,https://rosstat.gov.ru/storage/mediabank/sved_57-t_2025.rar,2026-07-29
64,1,Sakhalin Oblast,Сахалинская область,RU,Far Eastern,Managers,1,237882.0,RUB,monthly,average_monthly_nominal_accrued_wage_october_survey,biennial_occupation_survey_57T,2025,,RU-FD-FarEastern,OKZ,federal_subject,https://rosstat.gov.ru/storage/mediabank/sved_57-t_2025.rar,2026-07-29
64,1,Sakhalin Oblast,Сахалинская область,RU,Far Eastern,Professionals,2,163202.0,RUB,monthly,average_monthly_nominal_accrued_wage_october_survey,biennial_occupation_survey_57T,2025,,RU-FD-FarEastern,OKZ,federal_subject,https://rosstat.gov.ru/storage/mediabank/sved_57-t_2025.rar,2026-07-29
64,1,Sakhalin Oblast,Сахалинская область,RU,Far Eastern,Technicians and associate professionals,3,141276.0,RUB,monthly,average_monthly_nominal_accrued_wage_october_survey,biennial_occupation_survey_57T,2025,,RU-FD-FarEastern,OKZ,federal_subject,https://rosstat.gov.ru/storage/mediabank/sved_57-t_2025.rar,2026-07-29
64,1,Sakhalin Oblast,Сахалинская область,RU,Far Eastern,Clerical support workers,4,87048.0,RUB,monthly,average_monthly_nominal_accrued_wage_october_survey,biennial_occupation_survey_57T,2025,,RU-FD-FarEastern,OKZ,federal_subject,https://rosstat.gov.ru/storage/mediabank/sved_57-t_2025.rar,2026-07-29
64,1,Sakhalin Oblast,Сахалинская область,RU,Far Eastern,Service and sales workers,5,84610.0,RUB,monthly,average_monthly_nominal_accrued_wage_october_survey,biennial_occupation_survey_57T,2025,,RU-FD-FarEastern,OKZ,federal_subject,https://rosstat.gov.ru/storage/mediabank/sved_57-t_2025.rar,2026-07-29
64,1,Sakhalin Oblast,Сахалинская область,RU,Far Eastern,"Skilled agricultural, forestry and fishery workers",6,107231.0,RUB,monthly,average_monthly_nominal_accrued_wage_october_survey,biennial_occupation_survey_57T,2025,,RU-FD-FarEastern,OKZ,federal_subject,https://rosstat.gov.ru/storage/mediabank/sved_57-t_2025.rar,2026-07-29
64,1,Sakhalin Oblast,Сахалинская область,RU,Far Eastern,Craft and related trades workers,7,144883.0,RUB,monthly,average_monthly_nominal_accrued_wage_october_survey,biennial_occupation_survey_57T,2025,,RU-FD-FarEastern,OKZ,federal_subject,https://rosstat.gov.ru/storage/mediabank/sved_57-t_2025.rar,2026-07-29
64,1,Sakhalin Oblast,Сахалинская область,RU,Far Eastern,Plant and machine operators and assemblers,8,149040.0,RUB,monthly,average_monthly_nominal_accrued_wage_october_survey,biennial_occupation_survey_57T,2025,,RU-FD-FarEastern,OKZ,federal_subject,https://rosstat.gov.ru/storage/mediabank/sved_57-t_2025.rar,2026-07-29
64,1,Sakhalin Oblast,Сахалинская область,RU,Far Eastern,Elementary occupations,9,70016.0,RUB,monthly,average_monthly_nominal_accrued_wage_october_survey,biennial_occupation_survey_57T,2025,,RU-FD-FarEastern,OKZ,federal_subject,https://rosstat.gov.ru/storage/mediabank/sved_57-t_2025.rar,2026-07-29
99,1,Jewish Autonomous Oblast,Еврейская автономная область,RU,Far Eastern,Total,,93387.0,RUB,monthly,average_monthly_nominal_accrued_wage_october_survey,biennial_occupation_survey_57T,2025,,RU-FD-FarEastern,OKZ,federal_subject,https://rosstat.gov.ru/storage/mediabank/sved_57-t_2025.rar,2026-07-29
99,1,Jewish Autonomous Oblast,Еврейская автономная область,RU,Far Eastern,Managers,1,112626.0,RUB,monthly,average_monthly_nominal_accrued_wage_october_survey,biennial_occupation_survey_57T,2025,,RU-FD-FarEastern,OKZ,federal_subject,https://rosstat.gov.ru/storage/mediabank/sved_57-t_2025.rar,2026-07-29
99,1,Jewish Autonomous Oblast,Еврейская автономная область,RU,Far Eastern,Professionals,2,80384.0,RUB,monthly,average_monthly_nominal_accrued_wage_october_survey,biennial_occupation_survey_57T,2025,,RU-FD-FarEastern,OKZ,federal_subject,https://rosstat.gov.ru/storage/mediabank/sved_57-t_2025.rar,2026-07-29
99,1,Jewish Autonomous Oblast,Еврейская автономная область,RU,Far Eastern,Technicians and associate professionals,3,92588.0,RUB,monthly,average_monthly_nominal_accrued_wage_october_survey,biennial_occupation_survey_57T,2025,,RU-FD-FarEastern,OKZ,federal_subject,https://rosstat.gov.ru/storage/mediabank/sved_57-t_2025.rar,2026-07-29
99,1,Jewish Autonomous Oblast,Еврейская автономная область,RU,Far Eastern,Clerical support workers,4,66150.0,RUB,monthly,average_monthly_nominal_accrued_wage_october_survey,biennial_occupation_survey_57T,2025,,RU-FD-FarEastern,OKZ,federal_subject,https://rosstat.gov.ru/storage/mediabank/sved_57-t_2025.rar,2026-07-29
99,1,Jewish Autonomous Oblast,Еврейская автономная область,RU,Far Eastern,Service and sales workers,5,55342.0,RUB,monthly,average_monthly_nominal_accrued_wage_october_survey,biennial_occupation_survey_57T,2025,,RU-FD-FarEastern,OKZ,federal_subject,https://rosstat.gov.ru/storage/mediabank/sved_57-t_2025.rar,2026-07-29
99,1,Jewish Autonomous Oblast,Еврейская автономная область,RU,Far Eastern,"Skilled agricultural, forestry and fishery workers",6,63424.0,RUB,monthly,average_monthly_nominal_accrued_wage_october_survey,biennial_occupation_survey_57T,2025,,RU-FD-FarEastern,OKZ,federal_subject,https://rosstat.gov.ru/storage/mediabank/sved_57-t_2025.rar,2026-07-29
99,1,Jewish Autonomous Oblast,Еврейская автономная область,RU,Far Eastern,Craft and related trades workers,7,114388.0,RUB,monthly,average_monthly_nominal_accrued_wage_october_survey,biennial_occupation_survey_57T,2025,,RU-FD-FarEastern,OKZ,federal_subject,https://rosstat.gov.ru/storage/mediabank/sved_57-t_2025.rar,2026-07-29
99,1,Jewish Autonomous Oblast,Еврейская автономная область,RU,Far Eastern,Plant and machine operators and assemblers,8,127430.0,RUB,monthly,average_monthly_nominal_accrued_wage_october_survey,biennial_occupation_survey_57T,2025,,RU-FD-FarEastern,OKZ,federal_subject,https://rosstat.gov.ru/storage/mediabank/sved_57-t_2025.rar,2026-07-29
99,1,Jewish Autonomous Oblast,Еврейская автономная область,RU,Far Eastern,Elementary occupations,9,56363.0,RUB,monthly,average_monthly_nominal_accrued_wage_october_survey,biennial_occupation_survey_57T,2025,,RU-FD-FarEastern,OKZ,federal_subject,https://rosstat.gov.ru/storage/mediabank/sved_57-t_2025.rar,2026-07-29
77,1,Chukotka Autonomous Okrug,Чукотский авт. округ,RU,Far Eastern,Total,,236770.0,RUB,monthly,average_monthly_nominal_accrued_wage_october_survey,biennial_occupation_survey_57T,2025,,RU-FD-FarEastern,OKZ,federal_subject,https://rosstat.gov.ru/storage/mediabank/sved_57-t_2025.rar,2026-07-29
77,1,Chukotka Autonomous Okrug,Чукотский авт. округ,RU,Far Eastern,Managers,1,337193.0,RUB,monthly,average_monthly_nominal_accrued_wage_october_survey,biennial_occupation_survey_57T,2025,,RU-FD-FarEastern,OKZ,federal_subject,https://rosstat.gov.ru/storage/mediabank/sved_57-t_2025.rar,2026-07-29
77,1,Chukotka Autonomous Okrug,Чукотский авт. округ,RU,Far Eastern,Professionals,2,250651.0,RUB,monthly,average_monthly_nominal_accrued_wage_october_survey,biennial_occupation_survey_57T,2025,,RU-FD-FarEastern,OKZ,federal_subject,https://rosstat.gov.ru/storage/mediabank/sved_57-t_2025.rar,2026-07-29
77,1,Chukotka Autonomous Okrug,Чукотский авт. округ,RU,Far Eastern,Technicians and associate professionals,3,261782.0,RUB,monthly,average_monthly_nominal_accrued_wage_october_survey,biennial_occupation_survey_57T,2025,,RU-FD-FarEastern,OKZ,federal_subject,https://rosstat.gov.ru/storage/mediabank/sved_57-t_2025.rar,2026-07-29
77,1,Chukotka Autonomous Okrug,Чукотский авт. округ,RU,Far Eastern,Clerical support workers,4,121605.0,RUB,monthly,average_monthly_nominal_accrued_wage_october_survey,biennial_occupation_survey_57T,2025,,RU-FD-FarEastern,OKZ,federal_subject,https://rosstat.gov.ru/storage/mediabank/sved_57-t_2025.rar,2026-07-29
77,1,Chukotka Autonomous Okrug,Чукотский авт. округ,RU,Far Eastern,Service and sales workers,5,120737.0,RUB,monthly,average_monthly_nominal_accrued_wage_october_survey,biennial_occupation_survey_57T,2025,,RU-FD-FarEastern,OKZ,federal_subject,https://rosstat.gov.ru/storage/mediabank/sved_57-t_2025.rar,2026-07-29
77,1,Chukotka Autonomous Okrug,Чукотский авт. округ,RU,Far Eastern,"Skilled agricultural, forestry and fishery workers",6,124223.0,RUB,monthly,average_monthly_nominal_accrued_wage_october_survey,biennial_occupation_survey_57T,2025,,RU-FD-FarEastern,OKZ,federal_subject,https://rosstat.gov.ru/storage/mediabank/sved_57-t_2025.rar,2026-07-29
77,1,Chukotka Autonomous Okrug,Чукотский авт. округ,RU,Far Eastern,Craft and related trades workers,7,229180.0,RUB,monthly,average_monthly_nominal_accrued_wage_october_survey,biennial_occupation_survey_57T,2025,,RU-FD-FarEastern,OKZ,federal_subject,https://rosstat.gov.ru/storage/mediabank/sved_57-t_2025.rar,2026-07-29
77,1,Chukotka Autonomous Okrug,Чукотский авт. округ,RU,Far Eastern,Plant and machine operators and assemblers,8,249391.0,RUB,monthly,average_monthly_nominal_accrued_wage_october_survey,biennial_occupation_survey_57T,2025,,RU-FD-FarEastern,OKZ,federal_subject,https://rosstat.gov.ru/storage/mediabank/sved_57-t_2025.rar,2026-07-29
77,1,Chukotka Autonomous Okrug,Чукотский авт. округ,RU,Far Eastern,Elementary occupations,9,122714.0,RUB,monthly,average_monthly_nominal_accrued_wage_october_survey,biennial_occupation_survey_57T,2025,,RU-FD-FarEastern,OKZ,federal_subject,https://rosstat.gov.ru/storage/mediabank/sved_57-t_2025.rar,2026-07-29
RU-MUN-OREL-CITY,2,"Orel (city), Oryol Oblast",Город Орел,RU,Central,,,61249,RUB,monthly,average_monthly_accrued_wage_excl_small_business,municipal_indicators_БД_ПМО,2024,,54,OKTMO_MUNICIPALITY,municipality,https://57.rosstat.gov.ru/storage/mediabank/ZP_2024.pdf,2026-07-29
