"CAINC1 County personal income summary: personal income, population, per capita personal income"
"CAINC1 County personal income summary: personal income, population, per capita personal income"
County
GeoFIPS,GeoName,LineCode,Description,2024
01001,"Autauga, AL",1,Personal income (thousands of dollars),3424189
01001,"Autauga, AL",2,Population (persons) 1,61464
01001,"Autauga, AL",3,Per capita personal income (dollars) 2,55710
01003,"Baldwin, AL",1,Personal income (thousands of dollars),16718173
01003,"Baldwin, AL",2,Population (persons) 1,261608
01003,"Baldwin, AL",3,Per capita personal income (dollars) 2,63905
01005,"Barbour, AL",1,Personal income (thousands of dollars),1093828
01005,"Barbour, AL",2,Population (persons) 1,24358
01005,"Barbour, AL",3,Per capita personal income (dollars) 2,44906
01007,"Bibb, AL",1,Personal income (thousands of dollars),933750
01007,"Bibb, AL",2,Population (persons) 1,22258
01007,"Bibb, AL",3,Per capita personal income (dollars) 2,41951
01009,"Blount, AL",1,Personal income (thousands of dollars),2920472
01009,"Blount, AL",2,Population (persons) 1,60163
01009,"Blount, AL",3,Per capita personal income (dollars) 2,48543
01011,"Bullock, AL",1,Personal income (thousands of dollars),390130
01011,"Bullock, AL",2,Population (persons) 1,9901
01011,"Bullock, AL",3,Per capita personal income (dollars) 2,39403
01013,"Butler, AL",1,Personal income (thousands of dollars),973413
01013,"Butler, AL",2,Population (persons) 1,18256
01013,"Butler, AL",3,Per capita personal income (dollars) 2,53320
01015,"Calhoun, AL",1,Personal income (thousands of dollars),5510858
01015,"Calhoun, AL",2,Population (persons) 1,116427
01015,"Calhoun, AL",3,Per capita personal income (dollars) 2,47333
01017,"Chambers, AL",1,Personal income (thousands of dollars),1485872
01017,"Chambers, AL",2,Population (persons) 1,33813
01017,"Chambers, AL",3,Per capita personal income (dollars) 2,43944
01019,"Cherokee, AL",1,Personal income (thousands of dollars),1254466
01019,"Cherokee, AL",2,Population (persons) 1,26138
01019,"Cherokee, AL",3,Per capita personal income (dollars) 2,47994
01021,"Chilton, AL",1,Personal income (thousands of dollars),2277237
01021,"Chilton, AL",2,Population (persons) 1,47262
01021,"Chilton, AL",3,Per capita personal income (dollars) 2,48183
01023,"Choctaw, AL",1,Personal income (thousands of dollars),592372
01023,"Choctaw, AL",2,Population (persons) 1,12052
01023,"Choctaw, AL",3,Per capita personal income (dollars) 2,49151
01025,"Clarke, AL",1,Personal income (thousands of dollars),1098412
01025,"Clarke, AL",2,Population (persons) 1,22142
01025,"Clarke, AL",3,Per capita personal income (dollars) 2,49608
01027,"Clay, AL",1,Personal income (thousands of dollars),600339
01027,"Clay, AL",2,Population (persons) 1,14239
01027,"Clay, AL",3,Per capita personal income (dollars) 2,42162
01029,"Cleburne, AL",1,Personal income (thousands of dollars),751089
01029,"Cleburne, AL",2,Population (persons) 1,15905
01029,"Cleburne, AL",3,Per capita personal income (dollars) 2,47223
01031,"Coffee, AL",1,Personal income (thousands of dollars),3202494
01031,"Coffee, AL",2,Population (persons) 1,56358
01031,"Coffee, AL",3,Per capita personal income (dollars) 2,56824
01033,"Colbert, AL",1,Personal income (thousands of dollars),2870528
01033,"Colbert, AL",2,Population (persons) 1,58785
01033,"Colbert, AL",3,Per capita personal income (dollars) 2,48831
01035,"Conecuh, AL",1,Personal income (thousands of dollars),506797
01035,"Conecuh, AL",2,Population (persons) 1,11109
01035,"Conecuh, AL",3,Per capita personal income (dollars) 2,45620
01037,"Coosa, AL",1,Personal income (thousands of dollars),450882
01037,"Coosa, AL",2,Population (persons) 1,10291
01037,"Coosa, AL",3,Per capita personal income (dollars) 2,43813
01039,"Covington, AL",1,Personal income (thousands of dollars),1779540
01039,"Covington, AL",2,Population (persons) 1,37748
01039,"Covington, AL",3,Per capita personal income (dollars) 2,47143
01041,"Crenshaw, AL",1,Personal income (thousands of dollars),694544
01041,"Crenshaw, AL",2,Population (persons) 1,13114
01041,"Crenshaw, AL",3,Per capita personal income (dollars) 2,52962
01043,"Cullman, AL",1,Personal income (thousands of dollars),4961405
01043,"Cullman, AL",2,Population (persons) 1,92604
01043,"Cullman, AL",3,Per capita personal income (dollars) 2,53577
01045,"Dale, AL",1,Personal income (thousands of dollars),2441631
01045,"Dale, AL",2,Population (persons) 1,50067
01045,"Dale, AL",3,Per capita personal income (dollars) 2,48767
01047,"Dallas, AL",1,Personal income (thousands of dollars),1713774
01047,"Dallas, AL",2,Population (persons) 1,35545
01047,"Dallas, AL",3,Per capita personal income (dollars) 2,48214
01049,"DeKalb, AL",1,Personal income (thousands of dollars),3301597
01049,"DeKalb, AL",2,Population (persons) 1,73122
01049,"DeKalb, AL",3,Per capita personal income (dollars) 2,45152
01051,"Elmore, AL",1,Personal income (thousands of dollars),5051501
01051,"Elmore, AL",2,Population (persons) 1,91042
01051,"Elmore, AL",3,Per capita personal income (dollars) 2,55485
01053,"Escambia, AL",1,Personal income (thousands of dollars),1664182
01053,"Escambia, AL",2,Population (persons) 1,36630
01053,"Escambia, AL",3,Per capita personal income (dollars) 2,45432
01055,"Etowah, AL",1,Personal income (thousands of dollars),4931908
01055,"Etowah, AL",2,Population (persons) 1,103207
01055,"Etowah, AL",3,Per capita personal income (dollars) 2,47787
01057,"Fayette, AL",1,Personal income (thousands of dollars),723544
01057,"Fayette, AL",2,Population (persons) 1,15863
01057,"Fayette, AL",3,Per capita personal income (dollars) 2,45612
01059,"Franklin, AL",1,Personal income (thousands of dollars),1426402
01059,"Franklin, AL",2,Population (persons) 1,31874
01059,"Franklin, AL",3,Per capita personal income (dollars) 2,44751
01061,"Geneva, AL",1,Personal income (thousands of dollars),1269062
01061,"Geneva, AL",2,Population (persons) 1,27259
01061,"Geneva, AL",3,Per capita personal income (dollars) 2,46556
01063,"Greene, AL",1,Personal income (thousands of dollars),306677
01063,"Greene, AL",2,Population (persons) 1,7127
01063,"Greene, AL",3,Per capita personal income (dollars) 2,43030
01065,"Hale, AL",1,Personal income (thousands of dollars),730501
01065,"Hale, AL",2,Population (persons) 1,15116
01065,"Hale, AL",3,Per capita personal income (dollars) 2,48326
01067,"Henry, AL",1,Personal income (thousands of dollars),1027895
01067,"Henry, AL",2,Population (persons) 1,18141
01067,"Henry, AL",3,Per capita personal income (dollars) 2,56661
01069,"Houston, AL",1,Personal income (thousands of dollars),6311941
01069,"Houston, AL",2,Population (persons) 1,109366
01069,"Houston, AL",3,Per capita personal income (dollars) 2,57714
01071,"Jackson, AL",1,Personal income (thousands of dollars),2585644
01071,"Jackson, AL",2,Population (persons) 1,53780
01071,"Jackson, AL",3,Per capita personal income (dollars) 2,48078
01073,"Jefferson, AL",1,Personal income (thousands of dollars),50063400
01073,"Jefferson, AL",2,Population (persons) 1,664744
01073,"Jefferson, AL",3,Per capita personal income (dollars) 2,75312
01075,"Lamar, AL",1,Personal income (thousands of dollars),607890
01075,"Lamar, AL",2,Population (persons) 1,13543
01075,"Lamar, AL",3,Per capita personal income (dollars) 2,44886
01077,"Lauderdale, AL",1,Personal income (thousands of dollars),4832246
01077,"Lauderdale, AL",2,Population (persons) 1,97502
01077,"Lauderdale, AL",3,Per capita personal income (dollars) 2,49560
01079,"Lawrence, AL",1,Personal income (thousands of dollars),1584018
01079,"Lawrence, AL",2,Population (persons) 1,33567
01079,"Lawrence, AL",3,Per capita personal income (dollars) 2,47190
01081,"Lee, AL",1,Personal income (thousands of dollars),9544687
01081,"Lee, AL",2,Population (persons) 1,187847
01081,"Lee, AL",3,Per capita personal income (dollars) 2,50811
01083,"Limestone, AL",1,Personal income (thousands of dollars),7090561
01083,"Limestone, AL",2,Population (persons) 1,118942
01083,"Limestone, AL",3,Per capita personal income (dollars) 2,59614
01085,"Lowndes, AL",1,Personal income (thousands of dollars),551280
01085,"Lowndes, AL",2,Population (persons) 1,9485
01085,"Lowndes, AL",3,Per capita personal income (dollars) 2,58121
01087,"Macon, AL",1,Personal income (thousands of dollars),813313
01087,"Macon, AL",2,Population (persons) 1,18159
01087,"Macon, AL",3,Per capita personal income (dollars) 2,44788
01089,"Madison, AL",1,Personal income (thousands of dollars),29227380
01089,"Madison, AL",2,Population (persons) 1,423355
01089,"Madison, AL",3,Per capita personal income (dollars) 2,69038
01091,"Marengo, AL",1,Personal income (thousands of dollars),973286
01091,"Marengo, AL",2,Population (persons) 1,18512
01091,"Marengo, AL",3,Per capita personal income (dollars) 2,52576
01093,"Marion, AL",1,Personal income (thousands of dollars),1383435
01093,"Marion, AL",2,Population (persons) 1,29323
01093,"Marion, AL",3,Per capita personal income (dollars) 2,47179
01095,"Marshall, AL",1,Personal income (thousands of dollars),5231303
01095,"Marshall, AL",2,Population (persons) 1,102156
01095,"Marshall, AL",3,Per capita personal income (dollars) 2,51209
01097,"Mobile, AL",1,Personal income (thousands of dollars),22225329
01097,"Mobile, AL",2,Population (persons) 1,412339
01097,"Mobile, AL",3,Per capita personal income (dollars) 2,53901
01099,"Monroe, AL",1,Personal income (thousands of dollars),891079
01099,"Monroe, AL",2,Population (persons) 1,19057
01099,"Monroe, AL",3,Per capita personal income (dollars) 2,46759
01101,"Montgomery, AL",1,Personal income (thousands of dollars),12935903
01101,"Montgomery, AL",2,Population (persons) 1,225894
01101,"Montgomery, AL",3,Per capita personal income (dollars) 2,57265
01103,"Morgan, AL",1,Personal income (thousands of dollars),6596493
01103,"Morgan, AL",2,Population (persons) 1,126084
01103,"Morgan, AL",3,Per capita personal income (dollars) 2,52318
01105,"Perry, AL",1,Personal income (thousands of dollars),343681
01105,"Perry, AL",2,Population (persons) 1,7719
01105,"Perry, AL",3,Per capita personal income (dollars) 2,44524
01107,"Pickens, AL",1,Personal income (thousands of dollars),833098
01107,"Pickens, AL",2,Population (persons) 1,18508
01107,"Pickens, AL",3,Per capita personal income (dollars) 2,45013
01109,"Pike, AL",1,Personal income (thousands of dollars),1712695
01109,"Pike, AL",2,Population (persons) 1,33124
01109,"Pike, AL",3,Per capita personal income (dollars) 2,51706
01111,"Randolph, AL",1,Personal income (thousands of dollars),1048327
01111,"Randolph, AL",2,Population (persons) 1,23067
01111,"Randolph, AL",3,Per capita personal income (dollars) 2,45447
01113,"Russell, AL",1,Personal income (thousands of dollars),2587102
01113,"Russell, AL",2,Population (persons) 1,58837
01113,"Russell, AL",3,Per capita personal income (dollars) 2,43971
01115,"St. Clair, AL",1,Personal income (thousands of dollars),5319193
01115,"St. Clair, AL",2,Population (persons) 1,96927
01115,"St. Clair, AL",3,Per capita personal income (dollars) 2,54878
01117,"Shelby, AL",1,Personal income (thousands of dollars),17582697
01117,"Shelby, AL",2,Population (persons) 1,235969
01117,"Shelby, AL",3,Per capita personal income (dollars) 2,74513
01119,"Sumter, AL",1,Personal income (thousands of dollars),499503
01119,"Sumter, AL",2,Population (persons) 1,11607
01119,"Sumter, AL",3,Per capita personal income (dollars) 2,43035
01121,"Talladega, AL",1,Personal income (thousands of dollars),3723512
01121,"Talladega, AL",2,Population (persons) 1,81375
01121,"Talladega, AL",3,Per capita personal income (dollars) 2,45757
01123,"Tallapoosa, AL",1,Personal income (thousands of dollars),2243189
01123,"Tallapoosa, AL",2,Population (persons) 1,40699
01123,"Tallapoosa, AL",3,Per capita personal income (dollars) 2,55117
01125,"Tuscaloosa, AL",1,Personal income (thousands of dollars),11263555
01125,"Tuscaloosa, AL",2,Population (persons) 1,241212
01125,"Tuscaloosa, AL",3,Per capita personal income (dollars) 2,46696
01127,"Walker, AL",1,Personal income (thousands of dollars),3577564
01127,"Walker, AL",2,Population (persons) 1,65260
01127,"Walker, AL",3,Per capita personal income (dollars) 2,54820
01129,"Washington, AL",1,Personal income (thousands of dollars),759103
01129,"Washington, AL",2,Population (persons) 1,15018
01129,"Washington, AL",3,Per capita personal income (dollars) 2,50546
01131,"Wilcox, AL",1,Personal income (thousands of dollars),440075
01131,"Wilcox, AL",2,Population (persons) 1,9865
01131,"Wilcox, AL",3,Per capita personal income (dollars) 2,44610
01133,"Winston, AL",1,Personal income (thousands of dollars),1128539
01133,"Winston, AL",2,Population (persons) 1,23869
01133,"Winston, AL",3,Per capita personal income (dollars) 2,47281
02010,"Aleutian Islands Census Area, AK*",1,Personal income (thousands of dollars),(NA)
02010,"Aleutian Islands Census Area, AK*",2,Population (persons) 1,(NA)
02010,"Aleutian Islands Census Area, AK*",3,Per capita personal income (dollars) 2,(NA)
02013,"Aleutians East Borough, AK*",1,Personal income (thousands of dollars),180233
02013,"Aleutians East Borough, AK*",2,Population (persons) 1,3632
02013,"Aleutians East Borough, AK*",3,Per capita personal income (dollars) 2,49624
02016,"Aleutians West Census Area, AK*",1,Personal income (thousands of dollars),377922
02016,"Aleutians West Census Area, AK*",2,Population (persons) 1,5424
02016,"Aleutians West Census Area, AK*",3,Per capita personal income (dollars) 2,69676
02020,"Anchorage Municipality, AK",1,Personal income (thousands of dollars),24433471
02020,"Anchorage Municipality, AK",2,Population (persons) 1,289600
02020,"Anchorage Municipality, AK",3,Per capita personal income (dollars) 2,84370
02050,"Bethel Census Area, AK*",1,Personal income (thousands of dollars),924730
02050,"Bethel Census Area, AK*",2,Population (persons) 1,18237
02050,"Bethel Census Area, AK*",3,Per capita personal income (dollars) 2,50706
02060,"Bristol Bay Borough, AK",1,Personal income (thousands of dollars),140031
02060,"Bristol Bay Borough, AK",2,Population (persons) 1,884
02060,"Bristol Bay Borough, AK",3,Per capita personal income (dollars) 2,158406
02063,"Chugach Census Area, AK*",1,Personal income (thousands of dollars),491535
02063,"Chugach Census Area, AK*",2,Population (persons) 1,6604
02063,"Chugach Census Area, AK*",3,Per capita personal income (dollars) 2,74430
02066,"Copper River Census Area, AK*",1,Personal income (thousands of dollars),169064
02066,"Copper River Census Area, AK*",2,Population (persons) 1,2631
02066,"Copper River Census Area, AK*",3,Per capita personal income (dollars) 2,64258
02068,"Denali Borough, AK*",1,Personal income (thousands of dollars),217890
02068,"Denali Borough, AK*",2,Population (persons) 1,1621
02068,"Denali Borough, AK*",3,Per capita personal income (dollars) 2,134417
02070,"Dillingham Census Area, AK*",1,Personal income (thousands of dollars),307997
02070,"Dillingham Census Area, AK*",2,Population (persons) 1,4642
02070,"Dillingham Census Area, AK*",3,Per capita personal income (dollars) 2,66350
02090,"Fairbanks North Star Borough, AK",1,Personal income (thousands of dollars),7139476
02090,"Fairbanks North Star Borough, AK",2,Population (persons) 1,94951
02090,"Fairbanks North Star Borough, AK",3,Per capita personal income (dollars) 2,75191
02100,"Haines Borough, AK*",1,Personal income (thousands of dollars),211953
02100,"Haines Borough, AK*",2,Population (persons) 1,2104
02100,"Haines Borough, AK*",3,Per capita personal income (dollars) 2,100738
02105,"Hoonah-Angoon Census Area, AK*",1,Personal income (thousands of dollars),180163
02105,"Hoonah-Angoon Census Area, AK*",2,Population (persons) 1,2312
02105,"Hoonah-Angoon Census Area, AK*",3,Per capita personal income (dollars) 2,77925
02110,"Juneau City and Borough, AK",1,Personal income (thousands of dollars),2806401
02110,"Juneau City and Borough, AK",2,Population (persons) 1,31572
02110,"Juneau City and Borough, AK",3,Per capita personal income (dollars) 2,88889
02122,"Kenai Peninsula Borough, AK*",1,Personal income (thousands of dollars),4130627
02122,"Kenai Peninsula Borough, AK*",2,Population (persons) 1,61259
02122,"Kenai Peninsula Borough, AK*",3,Per capita personal income (dollars) 2,67429
02130,"Ketchikan Gateway Borough, AK*",1,Personal income (thousands of dollars),1165919
02130,"Ketchikan Gateway Borough, AK*",2,Population (persons) 1,13677
02130,"Ketchikan Gateway Borough, AK*",3,Per capita personal income (dollars) 2,85247
02150,"Kodiak Island Borough, AK",1,Personal income (thousands of dollars),965329
02150,"Kodiak Island Borough, AK",2,Population (persons) 1,12654
02150,"Kodiak Island Borough, AK",3,Per capita personal income (dollars) 2,76286
02158,"Kusilvak Census Area, AK*",1,Personal income (thousands of dollars),300083
02158,"Kusilvak Census Area, AK*",2,Population (persons) 1,7946
02158,"Kusilvak Census Area, AK*",3,Per capita personal income (dollars) 2,37765
02164,"Lake and Peninsula Borough, AK*",1,Personal income (thousands of dollars),100647
02164,"Lake and Peninsula Borough, AK*",2,Population (persons) 1,1315
02164,"Lake and Peninsula Borough, AK*",3,Per capita personal income (dollars) 2,76538
02170,"Matanuska-Susitna Borough, AK",1,Personal income (thousands of dollars),7526568
02170,"Matanuska-Susitna Borough, AK",2,Population (persons) 1,117613
02170,"Matanuska-Susitna Borough, AK",3,Per capita personal income (dollars) 2,63994
02180,"Nome Census Area, AK",1,Personal income (thousands of dollars),671261
02180,"Nome Census Area, AK",2,Population (persons) 1,9836
02180,"Nome Census Area, AK",3,Per capita personal income (dollars) 2,68245
02185,"North Slope Borough, AK*",1,Personal income (thousands of dollars),983282
02185,"North Slope Borough, AK*",2,Population (persons) 1,10663
02185,"North Slope Borough, AK*",3,Per capita personal income (dollars) 2,92214
02188,"Northwest Arctic Borough, AK",1,Personal income (thousands of dollars),448641
02188,"Northwest Arctic Borough, AK",2,Population (persons) 1,7134
02188,"Northwest Arctic Borough, AK",3,Per capita personal income (dollars) 2,62888
02195,"Petersburg Borough, AK*",1,Personal income (thousands of dollars),284449
02195,"Petersburg Borough, AK*",2,Population (persons) 1,3436
02195,"Petersburg Borough, AK*",3,Per capita personal income (dollars) 2,82785
02198,"Prince of Wales-Hyder Census Area, AK*",1,Personal income (thousands of dollars),327499
02198,"Prince of Wales-Hyder Census Area, AK*",2,Population (persons) 1,5746
02198,"Prince of Wales-Hyder Census Area, AK*",3,Per capita personal income (dollars) 2,56996
02201,"Prince of Wales-Outer Ketchikan Census Area, AK*",1,Personal income (thousands of dollars),(NA)
02201,"Prince of Wales-Outer Ketchikan Census Area, AK*",2,Population (persons) 1,(NA)
02201,"Prince of Wales-Outer Ketchikan Census Area, AK*",3,Per capita personal income (dollars) 2,(NA)
02220,"Sitka City and Borough, AK*",1,Personal income (thousands of dollars),764044
02220,"Sitka City and Borough, AK*",2,Population (persons) 1,8355
02220,"Sitka City and Borough, AK*",3,Per capita personal income (dollars) 2,91448
02230,"Skagway Municipality, AK*",1,Personal income (thousands of dollars),111718
02230,"Skagway Municipality, AK*",2,Population (persons) 1,1119
02230,"Skagway Municipality, AK*",3,Per capita personal income (dollars) 2,99837
02231,"Skagway-Yakutat-Angoon Census Area, AK*",1,Personal income (thousands of dollars),(NA)
02231,"Skagway-Yakutat-Angoon Census Area, AK*",2,Population (persons) 1,(NA)
02231,"Skagway-Yakutat-Angoon Census Area, AK*",3,Per capita personal income (dollars) 2,(NA)
02232,"Skagway-Hoonah-Angoon Census Area, AK*",1,Personal income (thousands of dollars),(NA)
02232,"Skagway-Hoonah-Angoon Census Area, AK*",2,Population (persons) 1,(NA)
02232,"Skagway-Hoonah-Angoon Census Area, AK*",3,Per capita personal income (dollars) 2,(NA)
02240,"Southeast Fairbanks Census Area, AK*",1,Personal income (thousands of dollars),503017
02240,"Southeast Fairbanks Census Area, AK*",2,Population (persons) 1,7313
02240,"Southeast Fairbanks Census Area, AK*",3,Per capita personal income (dollars) 2,68784
02261,"Valdez-Cordova Census Area, AK*",1,Personal income (thousands of dollars),(NA)
02261,"Valdez-Cordova Census Area, AK*",2,Population (persons) 1,(NA)
02261,"Valdez-Cordova Census Area, AK*",3,Per capita personal income (dollars) 2,(NA)
02275,"Wrangell City and Borough, AK*",1,Personal income (thousands of dollars),139764
02275,"Wrangell City and Borough, AK*",2,Population (persons) 1,2064
02275,"Wrangell City and Borough, AK*",3,Per capita personal income (dollars) 2,67715
02280,"Wrangell-Petersburg Census Area, AK*",1,Personal income (thousands of dollars),(NA)
02280,"Wrangell-Petersburg Census Area, AK*",2,Population (persons) 1,(NA)
02280,"Wrangell-Petersburg Census Area, AK*",3,Per capita personal income (dollars) 2,(NA)
02282,"Yakutat City and Borough, AK*",1,Personal income (thousands of dollars),44205
02282,"Yakutat City and Borough, AK*",2,Population (persons) 1,690
02282,"Yakutat City and Borough, AK*",3,Per capita personal income (dollars) 2,64065
02290,"Yukon-Koyukuk Census Area, AK*",1,Personal income (thousands of dollars),375227
02290,"Yukon-Koyukuk Census Area, AK*",2,Population (persons) 1,5099
02290,"Yukon-Koyukuk Census Area, AK*",3,Per capita personal income (dollars) 2,73588
02901,"Aleutian Islands Division, AK*",1,Personal income (thousands of dollars),(NA)
02901,"Aleutian Islands Division, AK*",2,Population (persons) 1,(NA)
02901,"Aleutian Islands Division, AK*",3,Per capita personal income (dollars) 2,(NA)
02903,"Angoon Division, AK*",1,Personal income (thousands of dollars),(NA)
02903,"Angoon Division, AK*",2,Population (persons) 1,(NA)
02903,"Angoon Division, AK*",3,Per capita personal income (dollars) 2,(NA)
02904,"Barrow-North Slope Division, AK*",1,Personal income (thousands of dollars),(NA)
02904,"Barrow-North Slope Division, AK*",2,Population (persons) 1,(NA)
02904,"Barrow-North Slope Division, AK*",3,Per capita personal income (dollars) 2,(NA)
02905,"Bethel Division, AK*",1,Personal income (thousands of dollars),(NA)
02905,"Bethel Division, AK*",2,Population (persons) 1,(NA)
02905,"Bethel Division, AK*",3,Per capita personal income (dollars) 2,(NA)
02907,"Bristol Bay Division, AK*",1,Personal income (thousands of dollars),(NA)
02907,"Bristol Bay Division, AK*",2,Population (persons) 1,(NA)
02907,"Bristol Bay Division, AK*",3,Per capita personal income (dollars) 2,(NA)
02908,"Cordova-McCarthy Division, AK*",1,Personal income (thousands of dollars),(NA)
02908,"Cordova-McCarthy Division, AK*",2,Population (persons) 1,(NA)
02908,"Cordova-McCarthy Division, AK*",3,Per capita personal income (dollars) 2,(NA)
02910,"Haines Division, AK*",1,Personal income (thousands of dollars),(NA)
02910,"Haines Division, AK*",2,Population (persons) 1,(NA)
02910,"Haines Division, AK*",3,Per capita personal income (dollars) 2,(NA)
02912,"Kenai-Cook Inlet Division, AK*",1,Personal income (thousands of dollars),(NA)
02912,"Kenai-Cook Inlet Division, AK*",2,Population (persons) 1,(NA)
02912,"Kenai-Cook Inlet Division, AK*",3,Per capita personal income (dollars) 2,(NA)
02916,"Kuskokwim Division, AK*",1,Personal income (thousands of dollars),(NA)
02916,"Kuskokwim Division, AK*",2,Population (persons) 1,(NA)
02916,"Kuskokwim Division, AK*",3,Per capita personal income (dollars) 2,(NA)
02919,"Outer Ketchikan Division, AK*",1,Personal income (thousands of dollars),(NA)
02919,"Outer Ketchikan Division, AK*",2,Population (persons) 1,(NA)
02919,"Outer Ketchikan Division, AK*",3,Per capita personal income (dollars) 2,(NA)
02920,"Prince of Wales Division, AK*",1,Personal income (thousands of dollars),(NA)
02920,"Prince of Wales Division, AK*",2,Population (persons) 1,(NA)
02920,"Prince of Wales Division, AK*",3,Per capita personal income (dollars) 2,(NA)
02921,"Seward Division, AK*",1,Personal income (thousands of dollars),(NA)
02921,"Seward Division, AK*",2,Population (persons) 1,(NA)
02921,"Seward Division, AK*",3,Per capita personal income (dollars) 2,(NA)
02922,"Sitka Division, AK*",1,Personal income (thousands of dollars),(NA)
02922,"Sitka Division, AK*",2,Population (persons) 1,(NA)
02922,"Sitka Division, AK*",3,Per capita personal income (dollars) 2,(NA)
02923,"Skagway-Yakutat Division, AK*",1,Personal income (thousands of dollars),(NA)
02923,"Skagway-Yakutat Division, AK*",2,Population (persons) 1,(NA)
02923,"Skagway-Yakutat Division, AK*",3,Per capita personal income (dollars) 2,(NA)
02924,"Southeast Fairbanks Division, AK*",1,Personal income (thousands of dollars),(NA)
02924,"Southeast Fairbanks Division, AK*",2,Population (persons) 1,(NA)
02924,"Southeast Fairbanks Division, AK*",3,Per capita personal income (dollars) 2,(NA)
02925,"Upper Yukon Division, AK*",1,Personal income (thousands of dollars),(NA)
02925,"Upper Yukon Division, AK*",2,Population (persons) 1,(NA)
02925,"Upper Yukon Division, AK*",3,Per capita personal income (dollars) 2,(NA)
02926,"Valdez-Chitina-Whittier Division, AK*",1,Personal income (thousands of dollars),(NA)
02926,"Valdez-Chitina-Whittier Division, AK*",2,Population (persons) 1,(NA)
02926,"Valdez-Chitina-Whittier Division, AK*",3,Per capita personal income (dollars) 2,(NA)
02928,"Wrangell-Petersburg Division, AK*",1,Personal income (thousands of dollars),(NA)
02928,"Wrangell-Petersburg Division, AK*",2,Population (persons) 1,(NA)
02928,"Wrangell-Petersburg Division, AK*",3,Per capita personal income (dollars) 2,(NA)
02929,"Yukon-Koyukuk Division, AK*",1,Personal income (thousands of dollars),(NA)
02929,"Yukon-Koyukuk Division, AK*",2,Population (persons) 1,(NA)
02929,"Yukon-Koyukuk Division, AK*",3,Per capita personal income (dollars) 2,(NA)
04001,"Apache, AZ",1,Personal income (thousands of dollars),3164216
04001,"Apache, AZ",2,Population (persons) 1,64800
04001,"Apache, AZ",3,Per capita personal income (dollars) 2,48830
04003,"Cochise, AZ",1,Personal income (thousands of dollars),6955647
04003,"Cochise, AZ",2,Population (persons) 1,125773
04003,"Cochise, AZ",3,Per capita personal income (dollars) 2,55303
04005,"Coconino, AZ",1,Personal income (thousands of dollars),9260436
04005,"Coconino, AZ",2,Population (persons) 1,145161
04005,"Coconino, AZ",3,Per capita personal income (dollars) 2,63794
04007,"Gila, AZ",1,Personal income (thousands of dollars),3087433
04007,"Gila, AZ",2,Population (persons) 1,54073
04007,"Gila, AZ",3,Per capita personal income (dollars) 2,57097
04009,"Graham, AZ",1,Personal income (thousands of dollars),1777262
04009,"Graham, AZ",2,Population (persons) 1,40242
04009,"Graham, AZ",3,Per capita personal income (dollars) 2,44164
04011,"Greenlee, AZ",1,Personal income (thousands of dollars),551184
04011,"Greenlee, AZ",2,Population (persons) 1,9410
04011,"Greenlee, AZ",3,Per capita personal income (dollars) 2,58574
04012,"La Paz, AZ*",1,Personal income (thousands of dollars),976199
04012,"La Paz, AZ*",2,Population (persons) 1,16992
04012,"La Paz, AZ*",3,Per capita personal income (dollars) 2,57451
04013,"Maricopa, AZ",1,Personal income (thousands of dollars),337283056
04013,"Maricopa, AZ",2,Population (persons) 1,4673096
04013,"Maricopa, AZ",3,Per capita personal income (dollars) 2,72176
04015,"Mohave, AZ",1,Personal income (thousands of dollars),11003813
04015,"Mohave, AZ",2,Population (persons) 1,226479
04015,"Mohave, AZ",3,Per capita personal income (dollars) 2,48586
04017,"Navajo, AZ",1,Personal income (thousands of dollars),5100954
04017,"Navajo, AZ",2,Population (persons) 1,109516
04017,"Navajo, AZ",3,Per capita personal income (dollars) 2,46577
04019,"Pima, AZ",1,Personal income (thousands of dollars),65267583
04019,"Pima, AZ",2,Population (persons) 1,1080149
04019,"Pima, AZ",3,Per capita personal income (dollars) 2,60425
04021,"Pinal, AZ",1,Personal income (thousands of dollars),26089146
04021,"Pinal, AZ",2,Population (persons) 1,513862
04021,"Pinal, AZ",3,Per capita personal income (dollars) 2,50771
04023,"Santa Cruz, AZ",1,Personal income (thousands of dollars),2567853
04023,"Santa Cruz, AZ",2,Population (persons) 1,50508
04023,"Santa Cruz, AZ",3,Per capita personal income (dollars) 2,50841
04025,"Yavapai, AZ",1,Personal income (thousands of dollars),15336046
04025,"Yavapai, AZ",2,Population (persons) 1,252013
04025,"Yavapai, AZ",3,Per capita personal income (dollars) 2,60854
04027,"Yuma, AZ*",1,Personal income (thousands of dollars),10482770
04027,"Yuma, AZ*",2,Population (persons) 1,220310
04027,"Yuma, AZ*",3,Per capita personal income (dollars) 2,47582
05001,"Arkansas, AR",1,Personal income (thousands of dollars),995074
05001,"Arkansas, AR",2,Population (persons) 1,16050
05001,"Arkansas, AR",3,Per capita personal income (dollars) 2,61998
05003,"Ashley, AR",1,Personal income (thousands of dollars),862750
05003,"Ashley, AR",2,Population (persons) 1,17984
05003,"Ashley, AR",3,Per capita personal income (dollars) 2,47973
05005,"Baxter, AR",1,Personal income (thousands of dollars),2076035
05005,"Baxter, AR",2,Population (persons) 1,43007
05005,"Baxter, AR",3,Per capita personal income (dollars) 2,48272
05007,"Benton, AR",1,Personal income (thousands of dollars),38778980
05007,"Benton, AR",2,Population (persons) 1,321566
05007,"Benton, AR",3,Per capita personal income (dollars) 2,120594
05009,"Boone, AR",1,Personal income (thousands of dollars),1809125
05009,"Boone, AR",2,Population (persons) 1,38636
05009,"Boone, AR",3,Per capita personal income (dollars) 2,46825
05011,"Bradley, AR",1,Personal income (thousands of dollars),513518
05011,"Bradley, AR",2,Population (persons) 1,9935
05011,"Bradley, AR",3,Per capita personal income (dollars) 2,51688
05013,"Calhoun, AR",1,Personal income (thousands of dollars),244042
05013,"Calhoun, AR",2,Population (persons) 1,4690
05013,"Calhoun, AR",3,Per capita personal income (dollars) 2,52035
05015,"Carroll, AR",1,Personal income (thousands of dollars),1310814
05015,"Carroll, AR",2,Population (persons) 1,28968
05015,"Carroll, AR",3,Per capita personal income (dollars) 2,45250
05017,"Chicot, AR",1,Personal income (thousands of dollars),477336
05017,"Chicot, AR",2,Population (persons) 1,9272
05017,"Chicot, AR",3,Per capita personal income (dollars) 2,51481
05019,"Clark, AR",1,Personal income (thousands of dollars),978698
05019,"Clark, AR",2,Population (persons) 1,20920
05019,"Clark, AR",3,Per capita personal income (dollars) 2,46783
05021,"Clay, AR",1,Personal income (thousands of dollars),665976
05021,"Clay, AR",2,Population (persons) 1,14112
05021,"Clay, AR",3,Per capita personal income (dollars) 2,47192
05023,"Cleburne, AR",1,Personal income (thousands of dollars),1344072
05023,"Cleburne, AR",2,Population (persons) 1,25646
05023,"Cleburne, AR",3,Per capita personal income (dollars) 2,52409
05025,"Cleveland, AR",1,Personal income (thousands of dollars),418399
05025,"Cleveland, AR",2,Population (persons) 1,7367
05025,"Cleveland, AR",3,Per capita personal income (dollars) 2,56794
05027,"Columbia, AR",1,Personal income (thousands of dollars),1095506
05027,"Columbia, AR",2,Population (persons) 1,22024
05027,"Columbia, AR",3,Per capita personal income (dollars) 2,49741
05029,"Conway, AR",1,Personal income (thousands of dollars),1098553
05029,"Conway, AR",2,Population (persons) 1,21422
05029,"Conway, AR",3,Per capita personal income (dollars) 2,51282
05031,"Craighead, AR",1,Personal income (thousands of dollars),5875983
05031,"Craighead, AR",2,Population (persons) 1,115852
05031,"Craighead, AR",3,Per capita personal income (dollars) 2,50720
05033,"Crawford, AR",1,Personal income (thousands of dollars),2817645
05033,"Crawford, AR",2,Population (persons) 1,62258
05033,"Crawford, AR",3,Per capita personal income (dollars) 2,45258
05035,"Crittenden, AR",1,Personal income (thousands of dollars),2214550
05035,"Crittenden, AR",2,Population (persons) 1,46633
05035,"Crittenden, AR",3,Per capita personal income (dollars) 2,47489
05037,"Cross, AR",1,Personal income (thousands of dollars),745056
05037,"Cross, AR",2,Population (persons) 1,16194
05037,"Cross, AR",3,Per capita personal income (dollars) 2,46008
05039,"Dallas, AR",1,Personal income (thousands of dollars),314885
05039,"Dallas, AR",2,Population (persons) 1,6076
05039,"Dallas, AR",3,Per capita personal income (dollars) 2,51824
05041,"Desha, AR",1,Personal income (thousands of dollars),541747
05041,"Desha, AR",2,Population (persons) 1,10321
05041,"Desha, AR",3,Per capita personal income (dollars) 2,52490
05043,"Drew, AR",1,Personal income (thousands of dollars),844905
05043,"Drew, AR",2,Population (persons) 1,16935
05043,"Drew, AR",3,Per capita personal income (dollars) 2,49891
05045,"Faulkner, AR",1,Personal income (thousands of dollars),6916989
05045,"Faulkner, AR",2,Population (persons) 1,131611
05045,"Faulkner, AR",3,Per capita personal income (dollars) 2,52556
05047,"Franklin, AR",1,Personal income (thousands of dollars),829308
05047,"Franklin, AR",2,Population (persons) 1,17586
05047,"Franklin, AR",3,Per capita personal income (dollars) 2,47157
05049,"Fulton, AR",1,Personal income (thousands of dollars),462968
05049,"Fulton, AR",2,Population (persons) 1,12546
05049,"Fulton, AR",3,Per capita personal income (dollars) 2,36902
05051,"Garland, AR",1,Personal income (thousands of dollars),5358261
05051,"Garland, AR",2,Population (persons) 1,99902
05051,"Garland, AR",3,Per capita personal income (dollars) 2,53635
05053,"Grant, AR",1,Personal income (thousands of dollars),974600
05053,"Grant, AR",2,Population (persons) 1,18546
05053,"Grant, AR",3,Per capita personal income (dollars) 2,52550
05055,"Greene, AR",1,Personal income (thousands of dollars),2096299
05055,"Greene, AR",2,Population (persons) 1,46928
05055,"Greene, AR",3,Per capita personal income (dollars) 2,44671
05057,"Hempstead, AR",1,Personal income (thousands of dollars),890624
05057,"Hempstead, AR",2,Population (persons) 1,19105
05057,"Hempstead, AR",3,Per capita personal income (dollars) 2,46617
05059,"Hot Spring, AR",1,Personal income (thousands of dollars),1375601
05059,"Hot Spring, AR",2,Population (persons) 1,33313
05059,"Hot Spring, AR",3,Per capita personal income (dollars) 2,41293
05061,"Howard, AR",1,Personal income (thousands of dollars),647758
05061,"Howard, AR",2,Population (persons) 1,12387
05061,"Howard, AR",3,Per capita personal income (dollars) 2,52293
05063,"Independence, AR",1,Personal income (thousands of dollars),1884934
05063,"Independence, AR",2,Population (persons) 1,38345
05063,"Independence, AR",3,Per capita personal income (dollars) 2,49157
05065,"Izard, AR",1,Personal income (thousands of dollars),562108
05065,"Izard, AR",2,Population (persons) 1,14291
05065,"Izard, AR",3,Per capita personal income (dollars) 2,39333
05067,"Jackson, AR",1,Personal income (thousands of dollars),841307
05067,"Jackson, AR",2,Population (persons) 1,16673
05067,"Jackson, AR",3,Per capita personal income (dollars) 2,50459
05069,"Jefferson, AR",1,Personal income (thousands of dollars),2816312
05069,"Jefferson, AR",2,Population (persons) 1,63672
05069,"Jefferson, AR",3,Per capita personal income (dollars) 2,44232
05071,"Johnson, AR",1,Personal income (thousands of dollars),975526
05071,"Johnson, AR",2,Population (persons) 1,26172
05071,"Johnson, AR",3,Per capita personal income (dollars) 2,37274
05073,"Lafayette, AR",1,Personal income (thousands of dollars),332232
05073,"Lafayette, AR",2,Population (persons) 1,6015
05073,"Lafayette, AR",3,Per capita personal income (dollars) 2,55234
05075,"Lawrence, AR",1,Personal income (thousands of dollars),708520
05075,"Lawrence, AR",2,Population (persons) 1,16305
05075,"Lawrence, AR",3,Per capita personal income (dollars) 2,43454
05077,"Lee, AR",1,Personal income (thousands of dollars),327835
05077,"Lee, AR",2,Population (persons) 1,8104
05077,"Lee, AR",3,Per capita personal income (dollars) 2,40453
05079,"Lincoln, AR",1,Personal income (thousands of dollars),463655
05079,"Lincoln, AR",2,Population (persons) 1,12868
05079,"Lincoln, AR",3,Per capita personal income (dollars) 2,36032
05081,"Little River, AR",1,Personal income (thousands of dollars),546890
05081,"Little River, AR",2,Population (persons) 1,11626
05081,"Little River, AR",3,Per capita personal income (dollars) 2,47040
05083,"Logan, AR",1,Personal income (thousands of dollars),954900
05083,"Logan, AR",2,Population (persons) 1,21457
05083,"Logan, AR",3,Per capita personal income (dollars) 2,44503
05085,"Lonoke, AR",1,Personal income (thousands of dollars),4105608
05085,"Lonoke, AR",2,Population (persons) 1,76389
05085,"Lonoke, AR",3,Per capita personal income (dollars) 2,53746
05087,"Madison, AR",1,Personal income (thousands of dollars),877464
05087,"Madison, AR",2,Population (persons) 1,17865
05087,"Madison, AR",3,Per capita personal income (dollars) 2,49116
05089,"Marion, AR",1,Personal income (thousands of dollars),713496
05089,"Marion, AR",2,Population (persons) 1,17593
05089,"Marion, AR",3,Per capita personal income (dollars) 2,40556
05091,"Miller, AR",1,Personal income (thousands of dollars),1887278
05091,"Miller, AR",2,Population (persons) 1,41958
05091,"Miller, AR",3,Per capita personal income (dollars) 2,44980
05093,"Mississippi, AR",1,Personal income (thousands of dollars),2014195
05093,"Mississippi, AR",2,Population (persons) 1,38095
05093,"Mississippi, AR",3,Per capita personal income (dollars) 2,52873
05095,"Monroe, AR",1,Personal income (thousands of dollars),290004
05095,"Monroe, AR",2,Population (persons) 1,6415
05095,"Monroe, AR",3,Per capita personal income (dollars) 2,45207
05097,"Montgomery, AR",1,Personal income (thousands of dollars),366335
05097,"Montgomery, AR",2,Population (persons) 1,8510
05097,"Montgomery, AR",3,Per capita personal income (dollars) 2,43048
05099,"Nevada, AR",1,Personal income (thousands of dollars),344449
05099,"Nevada, AR",2,Population (persons) 1,8004
05099,"Nevada, AR",3,Per capita personal income (dollars) 2,43035
05101,"Newton, AR",1,Personal income (thousands of dollars),294043
05101,"Newton, AR",2,Population (persons) 1,7026
05101,"Newton, AR",3,Per capita personal income (dollars) 2,41851
05103,"Ouachita, AR",1,Personal income (thousands of dollars),1150879
05103,"Ouachita, AR",2,Population (persons) 1,21684
05103,"Ouachita, AR",3,Per capita personal income (dollars) 2,53075
05105,"Perry, AR",1,Personal income (thousands of dollars),521257
05105,"Perry, AR",2,Population (persons) 1,10251
05105,"Perry, AR",3,Per capita personal income (dollars) 2,50849
05107,"Phillips, AR",1,Personal income (thousands of dollars),676929
05107,"Phillips, AR",2,Population (persons) 1,14661
05107,"Phillips, AR",3,Per capita personal income (dollars) 2,46172
05109,"Pike, AR",1,Personal income (thousands of dollars),464698
05109,"Pike, AR",2,Population (persons) 1,10027
05109,"Pike, AR",3,Per capita personal income (dollars) 2,46345
05111,"Poinsett, AR",1,Personal income (thousands of dollars),1059756
05111,"Poinsett, AR",2,Population (persons) 1,22300
05111,"Poinsett, AR",3,Per capita personal income (dollars) 2,47523
05113,"Polk, AR",1,Personal income (thousands of dollars),855862
05113,"Polk, AR",2,Population (persons) 1,19434
05113,"Polk, AR",3,Per capita personal income (dollars) 2,44039
05115,"Pope, AR",1,Personal income (thousands of dollars),2953522
05115,"Pope, AR",2,Population (persons) 1,64829
05115,"Pope, AR",3,Per capita personal income (dollars) 2,45559
05117,"Prairie, AR",1,Personal income (thousands of dollars),380620
05117,"Prairie, AR",2,Population (persons) 1,7935
05117,"Prairie, AR",3,Per capita personal income (dollars) 2,47967
05119,"Pulaski, AR",1,Personal income (thousands of dollars),27177861
05119,"Pulaski, AR",2,Population (persons) 1,401209
05119,"Pulaski, AR",3,Per capita personal income (dollars) 2,67740
05121,"Randolph, AR",1,Personal income (thousands of dollars),824670
05121,"Randolph, AR",2,Population (persons) 1,19040
05121,"Randolph, AR",3,Per capita personal income (dollars) 2,43312
05123,"St. Francis, AR",1,Personal income (thousands of dollars),834893
05123,"St. Francis, AR",2,Population (persons) 1,21822
05123,"St. Francis, AR",3,Per capita personal income (dollars) 2,38259
05125,"Saline, AR",1,Personal income (thousands of dollars),7361403
05125,"Saline, AR",2,Population (persons) 1,131252
05125,"Saline, AR",3,Per capita personal income (dollars) 2,56086
05127,"Scott, AR",1,Personal income (thousands of dollars),437664
05127,"Scott, AR",2,Population (persons) 1,9837
05127,"Scott, AR",3,Per capita personal income (dollars) 2,44492
05129,"Searcy, AR",1,Personal income (thousands of dollars),290407
05129,"Searcy, AR",2,Population (persons) 1,7836
05129,"Searcy, AR",3,Per capita personal income (dollars) 2,37061
05131,"Sebastian, AR",1,Personal income (thousands of dollars),6704491
05131,"Sebastian, AR",2,Population (persons) 1,130035
05131,"Sebastian, AR",3,Per capita personal income (dollars) 2,51559
05133,"Sevier, AR",1,Personal income (thousands of dollars),755524
05133,"Sevier, AR",2,Population (persons) 1,15735
05133,"Sevier, AR",3,Per capita personal income (dollars) 2,48016
05135,"Sharp, AR",1,Personal income (thousands of dollars),840244
05135,"Sharp, AR",2,Population (persons) 1,18130
05135,"Sharp, AR",3,Per capita personal income (dollars) 2,46346
05137,"Stone, AR",1,Personal income (thousands of dollars),509590
05137,"Stone, AR",2,Population (persons) 1,12785
05137,"Stone, AR",3,Per capita personal income (dollars) 2,39858
05139,"Union, AR",1,Personal income (thousands of dollars),2139674
05139,"Union, AR",2,Population (persons) 1,37008
05139,"Union, AR",3,Per capita personal income (dollars) 2,57817
05141,"Van Buren, AR",1,Personal income (thousands of dollars),690615
05141,"Van Buren, AR",2,Population (persons) 1,16152
05141,"Van Buren, AR",3,Per capita personal income (dollars) 2,42757
05143,"Washington, AR",1,Personal income (thousands of dollars),14574093
05143,"Washington, AR",2,Population (persons) 1,266184
05143,"Washington, AR",3,Per capita personal income (dollars) 2,54752
05145,"White, AR",1,Personal income (thousands of dollars),3811471
05145,"White, AR",2,Population (persons) 1,79091
05145,"White, AR",3,Per capita personal income (dollars) 2,48191
05147,"Woodruff, AR",1,Personal income (thousands of dollars),327877
05147,"Woodruff, AR",2,Population (persons) 1,5808
05147,"Woodruff, AR",3,Per capita personal income (dollars) 2,56453
05149,"Yell, AR",1,Personal income (thousands of dollars),974661
05149,"Yell, AR",2,Population (persons) 1,20134
05149,"Yell, AR",3,Per capita personal income (dollars) 2,48409
06001,"Alameda, CA",1,Personal income (thousands of dollars),183486862
06001,"Alameda, CA",2,Population (persons) 1,1649060
06001,"Alameda, CA",3,Per capita personal income (dollars) 2,111268
06003,"Alpine, CA",1,Personal income (thousands of dollars),96872
06003,"Alpine, CA",2,Population (persons) 1,1099
06003,"Alpine, CA",3,Per capita personal income (dollars) 2,88146
06005,"Amador, CA",1,Personal income (thousands of dollars),2256906
06005,"Amador, CA",2,Population (persons) 1,42026
06005,"Amador, CA",3,Per capita personal income (dollars) 2,53703
06007,"Butte, CA",1,Personal income (thousands of dollars),12748115
06007,"Butte, CA",2,Population (persons) 1,208334
06007,"Butte, CA",3,Per capita personal income (dollars) 2,61191
06009,"Calaveras, CA",1,Personal income (thousands of dollars),2978686
06009,"Calaveras, CA",2,Population (persons) 1,46505
06009,"Calaveras, CA",3,Per capita personal income (dollars) 2,64051
06011,"Colusa, CA",1,Personal income (thousands of dollars),1360993
06011,"Colusa, CA",2,Population (persons) 1,22074
06011,"Colusa, CA",3,Per capita personal income (dollars) 2,61656
06013,"Contra Costa, CA",1,Personal income (thousands of dollars),126945239
06013,"Contra Costa, CA",2,Population (persons) 1,1172607
06013,"Contra Costa, CA",3,Per capita personal income (dollars) 2,108259
06015,"Del Norte, CA",1,Personal income (thousands of dollars),1354335
06015,"Del Norte, CA",2,Population (persons) 1,27009
06015,"Del Norte, CA",3,Per capita personal income (dollars) 2,50144
06017,"El Dorado, CA",1,Personal income (thousands of dollars),17268166
06017,"El Dorado, CA",2,Population (persons) 1,192823
06017,"El Dorado, CA",3,Per capita personal income (dollars) 2,89554
06019,"Fresno, CA",1,Personal income (thousands of dollars),58972823
06019,"Fresno, CA",2,Population (persons) 1,1024125
06019,"Fresno, CA",3,Per capita personal income (dollars) 2,57584
06021,"Glenn, CA",1,Personal income (thousands of dollars),1650270
06021,"Glenn, CA",2,Population (persons) 1,28304
06021,"Glenn, CA",3,Per capita personal income (dollars) 2,58305
06023,"Humboldt, CA",1,Personal income (thousands of dollars),8211600
06023,"Humboldt, CA",2,Population (persons) 1,132380
06023,"Humboldt, CA",3,Per capita personal income (dollars) 2,62031
06025,"Imperial, CA",1,Personal income (thousands of dollars),9470869
06025,"Imperial, CA",2,Population (persons) 1,181724
06025,"Imperial, CA",3,Per capita personal income (dollars) 2,52117
06027,"Inyo, CA",1,Personal income (thousands of dollars),1345078
06027,"Inyo, CA",2,Population (persons) 1,18485
06027,"Inyo, CA",3,Per capita personal income (dollars) 2,72766
06029,"Kern, CA",1,Personal income (thousands of dollars),46717492
06029,"Kern, CA",2,Population (persons) 1,922529
06029,"Kern, CA",3,Per capita personal income (dollars) 2,50641
06031,"Kings, CA",1,Personal income (thousands of dollars),7392211
06031,"Kings, CA",2,Population (persons) 1,154913
06031,"Kings, CA",3,Per capita personal income (dollars) 2,47718
06033,"Lake, CA",1,Personal income (thousands of dollars),3564760
06033,"Lake, CA",2,Population (persons) 1,67764
06033,"Lake, CA",3,Per capita personal income (dollars) 2,52606
06035,"Lassen, CA",1,Personal income (thousands of dollars),1383512
06035,"Lassen, CA",2,Population (persons) 1,28340
06035,"Lassen, CA",3,Per capita personal income (dollars) 2,48818
06037,"Los Angeles, CA",1,Personal income (thousands of dollars),818509319
06037,"Los Angeles, CA",2,Population (persons) 1,9757179
06037,"Los Angeles, CA",3,Per capita personal income (dollars) 2,83888
06039,"Madera, CA",1,Personal income (thousands of dollars),8474319
06039,"Madera, CA",2,Population (persons) 1,165432
06039,"Madera, CA",3,Per capita personal income (dollars) 2,51225
06041,"Marin, CA",1,Personal income (thousands of dollars),48944339
06041,"Marin, CA",2,Population (persons) 1,256400
06041,"Marin, CA",3,Per capita personal income (dollars) 2,190891
06043,"Mariposa, CA",1,Personal income (thousands of dollars),1207938
06043,"Mariposa, CA",2,Population (persons) 1,17048
06043,"Mariposa, CA",3,Per capita personal income (dollars) 2,70855
06045,"Mendocino, CA",1,Personal income (thousands of dollars),5567917
06045,"Mendocino, CA",2,Population (persons) 1,89175
06045,"Mendocino, CA",3,Per capita personal income (dollars) 2,62438
06047,"Merced, CA",1,Personal income (thousands of dollars),15278285
06047,"Merced, CA",2,Population (persons) 1,296774
06047,"Merced, CA",3,Per capita personal income (dollars) 2,51481
06049,"Modoc, CA",1,Personal income (thousands of dollars),580383
06049,"Modoc, CA",2,Population (persons) 1,8491
06049,"Modoc, CA",3,Per capita personal income (dollars) 2,68353
06051,"Mono, CA",1,Personal income (thousands of dollars),974797
06051,"Mono, CA",2,Population (persons) 1,12991
06051,"Mono, CA",3,Per capita personal income (dollars) 2,75036
06053,"Monterey, CA",1,Personal income (thousands of dollars),32358723
06053,"Monterey, CA",2,Population (persons) 1,436251
06053,"Monterey, CA",3,Per capita personal income (dollars) 2,74175
06055,"Napa, CA",1,Personal income (thousands of dollars),13673170
06055,"Napa, CA",2,Population (persons) 1,132727
06055,"Napa, CA",3,Per capita personal income (dollars) 2,103017
06057,"Nevada, CA",1,Personal income (thousands of dollars),8210982
06057,"Nevada, CA",2,Population (persons) 1,102195
06057,"Nevada, CA",3,Per capita personal income (dollars) 2,80346
06059,"Orange, CA",1,Personal income (thousands of dollars),298128817
06059,"Orange, CA",2,Population (persons) 1,3170435
06059,"Orange, CA",3,Per capita personal income (dollars) 2,94034
06061,"Placer, CA",1,Personal income (thousands of dollars),38068254
06061,"Placer, CA",2,Population (persons) 1,433822
06061,"Placer, CA",3,Per capita personal income (dollars) 2,87751
06063,"Plumas, CA",1,Personal income (thousands of dollars),1347930
06063,"Plumas, CA",2,Population (persons) 1,18834
06063,"Plumas, CA",3,Per capita personal income (dollars) 2,71569
06065,"Riverside, CA",1,Personal income (thousands of dollars),142697421
06065,"Riverside, CA",2,Population (persons) 1,2529933
06065,"Riverside, CA",3,Per capita personal income (dollars) 2,56404
06067,"Sacramento, CA",1,Personal income (thousands of dollars),112291560
06067,"Sacramento, CA",2,Population (persons) 1,1611231
06067,"Sacramento, CA",3,Per capita personal income (dollars) 2,69693
06069,"San Benito, CA",1,Personal income (thousands of dollars),4838868
06069,"San Benito, CA",2,Population (persons) 1,69159
06069,"San Benito, CA",3,Per capita personal income (dollars) 2,69967
06071,"San Bernardino, CA",1,Personal income (thousands of dollars),119551968
06071,"San Bernardino, CA",2,Population (persons) 1,2214281
06071,"San Bernardino, CA",3,Per capita personal income (dollars) 2,53991
06073,"San Diego, CA",1,Personal income (thousands of dollars),278127534
06073,"San Diego, CA",2,Population (persons) 1,3298799
06073,"San Diego, CA",3,Per capita personal income (dollars) 2,84312
06075,"San Francisco, CA",1,Personal income (thousands of dollars),141918003
06075,"San Francisco, CA",2,Population (persons) 1,827526
06075,"San Francisco, CA",3,Per capita personal income (dollars) 2,171497
06077,"San Joaquin, CA",1,Personal income (thousands of dollars),51428988
06077,"San Joaquin, CA",2,Population (persons) 1,816108
06077,"San Joaquin, CA",3,Per capita personal income (dollars) 2,63017
06079,"San Luis Obispo, CA",1,Personal income (thousands of dollars),21860772
06079,"San Luis Obispo, CA",2,Population (persons) 1,281843
06079,"San Luis Obispo, CA",3,Per capita personal income (dollars) 2,77564
06081,"San Mateo, CA",1,Personal income (thousands of dollars),133465215
06081,"San Mateo, CA",2,Population (persons) 1,742893
06081,"San Mateo, CA",3,Per capita personal income (dollars) 2,179656
06083,"Santa Barbara, CA",1,Personal income (thousands of dollars),39270189
06083,"Santa Barbara, CA",2,Population (persons) 1,444500
06083,"Santa Barbara, CA",3,Per capita personal income (dollars) 2,88347
06085,"Santa Clara, CA",1,Personal income (thousands of dollars),303627499
06085,"Santa Clara, CA",2,Population (persons) 1,1926325
06085,"Santa Clara, CA",3,Per capita personal income (dollars) 2,157620
06087,"Santa Cruz, CA",1,Personal income (thousands of dollars),24556016
06087,"Santa Cruz, CA",2,Population (persons) 1,262406
06087,"Santa Cruz, CA",3,Per capita personal income (dollars) 2,93580
06089,"Shasta, CA",1,Personal income (thousands of dollars),11187620
06089,"Shasta, CA",2,Population (persons) 1,181121
06089,"Shasta, CA",3,Per capita personal income (dollars) 2,61769
06091,"Sierra, CA",1,Personal income (thousands of dollars),176519
06091,"Sierra, CA",2,Population (persons) 1,3113
06091,"Sierra, CA",3,Per capita personal income (dollars) 2,56704
06093,"Siskiyou, CA",1,Personal income (thousands of dollars),2599367
06093,"Siskiyou, CA",2,Population (persons) 1,42498
06093,"Siskiyou, CA",3,Per capita personal income (dollars) 2,61164
06095,"Solano, CA",1,Personal income (thousands of dollars),30830297
06095,"Solano, CA",2,Population (persons) 1,455101
06095,"Solano, CA",3,Per capita personal income (dollars) 2,67744
06097,"Sonoma, CA",1,Personal income (thousands of dollars),43116855
06097,"Sonoma, CA",2,Population (persons) 1,485375
06097,"Sonoma, CA",3,Per capita personal income (dollars) 2,88832
06099,"Stanislaus, CA",1,Personal income (thousands of dollars),31603234
06099,"Stanislaus, CA",2,Population (persons) 1,556972
06099,"Stanislaus, CA",3,Per capita personal income (dollars) 2,56741
06101,"Sutter, CA",1,Personal income (thousands of dollars),5700248
06101,"Sutter, CA",2,Population (persons) 1,98545
06101,"Sutter, CA",3,Per capita personal income (dollars) 2,57844
06103,"Tehama, CA",1,Personal income (thousands of dollars),3441782
06103,"Tehama, CA",2,Population (persons) 1,64451
06103,"Tehama, CA",3,Per capita personal income (dollars) 2,53402
06105,"Trinity, CA",1,Personal income (thousands of dollars),659948
06105,"Trinity, CA",2,Population (persons) 1,15642
06105,"Trinity, CA",3,Per capita personal income (dollars) 2,42191
06107,"Tulare, CA",1,Personal income (thousands of dollars),25675091
06107,"Tulare, CA",2,Population (persons) 1,483546
06107,"Tulare, CA",3,Per capita personal income (dollars) 2,53098
06109,"Tuolumne, CA",1,Personal income (thousands of dollars),3320024
06109,"Tuolumne, CA",2,Population (persons) 1,53893
06109,"Tuolumne, CA",3,Per capita personal income (dollars) 2,61604
06111,"Ventura, CA",1,Personal income (thousands of dollars),68971501
06111,"Ventura, CA",2,Population (persons) 1,835427
06111,"Ventura, CA",3,Per capita personal income (dollars) 2,82558
06113,"Yolo, CA",1,Personal income (thousands of dollars),16002676
06113,"Yolo, CA",2,Population (persons) 1,225251
06113,"Yolo, CA",3,Per capita personal income (dollars) 2,71044
06115,"Yuba, CA",1,Personal income (thousands of dollars),4788160
06115,"Yuba, CA",2,Population (persons) 1,87469
06115,"Yuba, CA",3,Per capita personal income (dollars) 2,54741
08001,"Adams, CO*",1,Personal income (thousands of dollars),32726484
08001,"Adams, CO*",2,Population (persons) 1,542973
08001,"Adams, CO*",3,Per capita personal income (dollars) 2,60273
08003,"Alamosa, CO",1,Personal income (thousands of dollars),776428
08003,"Alamosa, CO",2,Population (persons) 1,16689
08003,"Alamosa, CO",3,Per capita personal income (dollars) 2,46523
08005,"Arapahoe, CO",1,Personal income (thousands of dollars),56108745
08005,"Arapahoe, CO",2,Population (persons) 1,666918
08005,"Arapahoe, CO",3,Per capita personal income (dollars) 2,84131
08007,"Archuleta, CO",1,Personal income (thousands of dollars),882889
08007,"Archuleta, CO",2,Population (persons) 1,14112
08007,"Archuleta, CO",3,Per capita personal income (dollars) 2,62563
08009,"Baca, CO",1,Personal income (thousands of dollars),179886
08009,"Baca, CO",2,Population (persons) 1,3367
08009,"Baca, CO",3,Per capita personal income (dollars) 2,53426
08011,"Bent, CO",1,Personal income (thousands of dollars),202056
08011,"Bent, CO",2,Population (persons) 1,5779
08011,"Bent, CO",3,Per capita personal income (dollars) 2,34964
08013,"Boulder, CO*",1,Personal income (thousands of dollars),34613970
08013,"Boulder, CO*",2,Population (persons) 1,330262
08013,"Boulder, CO*",3,Per capita personal income (dollars) 2,104808
08014,"Broomfield, CO*",1,Personal income (thousands of dollars),7287477
08014,"Broomfield, CO*",2,Population (persons) 1,78323
08014,"Broomfield, CO*",3,Per capita personal income (dollars) 2,93044
08015,"Chaffee, CO",1,Personal income (thousands of dollars),1484326
08015,"Chaffee, CO",2,Population (persons) 1,20780
08015,"Chaffee, CO",3,Per capita personal income (dollars) 2,71431
08017,"Cheyenne, CO",1,Personal income (thousands of dollars),135351
08017,"Cheyenne, CO",2,Population (persons) 1,1712
08017,"Cheyenne, CO",3,Per capita personal income (dollars) 2,79060
08019,"Clear Creek, CO",1,Personal income (thousands of dollars),772703
08019,"Clear Creek, CO",2,Population (persons) 1,9076
08019,"Clear Creek, CO",3,Per capita personal income (dollars) 2,85137
08021,"Conejos, CO",1,Personal income (thousands of dollars),361113
08021,"Conejos, CO",2,Population (persons) 1,7549
08021,"Conejos, CO",3,Per capita personal income (dollars) 2,47836
08023,"Costilla, CO",1,Personal income (thousands of dollars),159728
08023,"Costilla, CO",2,Population (persons) 1,3686
08023,"Costilla, CO",3,Per capita personal income (dollars) 2,43334
08025,"Crowley, CO",1,Personal income (thousands of dollars),152501
08025,"Crowley, CO",2,Population (persons) 1,5600
08025,"Crowley, CO",3,Per capita personal income (dollars) 2,27232
08027,"Custer, CO",1,Personal income (thousands of dollars),326567
08027,"Custer, CO",2,Population (persons) 1,5553
08027,"Custer, CO",3,Per capita personal income (dollars) 2,58809
08029,"Delta, CO",1,Personal income (thousands of dollars),1712870
08029,"Delta, CO",2,Population (persons) 1,32215
08029,"Delta, CO",3,Per capita personal income (dollars) 2,53170
08031,"Denver, CO",1,Personal income (thousands of dollars),86944669
08031,"Denver, CO",2,Population (persons) 1,729019
08031,"Denver, CO",3,Per capita personal income (dollars) 2,119263
08033,"Dolores, CO",1,Personal income (thousands of dollars),104321
08033,"Dolores, CO",2,Population (persons) 1,2467
08033,"Dolores, CO",3,Per capita personal income (dollars) 2,42287
08035,"Douglas, CO",1,Personal income (thousands of dollars),42238032
08035,"Douglas, CO",2,Population (persons) 1,393995
08035,"Douglas, CO",3,Per capita personal income (dollars) 2,107204
08037,"Eagle, CO",1,Personal income (thousands of dollars),7481568
08037,"Eagle, CO",2,Population (persons) 1,54330
08037,"Eagle, CO",3,Per capita personal income (dollars) 2,137706
08039,"Elbert, CO",1,Personal income (thousands of dollars),2328355
08039,"Elbert, CO",2,Population (persons) 1,29382
08039,"Elbert, CO",3,Per capita personal income (dollars) 2,79244
08041,"El Paso, CO",1,Personal income (thousands of dollars),51891592
08041,"El Paso, CO",2,Population (persons) 1,752772
08041,"El Paso, CO",3,Per capita personal income (dollars) 2,68934
08043,"Fremont, CO",1,Personal income (thousands of dollars),2300154
08043,"Fremont, CO",2,Population (persons) 1,50093
08043,"Fremont, CO",3,Per capita personal income (dollars) 2,45918
08045,"Garfield, CO",1,Personal income (thousands of dollars),4722159
08045,"Garfield, CO",2,Population (persons) 1,63167
08045,"Garfield, CO",3,Per capita personal income (dollars) 2,74757
08047,"Gilpin, CO",1,Personal income (thousands of dollars),436069
08047,"Gilpin, CO",2,Population (persons) 1,5963
08047,"Gilpin, CO",3,Per capita personal income (dollars) 2,73129
08049,"Grand, CO",1,Personal income (thousands of dollars),1313398
08049,"Grand, CO",2,Population (persons) 1,16154
08049,"Grand, CO",3,Per capita personal income (dollars) 2,81305
08051,"Gunnison, CO",1,Personal income (thousands of dollars),1301437
08051,"Gunnison, CO",2,Population (persons) 1,17310
08051,"Gunnison, CO",3,Per capita personal income (dollars) 2,75184
08053,"Hinsdale, CO",1,Personal income (thousands of dollars),55340
08053,"Hinsdale, CO",2,Population (persons) 1,747
08053,"Hinsdale, CO",3,Per capita personal income (dollars) 2,74083
08055,"Huerfano, CO",1,Personal income (thousands of dollars),373793
08055,"Huerfano, CO",2,Population (persons) 1,6988
08055,"Huerfano, CO",3,Per capita personal income (dollars) 2,53491
08057,"Jackson, CO",1,Personal income (thousands of dollars),99212
08057,"Jackson, CO",2,Population (persons) 1,1273
08057,"Jackson, CO",3,Per capita personal income (dollars) 2,77936
08059,"Jefferson, CO*",1,Personal income (thousands of dollars),51314821
08059,"Jefferson, CO*",2,Population (persons) 1,578533
08059,"Jefferson, CO*",3,Per capita personal income (dollars) 2,88698
08061,"Kiowa, CO",1,Personal income (thousands of dollars),103514
08061,"Kiowa, CO",2,Population (persons) 1,1392
08061,"Kiowa, CO",3,Per capita personal income (dollars) 2,74364
08063,"Kit Carson, CO",1,Personal income (thousands of dollars),372056
08063,"Kit Carson, CO",2,Population (persons) 1,7080
08063,"Kit Carson, CO",3,Per capita personal income (dollars) 2,52550
08065,"Lake, CO",1,Personal income (thousands of dollars),429028
08065,"Lake, CO",2,Population (persons) 1,7369
08065,"Lake, CO",3,Per capita personal income (dollars) 2,58221
08067,"La Plata, CO",1,Personal income (thousands of dollars),4604423
08067,"La Plata, CO",2,Population (persons) 1,56823
08067,"La Plata, CO",3,Per capita personal income (dollars) 2,81031
08069,"Larimer, CO",1,Personal income (thousands of dollars),27678876
08069,"Larimer, CO",2,Population (persons) 1,374574
08069,"Larimer, CO",3,Per capita personal income (dollars) 2,73894
08071,"Las Animas, CO",1,Personal income (thousands of dollars),688471
08071,"Las Animas, CO",2,Population (persons) 1,14518
08071,"Las Animas, CO",3,Per capita personal income (dollars) 2,47422
08073,"Lincoln, CO",1,Personal income (thousands of dollars),223002
08073,"Lincoln, CO",2,Population (persons) 1,5598
08073,"Lincoln, CO",3,Per capita personal income (dollars) 2,39836
08075,"Logan, CO",1,Personal income (thousands of dollars),1196913
08075,"Logan, CO",2,Population (persons) 1,20755
08075,"Logan, CO",3,Per capita personal income (dollars) 2,57669
08077,"Mesa, CO",1,Personal income (thousands of dollars),9663489
08077,"Mesa, CO",2,Population (persons) 1,161260
08077,"Mesa, CO",3,Per capita personal income (dollars) 2,59925
08079,"Mineral, CO",1,Personal income (thousands of dollars),75504
08079,"Mineral, CO",2,Population (persons) 1,933
08079,"Mineral, CO",3,Per capita personal income (dollars) 2,80926
08081,"Moffat, CO",1,Personal income (thousands of dollars),711772
08081,"Moffat, CO",2,Population (persons) 1,13142
08081,"Moffat, CO",3,Per capita personal income (dollars) 2,54160
08083,"Montezuma, CO",1,Personal income (thousands of dollars),1487991
08083,"Montezuma, CO",2,Population (persons) 1,26841
08083,"Montezuma, CO",3,Per capita personal income (dollars) 2,55437
08085,"Montrose, CO",1,Personal income (thousands of dollars),2567588
08085,"Montrose, CO",2,Population (persons) 1,44806
08085,"Montrose, CO",3,Per capita personal income (dollars) 2,57305
08087,"Morgan, CO",1,Personal income (thousands of dollars),1668460
08087,"Morgan, CO",2,Population (persons) 1,30300
08087,"Morgan, CO",3,Per capita personal income (dollars) 2,55065
08089,"Otero, CO",1,Personal income (thousands of dollars),848007
08089,"Otero, CO",2,Population (persons) 1,17991
08089,"Otero, CO",3,Per capita personal income (dollars) 2,47135
08091,"Ouray, CO",1,Personal income (thousands of dollars),475807
08091,"Ouray, CO",2,Population (persons) 1,5197
08091,"Ouray, CO",3,Per capita personal income (dollars) 2,91554
08093,"Park, CO",1,Personal income (thousands of dollars),1204110
08093,"Park, CO",2,Population (persons) 1,18316
08093,"Park, CO",3,Per capita personal income (dollars) 2,65741
08095,"Phillips, CO",1,Personal income (thousands of dollars),243656
08095,"Phillips, CO",2,Population (persons) 1,4488
08095,"Phillips, CO",3,Per capita personal income (dollars) 2,54291
08097,"Pitkin, CO",1,Personal income (thousands of dollars),4577562
08097,"Pitkin, CO",2,Population (persons) 1,16643
08097,"Pitkin, CO",3,Per capita personal income (dollars) 2,275044
08099,"Prowers, CO",1,Personal income (thousands of dollars),587680
08099,"Prowers, CO",2,Population (persons) 1,11957
08099,"Prowers, CO",3,Per capita personal income (dollars) 2,49149
08101,"Pueblo, CO",1,Personal income (thousands of dollars),8746706
08101,"Pueblo, CO",2,Population (persons) 1,169866
08101,"Pueblo, CO",3,Per capita personal income (dollars) 2,51492
08103,"Rio Blanco, CO",1,Personal income (thousands of dollars),430266
08103,"Rio Blanco, CO",2,Population (persons) 1,6607
08103,"Rio Blanco, CO",3,Per capita personal income (dollars) 2,65123
08105,"Rio Grande, CO",1,Personal income (thousands of dollars),701410
08105,"Rio Grande, CO",2,Population (persons) 1,11132
08105,"Rio Grande, CO",3,Per capita personal income (dollars) 2,63008
08107,"Routt, CO",1,Personal income (thousands of dollars),3439092
08107,"Routt, CO",2,Population (persons) 1,25243
08107,"Routt, CO",3,Per capita personal income (dollars) 2,136239
08109,"Saguache, CO",1,Personal income (thousands of dollars),291487
08109,"Saguache, CO",2,Population (persons) 1,6670
08109,"Saguache, CO",3,Per capita personal income (dollars) 2,43701
08111,"San Juan, CO",1,Personal income (thousands of dollars),48533
08111,"San Juan, CO",2,Population (persons) 1,821
08111,"San Juan, CO",3,Per capita personal income (dollars) 2,59114
08113,"San Miguel, CO",1,Personal income (thousands of dollars),1257165
08113,"San Miguel, CO",2,Population (persons) 1,7819
08113,"San Miguel, CO",3,Per capita personal income (dollars) 2,160783
08115,"Sedgwick, CO",1,Personal income (thousands of dollars),121938
08115,"Sedgwick, CO",2,Population (persons) 1,2257
08115,"Sedgwick, CO",3,Per capita personal income (dollars) 2,54027
08117,"Summit, CO",1,Personal income (thousands of dollars),3483766
08117,"Summit, CO",2,Population (persons) 1,30882
08117,"Summit, CO",3,Per capita personal income (dollars) 2,112809
08119,"Teller, CO",1,Personal income (thousands of dollars),1756521
08119,"Teller, CO",2,Population (persons) 1,24862
08119,"Teller, CO",3,Per capita personal income (dollars) 2,70651
08121,"Washington, CO",1,Personal income (thousands of dollars),231901
08121,"Washington, CO",2,Population (persons) 1,4771
08121,"Washington, CO",3,Per capita personal income (dollars) 2,48606
08123,"Weld, CO*",1,Personal income (thousands of dollars),23542333
08123,"Weld, CO*",2,Population (persons) 1,369745
08123,"Weld, CO*",3,Per capita personal income (dollars) 2,63672
08125,"Yuma, CO",1,Personal income (thousands of dollars),551582
08125,"Yuma, CO",2,Population (persons) 1,10048
08125,"Yuma, CO",3,Per capita personal income (dollars) 2,54895
09001,"Fairfield, CT*",1,Personal income (thousands of dollars),(NA)
09001,"Fairfield, CT*",2,Population (persons) 1,(NA)
09001,"Fairfield, CT*",3,Per capita personal income (dollars) 2,(NA)
09003,"Hartford, CT*",1,Personal income (thousands of dollars),(NA)
09003,"Hartford, CT*",2,Population (persons) 1,(NA)
09003,"Hartford, CT*",3,Per capita personal income (dollars) 2,(NA)
09005,"Litchfield, CT*",1,Personal income (thousands of dollars),(NA)
09005,"Litchfield, CT*",2,Population (persons) 1,(NA)
09005,"Litchfield, CT*",3,Per capita personal income (dollars) 2,(NA)
09007,"Middlesex, CT*",1,Personal income (thousands of dollars),(NA)
09007,"Middlesex, CT*",2,Population (persons) 1,(NA)
09007,"Middlesex, CT*",3,Per capita personal income (dollars) 2,(NA)
09009,"New Haven, CT*",1,Personal income (thousands of dollars),(NA)
09009,"New Haven, CT*",2,Population (persons) 1,(NA)
09009,"New Haven, CT*",3,Per capita personal income (dollars) 2,(NA)
09011,"New London, CT*",1,Personal income (thousands of dollars),(NA)
09011,"New London, CT*",2,Population (persons) 1,(NA)
09011,"New London, CT*",3,Per capita personal income (dollars) 2,(NA)
09013,"Tolland, CT*",1,Personal income (thousands of dollars),(NA)
09013,"Tolland, CT*",2,Population (persons) 1,(NA)
09013,"Tolland, CT*",3,Per capita personal income (dollars) 2,(NA)
09015,"Windham, CT*",1,Personal income (thousands of dollars),(NA)
09015,"Windham, CT*",2,Population (persons) 1,(NA)
09015,"Windham, CT*",3,Per capita personal income (dollars) 2,(NA)
09110,"Capitol, CT*",1,Personal income (thousands of dollars),82016501
09110,"Capitol, CT*",2,Population (persons) 1,991508
09110,"Capitol, CT*",3,Per capita personal income (dollars) 2,82719
09120,"Greater Bridgeport, CT*",1,Personal income (thousands of dollars),35881828
09120,"Greater Bridgeport, CT*",2,Population (persons) 1,335666
09120,"Greater Bridgeport, CT*",3,Per capita personal income (dollars) 2,106897
09130,"Lower Connecticut River Valley, CT*",1,Personal income (thousands of dollars),15494529
09130,"Lower Connecticut River Valley, CT*",2,Population (persons) 1,177540
09130,"Lower Connecticut River Valley, CT*",3,Per capita personal income (dollars) 2,87273
09140,"Naugatuck Valley, CT*",1,Personal income (thousands of dollars),33498879
09140,"Naugatuck Valley, CT*",2,Population (persons) 1,462220
09140,"Naugatuck Valley, CT*",3,Per capita personal income (dollars) 2,72474
09150,"Northeastern Connecticut, CT*",1,Personal income (thousands of dollars),6548412
09150,"Northeastern Connecticut, CT*",2,Population (persons) 1,97701
09150,"Northeastern Connecticut, CT*",3,Per capita personal income (dollars) 2,67025
09160,"Northwest Hills, CT*",1,Personal income (thousands of dollars),9519798
09160,"Northwest Hills, CT*",2,Population (persons) 1,114101
09160,"Northwest Hills, CT*",3,Per capita personal income (dollars) 2,83433
09170,"South Central Connecticut, CT*",1,Personal income (thousands of dollars),42657860
09170,"South Central Connecticut, CT*",2,Population (persons) 1,576718
09170,"South Central Connecticut, CT*",3,Per capita personal income (dollars) 2,73967
09180,"Southeastern Connecticut, CT*",1,Personal income (thousands of dollars),18325394
09180,"Southeastern Connecticut, CT*",2,Population (persons) 1,282602
09180,"Southeastern Connecticut, CT*",3,Per capita personal income (dollars) 2,64845
09190,"Western Connecticut, CT*",1,Personal income (thousands of dollars),105433862
09190,"Western Connecticut, CT*",2,Population (persons) 1,637013
09190,"Western Connecticut, CT*",3,Per capita personal income (dollars) 2,165513
10001,"Kent, DE",1,Personal income (thousands of dollars),10689379
10001,"Kent, DE",2,Population (persons) 1,192690
10001,"Kent, DE",3,Per capita personal income (dollars) 2,55474
10003,"New Castle, DE",1,Personal income (thousands of dollars),40936704
10003,"New Castle, DE",2,Population (persons) 1,588093
10003,"New Castle, DE",3,Per capita personal income (dollars) 2,69609
10005,"Sussex, DE",1,Personal income (thousands of dollars),19968131
10005,"Sussex, DE",2,Population (persons) 1,271134
10005,"Sussex, DE",3,Per capita personal income (dollars) 2,73647
11001,"District of Columbia, DC",1,Personal income (thousands of dollars),78079526
11001,"District of Columbia, DC",2,Population (persons) 1,702250
11001,"District of Columbia, DC",3,Per capita personal income (dollars) 2,111185
12001,"Alachua, FL",1,Personal income (thousands of dollars),17178223
12001,"Alachua, FL",2,Population (persons) 1,291782
12001,"Alachua, FL",3,Per capita personal income (dollars) 2,58873
12003,"Baker, FL",1,Personal income (thousands of dollars),1396462
12003,"Baker, FL",2,Population (persons) 1,29325
12003,"Baker, FL",3,Per capita personal income (dollars) 2,47620
12005,"Bay, FL",1,Personal income (thousands of dollars),11603904
12005,"Bay, FL",2,Population (persons) 1,199718
12005,"Bay, FL",3,Per capita personal income (dollars) 2,58101
12007,"Bradford, FL",1,Personal income (thousands of dollars),1293539
12007,"Bradford, FL",2,Population (persons) 1,28075
12007,"Bradford, FL",3,Per capita personal income (dollars) 2,46074
12009,"Brevard, FL",1,Personal income (thousands of dollars),42250307
12009,"Brevard, FL",2,Population (persons) 1,658447
12009,"Brevard, FL",3,Per capita personal income (dollars) 2,64167
12011,"Broward, FL",1,Personal income (thousands of dollars),151804008
12011,"Broward, FL",2,Population (persons) 1,2037472
12011,"Broward, FL",3,Per capita personal income (dollars) 2,74506
12013,"Calhoun, FL",1,Personal income (thousands of dollars),550672
12013,"Calhoun, FL",2,Population (persons) 1,13278
12013,"Calhoun, FL",3,Per capita personal income (dollars) 2,41473
12015,"Charlotte, FL",1,Personal income (thousands of dollars),12726271
12015,"Charlotte, FL",2,Population (persons) 1,212122
12015,"Charlotte, FL",3,Per capita personal income (dollars) 2,59995
12017,"Citrus, FL",1,Personal income (thousands of dollars),8638330
12017,"Citrus, FL",2,Population (persons) 1,170174
12017,"Citrus, FL",3,Per capita personal income (dollars) 2,50762
12019,"Clay, FL",1,Personal income (thousands of dollars),14040147
12019,"Clay, FL",2,Population (persons) 1,236760
12019,"Clay, FL",3,Per capita personal income (dollars) 2,59301
12021,"Collier, FL",1,Personal income (thousands of dollars),62493250
12021,"Collier, FL",2,Population (persons) 1,416233
12021,"Collier, FL",3,Per capita personal income (dollars) 2,150140
12023,"Columbia, FL",1,Personal income (thousands of dollars),3554767
12023,"Columbia, FL",2,Population (persons) 1,73977
12023,"Columbia, FL",3,Per capita personal income (dollars) 2,48052
12027,"DeSoto, FL",1,Personal income (thousands of dollars),1320493
12027,"DeSoto, FL",2,Population (persons) 1,36744
12027,"DeSoto, FL",3,Per capita personal income (dollars) 2,35938
12029,"Dixie, FL",1,Personal income (thousands of dollars),667030
12029,"Dixie, FL",2,Population (persons) 1,17614
12029,"Dixie, FL",3,Per capita personal income (dollars) 2,37869
12031,"Duval, FL",1,Personal income (thousands of dollars),66211611
12031,"Duval, FL",2,Population (persons) 1,1055159
12031,"Duval, FL",3,Per capita personal income (dollars) 2,62750
12033,"Escambia, FL",1,Personal income (thousands of dollars),19615320
12033,"Escambia, FL",2,Population (persons) 1,331275
12033,"Escambia, FL",3,Per capita personal income (dollars) 2,59212
12035,"Flagler, FL",1,Personal income (thousands of dollars),9123047
12035,"Flagler, FL",2,Population (persons) 1,136744
12035,"Flagler, FL",3,Per capita personal income (dollars) 2,66716
12037,"Franklin, FL",1,Personal income (thousands of dollars),620193
12037,"Franklin, FL",2,Population (persons) 1,12979
12037,"Franklin, FL",3,Per capita personal income (dollars) 2,47784
12039,"Gadsden, FL",1,Personal income (thousands of dollars),2239956
12039,"Gadsden, FL",2,Population (persons) 1,44151
12039,"Gadsden, FL",3,Per capita personal income (dollars) 2,50734
12041,"Gilchrist, FL",1,Personal income (thousands of dollars),931416
12041,"Gilchrist, FL",2,Population (persons) 1,20233
12041,"Gilchrist, FL",3,Per capita personal income (dollars) 2,46034
12043,"Glades, FL",1,Personal income (thousands of dollars),453674
12043,"Glades, FL",2,Population (persons) 1,13132
12043,"Glades, FL",3,Per capita personal income (dollars) 2,34547
12045,"Gulf, FL",1,Personal income (thousands of dollars),855988
12045,"Gulf, FL",2,Population (persons) 1,15876
12045,"Gulf, FL",3,Per capita personal income (dollars) 2,53917
12047,"Hamilton, FL",1,Personal income (thousands of dollars),540345
12047,"Hamilton, FL",2,Population (persons) 1,14334
12047,"Hamilton, FL",3,Per capita personal income (dollars) 2,37697
12049,"Hardee, FL",1,Personal income (thousands of dollars),990401
12049,"Hardee, FL",2,Population (persons) 1,26068
12049,"Hardee, FL",3,Per capita personal income (dollars) 2,37993
12051,"Hendry, FL",1,Personal income (thousands of dollars),1946756
12051,"Hendry, FL",2,Population (persons) 1,46130
12051,"Hendry, FL",3,Per capita personal income (dollars) 2,42202
12053,"Hernando, FL",1,Personal income (thousands of dollars),11223896
12053,"Hernando, FL",2,Population (persons) 1,218150
12053,"Hernando, FL",3,Per capita personal income (dollars) 2,51450
12055,"Highlands, FL",1,Personal income (thousands of dollars),5104616
12055,"Highlands, FL",2,Population (persons) 1,109778
12055,"Highlands, FL",3,Per capita personal income (dollars) 2,46499
12057,"Hillsborough, FL",1,Personal income (thousands of dollars),107082073
12057,"Hillsborough, FL",2,Population (persons) 1,1581426
12057,"Hillsborough, FL",3,Per capita personal income (dollars) 2,67712
12059,"Holmes, FL",1,Personal income (thousands of dollars),872949
12059,"Holmes, FL",2,Population (persons) 1,19876
12059,"Holmes, FL",3,Per capita personal income (dollars) 2,43920
12061,"Indian River, FL",1,Personal income (thousands of dollars),19866223
12061,"Indian River, FL",2,Population (persons) 1,172139
12061,"Indian River, FL",3,Per capita personal income (dollars) 2,115408
12063,"Jackson, FL",1,Personal income (thousands of dollars),2115103
12063,"Jackson, FL",2,Population (persons) 1,49980
12063,"Jackson, FL",3,Per capita personal income (dollars) 2,42319
12065,"Jefferson, FL",1,Personal income (thousands of dollars),868850
12065,"Jefferson, FL",2,Population (persons) 1,15921
12065,"Jefferson, FL",3,Per capita personal income (dollars) 2,54573
12067,"Lafayette, FL",1,Personal income (thousands of dollars),329432
12067,"Lafayette, FL",2,Population (persons) 1,8640
12067,"Lafayette, FL",3,Per capita personal income (dollars) 2,38129
12069,"Lake, FL",1,Personal income (thousands of dollars),25835269
12069,"Lake, FL",2,Population (persons) 1,444204
12069,"Lake, FL",3,Per capita personal income (dollars) 2,58161
12071,"Lee, FL",1,Personal income (thousands of dollars),60550455
12071,"Lee, FL",2,Population (persons) 1,860959
12071,"Lee, FL",3,Per capita personal income (dollars) 2,70329
12073,"Leon, FL",1,Personal income (thousands of dollars),18603875
12073,"Leon, FL",2,Population (persons) 1,300488
12073,"Leon, FL",3,Per capita personal income (dollars) 2,61912
12075,"Levy, FL",1,Personal income (thousands of dollars),2356779
12075,"Levy, FL",2,Population (persons) 1,47765
12075,"Levy, FL",3,Per capita personal income (dollars) 2,49341
12077,"Liberty, FL",1,Personal income (thousands of dollars),294396
12077,"Liberty, FL",2,Population (persons) 1,7955
12077,"Liberty, FL",3,Per capita personal income (dollars) 2,37008
12079,"Madison, FL",1,Personal income (thousands of dollars),865213
12079,"Madison, FL",2,Population (persons) 1,18364
12079,"Madison, FL",3,Per capita personal income (dollars) 2,47115
12081,"Manatee, FL",1,Personal income (thousands of dollars),31399341
12081,"Manatee, FL",2,Population (persons) 1,458352
12081,"Manatee, FL",3,Per capita personal income (dollars) 2,68505
12083,"Marion, FL",1,Personal income (thousands of dollars),21144762
12083,"Marion, FL",2,Population (persons) 1,428905
12083,"Marion, FL",3,Per capita personal income (dollars) 2,49299
12085,"Martin, FL",1,Personal income (thousands of dollars),20658019
12085,"Martin, FL",2,Population (persons) 1,165666
12085,"Martin, FL",3,Per capita personal income (dollars) 2,124697
12086,"Miami-Dade, FL",1,Personal income (thousands of dollars),223009590
12086,"Miami-Dade, FL",2,Population (persons) 1,2838461
12086,"Miami-Dade, FL",3,Per capita personal income (dollars) 2,78567
12087,"Monroe, FL",1,Personal income (thousands of dollars),11954963
12087,"Monroe, FL",2,Population (persons) 1,80908
12087,"Monroe, FL",3,Per capita personal income (dollars) 2,147760
12089,"Nassau, FL",1,Personal income (thousands of dollars),8712113
12089,"Nassau, FL",2,Population (persons) 1,104376
12089,"Nassau, FL",3,Per capita personal income (dollars) 2,83469
12091,"Okaloosa, FL",1,Personal income (thousands of dollars),14601665
12091,"Okaloosa, FL",2,Population (persons) 1,220483
12091,"Okaloosa, FL",3,Per capita personal income (dollars) 2,66226
12093,"Okeechobee, FL",1,Personal income (thousands of dollars),1864600
12093,"Okeechobee, FL",2,Population (persons) 1,42369
12093,"Okeechobee, FL",3,Per capita personal income (dollars) 2,44009
12095,"Orange, FL",1,Personal income (thousands of dollars),96397948
12095,"Orange, FL",2,Population (persons) 1,1533646
12095,"Orange, FL",3,Per capita personal income (dollars) 2,62855
12097,"Osceola, FL",1,Personal income (thousands of dollars),22977761
12097,"Osceola, FL",2,Population (persons) 1,468058
12097,"Osceola, FL",3,Per capita personal income (dollars) 2,49092
12099,"Palm Beach, FL",1,Personal income (thousands of dollars),200686833
12099,"Palm Beach, FL",2,Population (persons) 1,1582055
12099,"Palm Beach, FL",3,Per capita personal income (dollars) 2,126852
12101,"Pasco, FL",1,Personal income (thousands of dollars),38977656
12101,"Pasco, FL",2,Population (persons) 1,659114
12101,"Pasco, FL",3,Per capita personal income (dollars) 2,59136
12103,"Pinellas, FL",1,Personal income (thousands of dollars),75615671
12103,"Pinellas, FL",2,Population (persons) 1,965870
12103,"Pinellas, FL",3,Per capita personal income (dollars) 2,78288
12105,"Polk, FL",1,Personal income (thousands of dollars),39466269
12105,"Polk, FL",2,Population (persons) 1,852878
12105,"Polk, FL",3,Per capita personal income (dollars) 2,46274
12107,"Putnam, FL",1,Personal income (thousands of dollars),3398765
12107,"Putnam, FL",2,Population (persons) 1,77301
12107,"Putnam, FL",3,Per capita personal income (dollars) 2,43968
12109,"St. Johns, FL",1,Personal income (thousands of dollars),31174865
12109,"St. Johns, FL",2,Population (persons) 1,334928
12109,"St. Johns, FL",3,Per capita personal income (dollars) 2,93079
12111,"St. Lucie, FL",1,Personal income (thousands of dollars),22256684
12111,"St. Lucie, FL",2,Population (persons) 1,390670
12111,"St. Lucie, FL",3,Per capita personal income (dollars) 2,56971
12113,"Santa Rosa, FL",1,Personal income (thousands of dollars),13059828
12113,"Santa Rosa, FL",2,Population (persons) 1,207653
12113,"Santa Rosa, FL",3,Per capita personal income (dollars) 2,62893
12115,"Sarasota, FL",1,Personal income (thousands of dollars),44847781
12115,"Sarasota, FL",2,Population (persons) 1,476604
12115,"Sarasota, FL",3,Per capita personal income (dollars) 2,94099
12117,"Seminole, FL",1,Personal income (thousands of dollars),32510433
12117,"Seminole, FL",2,Population (persons) 1,494605
12117,"Seminole, FL",3,Per capita personal income (dollars) 2,65730
12119,"Sumter, FL",1,Personal income (thousands of dollars),11821819
12119,"Sumter, FL",2,Population (persons) 1,154693
12119,"Sumter, FL",3,Per capita personal income (dollars) 2,76421
12121,"Suwannee, FL",1,Personal income (thousands of dollars),2128383
12121,"Suwannee, FL",2,Population (persons) 1,47536
12121,"Suwannee, FL",3,Per capita personal income (dollars) 2,44774
12123,"Taylor, FL",1,Personal income (thousands of dollars),840859
12123,"Taylor, FL",2,Population (persons) 1,21843
12123,"Taylor, FL",3,Per capita personal income (dollars) 2,38496
12125,"Union, FL",1,Personal income (thousands of dollars),474589
12125,"Union, FL",2,Population (persons) 1,15738
12125,"Union, FL",3,Per capita personal income (dollars) 2,30156
12127,"Volusia, FL",1,Personal income (thousands of dollars),35719516
12127,"Volusia, FL",2,Population (persons) 1,602772
12127,"Volusia, FL",3,Per capita personal income (dollars) 2,59259
12129,"Wakulla, FL",1,Personal income (thousands of dollars),2049633
12129,"Wakulla, FL",2,Population (persons) 1,37115
12129,"Wakulla, FL",3,Per capita personal income (dollars) 2,55224
12131,"Walton, FL",1,Personal income (thousands of dollars),8480756
12131,"Walton, FL",2,Population (persons) 1,89666
12131,"Walton, FL",3,Per capita personal income (dollars) 2,94582
12133,"Washington, FL",1,Personal income (thousands of dollars),1059392
12133,"Washington, FL",2,Population (persons) 1,26503
12133,"Washington, FL",3,Per capita personal income (dollars) 2,39973
13001,"Appling, GA",1,Personal income (thousands of dollars),944955
13001,"Appling, GA",2,Population (persons) 1,18669
13001,"Appling, GA",3,Per capita personal income (dollars) 2,50616
13003,"Atkinson, GA",1,Personal income (thousands of dollars),338761
13003,"Atkinson, GA",2,Population (persons) 1,8435
13003,"Atkinson, GA",3,Per capita personal income (dollars) 2,40161
13005,"Bacon, GA",1,Personal income (thousands of dollars),494784
13005,"Bacon, GA",2,Population (persons) 1,11045
13005,"Bacon, GA",3,Per capita personal income (dollars) 2,44797
13007,"Baker, GA",1,Personal income (thousands of dollars),144534
13007,"Baker, GA",2,Population (persons) 1,2732
13007,"Baker, GA",3,Per capita personal income (dollars) 2,52904
13009,"Baldwin, GA",1,Personal income (thousands of dollars),2134187
13009,"Baldwin, GA",2,Population (persons) 1,43644
13009,"Baldwin, GA",3,Per capita personal income (dollars) 2,48900
13011,"Banks, GA",1,Personal income (thousands of dollars),981612
13011,"Banks, GA",2,Population (persons) 1,20318
13011,"Banks, GA",3,Per capita personal income (dollars) 2,48312
13013,"Barrow, GA",1,Personal income (thousands of dollars),5000054
13013,"Barrow, GA",2,Population (persons) 1,96294
13013,"Barrow, GA",3,Per capita personal income (dollars) 2,51925
13015,"Bartow, GA",1,Personal income (thousands of dollars),6269829
13015,"Bartow, GA",2,Population (persons) 1,117508
13015,"Bartow, GA",3,Per capita personal income (dollars) 2,53357
13017,"Ben Hill, GA",1,Personal income (thousands of dollars),762721
13017,"Ben Hill, GA",2,Population (persons) 1,16945
13017,"Ben Hill, GA",3,Per capita personal income (dollars) 2,45012
13019,"Berrien, GA",1,Personal income (thousands of dollars),813650
13019,"Berrien, GA",2,Population (persons) 1,18666
13019,"Berrien, GA",3,Per capita personal income (dollars) 2,43590
13021,"Bibb, GA",1,Personal income (thousands of dollars),7994816
13021,"Bibb, GA",2,Population (persons) 1,157056
13021,"Bibb, GA",3,Per capita personal income (dollars) 2,50904
13023,"Bleckley, GA",1,Personal income (thousands of dollars),568734
13023,"Bleckley, GA",2,Population (persons) 1,12626
13023,"Bleckley, GA",3,Per capita personal income (dollars) 2,45045
13025,"Brantley, GA",1,Personal income (thousands of dollars),725148
13025,"Brantley, GA",2,Population (persons) 1,18795
13025,"Brantley, GA",3,Per capita personal income (dollars) 2,38582
13027,"Brooks, GA",1,Personal income (thousands of dollars),705453
13027,"Brooks, GA",2,Population (persons) 1,16344
13027,"Brooks, GA",3,Per capita personal income (dollars) 2,43163
13029,"Bryan, GA",1,Personal income (thousands of dollars),3280242
13029,"Bryan, GA",2,Population (persons) 1,51105
13029,"Bryan, GA",3,Per capita personal income (dollars) 2,64186
13031,"Bulloch, GA",1,Personal income (thousands of dollars),3739726
13031,"Bulloch, GA",2,Population (persons) 1,85454
13031,"Bulloch, GA",3,Per capita personal income (dollars) 2,43763
13033,"Burke, GA",1,Personal income (thousands of dollars),1077899
13033,"Burke, GA",2,Population (persons) 1,24472
13033,"Burke, GA",3,Per capita personal income (dollars) 2,44046
13035,"Butts, GA",1,Personal income (thousands of dollars),1264538
13035,"Butts, GA",2,Population (persons) 1,27127
13035,"Butts, GA",3,Per capita personal income (dollars) 2,46615
13037,"Calhoun, GA",1,Personal income (thousands of dollars),206946
13037,"Calhoun, GA",2,Population (persons) 1,5441
13037,"Calhoun, GA",3,Per capita personal income (dollars) 2,38035
13039,"Camden, GA",1,Personal income (thousands of dollars),2882625
13039,"Camden, GA",2,Population (persons) 1,59099
13039,"Camden, GA",3,Per capita personal income (dollars) 2,48776
13043,"Candler, GA",1,Personal income (thousands of dollars),497110
13043,"Candler, GA",2,Population (persons) 1,11130
13043,"Candler, GA",3,Per capita personal income (dollars) 2,44664
13045,"Carroll, GA",1,Personal income (thousands of dollars),6996805
13045,"Carroll, GA",2,Population (persons) 1,129911
13045,"Carroll, GA",3,Per capita personal income (dollars) 2,53858
13047,"Catoosa, GA",1,Personal income (thousands of dollars),3301761
13047,"Catoosa, GA",2,Population (persons) 1,68940
13047,"Catoosa, GA",3,Per capita personal income (dollars) 2,47893
13049,"Charlton, GA",1,Personal income (thousands of dollars),451860
13049,"Charlton, GA",2,Population (persons) 1,13021
13049,"Charlton, GA",3,Per capita personal income (dollars) 2,34702
13051,"Chatham, GA",1,Personal income (thousands of dollars),19354921
13051,"Chatham, GA",2,Population (persons) 1,307336
13051,"Chatham, GA",3,Per capita personal income (dollars) 2,62976
13053,"Chattahoochee, GA",1,Personal income (thousands of dollars),354851
13053,"Chattahoochee, GA",2,Population (persons) 1,8548
13053,"Chattahoochee, GA",3,Per capita personal income (dollars) 2,41513
13055,"Chattooga, GA",1,Personal income (thousands of dollars),998214
13055,"Chattooga, GA",2,Population (persons) 1,25306
13055,"Chattooga, GA",3,Per capita personal income (dollars) 2,39446
13057,"Cherokee, GA",1,Personal income (thousands of dollars),21962386
13057,"Cherokee, GA",2,Population (persons) 1,293513
13057,"Cherokee, GA",3,Per capita personal income (dollars) 2,74826
13059,"Clarke, GA",1,Personal income (thousands of dollars),6074983
13059,"Clarke, GA",2,Population (persons) 1,129995
13059,"Clarke, GA",3,Per capita personal income (dollars) 2,46732
13061,"Clay, GA",1,Personal income (thousands of dollars),116899
13061,"Clay, GA",2,Population (persons) 1,2815
13061,"Clay, GA",3,Per capita personal income (dollars) 2,41527
13063,"Clayton, GA",1,Personal income (thousands of dollars),11011251
13063,"Clayton, GA",2,Population (persons) 1,297703
13063,"Clayton, GA",3,Per capita personal income (dollars) 2,36987
13065,"Clinch, GA",1,Personal income (thousands of dollars),325589
13065,"Clinch, GA",2,Population (persons) 1,6871
13065,"Clinch, GA",3,Per capita personal income (dollars) 2,47386
13067,"Cobb, GA",1,Personal income (thousands of dollars),62674289
13067,"Cobb, GA",2,Population (persons) 1,787538
13067,"Cobb, GA",3,Per capita personal income (dollars) 2,79583
13069,"Coffee, GA",1,Personal income (thousands of dollars),1865993
13069,"Coffee, GA",2,Population (persons) 1,43851
13069,"Coffee, GA",3,Per capita personal income (dollars) 2,42553
13071,"Colquitt, GA",1,Personal income (thousands of dollars),2083256
13071,"Colquitt, GA",2,Population (persons) 1,46977
13071,"Colquitt, GA",3,Per capita personal income (dollars) 2,44346
13073,"Columbia, GA",1,Personal income (thousands of dollars),10584970
13073,"Columbia, GA",2,Population (persons) 1,167472
13073,"Columbia, GA",3,Per capita personal income (dollars) 2,63204
13075,"Cook, GA",1,Personal income (thousands of dollars),763091
13075,"Cook, GA",2,Population (persons) 1,17984
13075,"Cook, GA",3,Per capita personal income (dollars) 2,42432
13077,"Coweta, GA",1,Personal income (thousands of dollars),10294894
13077,"Coweta, GA",2,Population (persons) 1,158233
13077,"Coweta, GA",3,Per capita personal income (dollars) 2,65062
13079,"Crawford, GA",1,Personal income (thousands of dollars),539203
13079,"Crawford, GA",2,Population (persons) 1,12349
13079,"Crawford, GA",3,Per capita personal income (dollars) 2,43664
13081,"Crisp, GA",1,Personal income (thousands of dollars),982755
13081,"Crisp, GA",2,Population (persons) 1,19468
13081,"Crisp, GA",3,Per capita personal income (dollars) 2,50481
13083,"Dade, GA",1,Personal income (thousands of dollars),754915
13083,"Dade, GA",2,Population (persons) 1,16068
13083,"Dade, GA",3,Per capita personal income (dollars) 2,46983
13085,"Dawson, GA",1,Personal income (thousands of dollars),2182961
13085,"Dawson, GA",2,Population (persons) 1,33748
13085,"Dawson, GA",3,Per capita personal income (dollars) 2,64684
13087,"Decatur, GA",1,Personal income (thousands of dollars),1396615
13087,"Decatur, GA",2,Population (persons) 1,29391
13087,"Decatur, GA",3,Per capita personal income (dollars) 2,47518
13089,"DeKalb, GA",1,Personal income (thousands of dollars),54981428
13089,"DeKalb, GA",2,Population (persons) 1,770307
13089,"DeKalb, GA",3,Per capita personal income (dollars) 2,71376
13091,"Dodge, GA",1,Personal income (thousands of dollars),816780
13091,"Dodge, GA",2,Population (persons) 1,19630
13091,"Dodge, GA",3,Per capita personal income (dollars) 2,41609
13093,"Dooly, GA",1,Personal income (thousands of dollars),489024
13093,"Dooly, GA",2,Population (persons) 1,11186
13093,"Dooly, GA",3,Per capita personal income (dollars) 2,43718
13095,"Dougherty, GA",1,Personal income (thousands of dollars),4122850
13095,"Dougherty, GA",2,Population (persons) 1,82418
13095,"Dougherty, GA",3,Per capita personal income (dollars) 2,50024
13097,"Douglas, GA",1,Personal income (thousands of dollars),7230131
13097,"Douglas, GA",2,Population (persons) 1,151887
13097,"Douglas, GA",3,Per capita personal income (dollars) 2,47602
13099,"Early, GA",1,Personal income (thousands of dollars),486468
13099,"Early, GA",2,Population (persons) 1,10444
13099,"Early, GA",3,Per capita personal income (dollars) 2,46579
13101,"Echols, GA",1,Personal income (thousands of dollars),133409
13101,"Echols, GA",2,Population (persons) 1,3698
13101,"Echols, GA",3,Per capita personal income (dollars) 2,36076
13103,"Effingham, GA",1,Personal income (thousands of dollars),3922603
13103,"Effingham, GA",2,Population (persons) 1,73148
13103,"Effingham, GA",3,Per capita personal income (dollars) 2,53626
13105,"Elbert, GA",1,Personal income (thousands of dollars),943689
13105,"Elbert, GA",2,Population (persons) 1,20152
13105,"Elbert, GA",3,Per capita personal income (dollars) 2,46829
13107,"Emanuel, GA",1,Personal income (thousands of dollars),1018086
13107,"Emanuel, GA",2,Population (persons) 1,23224
13107,"Emanuel, GA",3,Per capita personal income (dollars) 2,43838
13109,"Evans, GA",1,Personal income (thousands of dollars),493864
13109,"Evans, GA",2,Population (persons) 1,10869
13109,"Evans, GA",3,Per capita personal income (dollars) 2,45438
13111,"Fannin, GA",1,Personal income (thousands of dollars),1499838
13111,"Fannin, GA",2,Population (persons) 1,25854
13111,"Fannin, GA",3,Per capita personal income (dollars) 2,58012
13113,"Fayette, GA",1,Personal income (thousands of dollars),10153616
13113,"Fayette, GA",2,Population (persons) 1,125107
13113,"Fayette, GA",3,Per capita personal income (dollars) 2,81159
13115,"Floyd, GA",1,Personal income (thousands of dollars),4903188
13115,"Floyd, GA",2,Population (persons) 1,101390
13115,"Floyd, GA",3,Per capita personal income (dollars) 2,48360
13117,"Forsyth, GA",1,Personal income (thousands of dollars),24572896
13117,"Forsyth, GA",2,Population (persons) 1,280096
13117,"Forsyth, GA",3,Per capita personal income (dollars) 2,87730
13119,"Franklin, GA",1,Personal income (thousands of dollars),1189135
13119,"Franklin, GA",2,Population (persons) 1,25208
13119,"Franklin, GA",3,Per capita personal income (dollars) 2,47173
13121,"Fulton, GA",1,Personal income (thousands of dollars),121288829
13121,"Fulton, GA",2,Population (persons) 1,1090354
13121,"Fulton, GA",3,Per capita personal income (dollars) 2,111238
13123,"Gilmer, GA",1,Personal income (thousands of dollars),1708221
13123,"Gilmer, GA",2,Population (persons) 1,33327
13123,"Gilmer, GA",3,Per capita personal income (dollars) 2,51256
13125,"Glascock, GA",1,Personal income (thousands of dollars),126265
13125,"Glascock, GA",2,Population (persons) 1,3008
13125,"Glascock, GA",3,Per capita personal income (dollars) 2,41976
13127,"Glynn, GA",1,Personal income (thousands of dollars),5851353
13127,"Glynn, GA",2,Population (persons) 1,86540
13127,"Glynn, GA",3,Per capita personal income (dollars) 2,67614
13129,"Gordon, GA",1,Personal income (thousands of dollars),2977562
13129,"Gordon, GA",2,Population (persons) 1,60765
13129,"Gordon, GA",3,Per capita personal income (dollars) 2,49001
13131,"Grady, GA",1,Personal income (thousands of dollars),1096765
13131,"Grady, GA",2,Population (persons) 1,26271
13131,"Grady, GA",3,Per capita personal income (dollars) 2,41748
13133,"Greene, GA",1,Personal income (thousands of dollars),1852654
13133,"Greene, GA",2,Population (persons) 1,21091
13133,"Greene, GA",3,Per capita personal income (dollars) 2,87841
13135,"Gwinnett, GA",1,Personal income (thousands of dollars),57512524
13135,"Gwinnett, GA",2,Population (persons) 1,1003869
13135,"Gwinnett, GA",3,Per capita personal income (dollars) 2,57291
13137,"Habersham, GA",1,Personal income (thousands of dollars),2181716
13137,"Habersham, GA",2,Population (persons) 1,49665
13137,"Habersham, GA",3,Per capita personal income (dollars) 2,43929
13139,"Hall, GA",1,Personal income (thousands of dollars),13818399
13139,"Hall, GA",2,Population (persons) 1,221745
13139,"Hall, GA",3,Per capita personal income (dollars) 2,62317
13141,"Hancock, GA",1,Personal income (thousands of dollars),339257
13141,"Hancock, GA",2,Population (persons) 1,8683
13141,"Hancock, GA",3,Per capita personal income (dollars) 2,39071
13143,"Haralson, GA",1,Personal income (thousands of dollars),1586731
13143,"Haralson, GA",2,Population (persons) 1,32404
13143,"Haralson, GA",3,Per capita personal income (dollars) 2,48967
13145,"Harris, GA",1,Personal income (thousands of dollars),2347907
13145,"Harris, GA",2,Population (persons) 1,36929
13145,"Harris, GA",3,Per capita personal income (dollars) 2,63579
13147,"Hart, GA",1,Personal income (thousands of dollars),1425163
13147,"Hart, GA",2,Population (persons) 1,28052
13147,"Hart, GA",3,Per capita personal income (dollars) 2,50804
13149,"Heard, GA",1,Personal income (thousands of dollars),536629
13149,"Heard, GA",2,Population (persons) 1,12119
13149,"Heard, GA",3,Per capita personal income (dollars) 2,44280
13151,"Henry, GA",1,Personal income (thousands of dollars),13623572
13151,"Henry, GA",2,Population (persons) 1,259315
13151,"Henry, GA",3,Per capita personal income (dollars) 2,52537
13153,"Houston, GA",1,Personal income (thousands of dollars),9216305
13153,"Houston, GA",2,Population (persons) 1,174897
13153,"Houston, GA",3,Per capita personal income (dollars) 2,52696
13155,"Irwin, GA",1,Personal income (thousands of dollars),440757
13155,"Irwin, GA",2,Population (persons) 1,9155
13155,"Irwin, GA",3,Per capita personal income (dollars) 2,48144
13157,"Jackson, GA",1,Personal income (thousands of dollars),5625016
13157,"Jackson, GA",2,Population (persons) 1,93825
13157,"Jackson, GA",3,Per capita personal income (dollars) 2,59952
13159,"Jasper, GA",1,Personal income (thousands of dollars),877722
13159,"Jasper, GA",2,Population (persons) 1,17219
13159,"Jasper, GA",3,Per capita personal income (dollars) 2,50974
13161,"Jeff Davis, GA",1,Personal income (thousands of dollars),624957
13161,"Jeff Davis, GA",2,Population (persons) 1,15119
13161,"Jeff Davis, GA",3,Per capita personal income (dollars) 2,41336
13163,"Jefferson, GA",1,Personal income (thousands of dollars),705279
13163,"Jefferson, GA",2,Population (persons) 1,15019
13163,"Jefferson, GA",3,Per capita personal income (dollars) 2,46959
13165,"Jenkins, GA",1,Personal income (thousands of dollars),354696
13165,"Jenkins, GA",2,Population (persons) 1,8836
13165,"Jenkins, GA",3,Per capita personal income (dollars) 2,40142
13167,"Johnson, GA",1,Personal income (thousands of dollars),343637
13167,"Johnson, GA",2,Population (persons) 1,9178
13167,"Johnson, GA",3,Per capita personal income (dollars) 2,37441
13169,"Jones, GA",1,Personal income (thousands of dollars),1403681
13169,"Jones, GA",2,Population (persons) 1,29047
13169,"Jones, GA",3,Per capita personal income (dollars) 2,48324
13171,"Lamar, GA",1,Personal income (thousands of dollars),994711
13171,"Lamar, GA",2,Population (persons) 1,20690
13171,"Lamar, GA",3,Per capita personal income (dollars) 2,48077
13173,"Lanier, GA",1,Personal income (thousands of dollars),386913
13173,"Lanier, GA",2,Population (persons) 1,10464
13173,"Lanier, GA",3,Per capita personal income (dollars) 2,36976
13175,"Laurens, GA",1,Personal income (thousands of dollars),2449772
13175,"Laurens, GA",2,Population (persons) 1,50287
13175,"Laurens, GA",3,Per capita personal income (dollars) 2,48716
13177,"Lee, GA",1,Personal income (thousands of dollars),1887698
13177,"Lee, GA",2,Population (persons) 1,34073
13177,"Lee, GA",3,Per capita personal income (dollars) 2,55402
13179,"Liberty, GA",1,Personal income (thousands of dollars),3124774
13179,"Liberty, GA",2,Population (persons) 1,68607
13179,"Liberty, GA",3,Per capita personal income (dollars) 2,45546
13181,"Lincoln, GA",1,Personal income (thousands of dollars),401628
13181,"Lincoln, GA",2,Population (persons) 1,8049
13181,"Lincoln, GA",3,Per capita personal income (dollars) 2,49898
13183,"Long, GA",1,Personal income (thousands of dollars),862431
13183,"Long, GA",2,Population (persons) 1,20439
13183,"Long, GA",3,Per capita personal income (dollars) 2,42195
13185,"Lowndes, GA",1,Personal income (thousands of dollars),5823382
13185,"Lowndes, GA",2,Population (persons) 1,122082
13185,"Lowndes, GA",3,Per capita personal income (dollars) 2,47701
13187,"Lumpkin, GA",1,Personal income (thousands of dollars),1878154
13187,"Lumpkin, GA",2,Population (persons) 1,36016
13187,"Lumpkin, GA",3,Per capita personal income (dollars) 2,52148
13189,"McDuffie, GA",1,Personal income (thousands of dollars),1014196
13189,"McDuffie, GA",2,Population (persons) 1,21764
13189,"McDuffie, GA",3,Per capita personal income (dollars) 2,46600
13191,"McIntosh, GA",1,Personal income (thousands of dollars),634590
13191,"McIntosh, GA",2,Population (persons) 1,11800
13191,"McIntosh, GA",3,Per capita personal income (dollars) 2,53779
13193,"Macon, GA",1,Personal income (thousands of dollars),554863
13193,"Macon, GA",2,Population (persons) 1,11831
13193,"Macon, GA",3,Per capita personal income (dollars) 2,46899
13195,"Madison, GA",1,Personal income (thousands of dollars),1681505
13195,"Madison, GA",2,Population (persons) 1,32771
13195,"Madison, GA",3,Per capita personal income (dollars) 2,51311
13197,"Marion, GA",1,Personal income (thousands of dollars),312739
13197,"Marion, GA",2,Population (persons) 1,7635
13197,"Marion, GA",3,Per capita personal income (dollars) 2,40961
13199,"Meriwether, GA",1,Personal income (thousands of dollars),1056629
13199,"Meriwether, GA",2,Population (persons) 1,21439
13199,"Meriwether, GA",3,Per capita personal income (dollars) 2,49285
13201,"Miller, GA",1,Personal income (thousands of dollars),326310
13201,"Miller, GA",2,Population (persons) 1,5824
13201,"Miller, GA",3,Per capita personal income (dollars) 2,56029
13205,"Mitchell, GA",1,Personal income (thousands of dollars),1020169
13205,"Mitchell, GA",2,Population (persons) 1,20329
13205,"Mitchell, GA",3,Per capita personal income (dollars) 2,50183
13207,"Monroe, GA",1,Personal income (thousands of dollars),1857489
13207,"Monroe, GA",2,Population (persons) 1,31437
13207,"Monroe, GA",3,Per capita personal income (dollars) 2,59086
13209,"Montgomery, GA",1,Personal income (thousands of dollars),348001
13209,"Montgomery, GA",2,Population (persons) 1,8566
13209,"Montgomery, GA",3,Per capita personal income (dollars) 2,40626
13211,"Morgan, GA",1,Personal income (thousands of dollars),1480147
13211,"Morgan, GA",2,Population (persons) 1,21940
13211,"Morgan, GA",3,Per capita personal income (dollars) 2,67463
13213,"Murray, GA",1,Personal income (thousands of dollars),1700926
13213,"Murray, GA",2,Population (persons) 1,41316
13213,"Murray, GA",3,Per capita personal income (dollars) 2,41169
13215,"Muscogee, GA",1,Personal income (thousands of dollars),11205009
13215,"Muscogee, GA",2,Population (persons) 1,201830
13215,"Muscogee, GA",3,Per capita personal income (dollars) 2,55517
13217,"Newton, GA",1,Personal income (thousands of dollars),5727906
13217,"Newton, GA",2,Population (persons) 1,124010
13217,"Newton, GA",3,Per capita personal income (dollars) 2,46189
13219,"Oconee, GA",1,Personal income (thousands of dollars),4088597
13219,"Oconee, GA",2,Population (persons) 1,44751
13219,"Oconee, GA",3,Per capita personal income (dollars) 2,91363
13221,"Oglethorpe, GA",1,Personal income (thousands of dollars),816061
13221,"Oglethorpe, GA",2,Population (persons) 1,16172
13221,"Oglethorpe, GA",3,Per capita personal income (dollars) 2,50461
13223,"Paulding, GA",1,Personal income (thousands of dollars),9873439
13223,"Paulding, GA",2,Population (persons) 1,188549
13223,"Paulding, GA",3,Per capita personal income (dollars) 2,52365
13225,"Peach, GA",1,Personal income (thousands of dollars),1422991
13225,"Peach, GA",2,Population (persons) 1,29213
13225,"Peach, GA",3,Per capita personal income (dollars) 2,48711
13227,"Pickens, GA",1,Personal income (thousands of dollars),2439169
13227,"Pickens, GA",2,Population (persons) 1,36580
13227,"Pickens, GA",3,Per capita personal income (dollars) 2,66680
13229,"Pierce, GA",1,Personal income (thousands of dollars),922568
13229,"Pierce, GA",2,Population (persons) 1,20669
13229,"Pierce, GA",3,Per capita personal income (dollars) 2,44635
13231,"Pike, GA",1,Personal income (thousands of dollars),1144830
13231,"Pike, GA",2,Population (persons) 1,20669
13231,"Pike, GA",3,Per capita personal income (dollars) 2,55389
13233,"Polk, GA",1,Personal income (thousands of dollars),1952643
13233,"Polk, GA",2,Population (persons) 1,44610
13233,"Polk, GA",3,Per capita personal income (dollars) 2,43771
13235,"Pulaski, GA",1,Personal income (thousands of dollars),459870
13235,"Pulaski, GA",2,Population (persons) 1,10180
13235,"Pulaski, GA",3,Per capita personal income (dollars) 2,45174
13237,"Putnam, GA",1,Personal income (thousands of dollars),1471438
13237,"Putnam, GA",2,Population (persons) 1,23383
13237,"Putnam, GA",3,Per capita personal income (dollars) 2,62928
13239,"Quitman, GA",1,Personal income (thousands of dollars),97115
13239,"Quitman, GA",2,Population (persons) 1,2323
13239,"Quitman, GA",3,Per capita personal income (dollars) 2,41806
13241,"Rabun, GA",1,Personal income (thousands of dollars),1026644
13241,"Rabun, GA",2,Population (persons) 1,17711
13241,"Rabun, GA",3,Per capita personal income (dollars) 2,57966
13243,"Randolph, GA",1,Personal income (thousands of dollars),283408
13243,"Randolph, GA",2,Population (persons) 1,6085
13243,"Randolph, GA",3,Per capita personal income (dollars) 2,46575
13245,"Richmond, GA",1,Personal income (thousands of dollars),9725431
13245,"Richmond, GA",2,Population (persons) 1,206303
13245,"Richmond, GA",3,Per capita personal income (dollars) 2,47141
13247,"Rockdale, GA",1,Personal income (thousands of dollars),4510659
13247,"Rockdale, GA",2,Population (persons) 1,97610
13247,"Rockdale, GA",3,Per capita personal income (dollars) 2,46211
13249,"Schley, GA",1,Personal income (thousands of dollars),202305
13249,"Schley, GA",2,Population (persons) 1,4503
13249,"Schley, GA",3,Per capita personal income (dollars) 2,44927
13251,"Screven, GA",1,Personal income (thousands of dollars),632687
13251,"Screven, GA",2,Population (persons) 1,14325
13251,"Screven, GA",3,Per capita personal income (dollars) 2,44167
13253,"Seminole, GA",1,Personal income (thousands of dollars),447470
13253,"Seminole, GA",2,Population (persons) 1,9274
13253,"Seminole, GA",3,Per capita personal income (dollars) 2,48250
13255,"Spalding, GA",1,Personal income (thousands of dollars),3314192
13255,"Spalding, GA",2,Population (persons) 1,70292
13255,"Spalding, GA",3,Per capita personal income (dollars) 2,47149
13257,"Stephens, GA",1,Personal income (thousands of dollars),1363656
13257,"Stephens, GA",2,Population (persons) 1,27498
13257,"Stephens, GA",3,Per capita personal income (dollars) 2,49591
13259,"Stewart, GA",1,Personal income (thousands of dollars),176332
13259,"Stewart, GA",2,Population (persons) 1,4809
13259,"Stewart, GA",3,Per capita personal income (dollars) 2,36667
13261,"Sumter, GA",1,Personal income (thousands of dollars),1335863
13261,"Sumter, GA",2,Population (persons) 1,28972
13261,"Sumter, GA",3,Per capita personal income (dollars) 2,46109
13263,"Talbot, GA",1,Personal income (thousands of dollars),307496
13263,"Talbot, GA",2,Population (persons) 1,5755
13263,"Talbot, GA",3,Per capita personal income (dollars) 2,53431
13265,"Taliaferro, GA",1,Personal income (thousands of dollars),75361
13265,"Taliaferro, GA",2,Population (persons) 1,1620
13265,"Taliaferro, GA",3,Per capita personal income (dollars) 2,46519
13267,"Tattnall, GA",1,Personal income (thousands of dollars),994626
13267,"Tattnall, GA",2,Population (persons) 1,24275
13267,"Tattnall, GA",3,Per capita personal income (dollars) 2,40973
13269,"Taylor, GA",1,Personal income (thousands of dollars),341120
13269,"Taylor, GA",2,Population (persons) 1,7783
13269,"Taylor, GA",3,Per capita personal income (dollars) 2,43829
13271,"Telfair, GA",1,Personal income (thousands of dollars),392531
13271,"Telfair, GA",2,Population (persons) 1,11000
13271,"Telfair, GA",3,Per capita personal income (dollars) 2,35685
13273,"Terrell, GA",1,Personal income (thousands of dollars),444197
13273,"Terrell, GA",2,Population (persons) 1,8698
13273,"Terrell, GA",3,Per capita personal income (dollars) 2,51069
13275,"Thomas, GA",1,Personal income (thousands of dollars),2726004
13275,"Thomas, GA",2,Population (persons) 1,46054
13275,"Thomas, GA",3,Per capita personal income (dollars) 2,59191
13277,"Tift, GA",1,Personal income (thousands of dollars),2083829
13277,"Tift, GA",2,Population (persons) 1,41708
13277,"Tift, GA",3,Per capita personal income (dollars) 2,49962
13279,"Toombs, GA",1,Personal income (thousands of dollars),1268564
13279,"Toombs, GA",2,Population (persons) 1,27488
13279,"Toombs, GA",3,Per capita personal income (dollars) 2,46150
13281,"Towns, GA",1,Personal income (thousands of dollars),736981
13281,"Towns, GA",2,Population (persons) 1,13184
13281,"Towns, GA",3,Per capita personal income (dollars) 2,55900
13283,"Treutlen, GA",1,Personal income (thousands of dollars),265465
13283,"Treutlen, GA",2,Population (persons) 1,6420
13283,"Treutlen, GA",3,Per capita personal income (dollars) 2,41350
13285,"Troup, GA",1,Personal income (thousands of dollars),3568858
13285,"Troup, GA",2,Population (persons) 1,71513
13285,"Troup, GA",3,Per capita personal income (dollars) 2,49905
13287,"Turner, GA",1,Personal income (thousands of dollars),360081
13287,"Turner, GA",2,Population (persons) 1,9023
13287,"Turner, GA",3,Per capita personal income (dollars) 2,39907
13289,"Twiggs, GA",1,Personal income (thousands of dollars),382658
13289,"Twiggs, GA",2,Population (persons) 1,7728
13289,"Twiggs, GA",3,Per capita personal income (dollars) 2,49516
13291,"Union, GA",1,Personal income (thousands of dollars),1398105
13291,"Union, GA",2,Population (persons) 1,27601
13291,"Union, GA",3,Per capita personal income (dollars) 2,50654
13293,"Upson, GA",1,Personal income (thousands of dollars),1301663
13293,"Upson, GA",2,Population (persons) 1,28358
13293,"Upson, GA",3,Per capita personal income (dollars) 2,45901
13295,"Walker, GA",1,Personal income (thousands of dollars),3256128
13295,"Walker, GA",2,Population (persons) 1,69340
13295,"Walker, GA",3,Per capita personal income (dollars) 2,46959
13297,"Walton, GA",1,Personal income (thousands of dollars),6082823
13297,"Walton, GA",2,Population (persons) 1,109792
13297,"Walton, GA",3,Per capita personal income (dollars) 2,55403
13299,"Ware, GA",1,Personal income (thousands of dollars),1513299
13299,"Ware, GA",2,Population (persons) 1,36222
13299,"Ware, GA",3,Per capita personal income (dollars) 2,41778
13301,"Warren, GA",1,Personal income (thousands of dollars),226738
13301,"Warren, GA",2,Population (persons) 1,5148
13301,"Warren, GA",3,Per capita personal income (dollars) 2,44044
13303,"Washington, GA",1,Personal income (thousands of dollars),937994
13303,"Washington, GA",2,Population (persons) 1,19834
13303,"Washington, GA",3,Per capita personal income (dollars) 2,47292
13305,"Wayne, GA",1,Personal income (thousands of dollars),1331978
13305,"Wayne, GA",2,Population (persons) 1,32132
13305,"Wayne, GA",3,Per capita personal income (dollars) 2,41453
13307,"Webster, GA",1,Personal income (thousands of dollars),102602
13307,"Webster, GA",2,Population (persons) 1,2315
13307,"Webster, GA",3,Per capita personal income (dollars) 2,44321
13309,"Wheeler, GA",1,Personal income (thousands of dollars),184817
13309,"Wheeler, GA",2,Population (persons) 1,7076
13309,"Wheeler, GA",3,Per capita personal income (dollars) 2,26119
13311,"White, GA",1,Personal income (thousands of dollars),1590115
13311,"White, GA",2,Population (persons) 1,29668
13311,"White, GA",3,Per capita personal income (dollars) 2,53597
13313,"Whitfield, GA",1,Personal income (thousands of dollars),5222648
13313,"Whitfield, GA",2,Population (persons) 1,105070
13313,"Whitfield, GA",3,Per capita personal income (dollars) 2,49706
13315,"Wilcox, GA",1,Personal income (thousands of dollars),325276
13315,"Wilcox, GA",2,Population (persons) 1,8904
13315,"Wilcox, GA",3,Per capita personal income (dollars) 2,36531
13317,"Wilkes, GA",1,Personal income (thousands of dollars),564264
13317,"Wilkes, GA",2,Population (persons) 1,9567
13317,"Wilkes, GA",3,Per capita personal income (dollars) 2,58980
13319,"Wilkinson, GA",1,Personal income (thousands of dollars),409117
13319,"Wilkinson, GA",2,Population (persons) 1,8667
13319,"Wilkinson, GA",3,Per capita personal income (dollars) 2,47204
13321,"Worth, GA",1,Personal income (thousands of dollars),907862
13321,"Worth, GA",2,Population (persons) 1,20262
13321,"Worth, GA",3,Per capita personal income (dollars) 2,44806
15001,"Hawaii, HI",1,Personal income (thousands of dollars),12103588
15001,"Hawaii, HI",2,Population (persons) 1,209790
15001,"Hawaii, HI",3,Per capita personal income (dollars) 2,57694
15003,"Honolulu, HI",1,Personal income (thousands of dollars),74587736
15003,"Honolulu, HI",2,Population (persons) 1,998747
15003,"Honolulu, HI",3,Per capita personal income (dollars) 2,74681
15007,"Kauai, HI",1,Personal income (thousands of dollars),4959851
15007,"Kauai, HI",2,Population (persons) 1,73840
15007,"Kauai, HI",3,Per capita personal income (dollars) 2,67170
15901,"Maui + Kalawao, HI*",1,Personal income (thousands of dollars),11052598
15901,"Maui + Kalawao, HI*",2,Population (persons) 1,163769
15901,"Maui + Kalawao, HI*",3,Per capita personal income (dollars) 2,67489
16001,"Ada, ID",1,Personal income (thousands of dollars),41214019
16001,"Ada, ID",2,Population (persons) 1,535799
16001,"Ada, ID",3,Per capita personal income (dollars) 2,76921
16003,"Adams, ID",1,Personal income (thousands of dollars),247280
16003,"Adams, ID",2,Population (persons) 1,4998
16003,"Adams, ID",3,Per capita personal income (dollars) 2,49476
16005,"Bannock, ID",1,Personal income (thousands of dollars),4888197
16005,"Bannock, ID",2,Population (persons) 1,91010
16005,"Bannock, ID",3,Per capita personal income (dollars) 2,53711
16007,"Bear Lake, ID",1,Personal income (thousands of dollars),357173
16007,"Bear Lake, ID",2,Population (persons) 1,6779
16007,"Bear Lake, ID",3,Per capita personal income (dollars) 2,52688
16009,"Benewah, ID",1,Personal income (thousands of dollars),494934
16009,"Benewah, ID",2,Population (persons) 1,10529
16009,"Benewah, ID",3,Per capita personal income (dollars) 2,47007
16011,"Bingham, ID",1,Personal income (thousands of dollars),2591681
16011,"Bingham, ID",2,Population (persons) 1,50889
16011,"Bingham, ID",3,Per capita personal income (dollars) 2,50928
16013,"Blaine, ID",1,Personal income (thousands of dollars),5118177
16013,"Blaine, ID",2,Population (persons) 1,25261
16013,"Blaine, ID",3,Per capita personal income (dollars) 2,202612
16015,"Boise, ID",1,Personal income (thousands of dollars),515654
16015,"Boise, ID",2,Population (persons) 1,8581
16015,"Boise, ID",3,Per capita personal income (dollars) 2,60093
16017,"Bonner, ID",1,Personal income (thousands of dollars),3113525
16017,"Bonner, ID",2,Population (persons) 1,53955
16017,"Bonner, ID",3,Per capita personal income (dollars) 2,57706
16019,"Bonneville, ID",1,Personal income (thousands of dollars),7809455
16019,"Bonneville, ID",2,Population (persons) 1,133644
16019,"Bonneville, ID",3,Per capita personal income (dollars) 2,58435
16021,"Boundary, ID",1,Personal income (thousands of dollars),691033
16021,"Boundary, ID",2,Population (persons) 1,14040
16021,"Boundary, ID",3,Per capita personal income (dollars) 2,49219
16023,"Butte, ID",1,Personal income (thousands of dollars),156066
16023,"Butte, ID",2,Population (persons) 1,2735
16023,"Butte, ID",3,Per capita personal income (dollars) 2,57063
16025,"Camas, ID",1,Personal income (thousands of dollars),81621
16025,"Camas, ID",2,Population (persons) 1,1247
16025,"Camas, ID",3,Per capita personal income (dollars) 2,65454
16027,"Canyon, ID",1,Personal income (thousands of dollars),13389824
16027,"Canyon, ID",2,Population (persons) 1,266892
16027,"Canyon, ID",3,Per capita personal income (dollars) 2,50169
16029,"Caribou, ID",1,Personal income (thousands of dollars),393716
16029,"Caribou, ID",2,Population (persons) 1,7239
16029,"Caribou, ID",3,Per capita personal income (dollars) 2,54388
16031,"Cassia, ID",1,Personal income (thousands of dollars),1543847
16031,"Cassia, ID",2,Population (persons) 1,25976
16031,"Cassia, ID",3,Per capita personal income (dollars) 2,59434
16033,"Clark, ID",1,Personal income (thousands of dollars),41938
16033,"Clark, ID",2,Population (persons) 1,794
16033,"Clark, ID",3,Per capita personal income (dollars) 2,52819
16035,"Clearwater, ID",1,Personal income (thousands of dollars),431182
16035,"Clearwater, ID",2,Population (persons) 1,9151
16035,"Clearwater, ID",3,Per capita personal income (dollars) 2,47119
16037,"Custer, ID",1,Personal income (thousands of dollars),263700
16037,"Custer, ID",2,Population (persons) 1,4597
16037,"Custer, ID",3,Per capita personal income (dollars) 2,57363
16039,"Elmore, ID",1,Personal income (thousands of dollars),1473305
16039,"Elmore, ID",2,Population (persons) 1,29729
16039,"Elmore, ID",3,Per capita personal income (dollars) 2,49558
16041,"Franklin, ID",1,Personal income (thousands of dollars),745298
16041,"Franklin, ID",2,Population (persons) 1,15638
16041,"Franklin, ID",3,Per capita personal income (dollars) 2,47659
16043,"Fremont (includes Yellowstone Park), ID",1,Personal income (thousands of dollars),684831
16043,"Fremont (includes Yellowstone Park), ID",2,Population (persons) 1,14399
16043,"Fremont (includes Yellowstone Park), ID",3,Per capita personal income (dollars) 2,47561
16045,"Gem, ID",1,Personal income (thousands of dollars),1092235
16045,"Gem, ID",2,Population (persons) 1,21857
16045,"Gem, ID",3,Per capita personal income (dollars) 2,49972
16047,"Gooding, ID",1,Personal income (thousands of dollars),1148807
16047,"Gooding, ID",2,Population (persons) 1,16189
16047,"Gooding, ID",3,Per capita personal income (dollars) 2,70962
16049,"Idaho, ID",1,Personal income (thousands of dollars),868313
16049,"Idaho, ID",2,Population (persons) 1,17912
16049,"Idaho, ID",3,Per capita personal income (dollars) 2,48477
16051,"Jefferson, ID",1,Personal income (thousands of dollars),1751702
16051,"Jefferson, ID",2,Population (persons) 1,34854
16051,"Jefferson, ID",3,Per capita personal income (dollars) 2,50258
16053,"Jerome, ID",1,Personal income (thousands of dollars),1281569
16053,"Jerome, ID",2,Population (persons) 1,26056
16053,"Jerome, ID",3,Per capita personal income (dollars) 2,49185
16055,"Kootenai, ID",1,Personal income (thousands of dollars),12582813
16055,"Kootenai, ID",2,Population (persons) 1,188323
16055,"Kootenai, ID",3,Per capita personal income (dollars) 2,66815
16057,"Latah, ID",1,Personal income (thousands of dollars),2361564
16057,"Latah, ID",2,Population (persons) 1,42180
16057,"Latah, ID",3,Per capita personal income (dollars) 2,55988
16059,"Lemhi, ID",1,Personal income (thousands of dollars),503434
16059,"Lemhi, ID",2,Population (persons) 1,8397
16059,"Lemhi, ID",3,Per capita personal income (dollars) 2,59954
16061,"Lewis, ID",1,Personal income (thousands of dollars),214057
16061,"Lewis, ID",2,Population (persons) 1,3728
16061,"Lewis, ID",3,Per capita personal income (dollars) 2,57419
16063,"Lincoln, ID",1,Personal income (thousands of dollars),280022
16063,"Lincoln, ID",2,Population (persons) 1,5556
16063,"Lincoln, ID",3,Per capita personal income (dollars) 2,50400
16065,"Madison, ID",1,Personal income (thousands of dollars),1637866
16065,"Madison, ID",2,Population (persons) 1,55549
16065,"Madison, ID",3,Per capita personal income (dollars) 2,29485
16067,"Minidoka, ID",1,Personal income (thousands of dollars),1189185
16067,"Minidoka, ID",2,Population (persons) 1,22691
16067,"Minidoka, ID",3,Per capita personal income (dollars) 2,52408
16069,"Nez Perce, ID",1,Personal income (thousands of dollars),2561206
16069,"Nez Perce, ID",2,Population (persons) 1,42847
16069,"Nez Perce, ID",3,Per capita personal income (dollars) 2,59776
16071,"Oneida, ID",1,Personal income (thousands of dollars),251199
16071,"Oneida, ID",2,Population (persons) 1,4976
16071,"Oneida, ID",3,Per capita personal income (dollars) 2,50482
16073,"Owyhee, ID",1,Personal income (thousands of dollars),671969
16073,"Owyhee, ID",2,Population (persons) 1,12748
16073,"Owyhee, ID",3,Per capita personal income (dollars) 2,52712
16075,"Payette, ID",1,Personal income (thousands of dollars),1463663
16075,"Payette, ID",2,Population (persons) 1,27662
16075,"Payette, ID",3,Per capita personal income (dollars) 2,52912
16077,"Power, ID",1,Personal income (thousands of dollars),395952
16077,"Power, ID",2,Population (persons) 1,8381
16077,"Power, ID",3,Per capita personal income (dollars) 2,47244
16079,"Shoshone, ID",1,Personal income (thousands of dollars),662905
16079,"Shoshone, ID",2,Population (persons) 1,14074
16079,"Shoshone, ID",3,Per capita personal income (dollars) 2,47101
16081,"Teton, ID",1,Personal income (thousands of dollars),936845
16081,"Teton, ID",2,Population (persons) 1,12932
16081,"Teton, ID",3,Per capita personal income (dollars) 2,72444
16083,"Twin Falls, ID",1,Personal income (thousands of dollars),5188980
16083,"Twin Falls, ID",2,Population (persons) 1,96509
16083,"Twin Falls, ID",3,Per capita personal income (dollars) 2,53767
16085,"Valley, ID",1,Personal income (thousands of dollars),918418
16085,"Valley, ID",2,Population (persons) 1,12777
16085,"Valley, ID",3,Per capita personal income (dollars) 2,71881
16087,"Washington, ID",1,Personal income (thousands of dollars),537510
16087,"Washington, ID",2,Population (persons) 1,11539
16087,"Washington, ID",3,Per capita personal income (dollars) 2,46582
17001,"Adams, IL",1,Personal income (thousands of dollars),3998921
17001,"Adams, IL",2,Population (persons) 1,64109
17001,"Adams, IL",3,Per capita personal income (dollars) 2,62377
17003,"Alexander, IL",1,Personal income (thousands of dollars),249649
17003,"Alexander, IL",2,Population (persons) 1,4594
17003,"Alexander, IL",3,Per capita personal income (dollars) 2,54342
17005,"Bond, IL",1,Personal income (thousands of dollars),803935
17005,"Bond, IL",2,Population (persons) 1,16576
17005,"Bond, IL",3,Per capita personal income (dollars) 2,48500
17007,"Boone, IL",1,Personal income (thousands of dollars),3183210
17007,"Boone, IL",2,Population (persons) 1,53313
17007,"Boone, IL",3,Per capita personal income (dollars) 2,59708
17009,"Brown, IL",1,Personal income (thousands of dollars),314918
17009,"Brown, IL",2,Population (persons) 1,6307
17009,"Brown, IL",3,Per capita personal income (dollars) 2,49932
17011,"Bureau, IL",1,Personal income (thousands of dollars),1776039
17011,"Bureau, IL",2,Population (persons) 1,32486
17011,"Bureau, IL",3,Per capita personal income (dollars) 2,54671
17013,"Calhoun, IL",1,Personal income (thousands of dollars),255685
17013,"Calhoun, IL",2,Population (persons) 1,4224
17013,"Calhoun, IL",3,Per capita personal income (dollars) 2,60531
17015,"Carroll, IL",1,Personal income (thousands of dollars),836614
17015,"Carroll, IL",2,Population (persons) 1,15444
17015,"Carroll, IL",3,Per capita personal income (dollars) 2,54171
17017,"Cass, IL",1,Personal income (thousands of dollars),661009
17017,"Cass, IL",2,Population (persons) 1,12713
17017,"Cass, IL",3,Per capita personal income (dollars) 2,51995
17019,"Champaign, IL",1,Personal income (thousands of dollars),12711252
17019,"Champaign, IL",2,Population (persons) 1,212374
17019,"Champaign, IL",3,Per capita personal income (dollars) 2,59853
17021,"Christian, IL",1,Personal income (thousands of dollars),1793597
17021,"Christian, IL",2,Population (persons) 1,33247
17021,"Christian, IL",3,Per capita personal income (dollars) 2,53948
17023,"Clark, IL",1,Personal income (thousands of dollars),837385
17023,"Clark, IL",2,Population (persons) 1,15076
17023,"Clark, IL",3,Per capita personal income (dollars) 2,55544
17025,"Clay, IL",1,Personal income (thousands of dollars),704412
17025,"Clay, IL",2,Population (persons) 1,12821
17025,"Clay, IL",3,Per capita personal income (dollars) 2,54942
17027,"Clinton, IL",1,Personal income (thousands of dollars),2401175
17027,"Clinton, IL",2,Population (persons) 1,37087
17027,"Clinton, IL",3,Per capita personal income (dollars) 2,64744
17029,"Coles, IL",1,Personal income (thousands of dollars),2685741
17029,"Coles, IL",2,Population (persons) 1,46423
17029,"Coles, IL",3,Per capita personal income (dollars) 2,57854
17031,"Cook, IL",1,Personal income (thousands of dollars),414425134
17031,"Cook, IL",2,Population (persons) 1,5182617
17031,"Cook, IL",3,Per capita personal income (dollars) 2,79964
17033,"Crawford, IL",1,Personal income (thousands of dollars),1122366
17033,"Crawford, IL",2,Population (persons) 1,18388
17033,"Crawford, IL",3,Per capita personal income (dollars) 2,61038
17035,"Cumberland, IL",1,Personal income (thousands of dollars),1080892
17035,"Cumberland, IL",2,Population (persons) 1,10305
17035,"Cumberland, IL",3,Per capita personal income (dollars) 2,104890
17037,"DeKalb, IL",1,Personal income (thousands of dollars),5574043
17037,"DeKalb, IL",2,Population (persons) 1,101335
17037,"DeKalb, IL",3,Per capita personal income (dollars) 2,55006
17039,"De Witt, IL",1,Personal income (thousands of dollars),945591
17039,"De Witt, IL",2,Population (persons) 1,15319
17039,"De Witt, IL",3,Per capita personal income (dollars) 2,61727
17041,"Douglas, IL",1,Personal income (thousands of dollars),1388304
17041,"Douglas, IL",2,Population (persons) 1,19824
17041,"Douglas, IL",3,Per capita personal income (dollars) 2,70031
17043,"DuPage, IL",1,Personal income (thousands of dollars),92290268
17043,"DuPage, IL",2,Population (persons) 1,937142
17043,"DuPage, IL",3,Per capita personal income (dollars) 2,98481
17045,"Edgar, IL",1,Personal income (thousands of dollars),960239
17045,"Edgar, IL",2,Population (persons) 1,16398
17045,"Edgar, IL",3,Per capita personal income (dollars) 2,58558
17047,"Edwards, IL",1,Personal income (thousands of dollars),318508
17047,"Edwards, IL",2,Population (persons) 1,5984
17047,"Edwards, IL",3,Per capita personal income (dollars) 2,53227
17049,"Effingham, IL",1,Personal income (thousands of dollars),2497565
17049,"Effingham, IL",2,Population (persons) 1,34602
17049,"Effingham, IL",3,Per capita personal income (dollars) 2,72180
17051,"Fayette, IL",1,Personal income (thousands of dollars),1039966
17051,"Fayette, IL",2,Population (persons) 1,21157
17051,"Fayette, IL",3,Per capita personal income (dollars) 2,49155
17053,"Ford, IL",1,Personal income (thousands of dollars),933802
17053,"Ford, IL",2,Population (persons) 1,13451
17053,"Ford, IL",3,Per capita personal income (dollars) 2,69422
17055,"Franklin, IL",1,Personal income (thousands of dollars),1902807
17055,"Franklin, IL",2,Population (persons) 1,37033
17055,"Franklin, IL",3,Per capita personal income (dollars) 2,51381
17057,"Fulton, IL",1,Personal income (thousands of dollars),1705002
17057,"Fulton, IL",2,Population (persons) 1,32510
17057,"Fulton, IL",3,Per capita personal income (dollars) 2,52445
17059,"Gallatin, IL",1,Personal income (thousands of dollars),268233
17059,"Gallatin, IL",2,Population (persons) 1,4690
17059,"Gallatin, IL",3,Per capita personal income (dollars) 2,57193
17061,"Greene, IL",1,Personal income (thousands of dollars),625168
17061,"Greene, IL",2,Population (persons) 1,11417
17061,"Greene, IL",3,Per capita personal income (dollars) 2,54758
17063,"Grundy, IL",1,Personal income (thousands of dollars),3435980
17063,"Grundy, IL",2,Population (persons) 1,53835
17063,"Grundy, IL",3,Per capita personal income (dollars) 2,63824
17065,"Hamilton, IL",1,Personal income (thousands of dollars),441473
17065,"Hamilton, IL",2,Population (persons) 1,7818
17065,"Hamilton, IL",3,Per capita personal income (dollars) 2,56469
17067,"Hancock, IL",1,Personal income (thousands of dollars),1032636
17067,"Hancock, IL",2,Population (persons) 1,17008
17067,"Hancock, IL",3,Per capita personal income (dollars) 2,60715
17069,"Hardin, IL",1,Personal income (thousands of dollars),198492
17069,"Hardin, IL",2,Population (persons) 1,3550
17069,"Hardin, IL",3,Per capita personal income (dollars) 2,55913
17071,"Henderson, IL",1,Personal income (thousands of dollars),333505
17071,"Henderson, IL",2,Population (persons) 1,6048
17071,"Henderson, IL",3,Per capita personal income (dollars) 2,55143
17073,"Henry, IL",1,Personal income (thousands of dollars),2892912
17073,"Henry, IL",2,Population (persons) 1,48177
17073,"Henry, IL",3,Per capita personal income (dollars) 2,60048
17075,"Iroquois, IL",1,Personal income (thousands of dollars),1551616
17075,"Iroquois, IL",2,Population (persons) 1,26067
17075,"Iroquois, IL",3,Per capita personal income (dollars) 2,59524
17077,"Jackson, IL",1,Personal income (thousands of dollars),2710873
17077,"Jackson, IL",2,Population (persons) 1,53199
17077,"Jackson, IL",3,Per capita personal income (dollars) 2,50957
17079,"Jasper, IL",1,Personal income (thousands of dollars),542412
17079,"Jasper, IL",2,Population (persons) 1,9092
17079,"Jasper, IL",3,Per capita personal income (dollars) 2,59658
17081,"Jefferson, IL",1,Personal income (thousands of dollars),1909803
17081,"Jefferson, IL",2,Population (persons) 1,36107
17081,"Jefferson, IL",3,Per capita personal income (dollars) 2,52893
17083,"Jersey, IL",1,Personal income (thousands of dollars),1196355
17083,"Jersey, IL",2,Population (persons) 1,21150
17083,"Jersey, IL",3,Per capita personal income (dollars) 2,56565
17085,"Jo Daviess, IL",1,Personal income (thousands of dollars),1370509
17085,"Jo Daviess, IL",2,Population (persons) 1,21528
17085,"Jo Daviess, IL",3,Per capita personal income (dollars) 2,63662
17087,"Johnson, IL",1,Personal income (thousands of dollars),586908
17087,"Johnson, IL",2,Population (persons) 1,13320
17087,"Johnson, IL",3,Per capita personal income (dollars) 2,44062
17089,"Kane, IL",1,Personal income (thousands of dollars),36432011
17089,"Kane, IL",2,Population (persons) 1,520997
17089,"Kane, IL",3,Per capita personal income (dollars) 2,69927
17091,"Kankakee, IL",1,Personal income (thousands of dollars),5862274
17091,"Kankakee, IL",2,Population (persons) 1,106410
17091,"Kankakee, IL",3,Per capita personal income (dollars) 2,55091
17093,"Kendall, IL",1,Personal income (thousands of dollars),9026674
17093,"Kendall, IL",2,Population (persons) 1,143171
17093,"Kendall, IL",3,Per capita personal income (dollars) 2,63048
17095,"Knox, IL",1,Personal income (thousands of dollars),2532967
17095,"Knox, IL",2,Population (persons) 1,48716
17095,"Knox, IL",3,Per capita personal income (dollars) 2,51995
17097,"Lake, IL",1,Personal income (thousands of dollars),74408893
17097,"Lake, IL",2,Population (persons) 1,718604
17097,"Lake, IL",3,Per capita personal income (dollars) 2,103546
17099,"LaSalle, IL",1,Personal income (thousands of dollars),6233511
17099,"LaSalle, IL",2,Population (persons) 1,108390
17099,"LaSalle, IL",3,Per capita personal income (dollars) 2,57510
17101,"Lawrence, IL",1,Personal income (thousands of dollars),645419
17101,"Lawrence, IL",2,Population (persons) 1,14801
17101,"Lawrence, IL",3,Per capita personal income (dollars) 2,43606
17103,"Lee, IL",1,Personal income (thousands of dollars),1861252
17103,"Lee, IL",2,Population (persons) 1,33544
17103,"Lee, IL",3,Per capita personal income (dollars) 2,55487
17105,"Livingston, IL",1,Personal income (thousands of dollars),2101406
17105,"Livingston, IL",2,Population (persons) 1,35375
17105,"Livingston, IL",3,Per capita personal income (dollars) 2,59404
17107,"Logan, IL",1,Personal income (thousands of dollars),1391632
17107,"Logan, IL",2,Population (persons) 1,27518
17107,"Logan, IL",3,Per capita personal income (dollars) 2,50572
17109,"McDonough, IL",1,Personal income (thousands of dollars),1369965
17109,"McDonough, IL",2,Population (persons) 1,26662
17109,"McDonough, IL",3,Per capita personal income (dollars) 2,51383
17111,"McHenry, IL",1,Personal income (thousands of dollars),22800382
17111,"McHenry, IL",2,Population (persons) 1,315959
17111,"McHenry, IL",3,Per capita personal income (dollars) 2,72162
17113,"McLean, IL",1,Personal income (thousands of dollars),11372166
17113,"McLean, IL",2,Population (persons) 1,172069
17113,"McLean, IL",3,Per capita personal income (dollars) 2,66091
17115,"Macon, IL",1,Personal income (thousands of dollars),6182761
17115,"Macon, IL",2,Population (persons) 1,100737
17115,"Macon, IL",3,Per capita personal income (dollars) 2,61375
17117,"Macoupin, IL",1,Personal income (thousands of dollars),2468979
17117,"Macoupin, IL",2,Population (persons) 1,43895
17117,"Macoupin, IL",3,Per capita personal income (dollars) 2,56247
17119,"Madison, IL",1,Personal income (thousands of dollars),16486997
17119,"Madison, IL",2,Population (persons) 1,263017
17119,"Madison, IL",3,Per capita personal income (dollars) 2,62684
17121,"Marion, IL",1,Personal income (thousands of dollars),2042865
17121,"Marion, IL",2,Population (persons) 1,36437
17121,"Marion, IL",3,Per capita personal income (dollars) 2,56066
17123,"Marshall, IL",1,Personal income (thousands of dollars),671020
17123,"Marshall, IL",2,Population (persons) 1,11552
17123,"Marshall, IL",3,Per capita personal income (dollars) 2,58087
17125,"Mason, IL",1,Personal income (thousands of dollars),722255
17125,"Mason, IL",2,Population (persons) 1,12543
17125,"Mason, IL",3,Per capita personal income (dollars) 2,57582
17127,"Massac, IL",1,Personal income (thousands of dollars),701610
17127,"Massac, IL",2,Population (persons) 1,13627
17127,"Massac, IL",3,Per capita personal income (dollars) 2,51487
17129,"Menard, IL",1,Personal income (thousands of dollars),739178
17129,"Menard, IL",2,Population (persons) 1,11963
17129,"Menard, IL",3,Per capita personal income (dollars) 2,61789
17131,"Mercer, IL",1,Personal income (thousands of dollars),935322
17131,"Mercer, IL",2,Population (persons) 1,15292
17131,"Mercer, IL",3,Per capita personal income (dollars) 2,61164
17133,"Monroe, IL",1,Personal income (thousands of dollars),2720836
17133,"Monroe, IL",2,Population (persons) 1,34969
17133,"Monroe, IL",3,Per capita personal income (dollars) 2,77807
17135,"Montgomery, IL",1,Personal income (thousands of dollars),1559071
17135,"Montgomery, IL",2,Population (persons) 1,27615
17135,"Montgomery, IL",3,Per capita personal income (dollars) 2,56457
17137,"Morgan, IL",1,Personal income (thousands of dollars),1755038
17137,"Morgan, IL",2,Population (persons) 1,32618
17137,"Morgan, IL",3,Per capita personal income (dollars) 2,53806
17139,"Moultrie, IL",1,Personal income (thousands of dollars),1113349
17139,"Moultrie, IL",2,Population (persons) 1,14365
17139,"Moultrie, IL",3,Per capita personal income (dollars) 2,77504
17141,"Ogle, IL",1,Personal income (thousands of dollars),3028539
17141,"Ogle, IL",2,Population (persons) 1,51345
17141,"Ogle, IL",3,Per capita personal income (dollars) 2,58984
17143,"Peoria, IL",1,Personal income (thousands of dollars),11623033
17143,"Peoria, IL",2,Population (persons) 1,179630
17143,"Peoria, IL",3,Per capita personal income (dollars) 2,64705
17145,"Perry, IL",1,Personal income (thousands of dollars),1011264
17145,"Perry, IL",2,Population (persons) 1,20272
17145,"Perry, IL",3,Per capita personal income (dollars) 2,49885
17147,"Piatt, IL",1,Personal income (thousands of dollars),1179924
17147,"Piatt, IL",2,Population (persons) 1,16628
17147,"Piatt, IL",3,Per capita personal income (dollars) 2,70960
17149,"Pike, IL",1,Personal income (thousands of dollars),845027
17149,"Pike, IL",2,Population (persons) 1,14258
17149,"Pike, IL",3,Per capita personal income (dollars) 2,59267
17151,"Pope, IL",1,Personal income (thousands of dollars),161572
17151,"Pope, IL",2,Population (persons) 1,3703
17151,"Pope, IL",3,Per capita personal income (dollars) 2,43633
17153,"Pulaski, IL",1,Personal income (thousands of dollars),237719
17153,"Pulaski, IL",2,Population (persons) 1,4879
17153,"Pulaski, IL",3,Per capita personal income (dollars) 2,48723
17155,"Putnam, IL",1,Personal income (thousands of dollars),412059
17155,"Putnam, IL",2,Population (persons) 1,5633
17155,"Putnam, IL",3,Per capita personal income (dollars) 2,73151
17157,"Randolph, IL",1,Personal income (thousands of dollars),1525139
17157,"Randolph, IL",2,Population (persons) 1,29903
17157,"Randolph, IL",3,Per capita personal income (dollars) 2,51003
17159,"Richland, IL",1,Personal income (thousands of dollars),882189
17159,"Richland, IL",2,Population (persons) 1,15362
17159,"Richland, IL",3,Per capita personal income (dollars) 2,57427
17161,"Rock Island, IL",1,Personal income (thousands of dollars),7717107
17161,"Rock Island, IL",2,Population (persons) 1,142731
17161,"Rock Island, IL",3,Per capita personal income (dollars) 2,54067
17163,"St. Clair, IL",1,Personal income (thousands of dollars),15498981
17163,"St. Clair, IL",2,Population (persons) 1,251149
17163,"St. Clair, IL",3,Per capita personal income (dollars) 2,61712
17165,"Saline, IL",1,Personal income (thousands of dollars),1271877
17165,"Saline, IL",2,Population (persons) 1,22826
17165,"Saline, IL",3,Per capita personal income (dollars) 2,55721
17167,"Sangamon, IL",1,Personal income (thousands of dollars),12356688
17167,"Sangamon, IL",2,Population (persons) 1,194345
17167,"Sangamon, IL",3,Per capita personal income (dollars) 2,63581
17169,"Schuyler, IL",1,Personal income (thousands of dollars),377326
17169,"Schuyler, IL",2,Population (persons) 1,6750
17169,"Schuyler, IL",3,Per capita personal income (dollars) 2,55900
17171,"Scott, IL",1,Personal income (thousands of dollars),263571
17171,"Scott, IL",2,Population (persons) 1,4880
17171,"Scott, IL",3,Per capita personal income (dollars) 2,54010
17173,"Shelby, IL",1,Personal income (thousands of dollars),1160967
17173,"Shelby, IL",2,Population (persons) 1,20542
17173,"Shelby, IL",3,Per capita personal income (dollars) 2,56517
17175,"Stark, IL",1,Personal income (thousands of dollars),313653
17175,"Stark, IL",2,Population (persons) 1,5272
17175,"Stark, IL",3,Per capita personal income (dollars) 2,59494
17177,"Stephenson, IL",1,Personal income (thousands of dollars),2482280
17177,"Stephenson, IL",2,Population (persons) 1,43088
17177,"Stephenson, IL",3,Per capita personal income (dollars) 2,57610
17179,"Tazewell, IL",1,Personal income (thousands of dollars),8133566
17179,"Tazewell, IL",2,Population (persons) 1,129821
17179,"Tazewell, IL",3,Per capita personal income (dollars) 2,62652
17181,"Union, IL",1,Personal income (thousands of dollars),907583
17181,"Union, IL",2,Population (persons) 1,16886
17181,"Union, IL",3,Per capita personal income (dollars) 2,53748
17183,"Vermilion, IL",1,Personal income (thousands of dollars),3755755
17183,"Vermilion, IL",2,Population (persons) 1,71106
17183,"Vermilion, IL",3,Per capita personal income (dollars) 2,52819
17185,"Wabash, IL",1,Personal income (thousands of dollars),627411
17185,"Wabash, IL",2,Population (persons) 1,10979
17185,"Wabash, IL",3,Per capita personal income (dollars) 2,57146
17187,"Warren, IL",1,Personal income (thousands of dollars),899083
17187,"Warren, IL",2,Population (persons) 1,16217
17187,"Warren, IL",3,Per capita personal income (dollars) 2,55441
17189,"Washington, IL",1,Personal income (thousands of dollars),858789
17189,"Washington, IL",2,Population (persons) 1,13535
17189,"Washington, IL",3,Per capita personal income (dollars) 2,63450
17191,"Wayne, IL",1,Personal income (thousands of dollars),843488
17191,"Wayne, IL",2,Population (persons) 1,15928
17191,"Wayne, IL",3,Per capita personal income (dollars) 2,52956
17193,"White, IL",1,Personal income (thousands of dollars),876729
17193,"White, IL",2,Population (persons) 1,13395
17193,"White, IL",3,Per capita personal income (dollars) 2,65452
17195,"Whiteside, IL",1,Personal income (thousands of dollars),3144747
17195,"Whiteside, IL",2,Population (persons) 1,54657
17195,"Whiteside, IL",3,Per capita personal income (dollars) 2,57536
17197,"Will, IL",1,Personal income (thousands of dollars),49923862
17197,"Will, IL",2,Population (persons) 1,708583
17197,"Will, IL",3,Per capita personal income (dollars) 2,70456
17199,"Williamson, IL",1,Personal income (thousands of dollars),3915201
17199,"Williamson, IL",2,Population (persons) 1,67064
17199,"Williamson, IL",3,Per capita personal income (dollars) 2,58380
17201,"Winnebago, IL",1,Personal income (thousands of dollars),15661766
17201,"Winnebago, IL",2,Population (persons) 1,283790
17201,"Winnebago, IL",3,Per capita personal income (dollars) 2,55188
17203,"Woodford, IL",1,Personal income (thousands of dollars),2653162
17203,"Woodford, IL",2,Population (persons) 1,38290
17203,"Woodford, IL",3,Per capita personal income (dollars) 2,69291
18001,"Adams, IN",1,Personal income (thousands of dollars),1947726
18001,"Adams, IN",2,Population (persons) 1,36584
18001,"Adams, IN",3,Per capita personal income (dollars) 2,53240
18003,"Allen, IN",1,Personal income (thousands of dollars),25042515
18003,"Allen, IN",2,Population (persons) 1,399295
18003,"Allen, IN",3,Per capita personal income (dollars) 2,62717
18005,"Bartholomew, IN",1,Personal income (thousands of dollars),5954094
18005,"Bartholomew, IN",2,Population (persons) 1,84741
18005,"Bartholomew, IN",3,Per capita personal income (dollars) 2,70262
18007,"Benton, IN",1,Personal income (thousands of dollars),479824
18007,"Benton, IN",2,Population (persons) 1,8853
18007,"Benton, IN",3,Per capita personal income (dollars) 2,54199
18009,"Blackford, IN",1,Personal income (thousands of dollars),560336
18009,"Blackford, IN",2,Population (persons) 1,11816
18009,"Blackford, IN",3,Per capita personal income (dollars) 2,47422
18011,"Boone, IN",1,Personal income (thousands of dollars),7994242
18011,"Boone, IN",2,Population (persons) 1,78773
18011,"Boone, IN",3,Per capita personal income (dollars) 2,101485
18013,"Brown, IN",1,Personal income (thousands of dollars),1039272
18013,"Brown, IN",2,Population (persons) 1,15650
18013,"Brown, IN",3,Per capita personal income (dollars) 2,66407
18015,"Carroll, IN",1,Personal income (thousands of dollars),1143390
18015,"Carroll, IN",2,Population (persons) 1,20747
18015,"Carroll, IN",3,Per capita personal income (dollars) 2,55111
18017,"Cass, IN",1,Personal income (thousands of dollars),1923042
18017,"Cass, IN",2,Population (persons) 1,37559
18017,"Cass, IN",3,Per capita personal income (dollars) 2,51201
18019,"Clark, IN",1,Personal income (thousands of dollars),7451310
18019,"Clark, IN",2,Population (persons) 1,127479
18019,"Clark, IN",3,Per capita personal income (dollars) 2,58451
18021,"Clay, IN",1,Personal income (thousands of dollars),1291633
18021,"Clay, IN",2,Population (persons) 1,26424
18021,"Clay, IN",3,Per capita personal income (dollars) 2,48881
18023,"Clinton, IN",1,Personal income (thousands of dollars),1665542
18023,"Clinton, IN",2,Population (persons) 1,32895
18023,"Clinton, IN",3,Per capita personal income (dollars) 2,50632
18025,"Crawford, IN",1,Personal income (thousands of dollars),487491
18025,"Crawford, IN",2,Population (persons) 1,10523
18025,"Crawford, IN",3,Per capita personal income (dollars) 2,46326
18027,"Daviess, IN",1,Personal income (thousands of dollars),2148009
18027,"Daviess, IN",2,Population (persons) 1,34097
18027,"Daviess, IN",3,Per capita personal income (dollars) 2,62997
18029,"Dearborn, IN",1,Personal income (thousands of dollars),3266899
18029,"Dearborn, IN",2,Population (persons) 1,51435
18029,"Dearborn, IN",3,Per capita personal income (dollars) 2,63515
18031,"Decatur, IN",1,Personal income (thousands of dollars),1534023
18031,"Decatur, IN",2,Population (persons) 1,26421
18031,"Decatur, IN",3,Per capita personal income (dollars) 2,58061
18033,"DeKalb, IN",1,Personal income (thousands of dollars),2645413
18033,"DeKalb, IN",2,Population (persons) 1,44330
18033,"DeKalb, IN",3,Per capita personal income (dollars) 2,59675
18035,"Delaware, IN",1,Personal income (thousands of dollars),5643632
18035,"Delaware, IN",2,Population (persons) 1,112951
18035,"Delaware, IN",3,Per capita personal income (dollars) 2,49965
18037,"Dubois, IN",1,Personal income (thousands of dollars),3176462
18037,"Dubois, IN",2,Population (persons) 1,43629
18037,"Dubois, IN",3,Per capita personal income (dollars) 2,72806
18039,"Elkhart, IN",1,Personal income (thousands of dollars),12518302
18039,"Elkhart, IN",2,Population (persons) 1,207436
18039,"Elkhart, IN",3,Per capita personal income (dollars) 2,60348
18041,"Fayette, IN",1,Personal income (thousands of dollars),1212245
18041,"Fayette, IN",2,Population (persons) 1,23335
18041,"Fayette, IN",3,Per capita personal income (dollars) 2,51950
18043,"Floyd, IN",1,Personal income (thousands of dollars),5719888
18043,"Floyd, IN",2,Population (persons) 1,81931
18043,"Floyd, IN",3,Per capita personal income (dollars) 2,69813
18045,"Fountain, IN",1,Personal income (thousands of dollars),905357
18045,"Fountain, IN",2,Population (persons) 1,16833
18045,"Fountain, IN",3,Per capita personal income (dollars) 2,53785
18047,"Franklin, IN",1,Personal income (thousands of dollars),1404976
18047,"Franklin, IN",2,Population (persons) 1,23136
18047,"Franklin, IN",3,Per capita personal income (dollars) 2,60727
18049,"Fulton, IN",1,Personal income (thousands of dollars),1086515
18049,"Fulton, IN",2,Population (persons) 1,20004
18049,"Fulton, IN",3,Per capita personal income (dollars) 2,54315
18051,"Gibson, IN",1,Personal income (thousands of dollars),2003005
18051,"Gibson, IN",2,Population (persons) 1,33038
18051,"Gibson, IN",3,Per capita personal income (dollars) 2,60627
18053,"Grant, IN",1,Personal income (thousands of dollars),3414176
18053,"Grant, IN",2,Population (persons) 1,66458
18053,"Grant, IN",3,Per capita personal income (dollars) 2,51373
18055,"Greene, IN",1,Personal income (thousands of dollars),1724461
18055,"Greene, IN",2,Population (persons) 1,31219
18055,"Greene, IN",3,Per capita personal income (dollars) 2,55238
18057,"Hamilton, IN",1,Personal income (thousands of dollars),39596733
18057,"Hamilton, IN",2,Population (persons) 1,379704
18057,"Hamilton, IN",3,Per capita personal income (dollars) 2,104283
18059,"Hancock, IN",1,Personal income (thousands of dollars),6069731
18059,"Hancock, IN",2,Population (persons) 1,88810
18059,"Hancock, IN",3,Per capita personal income (dollars) 2,68345
18061,"Harrison, IN",1,Personal income (thousands of dollars),2404616
18061,"Harrison, IN",2,Population (persons) 1,39978
18061,"Harrison, IN",3,Per capita personal income (dollars) 2,60148
18063,"Hendricks, IN",1,Personal income (thousands of dollars),12399003
18063,"Hendricks, IN",2,Population (persons) 1,190629
18063,"Hendricks, IN",3,Per capita personal income (dollars) 2,65043
18065,"Henry, IN",1,Personal income (thousands of dollars),2484951
18065,"Henry, IN",2,Population (persons) 1,49081
18065,"Henry, IN",3,Per capita personal income (dollars) 2,50630
18067,"Howard, IN",1,Personal income (thousands of dollars),4471877
18067,"Howard, IN",2,Population (persons) 1,84082
18067,"Howard, IN",3,Per capita personal income (dollars) 2,53185
18069,"Huntington, IN",1,Personal income (thousands of dollars),2036294
18069,"Huntington, IN",2,Population (persons) 1,36944
18069,"Huntington, IN",3,Per capita personal income (dollars) 2,55118
18071,"Jackson, IN",1,Personal income (thousands of dollars),2573590
18071,"Jackson, IN",2,Population (persons) 1,47420
18071,"Jackson, IN",3,Per capita personal income (dollars) 2,54272
18073,"Jasper, IN",1,Personal income (thousands of dollars),2010182
18073,"Jasper, IN",2,Population (persons) 1,33387
18073,"Jasper, IN",3,Per capita personal income (dollars) 2,60209
18075,"Jay, IN",1,Personal income (thousands of dollars),1135074
18075,"Jay, IN",2,Population (persons) 1,20164
18075,"Jay, IN",3,Per capita personal income (dollars) 2,56292
18077,"Jefferson, IN",1,Personal income (thousands of dollars),1889359
18077,"Jefferson, IN",2,Population (persons) 1,32921
18077,"Jefferson, IN",3,Per capita personal income (dollars) 2,57391
18079,"Jennings, IN",1,Personal income (thousands of dollars),1506079
18079,"Jennings, IN",2,Population (persons) 1,27634
18079,"Jennings, IN",3,Per capita personal income (dollars) 2,54501
18081,"Johnson, IN",1,Personal income (thousands of dollars),11028040
18081,"Johnson, IN",2,Population (persons) 1,170614
18081,"Johnson, IN",3,Per capita personal income (dollars) 2,64637
18083,"Knox, IN",1,Personal income (thousands of dollars),2124398
18083,"Knox, IN",2,Population (persons) 1,35872
18083,"Knox, IN",3,Per capita personal income (dollars) 2,59222
18085,"Kosciusko, IN",1,Personal income (thousands of dollars),4908480
18085,"Kosciusko, IN",2,Population (persons) 1,80669
18085,"Kosciusko, IN",3,Per capita personal income (dollars) 2,60847
18087,"Lagrange, IN",1,Personal income (thousands of dollars),2298693
18087,"Lagrange, IN",2,Population (persons) 1,41122
18087,"Lagrange, IN",3,Per capita personal income (dollars) 2,55899
18089,"Lake, IN",1,Personal income (thousands of dollars),29384284
18089,"Lake, IN",2,Population (persons) 1,502955
18089,"Lake, IN",3,Per capita personal income (dollars) 2,58423
18091,"LaPorte, IN",1,Personal income (thousands of dollars),6212144
18091,"LaPorte, IN",2,Population (persons) 1,111348
18091,"LaPorte, IN",3,Per capita personal income (dollars) 2,55790
18093,"Lawrence, IN",1,Personal income (thousands of dollars),2581786
18093,"Lawrence, IN",2,Population (persons) 1,45192
18093,"Lawrence, IN",3,Per capita personal income (dollars) 2,57129
18095,"Madison, IN",1,Personal income (thousands of dollars),6860843
18095,"Madison, IN",2,Population (persons) 1,134222
18095,"Madison, IN",3,Per capita personal income (dollars) 2,51116
18097,"Marion, IN",1,Personal income (thousands of dollars),73623648
18097,"Marion, IN",2,Population (persons) 1,981628
18097,"Marion, IN",3,Per capita personal income (dollars) 2,75002
18099,"Marshall, IN",1,Personal income (thousands of dollars),2574290
18099,"Marshall, IN",2,Population (persons) 1,46464
18099,"Marshall, IN",3,Per capita personal income (dollars) 2,55404
18101,"Martin, IN",1,Personal income (thousands of dollars),564361
18101,"Martin, IN",2,Population (persons) 1,9864
18101,"Martin, IN",3,Per capita personal income (dollars) 2,57214
18103,"Miami, IN",1,Personal income (thousands of dollars),1600463
18103,"Miami, IN",2,Population (persons) 1,35613
18103,"Miami, IN",3,Per capita personal income (dollars) 2,44940
18105,"Monroe, IN",1,Personal income (thousands of dollars),8498633
18105,"Monroe, IN",2,Population (persons) 1,140702
18105,"Monroe, IN",3,Per capita personal income (dollars) 2,60402
18107,"Montgomery, IN",1,Personal income (thousands of dollars),2068190
18107,"Montgomery, IN",2,Population (persons) 1,38633
18107,"Montgomery, IN",3,Per capita personal income (dollars) 2,53534
18109,"Morgan, IN",1,Personal income (thousands of dollars),4406742
18109,"Morgan, IN",2,Population (persons) 1,73825
18109,"Morgan, IN",3,Per capita personal income (dollars) 2,59692
18111,"Newton, IN",1,Personal income (thousands of dollars),760563
18111,"Newton, IN",2,Population (persons) 1,14131
18111,"Newton, IN",3,Per capita personal income (dollars) 2,53822
18113,"Noble, IN",1,Personal income (thousands of dollars),2594085
18113,"Noble, IN",2,Population (persons) 1,47811
18113,"Noble, IN",3,Per capita personal income (dollars) 2,54257
18115,"Ohio, IN",1,Personal income (thousands of dollars),325377
18115,"Ohio, IN",2,Population (persons) 1,5996
18115,"Ohio, IN",3,Per capita personal income (dollars) 2,54266
18117,"Orange, IN",1,Personal income (thousands of dollars),992120
18117,"Orange, IN",2,Population (persons) 1,19824
18117,"Orange, IN",3,Per capita personal income (dollars) 2,50046
18119,"Owen, IN",1,Personal income (thousands of dollars),1177856
18119,"Owen, IN",2,Population (persons) 1,21851
18119,"Owen, IN",3,Per capita personal income (dollars) 2,53904
18121,"Parke, IN",1,Personal income (thousands of dollars),892282
18121,"Parke, IN",2,Population (persons) 1,16508
18121,"Parke, IN",3,Per capita personal income (dollars) 2,54051
18123,"Perry, IN",1,Personal income (thousands of dollars),949746
18123,"Perry, IN",2,Population (persons) 1,19320
18123,"Perry, IN",3,Per capita personal income (dollars) 2,49159
18125,"Pike, IN",1,Personal income (thousands of dollars),638712
18125,"Pike, IN",2,Population (persons) 1,12116
18125,"Pike, IN",3,Per capita personal income (dollars) 2,52716
18127,"Porter, IN",1,Personal income (thousands of dollars),12184416
18127,"Porter, IN",2,Population (persons) 1,175860
18127,"Porter, IN",3,Per capita personal income (dollars) 2,69285
18129,"Posey, IN",1,Personal income (thousands of dollars),1598584
18129,"Posey, IN",2,Population (persons) 1,25067
18129,"Posey, IN",3,Per capita personal income (dollars) 2,63772
18131,"Pulaski, IN",1,Personal income (thousands of dollars),754345
18131,"Pulaski, IN",2,Population (persons) 1,12421
18131,"Pulaski, IN",3,Per capita personal income (dollars) 2,60731
18133,"Putnam, IN",1,Personal income (thousands of dollars),1930577
18133,"Putnam, IN",2,Population (persons) 1,37804
18133,"Putnam, IN",3,Per capita personal income (dollars) 2,51068
18135,"Randolph, IN",1,Personal income (thousands of dollars),1402939
18135,"Randolph, IN",2,Population (persons) 1,24337
18135,"Randolph, IN",3,Per capita personal income (dollars) 2,57646
18137,"Ripley, IN",1,Personal income (thousands of dollars),1618742
18137,"Ripley, IN",2,Population (persons) 1,29214
18137,"Ripley, IN",3,Per capita personal income (dollars) 2,55410
18139,"Rush, IN",1,Personal income (thousands of dollars),1009048
18139,"Rush, IN",2,Population (persons) 1,16759
18139,"Rush, IN",3,Per capita personal income (dollars) 2,60209
18141,"St. Joseph, IN",1,Personal income (thousands of dollars),16159152
18141,"St. Joseph, IN",2,Population (persons) 1,273744
18141,"St. Joseph, IN",3,Per capita personal income (dollars) 2,59030
18143,"Scott, IN",1,Personal income (thousands of dollars),1214613
18143,"Scott, IN",2,Population (persons) 1,24751
18143,"Scott, IN",3,Per capita personal income (dollars) 2,49073
18145,"Shelby, IN",1,Personal income (thousands of dollars),2652891
18145,"Shelby, IN",2,Population (persons) 1,45654
18145,"Shelby, IN",3,Per capita personal income (dollars) 2,58109
18147,"Spencer, IN",1,Personal income (thousands of dollars),1184220
18147,"Spencer, IN",2,Population (persons) 1,20192
18147,"Spencer, IN",3,Per capita personal income (dollars) 2,58648
18149,"Starke, IN",1,Personal income (thousands of dollars),1074215
18149,"Starke, IN",2,Population (persons) 1,23463
18149,"Starke, IN",3,Per capita personal income (dollars) 2,45783
18151,"Steuben, IN",1,Personal income (thousands of dollars),2059785
18151,"Steuben, IN",2,Population (persons) 1,34862
18151,"Steuben, IN",3,Per capita personal income (dollars) 2,59084
18153,"Sullivan, IN",1,Personal income (thousands of dollars),965654
18153,"Sullivan, IN",2,Population (persons) 1,20768
18153,"Sullivan, IN",3,Per capita personal income (dollars) 2,46497
18155,"Switzerland, IN",1,Personal income (thousands of dollars),449843
18155,"Switzerland, IN",2,Population (persons) 1,9988
18155,"Switzerland, IN",3,Per capita personal income (dollars) 2,45038
18157,"Tippecanoe, IN",1,Personal income (thousands of dollars),10037245
18157,"Tippecanoe, IN",2,Population (persons) 1,191650
18157,"Tippecanoe, IN",3,Per capita personal income (dollars) 2,52373
18159,"Tipton, IN",1,Personal income (thousands of dollars),843168
18159,"Tipton, IN",2,Population (persons) 1,15324
18159,"Tipton, IN",3,Per capita personal income (dollars) 2,55023
18161,"Union, IN",1,Personal income (thousands of dollars),363771
18161,"Union, IN",2,Population (persons) 1,6884
18161,"Union, IN",3,Per capita personal income (dollars) 2,52843
18163,"Vanderburgh, IN",1,Personal income (thousands of dollars),11364014
18163,"Vanderburgh, IN",2,Population (persons) 1,180387
18163,"Vanderburgh, IN",3,Per capita personal income (dollars) 2,62998
18165,"Vermillion, IN",1,Personal income (thousands of dollars),766421
18165,"Vermillion, IN",2,Population (persons) 1,15516
18165,"Vermillion, IN",3,Per capita personal income (dollars) 2,49396
18167,"Vigo, IN",1,Personal income (thousands of dollars),5467458
18167,"Vigo, IN",2,Population (persons) 1,106166
18167,"Vigo, IN",3,Per capita personal income (dollars) 2,51499
18169,"Wabash, IN",1,Personal income (thousands of dollars),1825234
18169,"Wabash, IN",2,Population (persons) 1,30777
18169,"Wabash, IN",3,Per capita personal income (dollars) 2,59305
18171,"Warren, IN",1,Personal income (thousands of dollars),480557
18171,"Warren, IN",2,Population (persons) 1,8451
18171,"Warren, IN",3,Per capita personal income (dollars) 2,56864
18173,"Warrick, IN",1,Personal income (thousands of dollars),4928188
18173,"Warrick, IN",2,Population (persons) 1,66339
18173,"Warrick, IN",3,Per capita personal income (dollars) 2,74288
18175,"Washington, IN",1,Personal income (thousands of dollars),1531329
18175,"Washington, IN",2,Population (persons) 1,28345
18175,"Washington, IN",3,Per capita personal income (dollars) 2,54025
18177,"Wayne, IN",1,Personal income (thousands of dollars),3627829
18177,"Wayne, IN",2,Population (persons) 1,66410
18177,"Wayne, IN",3,Per capita personal income (dollars) 2,54628
18179,"Wells, IN",1,Personal income (thousands of dollars),1591115
18179,"Wells, IN",2,Population (persons) 1,28798
18179,"Wells, IN",3,Per capita personal income (dollars) 2,55251
18181,"White, IN",1,Personal income (thousands of dollars),1452126
18181,"White, IN",2,Population (persons) 1,24833
18181,"White, IN",3,Per capita personal income (dollars) 2,58476
18183,"Whitley, IN",1,Personal income (thousands of dollars),2124319
18183,"Whitley, IN",2,Population (persons) 1,34885
18183,"Whitley, IN",3,Per capita personal income (dollars) 2,60895
19001,"Adair, IA",1,Personal income (thousands of dollars),572064
19001,"Adair, IA",2,Population (persons) 1,7431
19001,"Adair, IA",3,Per capita personal income (dollars) 2,76983
19003,"Adams, IA",1,Personal income (thousands of dollars),230031
19003,"Adams, IA",2,Population (persons) 1,3606
19003,"Adams, IA",3,Per capita personal income (dollars) 2,63791
19005,"Allamakee, IA",1,Personal income (thousands of dollars),832677
19005,"Allamakee, IA",2,Population (persons) 1,14184
19005,"Allamakee, IA",3,Per capita personal income (dollars) 2,58705
19007,"Appanoose, IA",1,Personal income (thousands of dollars),613131
19007,"Appanoose, IA",2,Population (persons) 1,12106
19007,"Appanoose, IA",3,Per capita personal income (dollars) 2,50647
19009,"Audubon, IA",1,Personal income (thousands of dollars),377835
19009,"Audubon, IA",2,Population (persons) 1,5562
19009,"Audubon, IA",3,Per capita personal income (dollars) 2,67931
19011,"Benton, IA",1,Personal income (thousands of dollars),1705660
19011,"Benton, IA",2,Population (persons) 1,25799
19011,"Benton, IA",3,Per capita personal income (dollars) 2,66113
19013,"Black Hawk, IA",1,Personal income (thousands of dollars),7542170
19013,"Black Hawk, IA",2,Population (persons) 1,132348
19013,"Black Hawk, IA",3,Per capita personal income (dollars) 2,56987
19015,"Boone, IA",1,Personal income (thousands of dollars),1565363
19015,"Boone, IA",2,Population (persons) 1,26729
19015,"Boone, IA",3,Per capita personal income (dollars) 2,58564
19017,"Bremer, IA",1,Personal income (thousands of dollars),1588725
19017,"Bremer, IA",2,Population (persons) 1,25328
19017,"Bremer, IA",3,Per capita personal income (dollars) 2,62726
19019,"Buchanan, IA",1,Personal income (thousands of dollars),1304704
19019,"Buchanan, IA",2,Population (persons) 1,20733
19019,"Buchanan, IA",3,Per capita personal income (dollars) 2,62929
19021,"Buena Vista, IA",1,Personal income (thousands of dollars),1188328
19021,"Buena Vista, IA",2,Population (persons) 1,20816
19021,"Buena Vista, IA",3,Per capita personal income (dollars) 2,57087
19023,"Butler, IA",1,Personal income (thousands of dollars),867926
19023,"Butler, IA",2,Population (persons) 1,14156
19023,"Butler, IA",3,Per capita personal income (dollars) 2,61312
19025,"Calhoun, IA",1,Personal income (thousands of dollars),611976
19025,"Calhoun, IA",2,Population (persons) 1,9711
19025,"Calhoun, IA",3,Per capita personal income (dollars) 2,63019
19027,"Carroll, IA",1,Personal income (thousands of dollars),1424207
19027,"Carroll, IA",2,Population (persons) 1,20407
19027,"Carroll, IA",3,Per capita personal income (dollars) 2,69790
19029,"Cass, IA",1,Personal income (thousands of dollars),850078
19029,"Cass, IA",2,Population (persons) 1,13024
19029,"Cass, IA",3,Per capita personal income (dollars) 2,65270
19031,"Cedar, IA",1,Personal income (thousands of dollars),1261806
19031,"Cedar, IA",2,Population (persons) 1,18231
19031,"Cedar, IA",3,Per capita personal income (dollars) 2,69212
19033,"Cerro Gordo, IA",1,Personal income (thousands of dollars),3403373
19033,"Cerro Gordo, IA",2,Population (persons) 1,42493
19033,"Cerro Gordo, IA",3,Per capita personal income (dollars) 2,80093
19035,"Cherokee, IA",1,Personal income (thousands of dollars),1013132
19035,"Cherokee, IA",2,Population (persons) 1,11658
19035,"Cherokee, IA",3,Per capita personal income (dollars) 2,86904
19037,"Chickasaw, IA",1,Personal income (thousands of dollars),1132558
19037,"Chickasaw, IA",2,Population (persons) 1,11719
19037,"Chickasaw, IA",3,Per capita personal income (dollars) 2,96643
19039,"Clarke, IA",1,Personal income (thousands of dollars),506521
19039,"Clarke, IA",2,Population (persons) 1,9524
19039,"Clarke, IA",3,Per capita personal income (dollars) 2,53184
19041,"Clay, IA",1,Personal income (thousands of dollars),1142022
19041,"Clay, IA",2,Population (persons) 1,16474
19041,"Clay, IA",3,Per capita personal income (dollars) 2,69323
19043,"Clayton, IA",1,Personal income (thousands of dollars),1153932
19043,"Clayton, IA",2,Population (persons) 1,16931
19043,"Clayton, IA",3,Per capita personal income (dollars) 2,68155
19045,"Clinton, IA",1,Personal income (thousands of dollars),2557836
19045,"Clinton, IA",2,Population (persons) 1,46015
19045,"Clinton, IA",3,Per capita personal income (dollars) 2,55587
19047,"Crawford, IA",1,Personal income (thousands of dollars),920666
19047,"Crawford, IA",2,Population (persons) 1,16378
19047,"Crawford, IA",3,Per capita personal income (dollars) 2,56214
19049,"Dallas, IA",1,Personal income (thousands of dollars),9818467
19049,"Dallas, IA",2,Population (persons) 1,115343
19049,"Dallas, IA",3,Per capita personal income (dollars) 2,85124
19051,"Davis, IA",1,Personal income (thousands of dollars),525860
19051,"Davis, IA",2,Population (persons) 1,9193
19051,"Davis, IA",3,Per capita personal income (dollars) 2,57202
19053,"Decatur, IA",1,Personal income (thousands of dollars),353201
19053,"Decatur, IA",2,Population (persons) 1,7656
19053,"Decatur, IA",3,Per capita personal income (dollars) 2,46134
19055,"Delaware, IA",1,Personal income (thousands of dollars),1109073
19055,"Delaware, IA",2,Population (persons) 1,17609
19055,"Delaware, IA",3,Per capita personal income (dollars) 2,62983
19057,"Des Moines, IA",1,Personal income (thousands of dollars),2470946
19057,"Des Moines, IA",2,Population (persons) 1,38411
19057,"Des Moines, IA",3,Per capita personal income (dollars) 2,64329
19059,"Dickinson, IA",1,Personal income (thousands of dollars),1529793
19059,"Dickinson, IA",2,Population (persons) 1,18158
19059,"Dickinson, IA",3,Per capita personal income (dollars) 2,84249
19061,"Dubuque, IA",1,Personal income (thousands of dollars),6588859
19061,"Dubuque, IA",2,Population (persons) 1,99242
19061,"Dubuque, IA",3,Per capita personal income (dollars) 2,66392
19063,"Emmet, IA",1,Personal income (thousands of dollars),517576
19063,"Emmet, IA",2,Population (persons) 1,9162
19063,"Emmet, IA",3,Per capita personal income (dollars) 2,56492
19065,"Fayette, IA",1,Personal income (thousands of dollars),1097284
19065,"Fayette, IA",2,Population (persons) 1,19152
19065,"Fayette, IA",3,Per capita personal income (dollars) 2,57293
19067,"Floyd, IA",1,Personal income (thousands of dollars),973305
19067,"Floyd, IA",2,Population (persons) 1,15008
19067,"Floyd, IA",3,Per capita personal income (dollars) 2,64852
19069,"Franklin, IA",1,Personal income (thousands of dollars),657281
19069,"Franklin, IA",2,Population (persons) 1,10024
19069,"Franklin, IA",3,Per capita personal income (dollars) 2,65571
19071,"Fremont, IA",1,Personal income (thousands of dollars),405596
19071,"Fremont, IA",2,Population (persons) 1,6494
19071,"Fremont, IA",3,Per capita personal income (dollars) 2,62457
19073,"Greene, IA",1,Personal income (thousands of dollars),531808
19073,"Greene, IA",2,Population (persons) 1,8662
19073,"Greene, IA",3,Per capita personal income (dollars) 2,61396
19075,"Grundy, IA",1,Personal income (thousands of dollars),803526
19075,"Grundy, IA",2,Population (persons) 1,12405
19075,"Grundy, IA",3,Per capita personal income (dollars) 2,64774
19077,"Guthrie, IA",1,Personal income (thousands of dollars),784919
19077,"Guthrie, IA",2,Population (persons) 1,10774
19077,"Guthrie, IA",3,Per capita personal income (dollars) 2,72853
19079,"Hamilton, IA",1,Personal income (thousands of dollars),968173
19079,"Hamilton, IA",2,Population (persons) 1,14856
19079,"Hamilton, IA",3,Per capita personal income (dollars) 2,65171
19081,"Hancock, IA",1,Personal income (thousands of dollars),723613
19081,"Hancock, IA",2,Population (persons) 1,10616
19081,"Hancock, IA",3,Per capita personal income (dollars) 2,68162
19083,"Hardin, IA",1,Personal income (thousands of dollars),1105014
19083,"Hardin, IA",2,Population (persons) 1,16464
19083,"Hardin, IA",3,Per capita personal income (dollars) 2,67117
19085,"Harrison, IA",1,Personal income (thousands of dollars),898320
19085,"Harrison, IA",2,Population (persons) 1,14626
19085,"Harrison, IA",3,Per capita personal income (dollars) 2,61419
19087,"Henry, IA",1,Personal income (thousands of dollars),1037723
19087,"Henry, IA",2,Population (persons) 1,19361
19087,"Henry, IA",3,Per capita personal income (dollars) 2,53599
19089,"Howard, IA",1,Personal income (thousands of dollars),625343
19089,"Howard, IA",2,Population (persons) 1,9360
19089,"Howard, IA",3,Per capita personal income (dollars) 2,66810
19091,"Humboldt, IA",1,Personal income (thousands of dollars),578832
19091,"Humboldt, IA",2,Population (persons) 1,9617
19091,"Humboldt, IA",3,Per capita personal income (dollars) 2,60188
19093,"Ida, IA",1,Personal income (thousands of dollars),471697
19093,"Ida, IA",2,Population (persons) 1,6810
19093,"Ida, IA",3,Per capita personal income (dollars) 2,69265
19095,"Iowa, IA",1,Personal income (thousands of dollars),1042142
19095,"Iowa, IA",2,Population (persons) 1,16423
19095,"Iowa, IA",3,Per capita personal income (dollars) 2,63456
19097,"Jackson, IA",1,Personal income (thousands of dollars),1159621
19097,"Jackson, IA",2,Population (persons) 1,19390
19097,"Jackson, IA",3,Per capita personal income (dollars) 2,59805
19099,"Jasper, IA",1,Personal income (thousands of dollars),2052410
19099,"Jasper, IA",2,Population (persons) 1,38107
19099,"Jasper, IA",3,Per capita personal income (dollars) 2,53859
19101,"Jefferson, IA",1,Personal income (thousands of dollars),929767
19101,"Jefferson, IA",2,Population (persons) 1,15781
19101,"Jefferson, IA",3,Per capita personal income (dollars) 2,58917
19103,"Johnson, IA",1,Personal income (thousands of dollars),10569810
19103,"Johnson, IA",2,Population (persons) 1,160080
19103,"Johnson, IA",3,Per capita personal income (dollars) 2,66028
19105,"Jones, IA",1,Personal income (thousands of dollars),1193879
19105,"Jones, IA",2,Population (persons) 1,21116
19105,"Jones, IA",3,Per capita personal income (dollars) 2,56539
19107,"Keokuk, IA",1,Personal income (thousands of dollars),575522
19107,"Keokuk, IA",2,Population (persons) 1,9855
19107,"Keokuk, IA",3,Per capita personal income (dollars) 2,58399
19109,"Kossuth, IA",1,Personal income (thousands of dollars),989456
19109,"Kossuth, IA",2,Population (persons) 1,14408
19109,"Kossuth, IA",3,Per capita personal income (dollars) 2,68674
19111,"Lee, IA",1,Personal income (thousands of dollars),1789925
19111,"Lee, IA",2,Population (persons) 1,32376
19111,"Lee, IA",3,Per capita personal income (dollars) 2,55286
19113,"Linn, IA",1,Personal income (thousands of dollars),15417877
19113,"Linn, IA",2,Population (persons) 1,231762
19113,"Linn, IA",3,Per capita personal income (dollars) 2,66525
19115,"Louisa, IA",1,Personal income (thousands of dollars),587951
19115,"Louisa, IA",2,Population (persons) 1,10630
19115,"Louisa, IA",3,Per capita personal income (dollars) 2,55311
19117,"Lucas, IA",1,Personal income (thousands of dollars),470027
19117,"Lucas, IA",2,Population (persons) 1,8758
19117,"Lucas, IA",3,Per capita personal income (dollars) 2,53668
19119,"Lyon, IA",1,Personal income (thousands of dollars),930861
19119,"Lyon, IA",2,Population (persons) 1,12378
19119,"Lyon, IA",3,Per capita personal income (dollars) 2,75203
19121,"Madison, IA",1,Personal income (thousands of dollars),1099178
19121,"Madison, IA",2,Population (persons) 1,17161
19121,"Madison, IA",3,Per capita personal income (dollars) 2,64051
19123,"Mahaska, IA",1,Personal income (thousands of dollars),1266746
19123,"Mahaska, IA",2,Population (persons) 1,22034
19123,"Mahaska, IA",3,Per capita personal income (dollars) 2,57491
19125,"Marion, IA",1,Personal income (thousands of dollars),2278809
19125,"Marion, IA",2,Population (persons) 1,34048
19125,"Marion, IA",3,Per capita personal income (dollars) 2,66929
19127,"Marshall, IA",1,Personal income (thousands of dollars),2098147
19127,"Marshall, IA",2,Population (persons) 1,40392
19127,"Marshall, IA",3,Per capita personal income (dollars) 2,51945
19129,"Mills, IA",1,Personal income (thousands of dollars),1012293
19129,"Mills, IA",2,Population (persons) 1,14717
19129,"Mills, IA",3,Per capita personal income (dollars) 2,68784
19131,"Mitchell, IA",1,Personal income (thousands of dollars),1044181
19131,"Mitchell, IA",2,Population (persons) 1,10632
19131,"Mitchell, IA",3,Per capita personal income (dollars) 2,98211
19133,"Monona, IA",1,Personal income (thousands of dollars),508321
19133,"Monona, IA",2,Population (persons) 1,8429
19133,"Monona, IA",3,Per capita personal income (dollars) 2,60306
19135,"Monroe, IA",1,Personal income (thousands of dollars),447478
19135,"Monroe, IA",2,Population (persons) 1,7373
19135,"Monroe, IA",3,Per capita personal income (dollars) 2,60691
19137,"Montgomery, IA",1,Personal income (thousands of dollars),544443
19137,"Montgomery, IA",2,Population (persons) 1,10063
19137,"Montgomery, IA",3,Per capita personal income (dollars) 2,54103
19139,"Muscatine, IA",1,Personal income (thousands of dollars),2541892
19139,"Muscatine, IA",2,Population (persons) 1,42132
19139,"Muscatine, IA",3,Per capita personal income (dollars) 2,60332
19141,"O'Brien, IA",1,Personal income (thousands of dollars),961824
19141,"O'Brien, IA",2,Population (persons) 1,14260
19141,"O'Brien, IA",3,Per capita personal income (dollars) 2,67449
19143,"Osceola, IA",1,Personal income (thousands of dollars),407028
19143,"Osceola, IA",2,Population (persons) 1,6036
19143,"Osceola, IA",3,Per capita personal income (dollars) 2,67433
19145,"Page, IA",1,Personal income (thousands of dollars),839229
19145,"Page, IA",2,Population (persons) 1,15038
19145,"Page, IA",3,Per capita personal income (dollars) 2,55807
19147,"Palo Alto, IA",1,Personal income (thousands of dollars),577294
19147,"Palo Alto, IA",2,Population (persons) 1,8809
19147,"Palo Alto, IA",3,Per capita personal income (dollars) 2,65535
19149,"Plymouth, IA",1,Personal income (thousands of dollars),1804839
19149,"Plymouth, IA",2,Population (persons) 1,25825
19149,"Plymouth, IA",3,Per capita personal income (dollars) 2,69887
19151,"Pocahontas, IA",1,Personal income (thousands of dollars),427198
19151,"Pocahontas, IA",2,Population (persons) 1,7006
19151,"Pocahontas, IA",3,Per capita personal income (dollars) 2,60976
19153,"Polk, IA",1,Personal income (thousands of dollars),36029709
19153,"Polk, IA",2,Population (persons) 1,516185
19153,"Polk, IA",3,Per capita personal income (dollars) 2,69800
19155,"Pottawattamie, IA",1,Personal income (thousands of dollars),5876958
19155,"Pottawattamie, IA",2,Population (persons) 1,93529
19155,"Pottawattamie, IA",3,Per capita personal income (dollars) 2,62836
19157,"Poweshiek, IA",1,Personal income (thousands of dollars),1116019
19157,"Poweshiek, IA",2,Population (persons) 1,18454
19157,"Poweshiek, IA",3,Per capita personal income (dollars) 2,60476
19159,"Ringgold, IA",1,Personal income (thousands of dollars),281698
19159,"Ringgold, IA",2,Population (persons) 1,4608
19159,"Ringgold, IA",3,Per capita personal income (dollars) 2,61132
19161,"Sac, IA",1,Personal income (thousands of dollars),717793
19161,"Sac, IA",2,Population (persons) 1,9533
19161,"Sac, IA",3,Per capita personal income (dollars) 2,75296
19163,"Scott, IA",1,Personal income (thousands of dollars),12293269
19163,"Scott, IA",2,Population (persons) 1,175601
19163,"Scott, IA",3,Per capita personal income (dollars) 2,70007
19165,"Shelby, IA",1,Personal income (thousands of dollars),794608
19165,"Shelby, IA",2,Population (persons) 1,11821
19165,"Shelby, IA",3,Per capita personal income (dollars) 2,67220
19167,"Sioux, IA",1,Personal income (thousands of dollars),2659367
19167,"Sioux, IA",2,Population (persons) 1,36554
19167,"Sioux, IA",3,Per capita personal income (dollars) 2,72752
19169,"Story, IA",1,Personal income (thousands of dollars),5780080
19169,"Story, IA",2,Population (persons) 1,102498
19169,"Story, IA",3,Per capita personal income (dollars) 2,56392
19171,"Tama, IA",1,Personal income (thousands of dollars),961490
19171,"Tama, IA",2,Population (persons) 1,16738
19171,"Tama, IA",3,Per capita personal income (dollars) 2,57444
19173,"Taylor, IA",1,Personal income (thousands of dollars),333963
19173,"Taylor, IA",2,Population (persons) 1,5825
19173,"Taylor, IA",3,Per capita personal income (dollars) 2,57333
19175,"Union, IA",1,Personal income (thousands of dollars),643243
19175,"Union, IA",2,Population (persons) 1,11955
19175,"Union, IA",3,Per capita personal income (dollars) 2,53805
19177,"Van Buren, IA",1,Personal income (thousands of dollars),363931
19177,"Van Buren, IA",2,Population (persons) 1,7217
19177,"Van Buren, IA",3,Per capita personal income (dollars) 2,50427
19179,"Wapello, IA",1,Personal income (thousands of dollars),1734920
19179,"Wapello, IA",2,Population (persons) 1,35681
19179,"Wapello, IA",3,Per capita personal income (dollars) 2,48623
19181,"Warren, IA",1,Personal income (thousands of dollars),3754565
19181,"Warren, IA",2,Population (persons) 1,56343
19181,"Warren, IA",3,Per capita personal income (dollars) 2,66638
19183,"Washington, IA",1,Personal income (thousands of dollars),1913209
19183,"Washington, IA",2,Population (persons) 1,22631
19183,"Washington, IA",3,Per capita personal income (dollars) 2,84539
19185,"Wayne, IA",1,Personal income (thousands of dollars),365358
19185,"Wayne, IA",2,Population (persons) 1,6622
19185,"Wayne, IA",3,Per capita personal income (dollars) 2,55173
19187,"Webster, IA",1,Personal income (thousands of dollars),2047151
19187,"Webster, IA",2,Population (persons) 1,36909
19187,"Webster, IA",3,Per capita personal income (dollars) 2,55465
19189,"Winnebago, IA",1,Personal income (thousands of dollars),606115
19189,"Winnebago, IA",2,Population (persons) 1,10383
19189,"Winnebago, IA",3,Per capita personal income (dollars) 2,58376
19191,"Winneshiek, IA",1,Personal income (thousands of dollars),1312455
19191,"Winneshiek, IA",2,Population (persons) 1,19723
19191,"Winneshiek, IA",3,Per capita personal income (dollars) 2,66544
19193,"Woodbury, IA",1,Personal income (thousands of dollars),5936056
19193,"Woodbury, IA",2,Population (persons) 1,107257
19193,"Woodbury, IA",3,Per capita personal income (dollars) 2,55344
19195,"Worth, IA",1,Personal income (thousands of dollars),424598
19195,"Worth, IA",2,Population (persons) 1,7307
19195,"Worth, IA",3,Per capita personal income (dollars) 2,58108
19197,"Wright, IA",1,Personal income (thousands of dollars),967735
19197,"Wright, IA",2,Population (persons) 1,12729
19197,"Wright, IA",3,Per capita personal income (dollars) 2,76026
20001,"Allen, KS",1,Personal income (thousands of dollars),643958
20001,"Allen, KS",2,Population (persons) 1,12425
20001,"Allen, KS",3,Per capita personal income (dollars) 2,51828
20003,"Anderson, KS",1,Personal income (thousands of dollars),444323
20003,"Anderson, KS",2,Population (persons) 1,7908
20003,"Anderson, KS",3,Per capita personal income (dollars) 2,56187
20005,"Atchison, KS",1,Personal income (thousands of dollars),770911
20005,"Atchison, KS",2,Population (persons) 1,16249
20005,"Atchison, KS",3,Per capita personal income (dollars) 2,47444
20007,"Barber, KS",1,Personal income (thousands of dollars),234854
20007,"Barber, KS",2,Population (persons) 1,4070
20007,"Barber, KS",3,Per capita personal income (dollars) 2,57704
20009,"Barton, KS",1,Personal income (thousands of dollars),1518533
20009,"Barton, KS",2,Population (persons) 1,24835
20009,"Barton, KS",3,Per capita personal income (dollars) 2,61145
20011,"Bourbon, KS",1,Personal income (thousands of dollars),715853
20011,"Bourbon, KS",2,Population (persons) 1,14424
20011,"Bourbon, KS",3,Per capita personal income (dollars) 2,49629
20013,"Brown, KS",1,Personal income (thousands of dollars),525034
20013,"Brown, KS",2,Population (persons) 1,9142
20013,"Brown, KS",3,Per capita personal income (dollars) 2,57431
20015,"Butler, KS",1,Personal income (thousands of dollars),4143197
20015,"Butler, KS",2,Population (persons) 1,69158
20015,"Butler, KS",3,Per capita personal income (dollars) 2,59909
20017,"Chase, KS",1,Personal income (thousands of dollars),167167
20017,"Chase, KS",2,Population (persons) 1,2507
20017,"Chase, KS",3,Per capita personal income (dollars) 2,66680
20019,"Chautauqua, KS",1,Personal income (thousands of dollars),163095
20019,"Chautauqua, KS",2,Population (persons) 1,3339
20019,"Chautauqua, KS",3,Per capita personal income (dollars) 2,48845
20021,"Cherokee, KS",1,Personal income (thousands of dollars),1065313
20021,"Cherokee, KS",2,Population (persons) 1,19133
20021,"Cherokee, KS",3,Per capita personal income (dollars) 2,55679
20023,"Cheyenne, KS",1,Personal income (thousands of dollars),162283
20023,"Cheyenne, KS",2,Population (persons) 1,2646
20023,"Cheyenne, KS",3,Per capita personal income (dollars) 2,61331
20025,"Clark, KS",1,Personal income (thousands of dollars),120267
20025,"Clark, KS",2,Population (persons) 1,1873
20025,"Clark, KS",3,Per capita personal income (dollars) 2,64211
20027,"Clay, KS",1,Personal income (thousands of dollars),434887
20027,"Clay, KS",2,Population (persons) 1,7969
20027,"Clay, KS",3,Per capita personal income (dollars) 2,54572
20029,"Cloud, KS",1,Personal income (thousands of dollars),469556
20029,"Cloud, KS",2,Population (persons) 1,8723
20029,"Cloud, KS",3,Per capita personal income (dollars) 2,53830
20031,"Coffey, KS",1,Personal income (thousands of dollars),486052
20031,"Coffey, KS",2,Population (persons) 1,8301
20031,"Coffey, KS",3,Per capita personal income (dollars) 2,58553
20033,"Comanche, KS",1,Personal income (thousands of dollars),95463
20033,"Comanche, KS",2,Population (persons) 1,1694
20033,"Comanche, KS",3,Per capita personal income (dollars) 2,56354
20035,"Cowley, KS",1,Personal income (thousands of dollars),1643176
20035,"Cowley, KS",2,Population (persons) 1,34186
20035,"Cowley, KS",3,Per capita personal income (dollars) 2,48066
20037,"Crawford, KS",1,Personal income (thousands of dollars),1935957
20037,"Crawford, KS",2,Population (persons) 1,38904
20037,"Crawford, KS",3,Per capita personal income (dollars) 2,49762
20039,"Decatur, KS",1,Personal income (thousands of dollars),180622
20039,"Decatur, KS",2,Population (persons) 1,2716
20039,"Decatur, KS",3,Per capita personal income (dollars) 2,66503
20041,"Dickinson, KS",1,Personal income (thousands of dollars),962818
20041,"Dickinson, KS",2,Population (persons) 1,18621
20041,"Dickinson, KS",3,Per capita personal income (dollars) 2,51706
20043,"Doniphan, KS",1,Personal income (thousands of dollars),408087
20043,"Doniphan, KS",2,Population (persons) 1,7575
20043,"Doniphan, KS",3,Per capita personal income (dollars) 2,53873
20045,"Douglas, KS",1,Personal income (thousands of dollars),7160490
20045,"Douglas, KS",2,Population (persons) 1,121989
20045,"Douglas, KS",3,Per capita personal income (dollars) 2,58698
20047,"Edwards, KS",1,Personal income (thousands of dollars),199835
20047,"Edwards, KS",2,Population (persons) 1,2731
20047,"Edwards, KS",3,Per capita personal income (dollars) 2,73173
20049,"Elk, KS",1,Personal income (thousands of dollars),116456
20049,"Elk, KS",2,Population (persons) 1,2436
20049,"Elk, KS",3,Per capita personal income (dollars) 2,47806
20051,"Ellis, KS",1,Personal income (thousands of dollars),1691847
20051,"Ellis, KS",2,Population (persons) 1,29007
20051,"Ellis, KS",3,Per capita personal income (dollars) 2,58325
20053,"Ellsworth, KS",1,Personal income (thousands of dollars),321218
20053,"Ellsworth, KS",2,Population (persons) 1,6316
20053,"Ellsworth, KS",3,Per capita personal income (dollars) 2,50858
20055,"Finney, KS",1,Personal income (thousands of dollars),2104375
20055,"Finney, KS",2,Population (persons) 1,38354
20055,"Finney, KS",3,Per capita personal income (dollars) 2,54867
20057,"Ford, KS",1,Personal income (thousands of dollars),1663283
20057,"Ford, KS",2,Population (persons) 1,34072
20057,"Ford, KS",3,Per capita personal income (dollars) 2,48817
20059,"Franklin, KS",1,Personal income (thousands of dollars),1406090
20059,"Franklin, KS",2,Population (persons) 1,26273
20059,"Franklin, KS",3,Per capita personal income (dollars) 2,53518
20061,"Geary, KS",1,Personal income (thousands of dollars),1996454
20061,"Geary, KS",2,Population (persons) 1,35459
20061,"Geary, KS",3,Per capita personal income (dollars) 2,56303
20063,"Gove, KS",1,Personal income (thousands of dollars),262879
20063,"Gove, KS",2,Population (persons) 1,2658
20063,"Gove, KS",3,Per capita personal income (dollars) 2,98901
20065,"Graham, KS",1,Personal income (thousands of dollars),155195
20065,"Graham, KS",2,Population (persons) 1,2370
20065,"Graham, KS",3,Per capita personal income (dollars) 2,65483
20067,"Grant, KS",1,Personal income (thousands of dollars),457958
20067,"Grant, KS",2,Population (persons) 1,7097
20067,"Grant, KS",3,Per capita personal income (dollars) 2,64528
20069,"Gray, KS",1,Personal income (thousands of dollars),484780
20069,"Gray, KS",2,Population (persons) 1,5730
20069,"Gray, KS",3,Per capita personal income (dollars) 2,84604
20071,"Greeley, KS",1,Personal income (thousands of dollars),155266
20071,"Greeley, KS",2,Population (persons) 1,1152
20071,"Greeley, KS",3,Per capita personal income (dollars) 2,134780
20073,"Greenwood, KS",1,Personal income (thousands of dollars),319217
20073,"Greenwood, KS",2,Population (persons) 1,5871
20073,"Greenwood, KS",3,Per capita personal income (dollars) 2,54372
20075,"Hamilton, KS",1,Personal income (thousands of dollars),253681
20075,"Hamilton, KS",2,Population (persons) 1,2488
20075,"Hamilton, KS",3,Per capita personal income (dollars) 2,101962
20077,"Harper, KS",1,Personal income (thousands of dollars),339191
20077,"Harper, KS",2,Population (persons) 1,5413
20077,"Harper, KS",3,Per capita personal income (dollars) 2,62662
20079,"Harvey, KS",1,Personal income (thousands of dollars),1894762
20079,"Harvey, KS",2,Population (persons) 1,33642
20079,"Harvey, KS",3,Per capita personal income (dollars) 2,56321
20081,"Haskell, KS",1,Personal income (thousands of dollars),322865
20081,"Haskell, KS",2,Population (persons) 1,3591
20081,"Haskell, KS",3,Per capita personal income (dollars) 2,89909
20083,"Hodgeman, KS",1,Personal income (thousands of dollars),128380
20083,"Hodgeman, KS",2,Population (persons) 1,1673
20083,"Hodgeman, KS",3,Per capita personal income (dollars) 2,76736
20085,"Jackson, KS",1,Personal income (thousands of dollars),741527
20085,"Jackson, KS",2,Population (persons) 1,13525
20085,"Jackson, KS",3,Per capita personal income (dollars) 2,54826
20087,"Jefferson, KS",1,Personal income (thousands of dollars),1114808
20087,"Jefferson, KS",2,Population (persons) 1,18332
20087,"Jefferson, KS",3,Per capita personal income (dollars) 2,60812
20089,"Jewell, KS",1,Personal income (thousands of dollars),182486
20089,"Jewell, KS",2,Population (persons) 1,2899
20089,"Jewell, KS",3,Per capita personal income (dollars) 2,62948
20091,"Johnson, KS",1,Personal income (thousands of dollars),60330959
20091,"Johnson, KS",2,Population (persons) 1,632276
20091,"Johnson, KS",3,Per capita personal income (dollars) 2,95419
20093,"Kearny, KS",1,Personal income (thousands of dollars),245000
20093,"Kearny, KS",2,Population (persons) 1,3808
20093,"Kearny, KS",3,Per capita personal income (dollars) 2,64338
20095,"Kingman, KS",1,Personal income (thousands of dollars),405556
20095,"Kingman, KS",2,Population (persons) 1,6946
20095,"Kingman, KS",3,Per capita personal income (dollars) 2,58387
20097,"Kiowa, KS",1,Personal income (thousands of dollars),123663
20097,"Kiowa, KS",2,Population (persons) 1,2436
20097,"Kiowa, KS",3,Per capita personal income (dollars) 2,50765
20099,"Labette, KS",1,Personal income (thousands of dollars),1054642
20099,"Labette, KS",2,Population (persons) 1,19692
20099,"Labette, KS",3,Per capita personal income (dollars) 2,53557
20101,"Lane, KS",1,Personal income (thousands of dollars),131272
20101,"Lane, KS",2,Population (persons) 1,1482
20101,"Lane, KS",3,Per capita personal income (dollars) 2,88578
20103,"Leavenworth, KS",1,Personal income (thousands of dollars),4688077
20103,"Leavenworth, KS",2,Population (persons) 1,84670
20103,"Leavenworth, KS",3,Per capita personal income (dollars) 2,55369
20105,"Lincoln, KS",1,Personal income (thousands of dollars),152839
20105,"Lincoln, KS",2,Population (persons) 1,2928
20105,"Lincoln, KS",3,Per capita personal income (dollars) 2,52199
20107,"Linn, KS",1,Personal income (thousands of dollars),503351
20107,"Linn, KS",2,Population (persons) 1,9841
20107,"Linn, KS",3,Per capita personal income (dollars) 2,51148
20109,"Logan, KS",1,Personal income (thousands of dollars),187237
20109,"Logan, KS",2,Population (persons) 1,2694
20109,"Logan, KS",3,Per capita personal income (dollars) 2,69501
20111,"Lyon, KS",1,Personal income (thousands of dollars),1637718
20111,"Lyon, KS",2,Population (persons) 1,32520
20111,"Lyon, KS",3,Per capita personal income (dollars) 2,50360
20113,"McPherson, KS",1,Personal income (thousands of dollars),1990880
20113,"McPherson, KS",2,Population (persons) 1,30334
20113,"McPherson, KS",3,Per capita personal income (dollars) 2,65632
20115,"Marion, KS",1,Personal income (thousands of dollars),613447
20115,"Marion, KS",2,Population (persons) 1,11670
20115,"Marion, KS",3,Per capita personal income (dollars) 2,52566
20117,"Marshall, KS",1,Personal income (thousands of dollars),507883
20117,"Marshall, KS",2,Population (persons) 1,9950
20117,"Marshall, KS",3,Per capita personal income (dollars) 2,51044
20119,"Meade, KS",1,Personal income (thousands of dollars),302816
20119,"Meade, KS",2,Population (persons) 1,3892
20119,"Meade, KS",3,Per capita personal income (dollars) 2,77805
20121,"Miami, KS",1,Personal income (thousands of dollars),2336755
20121,"Miami, KS",2,Population (persons) 1,35737
20121,"Miami, KS",3,Per capita personal income (dollars) 2,65388
20123,"Mitchell, KS",1,Personal income (thousands of dollars),427859
20123,"Mitchell, KS",2,Population (persons) 1,5803
20123,"Mitchell, KS",3,Per capita personal income (dollars) 2,73731
20125,"Montgomery, KS",1,Personal income (thousands of dollars),1472023
20125,"Montgomery, KS",2,Population (persons) 1,30459
20125,"Montgomery, KS",3,Per capita personal income (dollars) 2,48328
20127,"Morris, KS",1,Personal income (thousands of dollars),298087
20127,"Morris, KS",2,Population (persons) 1,5279
20127,"Morris, KS",3,Per capita personal income (dollars) 2,56467
20129,"Morton, KS",1,Personal income (thousands of dollars),166049
20129,"Morton, KS",2,Population (persons) 1,2485
20129,"Morton, KS",3,Per capita personal income (dollars) 2,66821
20131,"Nemaha, KS",1,Personal income (thousands of dollars),745519
20131,"Nemaha, KS",2,Population (persons) 1,10062
20131,"Nemaha, KS",3,Per capita personal income (dollars) 2,74093
20133,"Neosho, KS",1,Personal income (thousands of dollars),798080
20133,"Neosho, KS",2,Population (persons) 1,15552
20133,"Neosho, KS",3,Per capita personal income (dollars) 2,51317
20135,"Ness, KS",1,Personal income (thousands of dollars),184162
20135,"Ness, KS",2,Population (persons) 1,2617
20135,"Ness, KS",3,Per capita personal income (dollars) 2,70371
20137,"Norton, KS",1,Personal income (thousands of dollars),306972
20137,"Norton, KS",2,Population (persons) 1,5335
20137,"Norton, KS",3,Per capita personal income (dollars) 2,57539
20139,"Osage, KS",1,Personal income (thousands of dollars),864676
20139,"Osage, KS",2,Population (persons) 1,15737
20139,"Osage, KS",3,Per capita personal income (dollars) 2,54945
20141,"Osborne, KS",1,Personal income (thousands of dollars),194080
20141,"Osborne, KS",2,Population (persons) 1,3353
20141,"Osborne, KS",3,Per capita personal income (dollars) 2,57882
20143,"Ottawa, KS",1,Personal income (thousands of dollars),318821
20143,"Ottawa, KS",2,Population (persons) 1,5853
20143,"Ottawa, KS",3,Per capita personal income (dollars) 2,54471
20145,"Pawnee, KS",1,Personal income (thousands of dollars),313316
20145,"Pawnee, KS",2,Population (persons) 1,6012
20145,"Pawnee, KS",3,Per capita personal income (dollars) 2,52115
20147,"Phillips, KS",1,Personal income (thousands of dollars),345124
20147,"Phillips, KS",2,Population (persons) 1,4733
20147,"Phillips, KS",3,Per capita personal income (dollars) 2,72919
20149,"Pottawatomie, KS",1,Personal income (thousands of dollars),1760332
20149,"Pottawatomie, KS",2,Population (persons) 1,26876
20149,"Pottawatomie, KS",3,Per capita personal income (dollars) 2,65498
20151,"Pratt, KS",1,Personal income (thousands of dollars),547982
20151,"Pratt, KS",2,Population (persons) 1,9137
20151,"Pratt, KS",3,Per capita personal income (dollars) 2,59974
20153,"Rawlins, KS",1,Personal income (thousands of dollars),182955
20153,"Rawlins, KS",2,Population (persons) 1,2432
20153,"Rawlins, KS",3,Per capita personal income (dollars) 2,75228
20155,"Reno, KS",1,Personal income (thousands of dollars),3270121
20155,"Reno, KS",2,Population (persons) 1,61417
20155,"Reno, KS",3,Per capita personal income (dollars) 2,53245
20157,"Republic, KS",1,Personal income (thousands of dollars),265432
20157,"Republic, KS",2,Population (persons) 1,4613
20157,"Republic, KS",3,Per capita personal income (dollars) 2,57540
20159,"Rice, KS",1,Personal income (thousands of dollars),554468
20159,"Rice, KS",2,Population (persons) 1,9284
20159,"Rice, KS",3,Per capita personal income (dollars) 2,59723
20161,"Riley, KS",1,Personal income (thousands of dollars),4051389
20161,"Riley, KS",2,Population (persons) 1,72557
20161,"Riley, KS",3,Per capita personal income (dollars) 2,55837
20163,"Rooks, KS",1,Personal income (thousands of dollars),240841
20163,"Rooks, KS",2,Population (persons) 1,4748
20163,"Rooks, KS",3,Per capita personal income (dollars) 2,50725
20165,"Rush, KS",1,Personal income (thousands of dollars),200955
20165,"Rush, KS",2,Population (persons) 1,2810
20165,"Rush, KS",3,Per capita personal income (dollars) 2,71514
20167,"Russell, KS",1,Personal income (thousands of dollars),398810
20167,"Russell, KS",2,Population (persons) 1,6620
20167,"Russell, KS",3,Per capita personal income (dollars) 2,60243
20169,"Saline, KS",1,Personal income (thousands of dollars),3342625
20169,"Saline, KS",2,Population (persons) 1,53459
20169,"Saline, KS",3,Per capita personal income (dollars) 2,62527
20171,"Scott, KS",1,Personal income (thousands of dollars),359198
20171,"Scott, KS",2,Population (persons) 1,4914
20171,"Scott, KS",3,Per capita personal income (dollars) 2,73097
20173,"Sedgwick, KS",1,Personal income (thousands of dollars),33935586
20173,"Sedgwick, KS",2,Population (persons) 1,536081
20173,"Sedgwick, KS",3,Per capita personal income (dollars) 2,63303
20175,"Seward, KS",1,Personal income (thousands of dollars),1033552
20175,"Seward, KS",2,Population (persons) 1,21276
20175,"Seward, KS",3,Per capita personal income (dollars) 2,48578
20177,"Shawnee, KS",1,Personal income (thousands of dollars),10950842
20177,"Shawnee, KS",2,Population (persons) 1,177942
20177,"Shawnee, KS",3,Per capita personal income (dollars) 2,61542
20179,"Sheridan, KS",1,Personal income (thousands of dollars),159969
20179,"Sheridan, KS",2,Population (persons) 1,2397
20179,"Sheridan, KS",3,Per capita personal income (dollars) 2,66737
20181,"Sherman, KS",1,Personal income (thousands of dollars),330254
20181,"Sherman, KS",2,Population (persons) 1,5796
20181,"Sherman, KS",3,Per capita personal income (dollars) 2,56980
20183,"Smith, KS",1,Personal income (thousands of dollars),220672
20183,"Smith, KS",2,Population (persons) 1,3541
20183,"Smith, KS",3,Per capita personal income (dollars) 2,62319
20185,"Stafford, KS",1,Personal income (thousands of dollars),250501
20185,"Stafford, KS",2,Population (persons) 1,3901
20185,"Stafford, KS",3,Per capita personal income (dollars) 2,64215
20187,"Stanton, KS",1,Personal income (thousands of dollars),157687
20187,"Stanton, KS",2,Population (persons) 1,2071
20187,"Stanton, KS",3,Per capita personal income (dollars) 2,76141
20189,"Stevens, KS",1,Personal income (thousands of dollars),313249
20189,"Stevens, KS",2,Population (persons) 1,5035
20189,"Stevens, KS",3,Per capita personal income (dollars) 2,62214
20191,"Sumner, KS",1,Personal income (thousands of dollars),1148121
20191,"Sumner, KS",2,Population (persons) 1,22336
20191,"Sumner, KS",3,Per capita personal income (dollars) 2,51402
20193,"Thomas, KS",1,Personal income (thousands of dollars),498711
20193,"Thomas, KS",2,Population (persons) 1,7802
20193,"Thomas, KS",3,Per capita personal income (dollars) 2,63921
20195,"Trego, KS",1,Personal income (thousands of dollars),165233
20195,"Trego, KS",2,Population (persons) 1,2774
20195,"Trego, KS",3,Per capita personal income (dollars) 2,59565
20197,"Wabaunsee, KS",1,Personal income (thousands of dollars),442719
20197,"Wabaunsee, KS",2,Population (persons) 1,7112
20197,"Wabaunsee, KS",3,Per capita personal income (dollars) 2,62250
20199,"Wallace, KS",1,Personal income (thousands of dollars),101931
20199,"Wallace, KS",2,Population (persons) 1,1472
20199,"Wallace, KS",3,Per capita personal income (dollars) 2,69247
20201,"Washington, KS",1,Personal income (thousands of dollars),322800
20201,"Washington, KS",2,Population (persons) 1,5572
20201,"Washington, KS",3,Per capita personal income (dollars) 2,57933
20203,"Wichita, KS",1,Personal income (thousands of dollars),156133
20203,"Wichita, KS",2,Population (persons) 1,2072
20203,"Wichita, KS",3,Per capita personal income (dollars) 2,75354
20205,"Wilson, KS",1,Personal income (thousands of dollars),441544
20205,"Wilson, KS",2,Population (persons) 1,8398
20205,"Wilson, KS",3,Per capita personal income (dollars) 2,52577
20207,"Woodson, KS",1,Personal income (thousands of dollars),152874
20207,"Woodson, KS",2,Population (persons) 1,3111
20207,"Woodson, KS",3,Per capita personal income (dollars) 2,49140
20209,"Wyandotte, KS",1,Personal income (thousands of dollars),7264235
20209,"Wyandotte, KS",2,Population (persons) 1,169418
20209,"Wyandotte, KS",3,Per capita personal income (dollars) 2,42878
21001,"Adair, KY",1,Personal income (thousands of dollars),902535
21001,"Adair, KY",2,Population (persons) 1,19239
21001,"Adair, KY",3,Per capita personal income (dollars) 2,46912
21003,"Allen, KY",1,Personal income (thousands of dollars),944005
21003,"Allen, KY",2,Population (persons) 1,22037
21003,"Allen, KY",3,Per capita personal income (dollars) 2,42837
21005,"Anderson, KY",1,Personal income (thousands of dollars),1265428
21005,"Anderson, KY",2,Population (persons) 1,24883
21005,"Anderson, KY",3,Per capita personal income (dollars) 2,50855
21007,"Ballard, KY",1,Personal income (thousands of dollars),430972
21007,"Ballard, KY",2,Population (persons) 1,7626
21007,"Ballard, KY",3,Per capita personal income (dollars) 2,56514
21009,"Barren, KY",1,Personal income (thousands of dollars),2125242
21009,"Barren, KY",2,Population (persons) 1,45609
21009,"Barren, KY",3,Per capita personal income (dollars) 2,46597
21011,"Bath, KY",1,Personal income (thousands of dollars),547711
21011,"Bath, KY",2,Population (persons) 1,12951
21011,"Bath, KY",3,Per capita personal income (dollars) 2,42291
21013,"Bell, KY",1,Personal income (thousands of dollars),1054066
21013,"Bell, KY",2,Population (persons) 1,23051
21013,"Bell, KY",3,Per capita personal income (dollars) 2,45728
21015,"Boone, KY",1,Personal income (thousands of dollars),9252915
21015,"Boone, KY",2,Population (persons) 1,144135
21015,"Boone, KY",3,Per capita personal income (dollars) 2,64196
21017,"Bourbon, KY",1,Personal income (thousands of dollars),1315625
21017,"Bourbon, KY",2,Population (persons) 1,20333
21017,"Bourbon, KY",3,Per capita personal income (dollars) 2,64704
21019,"Boyd, KY",1,Personal income (thousands of dollars),2495278
21019,"Boyd, KY",2,Population (persons) 1,47777
21019,"Boyd, KY",3,Per capita personal income (dollars) 2,52228
21021,"Boyle, KY",1,Personal income (thousands of dollars),1609438
21021,"Boyle, KY",2,Population (persons) 1,31394
21021,"Boyle, KY",3,Per capita personal income (dollars) 2,51266
21023,"Bracken, KY",1,Personal income (thousands of dollars),418340
21023,"Bracken, KY",2,Population (persons) 1,8497
21023,"Bracken, KY",3,Per capita personal income (dollars) 2,49234
21025,"Breathitt, KY",1,Personal income (thousands of dollars),584287
21025,"Breathitt, KY",2,Population (persons) 1,12804
21025,"Breathitt, KY",3,Per capita personal income (dollars) 2,45633
21027,"Breckinridge, KY",1,Personal income (thousands of dollars),942644
21027,"Breckinridge, KY",2,Population (persons) 1,21221
21027,"Breckinridge, KY",3,Per capita personal income (dollars) 2,44420
21029,"Bullitt, KY",1,Personal income (thousands of dollars),4837669
21029,"Bullitt, KY",2,Population (persons) 1,85802
21029,"Bullitt, KY",3,Per capita personal income (dollars) 2,56382
21031,"Butler, KY",1,Personal income (thousands of dollars),589589
21031,"Butler, KY",2,Population (persons) 1,12551
21031,"Butler, KY",3,Per capita personal income (dollars) 2,46975
21033,"Caldwell, KY",1,Personal income (thousands of dollars),603206
21033,"Caldwell, KY",2,Population (persons) 1,12611
21033,"Caldwell, KY",3,Per capita personal income (dollars) 2,47832
21035,"Calloway, KY",1,Personal income (thousands of dollars),1858821
21035,"Calloway, KY",2,Population (persons) 1,38975
21035,"Calloway, KY",3,Per capita personal income (dollars) 2,47693
21037,"Campbell, KY",1,Personal income (thousands of dollars),6575673
21037,"Campbell, KY",2,Population (persons) 1,94008
21037,"Campbell, KY",3,Per capita personal income (dollars) 2,69948
21039,"Carlisle, KY",1,Personal income (thousands of dollars),302417
21039,"Carlisle, KY",2,Population (persons) 1,4777
21039,"Carlisle, KY",3,Per capita personal income (dollars) 2,63307
21041,"Carroll, KY",1,Personal income (thousands of dollars),558918
21041,"Carroll, KY",2,Population (persons) 1,11111
21041,"Carroll, KY",3,Per capita personal income (dollars) 2,50303
21043,"Carter, KY",1,Personal income (thousands of dollars),1134541
21043,"Carter, KY",2,Population (persons) 1,26098
21043,"Carter, KY",3,Per capita personal income (dollars) 2,43472
21045,"Casey, KY",1,Personal income (thousands of dollars),710885
21045,"Casey, KY",2,Population (persons) 1,15948
21045,"Casey, KY",3,Per capita personal income (dollars) 2,44575
21047,"Christian, KY",1,Personal income (thousands of dollars),3535763
21047,"Christian, KY",2,Population (persons) 1,71006
21047,"Christian, KY",3,Per capita personal income (dollars) 2,49795
21049,"Clark, KY",1,Personal income (thousands of dollars),2017669
21049,"Clark, KY",2,Population (persons) 1,37673
21049,"Clark, KY",3,Per capita personal income (dollars) 2,53557
21051,"Clay, KY",1,Personal income (thousands of dollars),843683
21051,"Clay, KY",2,Population (persons) 1,19592
21051,"Clay, KY",3,Per capita personal income (dollars) 2,43063
21053,"Clinton, KY",1,Personal income (thousands of dollars),450505
21053,"Clinton, KY",2,Population (persons) 1,9183
21053,"Clinton, KY",3,Per capita personal income (dollars) 2,49059
21055,"Crittenden, KY",1,Personal income (thousands of dollars),419774
21055,"Crittenden, KY",2,Population (persons) 1,8982
21055,"Crittenden, KY",3,Per capita personal income (dollars) 2,46735
21057,"Cumberland, KY",1,Personal income (thousands of dollars),354117
21057,"Cumberland, KY",2,Population (persons) 1,6047
21057,"Cumberland, KY",3,Per capita personal income (dollars) 2,58561
21059,"Daviess, KY",1,Personal income (thousands of dollars),5719898
21059,"Daviess, KY",2,Population (persons) 1,104457
21059,"Daviess, KY",3,Per capita personal income (dollars) 2,54758
21061,"Edmonson, KY",1,Personal income (thousands of dollars),541387
21061,"Edmonson, KY",2,Population (persons) 1,12635
21061,"Edmonson, KY",3,Per capita personal income (dollars) 2,42848
21063,"Elliott, KY",1,Personal income (thousands of dollars),231084
21063,"Elliott, KY",2,Population (persons) 1,7263
21063,"Elliott, KY",3,Per capita personal income (dollars) 2,31817
21065,"Estill, KY",1,Personal income (thousands of dollars),627827
21065,"Estill, KY",2,Population (persons) 1,14002
21065,"Estill, KY",3,Per capita personal income (dollars) 2,44838
21067,"Fayette, KY",1,Personal income (thousands of dollars),22752488
21067,"Fayette, KY",2,Population (persons) 1,329437
21067,"Fayette, KY",3,Per capita personal income (dollars) 2,69065
21069,"Fleming, KY",1,Personal income (thousands of dollars),675637
21069,"Fleming, KY",2,Population (persons) 1,15591
21069,"Fleming, KY",3,Per capita personal income (dollars) 2,43335
21071,"Floyd, KY",1,Personal income (thousands of dollars),1656032
21071,"Floyd, KY",2,Population (persons) 1,34532
21071,"Floyd, KY",3,Per capita personal income (dollars) 2,47956
21073,"Franklin, KY",1,Personal income (thousands of dollars),2931060
21073,"Franklin, KY",2,Population (persons) 1,52442
21073,"Franklin, KY",3,Per capita personal income (dollars) 2,55891
21075,"Fulton, KY",1,Personal income (thousands of dollars),284570
21075,"Fulton, KY",2,Population (persons) 1,6282
21075,"Fulton, KY",3,Per capita personal income (dollars) 2,45299
21077,"Gallatin, KY",1,Personal income (thousands of dollars),415753
21077,"Gallatin, KY",2,Population (persons) 1,8805
21077,"Gallatin, KY",3,Per capita personal income (dollars) 2,47218
21079,"Garrard, KY",1,Personal income (thousands of dollars),875533
21079,"Garrard, KY",2,Population (persons) 1,18040
21079,"Garrard, KY",3,Per capita personal income (dollars) 2,48533
21081,"Grant, KY",1,Personal income (thousands of dollars),1286071
21081,"Grant, KY",2,Population (persons) 1,25722
21081,"Grant, KY",3,Per capita personal income (dollars) 2,49999
21083,"Graves, KY",1,Personal income (thousands of dollars),1977547
21083,"Graves, KY",2,Population (persons) 1,36821
21083,"Graves, KY",3,Per capita personal income (dollars) 2,53707
21085,"Grayson, KY",1,Personal income (thousands of dollars),1261907
21085,"Grayson, KY",2,Population (persons) 1,27070
21085,"Grayson, KY",3,Per capita personal income (dollars) 2,46616
21087,"Green, KY",1,Personal income (thousands of dollars),536073
21087,"Green, KY",2,Population (persons) 1,11552
21087,"Green, KY",3,Per capita personal income (dollars) 2,46405
21089,"Greenup, KY",1,Personal income (thousands of dollars),1910211
21089,"Greenup, KY",2,Population (persons) 1,35273
21089,"Greenup, KY",3,Per capita personal income (dollars) 2,54155
21091,"Hancock, KY",1,Personal income (thousands of dollars),546172
21091,"Hancock, KY",2,Population (persons) 1,9013
21091,"Hancock, KY",3,Per capita personal income (dollars) 2,60598
21093,"Hardin, KY",1,Personal income (thousands of dollars),6620544
21093,"Hardin, KY",2,Population (persons) 1,112826
21093,"Hardin, KY",3,Per capita personal income (dollars) 2,58679
21095,"Harlan, KY",1,Personal income (thousands of dollars),1092111
21095,"Harlan, KY",2,Population (persons) 1,25052
21095,"Harlan, KY",3,Per capita personal income (dollars) 2,43594
21097,"Harrison, KY",1,Personal income (thousands of dollars),950071
21097,"Harrison, KY",2,Population (persons) 1,19525
21097,"Harrison, KY",3,Per capita personal income (dollars) 2,48659
21099,"Hart, KY",1,Personal income (thousands of dollars),932073
21099,"Hart, KY",2,Population (persons) 1,19923
21099,"Hart, KY",3,Per capita personal income (dollars) 2,46784
21101,"Henderson, KY",1,Personal income (thousands of dollars),2603492
21101,"Henderson, KY",2,Population (persons) 1,44175
21101,"Henderson, KY",3,Per capita personal income (dollars) 2,58936
21103,"Henry, KY",1,Personal income (thousands of dollars),907543
21103,"Henry, KY",2,Population (persons) 1,16198
21103,"Henry, KY",3,Per capita personal income (dollars) 2,56028
21105,"Hickman, KY",1,Personal income (thousands of dollars),259625
21105,"Hickman, KY",2,Population (persons) 1,4393
21105,"Hickman, KY",3,Per capita personal income (dollars) 2,59100
21107,"Hopkins, KY",1,Personal income (thousands of dollars),2356339
21107,"Hopkins, KY",2,Population (persons) 1,45218
21107,"Hopkins, KY",3,Per capita personal income (dollars) 2,52111
21109,"Jackson, KY",1,Personal income (thousands of dollars),548212
21109,"Jackson, KY",2,Population (persons) 1,13358
21109,"Jackson, KY",3,Per capita personal income (dollars) 2,41040
21111,"Jefferson, KY",1,Personal income (thousands of dollars),56084877
21111,"Jefferson, KY",2,Population (persons) 1,793881
21111,"Jefferson, KY",3,Per capita personal income (dollars) 2,70646
21113,"Jessamine, KY",1,Personal income (thousands of dollars),3634054
21113,"Jessamine, KY",2,Population (persons) 1,56495
21113,"Jessamine, KY",3,Per capita personal income (dollars) 2,64325
21115,"Johnson, KY",1,Personal income (thousands of dollars),979256
21115,"Johnson, KY",2,Population (persons) 1,22098
21115,"Johnson, KY",3,Per capita personal income (dollars) 2,44314
21117,"Kenton, KY",1,Personal income (thousands of dollars),13662043
21117,"Kenton, KY",2,Population (persons) 1,174862
21117,"Kenton, KY",3,Per capita personal income (dollars) 2,78130
21119,"Knott, KY",1,Personal income (thousands of dollars),629768
21119,"Knott, KY",2,Population (persons) 1,13438
21119,"Knott, KY",3,Per capita personal income (dollars) 2,46865
21121,"Knox, KY",1,Personal income (thousands of dollars),1228510
21121,"Knox, KY",2,Population (persons) 1,29657
21121,"Knox, KY",3,Per capita personal income (dollars) 2,41424
21123,"Larue, KY",1,Personal income (thousands of dollars),698674
21123,"Larue, KY",2,Population (persons) 1,15128
21123,"Larue, KY",3,Per capita personal income (dollars) 2,46184
21125,"Laurel, KY",1,Personal income (thousands of dollars),2839802
21125,"Laurel, KY",2,Population (persons) 1,63353
21125,"Laurel, KY",3,Per capita personal income (dollars) 2,44825
21127,"Lawrence, KY",1,Personal income (thousands of dollars),703416
21127,"Lawrence, KY",2,Population (persons) 1,15798
21127,"Lawrence, KY",3,Per capita personal income (dollars) 2,44526
21129,"Lee, KY",1,Personal income (thousands of dollars),278944
21129,"Lee, KY",2,Population (persons) 1,7313
21129,"Lee, KY",3,Per capita personal income (dollars) 2,38144
21131,"Leslie, KY",1,Personal income (thousands of dollars),440938
21131,"Leslie, KY",2,Population (persons) 1,9729
21131,"Leslie, KY",3,Per capita personal income (dollars) 2,45322
21133,"Letcher, KY",1,Personal income (thousands of dollars),903202
21133,"Letcher, KY",2,Population (persons) 1,20139
21133,"Letcher, KY",3,Per capita personal income (dollars) 2,44848
21135,"Lewis, KY",1,Personal income (thousands of dollars),549825
21135,"Lewis, KY",2,Population (persons) 1,12875
21135,"Lewis, KY",3,Per capita personal income (dollars) 2,42705
21137,"Lincoln, KY",1,Personal income (thousands of dollars),1105136
21137,"Lincoln, KY",2,Population (persons) 1,24910
21137,"Lincoln, KY",3,Per capita personal income (dollars) 2,44365
21139,"Livingston, KY",1,Personal income (thousands of dollars),461632
21139,"Livingston, KY",2,Population (persons) 1,8815
21139,"Livingston, KY",3,Per capita personal income (dollars) 2,52369
21141,"Logan, KY",1,Personal income (thousands of dollars),1364227
21141,"Logan, KY",2,Population (persons) 1,28467
21141,"Logan, KY",3,Per capita personal income (dollars) 2,47923
21143,"Lyon, KY",1,Personal income (thousands of dollars),427536
21143,"Lyon, KY",2,Population (persons) 1,9078
21143,"Lyon, KY",3,Per capita personal income (dollars) 2,47096
21145,"McCracken, KY",1,Personal income (thousands of dollars),4793951
21145,"McCracken, KY",2,Population (persons) 1,67550
21145,"McCracken, KY",3,Per capita personal income (dollars) 2,70969
21147,"McCreary, KY",1,Personal income (thousands of dollars),637208
21147,"McCreary, KY",2,Population (persons) 1,16824
21147,"McCreary, KY",3,Per capita personal income (dollars) 2,37875
21149,"McLean, KY",1,Personal income (thousands of dollars),479207
21149,"McLean, KY",2,Population (persons) 1,9126
21149,"McLean, KY",3,Per capita personal income (dollars) 2,52510
21151,"Madison, KY",1,Personal income (thousands of dollars),4923077
21151,"Madison, KY",2,Population (persons) 1,99582
21151,"Madison, KY",3,Per capita personal income (dollars) 2,49437
21153,"Magoffin, KY",1,Personal income (thousands of dollars),538006
21153,"Magoffin, KY",2,Population (persons) 1,11118
21153,"Magoffin, KY",3,Per capita personal income (dollars) 2,48391
21155,"Marion, KY",1,Personal income (thousands of dollars),977526
21155,"Marion, KY",2,Population (persons) 1,19851
21155,"Marion, KY",3,Per capita personal income (dollars) 2,49243
21157,"Marshall, KY",1,Personal income (thousands of dollars),1779491
21157,"Marshall, KY",2,Population (persons) 1,31734
21157,"Marshall, KY",3,Per capita personal income (dollars) 2,56075
21159,"Martin, KY",1,Personal income (thousands of dollars),409379
21159,"Martin, KY",2,Population (persons) 1,10696
21159,"Martin, KY",3,Per capita personal income (dollars) 2,38274
21161,"Mason, KY",1,Personal income (thousands of dollars),907487
21161,"Mason, KY",2,Population (persons) 1,16956
21161,"Mason, KY",3,Per capita personal income (dollars) 2,53520
21163,"Meade, KY",1,Personal income (thousands of dollars),1590878
21163,"Meade, KY",2,Population (persons) 1,30442
21163,"Meade, KY",3,Per capita personal income (dollars) 2,52259
21165,"Menifee, KY",1,Personal income (thousands of dollars),280044
21165,"Menifee, KY",2,Population (persons) 1,6341
21165,"Menifee, KY",3,Per capita personal income (dollars) 2,44164
21167,"Mercer, KY",1,Personal income (thousands of dollars),1168232
21167,"Mercer, KY",2,Population (persons) 1,23515
21167,"Mercer, KY",3,Per capita personal income (dollars) 2,49680
21169,"Metcalfe, KY",1,Personal income (thousands of dollars),427008
21169,"Metcalfe, KY",2,Population (persons) 1,10558
21169,"Metcalfe, KY",3,Per capita personal income (dollars) 2,40444
21171,"Monroe, KY",1,Personal income (thousands of dollars),538963
21171,"Monroe, KY",2,Population (persons) 1,11163
21171,"Monroe, KY",3,Per capita personal income (dollars) 2,48281
21173,"Montgomery, KY",1,Personal income (thousands of dollars),1380474
21173,"Montgomery, KY",2,Population (persons) 1,28771
21173,"Montgomery, KY",3,Per capita personal income (dollars) 2,47981
21175,"Morgan, KY",1,Personal income (thousands of dollars),544127
21175,"Morgan, KY",2,Population (persons) 1,14300
21175,"Morgan, KY",3,Per capita personal income (dollars) 2,38051
21177,"Muhlenberg, KY",1,Personal income (thousands of dollars),1402430
21177,"Muhlenberg, KY",2,Population (persons) 1,30512
21177,"Muhlenberg, KY",3,Per capita personal income (dollars) 2,45963
21179,"Nelson, KY",1,Personal income (thousands of dollars),2854731
21179,"Nelson, KY",2,Population (persons) 1,48706
21179,"Nelson, KY",3,Per capita personal income (dollars) 2,58611
21181,"Nicholas, KY",1,Personal income (thousands of dollars),345394
21181,"Nicholas, KY",2,Population (persons) 1,7816
21181,"Nicholas, KY",3,Per capita personal income (dollars) 2,44191
21183,"Ohio, KY",1,Personal income (thousands of dollars),1025948
21183,"Ohio, KY",2,Population (persons) 1,23933
21183,"Ohio, KY",3,Per capita personal income (dollars) 2,42868
21185,"Oldham, KY",1,Personal income (thousands of dollars),6145346
21185,"Oldham, KY",2,Population (persons) 1,70525
21185,"Oldham, KY",3,Per capita personal income (dollars) 2,87137
21187,"Owen, KY",1,Personal income (thousands of dollars),494388
21187,"Owen, KY",2,Population (persons) 1,11435
21187,"Owen, KY",3,Per capita personal income (dollars) 2,43235
21189,"Owsley, KY",1,Personal income (thousands of dollars),206484
21189,"Owsley, KY",2,Population (persons) 1,3928
21189,"Owsley, KY",3,Per capita personal income (dollars) 2,52567
21191,"Pendleton, KY",1,Personal income (thousands of dollars),746383
21191,"Pendleton, KY",2,Population (persons) 1,14844
21191,"Pendleton, KY",3,Per capita personal income (dollars) 2,50282
21193,"Perry, KY",1,Personal income (thousands of dollars),1318695
21193,"Perry, KY",2,Population (persons) 1,26739
21193,"Perry, KY",3,Per capita personal income (dollars) 2,49317
21195,"Pike, KY",1,Personal income (thousands of dollars),2809673
21195,"Pike, KY",2,Population (persons) 1,55430
21195,"Pike, KY",3,Per capita personal income (dollars) 2,50689
21197,"Powell, KY",1,Personal income (thousands of dollars),559363
21197,"Powell, KY",2,Population (persons) 1,12928
21197,"Powell, KY",3,Per capita personal income (dollars) 2,43268
21199,"Pulaski, KY",1,Personal income (thousands of dollars),3472007
21199,"Pulaski, KY",2,Population (persons) 1,66842
21199,"Pulaski, KY",3,Per capita personal income (dollars) 2,51943
21201,"Robertson, KY",1,Personal income (thousands of dollars),102524
21201,"Robertson, KY",2,Population (persons) 1,2382
21201,"Robertson, KY",3,Per capita personal income (dollars) 2,43041
21203,"Rockcastle, KY",1,Personal income (thousands of dollars),724207
21203,"Rockcastle, KY",2,Population (persons) 1,16226
21203,"Rockcastle, KY",3,Per capita personal income (dollars) 2,44633
21205,"Rowan, KY",1,Personal income (thousands of dollars),1039391
21205,"Rowan, KY",2,Population (persons) 1,24675
21205,"Rowan, KY",3,Per capita personal income (dollars) 2,42123
21207,"Russell, KY",1,Personal income (thousands of dollars),1128199
21207,"Russell, KY",2,Population (persons) 1,18458
21207,"Russell, KY",3,Per capita personal income (dollars) 2,61122
21209,"Scott, KY",1,Personal income (thousands of dollars),3631743
21209,"Scott, KY",2,Population (persons) 1,61700
21209,"Scott, KY",3,Per capita personal income (dollars) 2,58861
21211,"Shelby, KY",1,Personal income (thousands of dollars),3230942
21211,"Shelby, KY",2,Population (persons) 1,50124
21211,"Shelby, KY",3,Per capita personal income (dollars) 2,64459
21213,"Simpson, KY",1,Personal income (thousands of dollars),961598
21213,"Simpson, KY",2,Population (persons) 1,20350
21213,"Simpson, KY",3,Per capita personal income (dollars) 2,47253
21215,"Spencer, KY",1,Personal income (thousands of dollars),1275755
21215,"Spencer, KY",2,Population (persons) 1,20823
21215,"Spencer, KY",3,Per capita personal income (dollars) 2,61267
21217,"Taylor, KY",1,Personal income (thousands of dollars),1207961
21217,"Taylor, KY",2,Population (persons) 1,26809
21217,"Taylor, KY",3,Per capita personal income (dollars) 2,45058
21219,"Todd, KY",1,Personal income (thousands of dollars),664323
21219,"Todd, KY",2,Population (persons) 1,12757
21219,"Todd, KY",3,Per capita personal income (dollars) 2,52075
21221,"Trigg, KY",1,Personal income (thousands of dollars),724277
21221,"Trigg, KY",2,Population (persons) 1,14559
21221,"Trigg, KY",3,Per capita personal income (dollars) 2,49748
21223,"Trimble, KY",1,Personal income (thousands of dollars),457528
21223,"Trimble, KY",2,Population (persons) 1,8591
21223,"Trimble, KY",3,Per capita personal income (dollars) 2,53257
21225,"Union, KY",1,Personal income (thousands of dollars),715251
21225,"Union, KY",2,Population (persons) 1,13178
21225,"Union, KY",3,Per capita personal income (dollars) 2,54276
21227,"Warren, KY",1,Personal income (thousands of dollars),7376605
21227,"Warren, KY",2,Population (persons) 1,147936
21227,"Warren, KY",3,Per capita personal income (dollars) 2,49863
21229,"Washington, KY",1,Personal income (thousands of dollars),623460
21229,"Washington, KY",2,Population (persons) 1,12269
21229,"Washington, KY",3,Per capita personal income (dollars) 2,50816
21231,"Wayne, KY",1,Personal income (thousands of dollars),794199
21231,"Wayne, KY",2,Population (persons) 1,19629
21231,"Wayne, KY",3,Per capita personal income (dollars) 2,40460
21233,"Webster, KY",1,Personal income (thousands of dollars),686311
21233,"Webster, KY",2,Population (persons) 1,12854
21233,"Webster, KY",3,Per capita personal income (dollars) 2,53393
21235,"Whitley, KY",1,Personal income (thousands of dollars),1782290
21235,"Whitley, KY",2,Population (persons) 1,37233
21235,"Whitley, KY",3,Per capita personal income (dollars) 2,47869
21237,"Wolfe, KY",1,Personal income (thousands of dollars),322914
21237,"Wolfe, KY",2,Population (persons) 1,6364
21237,"Wolfe, KY",3,Per capita personal income (dollars) 2,50741
21239,"Woodford, KY",1,Personal income (thousands of dollars),1919716
21239,"Woodford, KY",2,Population (persons) 1,27728
21239,"Woodford, KY",3,Per capita personal income (dollars) 2,69234
22001,"Acadia, LA",1,Personal income (thousands of dollars),2910723
22001,"Acadia, LA",2,Population (persons) 1,56604
22001,"Acadia, LA",3,Per capita personal income (dollars) 2,51423
22003,"Allen, LA",1,Personal income (thousands of dollars),1037302
22003,"Allen, LA",2,Population (persons) 1,22501
22003,"Allen, LA",3,Per capita personal income (dollars) 2,46100
22005,"Ascension, LA",1,Personal income (thousands of dollars),8851254
22005,"Ascension, LA",2,Population (persons) 1,133534
22005,"Ascension, LA",3,Per capita personal income (dollars) 2,66285
22007,"Assumption, LA",1,Personal income (thousands of dollars),1396258
22007,"Assumption, LA",2,Population (persons) 1,20050
22007,"Assumption, LA",3,Per capita personal income (dollars) 2,69639
22009,"Avoyelles, LA",1,Personal income (thousands of dollars),1932482
22009,"Avoyelles, LA",2,Population (persons) 1,38373
22009,"Avoyelles, LA",3,Per capita personal income (dollars) 2,50360
22011,"Beauregard, LA",1,Personal income (thousands of dollars),2043558
22011,"Beauregard, LA",2,Population (persons) 1,36695
22011,"Beauregard, LA",3,Per capita personal income (dollars) 2,55690
22013,"Bienville, LA",1,Personal income (thousands of dollars),638997
22013,"Bienville, LA",2,Population (persons) 1,12412
22013,"Bienville, LA",3,Per capita personal income (dollars) 2,51482
22015,"Bossier, LA",1,Personal income (thousands of dollars),7753706
22015,"Bossier, LA",2,Population (persons) 1,131102
22015,"Bossier, LA",3,Per capita personal income (dollars) 2,59143
22017,"Caddo, LA",1,Personal income (thousands of dollars),15213699
22017,"Caddo, LA",2,Population (persons) 1,224893
22017,"Caddo, LA",3,Per capita personal income (dollars) 2,67649
22019,"Calcasieu, LA",1,Personal income (thousands of dollars),11607619
22019,"Calcasieu, LA",2,Population (persons) 1,206861
22019,"Calcasieu, LA",3,Per capita personal income (dollars) 2,56113
22021,"Caldwell, LA",1,Personal income (thousands of dollars),424632
22021,"Caldwell, LA",2,Population (persons) 1,9393
22021,"Caldwell, LA",3,Per capita personal income (dollars) 2,45207
22023,"Cameron, LA",1,Personal income (thousands of dollars),327126
22023,"Cameron, LA",2,Population (persons) 1,4678
22023,"Cameron, LA",3,Per capita personal income (dollars) 2,69929
22025,"Catahoula, LA",1,Personal income (thousands of dollars),397669
22025,"Catahoula, LA",2,Population (persons) 1,8280
22025,"Catahoula, LA",3,Per capita personal income (dollars) 2,48028
22027,"Claiborne, LA",1,Personal income (thousands of dollars),641465
22027,"Claiborne, LA",2,Population (persons) 1,13537
22027,"Claiborne, LA",3,Per capita personal income (dollars) 2,47386
22029,"Concordia, LA",1,Personal income (thousands of dollars),791859
22029,"Concordia, LA",2,Population (persons) 1,17797
22029,"Concordia, LA",3,Per capita personal income (dollars) 2,44494
22031,"De Soto, LA",1,Personal income (thousands of dollars),1640688
22031,"De Soto, LA",2,Population (persons) 1,27274
22031,"De Soto, LA",3,Per capita personal income (dollars) 2,60156
22033,"East Baton Rouge, LA",1,Personal income (thousands of dollars),32062854
22033,"East Baton Rouge, LA",2,Population (persons) 1,453022
22033,"East Baton Rouge, LA",3,Per capita personal income (dollars) 2,70775
22035,"East Carroll, LA",1,Personal income (thousands of dollars),253286
22035,"East Carroll, LA",2,Population (persons) 1,6892
22035,"East Carroll, LA",3,Per capita personal income (dollars) 2,36751
22037,"East Feliciana, LA",1,Personal income (thousands of dollars),1035722
22037,"East Feliciana, LA",2,Population (persons) 1,19112
22037,"East Feliciana, LA",3,Per capita personal income (dollars) 2,54192
22039,"Evangeline, LA",1,Personal income (thousands of dollars),1423384
22039,"Evangeline, LA",2,Population (persons) 1,31745
22039,"Evangeline, LA",3,Per capita personal income (dollars) 2,44838
22041,"Franklin, LA",1,Personal income (thousands of dollars),822373
22041,"Franklin, LA",2,Population (persons) 1,19107
22041,"Franklin, LA",3,Per capita personal income (dollars) 2,43040
22043,"Grant, LA",1,Personal income (thousands of dollars),911019
22043,"Grant, LA",2,Population (persons) 1,22109
22043,"Grant, LA",3,Per capita personal income (dollars) 2,41206
22045,"Iberia, LA",1,Personal income (thousands of dollars),3550353
22045,"Iberia, LA",2,Population (persons) 1,67540
22045,"Iberia, LA",3,Per capita personal income (dollars) 2,52567
22047,"Iberville, LA",1,Personal income (thousands of dollars),1772634
22047,"Iberville, LA",2,Population (persons) 1,29766
22047,"Iberville, LA",3,Per capita personal income (dollars) 2,59552
22049,"Jackson, LA",1,Personal income (thousands of dollars),701631
22049,"Jackson, LA",2,Population (persons) 1,14797
22049,"Jackson, LA",3,Per capita personal income (dollars) 2,47417
22051,"Jefferson, LA",1,Personal income (thousands of dollars),28066808
22051,"Jefferson, LA",2,Population (persons) 1,427253
22051,"Jefferson, LA",3,Per capita personal income (dollars) 2,65691
22053,"Jefferson Davis, LA",1,Personal income (thousands of dollars),1597479
22053,"Jefferson Davis, LA",2,Population (persons) 1,31436
22053,"Jefferson Davis, LA",3,Per capita personal income (dollars) 2,50817
22055,"Lafayette, LA",1,Personal income (thousands of dollars),17675750
22055,"Lafayette, LA",2,Population (persons) 1,254241
22055,"Lafayette, LA",3,Per capita personal income (dollars) 2,69524
22057,"Lafourche, LA",1,Personal income (thousands of dollars),6157068
22057,"Lafourche, LA",2,Population (persons) 1,95342
22057,"Lafourche, LA",3,Per capita personal income (dollars) 2,64579
22059,"LaSalle, LA",1,Personal income (thousands of dollars),629140
22059,"LaSalle, LA",2,Population (persons) 1,14702
22059,"LaSalle, LA",3,Per capita personal income (dollars) 2,42793
22061,"Lincoln, LA",1,Personal income (thousands of dollars),2588324
22061,"Lincoln, LA",2,Population (persons) 1,48243
22061,"Lincoln, LA",3,Per capita personal income (dollars) 2,53652
22063,"Livingston, LA",1,Personal income (thousands of dollars),8193149
22063,"Livingston, LA",2,Population (persons) 1,152886
22063,"Livingston, LA",3,Per capita personal income (dollars) 2,53590
22065,"Madison, LA",1,Personal income (thousands of dollars),416850
22065,"Madison, LA",2,Population (persons) 1,9093
22065,"Madison, LA",3,Per capita personal income (dollars) 2,45843
22067,"Morehouse, LA",1,Personal income (thousands of dollars),1128935
22067,"Morehouse, LA",2,Population (persons) 1,23787
22067,"Morehouse, LA",3,Per capita personal income (dollars) 2,47460
22069,"Natchitoches, LA",1,Personal income (thousands of dollars),1973143
22069,"Natchitoches, LA",2,Population (persons) 1,35982
22069,"Natchitoches, LA",3,Per capita personal income (dollars) 2,54837
22071,"Orleans, LA",1,Personal income (thousands of dollars),25937882
22071,"Orleans, LA",2,Population (persons) 1,362701
22071,"Orleans, LA",3,Per capita personal income (dollars) 2,71513
22073,"Ouachita, LA",1,Personal income (thousands of dollars),8202076
22073,"Ouachita, LA",2,Population (persons) 1,157874
22073,"Ouachita, LA",3,Per capita personal income (dollars) 2,51953
22075,"Plaquemines, LA",1,Personal income (thousands of dollars),1419878
22075,"Plaquemines, LA",2,Population (persons) 1,22289
22075,"Plaquemines, LA",3,Per capita personal income (dollars) 2,63703
22077,"Pointe Coupee, LA",1,Personal income (thousands of dollars),1306591
22077,"Pointe Coupee, LA",2,Population (persons) 1,19845
22077,"Pointe Coupee, LA",3,Per capita personal income (dollars) 2,65840
22079,"Rapides, LA",1,Personal income (thousands of dollars),7401529
22079,"Rapides, LA",2,Population (persons) 1,125899
22079,"Rapides, LA",3,Per capita personal income (dollars) 2,58789
22081,"Red River, LA",1,Personal income (thousands of dollars),446107
22081,"Red River, LA",2,Population (persons) 1,7238
22081,"Red River, LA",3,Per capita personal income (dollars) 2,61634
22083,"Richland, LA",1,Personal income (thousands of dollars),972762
22083,"Richland, LA",2,Population (persons) 1,19643
22083,"Richland, LA",3,Per capita personal income (dollars) 2,49522
22085,"Sabine, LA",1,Personal income (thousands of dollars),1132441
22085,"Sabine, LA",2,Population (persons) 1,21746
22085,"Sabine, LA",3,Per capita personal income (dollars) 2,52076
22087,"St. Bernard, LA",1,Personal income (thousands of dollars),2061946
22087,"St. Bernard, LA",2,Population (persons) 1,44783
22087,"St. Bernard, LA",3,Per capita personal income (dollars) 2,46043
22089,"St. Charles, LA",1,Personal income (thousands of dollars),3242961
22089,"St. Charles, LA",2,Population (persons) 1,50400
22089,"St. Charles, LA",3,Per capita personal income (dollars) 2,64344
22091,"St. Helena, LA",1,Personal income (thousands of dollars),551105
22091,"St. Helena, LA",2,Population (persons) 1,10857
22091,"St. Helena, LA",3,Per capita personal income (dollars) 2,50760
22093,"St. James, LA",1,Personal income (thousands of dollars),1474330
22093,"St. James, LA",2,Population (persons) 1,19110
22093,"St. James, LA",3,Per capita personal income (dollars) 2,77150
22095,"St. John the Baptist, LA",1,Personal income (thousands of dollars),2072981
22095,"St. John the Baptist, LA",2,Population (persons) 1,39694
22095,"St. John the Baptist, LA",3,Per capita personal income (dollars) 2,52224
22097,"St. Landry, LA",1,Personal income (thousands of dollars),4147735
22097,"St. Landry, LA",2,Population (persons) 1,80869
22097,"St. Landry, LA",3,Per capita personal income (dollars) 2,51290
22099,"St. Martin, LA",1,Personal income (thousands of dollars),2682058
22099,"St. Martin, LA",2,Population (persons) 1,51218
22099,"St. Martin, LA",3,Per capita personal income (dollars) 2,52366
22101,"St. Mary, LA",1,Personal income (thousands of dollars),2495904
22101,"St. Mary, LA",2,Population (persons) 1,46799
22101,"St. Mary, LA",3,Per capita personal income (dollars) 2,53332
22103,"St. Tammany, LA",1,Personal income (thousands of dollars),22874967
22103,"St. Tammany, LA",2,Population (persons) 1,277615
22103,"St. Tammany, LA",3,Per capita personal income (dollars) 2,82398
22105,"Tangipahoa, LA",1,Personal income (thousands of dollars),7305462
22105,"Tangipahoa, LA",2,Population (persons) 1,139823
22105,"Tangipahoa, LA",3,Per capita personal income (dollars) 2,52248
22107,"Tensas, LA",1,Personal income (thousands of dollars),200511
22107,"Tensas, LA",2,Population (persons) 1,3844
22107,"Tensas, LA",3,Per capita personal income (dollars) 2,52162
22109,"Terrebonne, LA",1,Personal income (thousands of dollars),5820231
22109,"Terrebonne, LA",2,Population (persons) 1,103864
22109,"Terrebonne, LA",3,Per capita personal income (dollars) 2,56037
22111,"Union, LA",1,Personal income (thousands of dollars),1100035
22111,"Union, LA",2,Population (persons) 1,20617
22111,"Union, LA",3,Per capita personal income (dollars) 2,53356
22113,"Vermilion, LA",1,Personal income (thousands of dollars),3010811
22113,"Vermilion, LA",2,Population (persons) 1,57641
22113,"Vermilion, LA",3,Per capita personal income (dollars) 2,52234
22115,"Vernon, LA",1,Personal income (thousands of dollars),2470687
22115,"Vernon, LA",2,Population (persons) 1,45819
22115,"Vernon, LA",3,Per capita personal income (dollars) 2,53923
22117,"Washington, LA",1,Personal income (thousands of dollars),2087290
22117,"Washington, LA",2,Population (persons) 1,45090
22117,"Washington, LA",3,Per capita personal income (dollars) 2,46292
22119,"Webster, LA",1,Personal income (thousands of dollars),2018514
22119,"Webster, LA",2,Population (persons) 1,35184
22119,"Webster, LA",3,Per capita personal income (dollars) 2,57370
22121,"West Baton Rouge, LA",1,Personal income (thousands of dollars),1713115
22121,"West Baton Rouge, LA",2,Population (persons) 1,28425
22121,"West Baton Rouge, LA",3,Per capita personal income (dollars) 2,60268
22123,"West Carroll, LA",1,Personal income (thousands of dollars),447432
22123,"West Carroll, LA",2,Population (persons) 1,9254
22123,"West Carroll, LA",3,Per capita personal income (dollars) 2,48350
22125,"West Feliciana, LA",1,Personal income (thousands of dollars),774378
22125,"West Feliciana, LA",2,Population (persons) 1,15155
22125,"West Feliciana, LA",3,Per capita personal income (dollars) 2,51097
22127,"Winn, LA",1,Personal income (thousands of dollars),646493
22127,"Winn, LA",2,Population (persons) 1,13405
22127,"Winn, LA",3,Per capita personal income (dollars) 2,48228
23001,"Androscoggin, ME",1,Personal income (thousands of dollars),6511386
23001,"Androscoggin, ME",2,Population (persons) 1,115272
23001,"Androscoggin, ME",3,Per capita personal income (dollars) 2,56487
23003,"Aroostook, ME",1,Personal income (thousands of dollars),3885842
23003,"Aroostook, ME",2,Population (persons) 1,66776
23003,"Aroostook, ME",3,Per capita personal income (dollars) 2,58192
23005,"Cumberland, ME",1,Personal income (thousands of dollars),28287474
23005,"Cumberland, ME",2,Population (persons) 1,313809
23005,"Cumberland, ME",3,Per capita personal income (dollars) 2,90142
23007,"Franklin, ME",1,Personal income (thousands of dollars),1629305
23007,"Franklin, ME",2,Population (persons) 1,30902
23007,"Franklin, ME",3,Per capita personal income (dollars) 2,52725
23009,"Hancock, ME",1,Personal income (thousands of dollars),4119504
23009,"Hancock, ME",2,Population (persons) 1,56946
23009,"Hancock, ME",3,Per capita personal income (dollars) 2,72341
23011,"Kennebec, ME",1,Personal income (thousands of dollars),7859374
23011,"Kennebec, ME",2,Population (persons) 1,128461
23011,"Kennebec, ME",3,Per capita personal income (dollars) 2,61181
23013,"Knox, ME",1,Personal income (thousands of dollars),2930524
23013,"Knox, ME",2,Population (persons) 1,40981
23013,"Knox, ME",3,Per capita personal income (dollars) 2,71509
23015,"Lincoln, ME",1,Personal income (thousands of dollars),2591107
23015,"Lincoln, ME",2,Population (persons) 1,36491
23015,"Lincoln, ME",3,Per capita personal income (dollars) 2,71007
23017,"Oxford, ME",1,Personal income (thousands of dollars),3171202
23017,"Oxford, ME",2,Population (persons) 1,60039
23017,"Oxford, ME",3,Per capita personal income (dollars) 2,52819
23019,"Penobscot, ME",1,Personal income (thousands of dollars),8876007
23019,"Penobscot, ME",2,Population (persons) 1,156840
23019,"Penobscot, ME",3,Per capita personal income (dollars) 2,56593
23021,"Piscataquis, ME",1,Personal income (thousands of dollars),943824
23021,"Piscataquis, ME",2,Population (persons) 1,17432
23021,"Piscataquis, ME",3,Per capita personal income (dollars) 2,54143
23023,"Sagadahoc, ME",1,Personal income (thousands of dollars),2687065
23023,"Sagadahoc, ME",2,Population (persons) 1,37582
23023,"Sagadahoc, ME",3,Per capita personal income (dollars) 2,71499
23025,"Somerset, ME",1,Personal income (thousands of dollars),2742228
23025,"Somerset, ME",2,Population (persons) 1,51338
23025,"Somerset, ME",3,Per capita personal income (dollars) 2,53415
23027,"Waldo, ME",1,Personal income (thousands of dollars),2417297
23027,"Waldo, ME",2,Population (persons) 1,40617
23027,"Waldo, ME",3,Per capita personal income (dollars) 2,59514
23029,"Washington, ME",1,Personal income (thousands of dollars),1757145
23029,"Washington, ME",2,Population (persons) 1,31383
23029,"Washington, ME",3,Per capita personal income (dollars) 2,55990
23031,"York, ME",1,Personal income (thousands of dollars),16440979
23031,"York, ME",2,Population (persons) 1,220143
23031,"York, ME",3,Per capita personal income (dollars) 2,74683
24001,"Allegany, MD",1,Personal income (thousands of dollars),3536479
24001,"Allegany, MD",2,Population (persons) 1,67097
24001,"Allegany, MD",3,Per capita personal income (dollars) 2,52707
24003,"Anne Arundel, MD",1,Personal income (thousands of dollars),52774183
24003,"Anne Arundel, MD",2,Population (persons) 1,602350
24003,"Anne Arundel, MD",3,Per capita personal income (dollars) 2,87614
24005,"Baltimore, MD",1,Personal income (thousands of dollars),67301095
24005,"Baltimore, MD",2,Population (persons) 1,852425
24005,"Baltimore, MD",3,Per capita personal income (dollars) 2,78953
24009,"Calvert, MD",1,Personal income (thousands of dollars),7553900
24009,"Calvert, MD",2,Population (persons) 1,94913
24009,"Calvert, MD",3,Per capita personal income (dollars) 2,79588
24011,"Caroline, MD",1,Personal income (thousands of dollars),2044348
24011,"Caroline, MD",2,Population (persons) 1,34248
24011,"Caroline, MD",3,Per capita personal income (dollars) 2,59692
24013,"Carroll, MD",1,Personal income (thousands of dollars),13937639
24013,"Carroll, MD",2,Population (persons) 1,177108
24013,"Carroll, MD",3,Per capita personal income (dollars) 2,78696
24015,"Cecil, MD",1,Personal income (thousands of dollars),6509641
24015,"Cecil, MD",2,Population (persons) 1,106305
24015,"Cecil, MD",3,Per capita personal income (dollars) 2,61236
24017,"Charles, MD",1,Personal income (thousands of dollars),12250294
24017,"Charles, MD",2,Population (persons) 1,174478
24017,"Charles, MD",3,Per capita personal income (dollars) 2,70211
24019,"Dorchester, MD",1,Personal income (thousands of dollars),1996716
24019,"Dorchester, MD",2,Population (persons) 1,33138
24019,"Dorchester, MD",3,Per capita personal income (dollars) 2,60255
24021,"Frederick, MD",1,Personal income (thousands of dollars),23624721
24021,"Frederick, MD",2,Population (persons) 1,299317
24021,"Frederick, MD",3,Per capita personal income (dollars) 2,78929
24023,"Garrett, MD",1,Personal income (thousands of dollars),1780028
24023,"Garrett, MD",2,Population (persons) 1,28393
24023,"Garrett, MD",3,Per capita personal income (dollars) 2,62692
24025,"Harford, MD",1,Personal income (thousands of dollars),19892083
24025,"Harford, MD",2,Population (persons) 1,265514
24025,"Harford, MD",3,Per capita personal income (dollars) 2,74919
24027,"Howard, MD",1,Personal income (thousands of dollars),33887606
24027,"Howard, MD",2,Population (persons) 1,339668
24027,"Howard, MD",3,Per capita personal income (dollars) 2,99767
24029,"Kent, MD",1,Personal income (thousands of dollars),1581725
24029,"Kent, MD",2,Population (persons) 1,19557
24029,"Kent, MD",3,Per capita personal income (dollars) 2,80878
24031,"Montgomery, MD",1,Personal income (thousands of dollars),113510492
24031,"Montgomery, MD",2,Population (persons) 1,1082273
24031,"Montgomery, MD",3,Per capita personal income (dollars) 2,104882
24033,"Prince George's, MD",1,Personal income (thousands of dollars),57692301
24033,"Prince George's, MD",2,Population (persons) 1,966629
24033,"Prince George's, MD",3,Per capita personal income (dollars) 2,59684
24035,"Queen Anne's, MD",1,Personal income (thousands of dollars),4636754
24035,"Queen Anne's, MD",2,Population (persons) 1,53688
24035,"Queen Anne's, MD",3,Per capita personal income (dollars) 2,86365
24037,"St. Mary's, MD",1,Personal income (thousands of dollars),8538781
24037,"St. Mary's, MD",2,Population (persons) 1,116469
24037,"St. Mary's, MD",3,Per capita personal income (dollars) 2,73314
24039,"Somerset, MD",1,Personal income (thousands of dollars),1045499
24039,"Somerset, MD",2,Population (persons) 1,25241
24039,"Somerset, MD",3,Per capita personal income (dollars) 2,41421
24041,"Talbot, MD",1,Personal income (thousands of dollars),3921858
24041,"Talbot, MD",2,Population (persons) 1,38244
24041,"Talbot, MD",3,Per capita personal income (dollars) 2,102548
24043,"Washington, MD",1,Personal income (thousands of dollars),9360730
24043,"Washington, MD",2,Population (persons) 1,157228
24043,"Washington, MD",3,Per capita personal income (dollars) 2,59536
24045,"Wicomico, MD",1,Personal income (thousands of dollars),5508434
24045,"Wicomico, MD",2,Population (persons) 1,106329
24045,"Wicomico, MD",3,Per capita personal income (dollars) 2,51806
24047,"Worcester, MD",1,Personal income (thousands of dollars),3997677
24047,"Worcester, MD",2,Population (persons) 1,54337
24047,"Worcester, MD",3,Per capita personal income (dollars) 2,73572
24510,"Baltimore (Independent City), MD",1,Personal income (thousands of dollars),39530923
24510,"Baltimore (Independent City), MD",2,Population (persons) 1,568271
24510,"Baltimore (Independent City), MD",3,Per capita personal income (dollars) 2,69564
25001,"Barnstable, MA",1,Personal income (thousands of dollars),22505425
25001,"Barnstable, MA",2,Population (persons) 1,232570
25001,"Barnstable, MA",3,Per capita personal income (dollars) 2,96768
25003,"Berkshire, MA",1,Personal income (thousands of dollars),9290365
25003,"Berkshire, MA",2,Population (persons) 1,128726
25003,"Berkshire, MA",3,Per capita personal income (dollars) 2,72172
25005,"Bristol, MA",1,Personal income (thousands of dollars),40655860
25005,"Bristol, MA",2,Population (persons) 1,588593
25005,"Bristol, MA",3,Per capita personal income (dollars) 2,69073
25007,"Dukes, MA",1,Personal income (thousands of dollars),2151936
25007,"Dukes, MA",2,Population (persons) 1,21061
25007,"Dukes, MA",3,Per capita personal income (dollars) 2,102176
25009,"Essex, MA",1,Personal income (thousands of dollars),71560934
25009,"Essex, MA",2,Population (persons) 1,823938
25009,"Essex, MA",3,Per capita personal income (dollars) 2,86852
25011,"Franklin, MA",1,Personal income (thousands of dollars),4988777
25011,"Franklin, MA",2,Population (persons) 1,70871
25011,"Franklin, MA",3,Per capita personal income (dollars) 2,70392
25013,"Hampden, MA",1,Personal income (thousands of dollars),30744284
25013,"Hampden, MA",2,Population (persons) 1,464151
25013,"Hampden, MA",3,Per capita personal income (dollars) 2,66238
25015,"Hampshire, MA",1,Personal income (thousands of dollars),10822421
25015,"Hampshire, MA",2,Population (persons) 1,165399
25015,"Hampshire, MA",3,Per capita personal income (dollars) 2,65432
25017,"Middlesex, MA",1,Personal income (thousands of dollars),186942035
25017,"Middlesex, MA",2,Population (persons) 1,1668956
25017,"Middlesex, MA",3,Per capita personal income (dollars) 2,112011
25019,"Nantucket, MA",1,Personal income (thousands of dollars),1896099
25019,"Nantucket, MA",2,Population (persons) 1,14670
25019,"Nantucket, MA",3,Per capita personal income (dollars) 2,129250
25021,"Norfolk, MA",1,Personal income (thousands of dollars),88653520
25021,"Norfolk, MA",2,Population (persons) 1,740754
25021,"Norfolk, MA",3,Per capita personal income (dollars) 2,119680
25023,"Plymouth, MA",1,Personal income (thousands of dollars),47605047
25023,"Plymouth, MA",2,Population (persons) 1,542090
25023,"Plymouth, MA",3,Per capita personal income (dollars) 2,87818
25025,"Suffolk, MA",1,Personal income (thousands of dollars),86807007
25025,"Suffolk, MA",2,Population (persons) 1,793144
25025,"Suffolk, MA",3,Per capita personal income (dollars) 2,109447
25027,"Worcester, MA",1,Personal income (thousands of dollars),63369310
25027,"Worcester, MA",2,Population (persons) 1,881248
25027,"Worcester, MA",3,Per capita personal income (dollars) 2,71909
26001,"Alcona, MI",1,Personal income (thousands of dollars),553826
26001,"Alcona, MI",2,Population (persons) 1,10624
26001,"Alcona, MI",3,Per capita personal income (dollars) 2,52130
26003,"Alger, MI",1,Personal income (thousands of dollars),407213
26003,"Alger, MI",2,Population (persons) 1,8695
26003,"Alger, MI",3,Per capita personal income (dollars) 2,46833
26005,"Allegan, MI",1,Personal income (thousands of dollars),7408717
26005,"Allegan, MI",2,Population (persons) 1,122429
26005,"Allegan, MI",3,Per capita personal income (dollars) 2,60514
26007,"Alpena, MI",1,Personal income (thousands of dollars),1565974
26007,"Alpena, MI",2,Population (persons) 1,28903
26007,"Alpena, MI",3,Per capita personal income (dollars) 2,54180
26009,"Antrim, MI",1,Personal income (thousands of dollars),1548993
26009,"Antrim, MI",2,Population (persons) 1,24536
26009,"Antrim, MI",3,Per capita personal income (dollars) 2,63131
26011,"Arenac, MI",1,Personal income (thousands of dollars),783773
26011,"Arenac, MI",2,Population (persons) 1,15087
26011,"Arenac, MI",3,Per capita personal income (dollars) 2,51950
26013,"Baraga, MI",1,Personal income (thousands of dollars),373316
26013,"Baraga, MI",2,Population (persons) 1,8169
26013,"Baraga, MI",3,Per capita personal income (dollars) 2,45699
26015,"Barry, MI",1,Personal income (thousands of dollars),3865696
26015,"Barry, MI",2,Population (persons) 1,64025
26015,"Barry, MI",3,Per capita personal income (dollars) 2,60378
26017,"Bay, MI",1,Personal income (thousands of dollars),5710140
26017,"Bay, MI",2,Population (persons) 1,102651
26017,"Bay, MI",3,Per capita personal income (dollars) 2,55627
26019,"Benzie, MI",1,Personal income (thousands of dollars),1177788
26019,"Benzie, MI",2,Population (persons) 1,18520
26019,"Benzie, MI",3,Per capita personal income (dollars) 2,63595
26021,"Berrien, MI",1,Personal income (thousands of dollars),9787397
26021,"Berrien, MI",2,Population (persons) 1,152703
26021,"Berrien, MI",3,Per capita personal income (dollars) 2,64094
26023,"Branch, MI",1,Personal income (thousands of dollars),2171603
26023,"Branch, MI",2,Population (persons) 1,46187
26023,"Branch, MI",3,Per capita personal income (dollars) 2,47018
26025,"Calhoun, MI",1,Personal income (thousands of dollars),6715861
26025,"Calhoun, MI",2,Population (persons) 1,133785
26025,"Calhoun, MI",3,Per capita personal income (dollars) 2,50199
26027,"Cass, MI",1,Personal income (thousands of dollars),3069920
26027,"Cass, MI",2,Population (persons) 1,51550
26027,"Cass, MI",3,Per capita personal income (dollars) 2,59552
26029,"Charlevoix, MI",1,Personal income (thousands of dollars),1997380
26029,"Charlevoix, MI",2,Population (persons) 1,26105
26029,"Charlevoix, MI",3,Per capita personal income (dollars) 2,76513
26031,"Cheboygan, MI",1,Personal income (thousands of dollars),1403162
26031,"Cheboygan, MI",2,Population (persons) 1,25964
26031,"Cheboygan, MI",3,Per capita personal income (dollars) 2,54043
26033,"Chippewa, MI",1,Personal income (thousands of dollars),1773949
26033,"Chippewa, MI",2,Population (persons) 1,36253
26033,"Chippewa, MI",3,Per capita personal income (dollars) 2,48932
26035,"Clare, MI",1,Personal income (thousands of dollars),1432904
26035,"Clare, MI",2,Population (persons) 1,31405
26035,"Clare, MI",3,Per capita personal income (dollars) 2,45627
26037,"Clinton, MI",1,Personal income (thousands of dollars),5047746
26037,"Clinton, MI",2,Population (persons) 1,80050
26037,"Clinton, MI",3,Per capita personal income (dollars) 2,63057
26039,"Crawford, MI",1,Personal income (thousands of dollars),616168
26039,"Crawford, MI",2,Population (persons) 1,13599
26039,"Crawford, MI",3,Per capita personal income (dollars) 2,45310
26041,"Delta, MI",1,Personal income (thousands of dollars),1846263
26041,"Delta, MI",2,Population (persons) 1,36687
26041,"Delta, MI",3,Per capita personal income (dollars) 2,50325
26043,"Dickinson, MI",1,Personal income (thousands of dollars),1538995
26043,"Dickinson, MI",2,Population (persons) 1,25995
26043,"Dickinson, MI",3,Per capita personal income (dollars) 2,59204
26045,"Eaton, MI",1,Personal income (thousands of dollars),6163753
26045,"Eaton, MI",2,Population (persons) 1,109494
26045,"Eaton, MI",3,Per capita personal income (dollars) 2,56293
26047,"Emmet, MI",1,Personal income (thousands of dollars),2716046
26047,"Emmet, MI",2,Population (persons) 1,33949
26047,"Emmet, MI",3,Per capita personal income (dollars) 2,80004
26049,"Genesee, MI",1,Personal income (thousands of dollars),21559948
26049,"Genesee, MI",2,Population (persons) 1,402279
26049,"Genesee, MI",3,Per capita personal income (dollars) 2,53595
26051,"Gladwin, MI",1,Personal income (thousands of dollars),1261794
26051,"Gladwin, MI",2,Population (persons) 1,25995
26051,"Gladwin, MI",3,Per capita personal income (dollars) 2,48540
26053,"Gogebic, MI",1,Personal income (thousands of dollars),761847
26053,"Gogebic, MI",2,Population (persons) 1,14217
26053,"Gogebic, MI",3,Per capita personal income (dollars) 2,53587
26055,"Grand Traverse, MI",1,Personal income (thousands of dollars),6926731
26055,"Grand Traverse, MI",2,Population (persons) 1,96625
26055,"Grand Traverse, MI",3,Per capita personal income (dollars) 2,71687
26057,"Gratiot, MI",1,Personal income (thousands of dollars),1928697
26057,"Gratiot, MI",2,Population (persons) 1,41372
26057,"Gratiot, MI",3,Per capita personal income (dollars) 2,46618
26059,"Hillsdale, MI",1,Personal income (thousands of dollars),2134856
26059,"Hillsdale, MI",2,Population (persons) 1,45590
26059,"Hillsdale, MI",3,Per capita personal income (dollars) 2,46827
26061,"Houghton, MI",1,Personal income (thousands of dollars),1821186
26061,"Houghton, MI",2,Population (persons) 1,38041
26061,"Houghton, MI",3,Per capita personal income (dollars) 2,47874
26063,"Huron, MI",1,Personal income (thousands of dollars),1939926
26063,"Huron, MI",2,Population (persons) 1,30780
26063,"Huron, MI",3,Per capita personal income (dollars) 2,63026
26065,"Ingham, MI",1,Personal income (thousands of dollars),15717804
26065,"Ingham, MI",2,Population (persons) 1,290427
26065,"Ingham, MI",3,Per capita personal income (dollars) 2,54120
26067,"Ionia, MI",1,Personal income (thousands of dollars),2982692
26067,"Ionia, MI",2,Population (persons) 1,66250
26067,"Ionia, MI",3,Per capita personal income (dollars) 2,45022
26069,"Iosco, MI",1,Personal income (thousands of dollars),1324598
26069,"Iosco, MI",2,Population (persons) 1,25361
26069,"Iosco, MI",3,Per capita personal income (dollars) 2,52230
26071,"Iron, MI",1,Personal income (thousands of dollars),626516
26071,"Iron, MI",2,Population (persons) 1,11709
26071,"Iron, MI",3,Per capita personal income (dollars) 2,53507
26073,"Isabella, MI",1,Personal income (thousands of dollars),3249420
26073,"Isabella, MI",2,Population (persons) 1,65072
26073,"Isabella, MI",3,Per capita personal income (dollars) 2,49936
26075,"Jackson, MI",1,Personal income (thousands of dollars),8263126
26075,"Jackson, MI",2,Population (persons) 1,160233
26075,"Jackson, MI",3,Per capita personal income (dollars) 2,51569
26077,"Kalamazoo, MI",1,Personal income (thousands of dollars),17425313
26077,"Kalamazoo, MI",2,Population (persons) 1,264780
26077,"Kalamazoo, MI",3,Per capita personal income (dollars) 2,65811
26079,"Kalkaska, MI",1,Personal income (thousands of dollars),898376
26079,"Kalkaska, MI",2,Population (persons) 1,18618
26079,"Kalkaska, MI",3,Per capita personal income (dollars) 2,48253
26081,"Kent, MI",1,Personal income (thousands of dollars),49460483
26081,"Kent, MI",2,Population (persons) 1,673002
26081,"Kent, MI",3,Per capita personal income (dollars) 2,73492
26083,"Keweenaw, MI",1,Personal income (thousands of dollars),134665
26083,"Keweenaw, MI",2,Population (persons) 1,2161
26083,"Keweenaw, MI",3,Per capita personal income (dollars) 2,62316
26085,"Lake, MI",1,Personal income (thousands of dollars),513765
26085,"Lake, MI",2,Population (persons) 1,13005
26085,"Lake, MI",3,Per capita personal income (dollars) 2,39505
26087,"Lapeer, MI",1,Personal income (thousands of dollars),5045551
26087,"Lapeer, MI",2,Population (persons) 1,89168
26087,"Lapeer, MI",3,Per capita personal income (dollars) 2,56585
26089,"Leelanau, MI",1,Personal income (thousands of dollars),2108455
26089,"Leelanau, MI",2,Population (persons) 1,22871
26089,"Leelanau, MI",3,Per capita personal income (dollars) 2,92189
26091,"Lenawee, MI",1,Personal income (thousands of dollars),5183425
26091,"Lenawee, MI",2,Population (persons) 1,97746
26091,"Lenawee, MI",3,Per capita personal income (dollars) 2,53030
26093,"Livingston, MI",1,Personal income (thousands of dollars),14938495
26093,"Livingston, MI",2,Population (persons) 1,196976
26093,"Livingston, MI",3,Per capita personal income (dollars) 2,75839
26095,"Luce, MI",1,Personal income (thousands of dollars),251092
26095,"Luce, MI",2,Population (persons) 1,6328
26095,"Luce, MI",3,Per capita personal income (dollars) 2,39680
26097,"Mackinac, MI",1,Personal income (thousands of dollars),666172
26097,"Mackinac, MI",2,Population (persons) 1,11144
26097,"Mackinac, MI",3,Per capita personal income (dollars) 2,59779
26099,"Macomb, MI",1,Personal income (thousands of dollars),53843586
26099,"Macomb, MI",2,Population (persons) 1,886175
26099,"Macomb, MI",3,Per capita personal income (dollars) 2,60760
26101,"Manistee, MI",1,Personal income (thousands of dollars),1323084
26101,"Manistee, MI",2,Population (persons) 1,25519
26101,"Manistee, MI",3,Per capita personal income (dollars) 2,51847
26103,"Marquette, MI",1,Personal income (thousands of dollars),3524672
26103,"Marquette, MI",2,Population (persons) 1,67979
26103,"Marquette, MI",3,Per capita personal income (dollars) 2,51849
26105,"Mason, MI",1,Personal income (thousands of dollars),1543927
26105,"Mason, MI",2,Population (persons) 1,29093
26105,"Mason, MI",3,Per capita personal income (dollars) 2,53069
26107,"Mecosta, MI",1,Personal income (thousands of dollars),1931974
26107,"Mecosta, MI",2,Population (persons) 1,41947
26107,"Mecosta, MI",3,Per capita personal income (dollars) 2,46058
26109,"Menominee, MI",1,Personal income (thousands of dollars),1186891
26109,"Menominee, MI",2,Population (persons) 1,23050
26109,"Menominee, MI",3,Per capita personal income (dollars) 2,51492
26111,"Midland, MI",1,Personal income (thousands of dollars),5643083
26111,"Midland, MI",2,Population (persons) 1,84022
26111,"Midland, MI",3,Per capita personal income (dollars) 2,67162
26113,"Missaukee, MI",1,Personal income (thousands of dollars),716763
26113,"Missaukee, MI",2,Population (persons) 1,15239
26113,"Missaukee, MI",3,Per capita personal income (dollars) 2,47035
26115,"Monroe, MI",1,Personal income (thousands of dollars),9627565
26115,"Monroe, MI",2,Population (persons) 1,156045
26115,"Monroe, MI",3,Per capita personal income (dollars) 2,61697
26117,"Montcalm, MI",1,Personal income (thousands of dollars),3011592
26117,"Montcalm, MI",2,Population (persons) 1,69314
26117,"Montcalm, MI",3,Per capita personal income (dollars) 2,43449
26119,"Montmorency, MI",1,Personal income (thousands of dollars),443263
26119,"Montmorency, MI",2,Population (persons) 1,9828
26119,"Montmorency, MI",3,Per capita personal income (dollars) 2,45102
26121,"Muskegon, MI",1,Personal income (thousands of dollars),9099019
26121,"Muskegon, MI",2,Population (persons) 1,177428
26121,"Muskegon, MI",3,Per capita personal income (dollars) 2,51283
26123,"Newaygo, MI",1,Personal income (thousands of dollars),2479493
26123,"Newaygo, MI",2,Population (persons) 1,51504
26123,"Newaygo, MI",3,Per capita personal income (dollars) 2,48142
26125,"Oakland, MI",1,Personal income (thousands of dollars),121361366
26125,"Oakland, MI",2,Population (persons) 1,1296888
26125,"Oakland, MI",3,Per capita personal income (dollars) 2,93579
26127,"Oceana, MI",1,Personal income (thousands of dollars),1374417
26127,"Oceana, MI",2,Population (persons) 1,27014
26127,"Oceana, MI",3,Per capita personal income (dollars) 2,50878
26129,"Ogemaw, MI",1,Personal income (thousands of dollars),955348
26129,"Ogemaw, MI",2,Population (persons) 1,20985
26129,"Ogemaw, MI",3,Per capita personal income (dollars) 2,45525
26131,"Ontonagon, MI",1,Personal income (thousands of dollars),301161
26131,"Ontonagon, MI",2,Population (persons) 1,5824
26131,"Ontonagon, MI",3,Per capita personal income (dollars) 2,51710
26133,"Osceola, MI",1,Personal income (thousands of dollars),1207895
26133,"Osceola, MI",2,Population (persons) 1,23484
26133,"Osceola, MI",3,Per capita personal income (dollars) 2,51435
26135,"Oscoda, MI",1,Personal income (thousands of dollars),379157
26135,"Oscoda, MI",2,Population (persons) 1,8596
26135,"Oscoda, MI",3,Per capita personal income (dollars) 2,44109
26137,"Otsego, MI",1,Personal income (thousands of dollars),1375413
26137,"Otsego, MI",2,Population (persons) 1,26083
26137,"Otsego, MI",3,Per capita personal income (dollars) 2,52732
26139,"Ottawa, MI",1,Personal income (thousands of dollars),20419059
26139,"Ottawa, MI",2,Population (persons) 1,306235
26139,"Ottawa, MI",3,Per capita personal income (dollars) 2,66678
26141,"Presque Isle, MI",1,Personal income (thousands of dollars),684684
26141,"Presque Isle, MI",2,Population (persons) 1,13230
26141,"Presque Isle, MI",3,Per capita personal income (dollars) 2,51752
26143,"Roscommon, MI",1,Personal income (thousands of dollars),1204865
26143,"Roscommon, MI",2,Population (persons) 1,23932
26143,"Roscommon, MI",3,Per capita personal income (dollars) 2,50345
26145,"Saginaw, MI",1,Personal income (thousands of dollars),9892414
26145,"Saginaw, MI",2,Population (persons) 1,187714
26145,"Saginaw, MI",3,Per capita personal income (dollars) 2,52699
26147,"St. Clair, MI",1,Personal income (thousands of dollars),9288771
26147,"St. Clair, MI",2,Population (persons) 1,160308
26147,"St. Clair, MI",3,Per capita personal income (dollars) 2,57943
26149,"St. Joseph, MI",1,Personal income (thousands of dollars),3160096
26149,"St. Joseph, MI",2,Population (persons) 1,61171
26149,"St. Joseph, MI",3,Per capita personal income (dollars) 2,51660
26151,"Sanilac, MI",1,Personal income (thousands of dollars),2085340
26151,"Sanilac, MI",2,Population (persons) 1,40293
26151,"Sanilac, MI",3,Per capita personal income (dollars) 2,51754
26153,"Schoolcraft, MI",1,Personal income (thousands of dollars),430601
26153,"Schoolcraft, MI",2,Population (persons) 1,8178
26153,"Schoolcraft, MI",3,Per capita personal income (dollars) 2,52654
26155,"Shiawassee, MI",1,Personal income (thousands of dollars),3594400
26155,"Shiawassee, MI",2,Population (persons) 1,67982
26155,"Shiawassee, MI",3,Per capita personal income (dollars) 2,52873
26157,"Tuscola, MI",1,Personal income (thousands of dollars),2629472
26157,"Tuscola, MI",2,Population (persons) 1,52757
26157,"Tuscola, MI",3,Per capita personal income (dollars) 2,49841
26159,"Van Buren, MI",1,Personal income (thousands of dollars),4180368
26159,"Van Buren, MI",2,Population (persons) 1,76129
26159,"Van Buren, MI",3,Per capita personal income (dollars) 2,54912
26161,"Washtenaw, MI",1,Personal income (thousands of dollars),29811220
26161,"Washtenaw, MI",2,Population (persons) 1,373875
26161,"Washtenaw, MI",3,Per capita personal income (dollars) 2,79736
26163,"Wayne, MI",1,Personal income (thousands of dollars),98675057
26163,"Wayne, MI",2,Population (persons) 1,1771063
26163,"Wayne, MI",3,Per capita personal income (dollars) 2,55715
26165,"Wexford, MI",1,Personal income (thousands of dollars),1659230
26165,"Wexford, MI",2,Population (persons) 1,34460
26165,"Wexford, MI",3,Per capita personal income (dollars) 2,48149
27001,"Aitkin, MN",1,Personal income (thousands of dollars),877408
27001,"Aitkin, MN",2,Population (persons) 1,16335
27001,"Aitkin, MN",3,Per capita personal income (dollars) 2,53713
27003,"Anoka, MN",1,Personal income (thousands of dollars),24459050
27003,"Anoka, MN",2,Population (persons) 1,376840
27003,"Anoka, MN",3,Per capita personal income (dollars) 2,64906
27005,"Becker, MN",1,Personal income (thousands of dollars),2246063
27005,"Becker, MN",2,Population (persons) 1,35444
27005,"Becker, MN",3,Per capita personal income (dollars) 2,63369
27007,"Beltrami, MN",1,Personal income (thousands of dollars),2627753
27007,"Beltrami, MN",2,Population (persons) 1,46762
27007,"Beltrami, MN",3,Per capita personal income (dollars) 2,56194
27009,"Benton, MN",1,Personal income (thousands of dollars),2444641
27009,"Benton, MN",2,Population (persons) 1,41881
27009,"Benton, MN",3,Per capita personal income (dollars) 2,58371
27011,"Big Stone, MN",1,Personal income (thousands of dollars),356063
27011,"Big Stone, MN",2,Population (persons) 1,5067
27011,"Big Stone, MN",3,Per capita personal income (dollars) 2,70271
27013,"Blue Earth, MN",1,Personal income (thousands of dollars),4020292
27013,"Blue Earth, MN",2,Population (persons) 1,70700
27013,"Blue Earth, MN",3,Per capita personal income (dollars) 2,56864
27015,"Brown, MN",1,Personal income (thousands of dollars),1716384
27015,"Brown, MN",2,Population (persons) 1,25710
27015,"Brown, MN",3,Per capita personal income (dollars) 2,66759
27017,"Carlton, MN",1,Personal income (thousands of dollars),2039243
27017,"Carlton, MN",2,Population (persons) 1,36745
27017,"Carlton, MN",3,Per capita personal income (dollars) 2,55497
27019,"Carver, MN",1,Personal income (thousands of dollars),10825179
27019,"Carver, MN",2,Population (persons) 1,112628
27019,"Carver, MN",3,Per capita personal income (dollars) 2,96114
27021,"Cass, MN",1,Personal income (thousands of dollars),1917778
27021,"Cass, MN",2,Population (persons) 1,31442
27021,"Cass, MN",3,Per capita personal income (dollars) 2,60994
27023,"Chippewa, MN",1,Personal income (thousands of dollars),719966
27023,"Chippewa, MN",2,Population (persons) 1,12299
27023,"Chippewa, MN",3,Per capita personal income (dollars) 2,58539
27025,"Chisago, MN",1,Personal income (thousands of dollars),3791769
27025,"Chisago, MN",2,Population (persons) 1,59105
27025,"Chisago, MN",3,Per capita personal income (dollars) 2,64153
27027,"Clay, MN",1,Personal income (thousands of dollars),3711293
27027,"Clay, MN",2,Population (persons) 1,66848
27027,"Clay, MN",3,Per capita personal income (dollars) 2,55518
27029,"Clearwater, MN",1,Personal income (thousands of dollars),501252
27029,"Clearwater, MN",2,Population (persons) 1,8630
27029,"Clearwater, MN",3,Per capita personal income (dollars) 2,58083
27031,"Cook, MN",1,Personal income (thousands of dollars),385909
27031,"Cook, MN",2,Population (persons) 1,5571
27031,"Cook, MN",3,Per capita personal income (dollars) 2,69271
27033,"Cottonwood, MN",1,Personal income (thousands of dollars),682902
27033,"Cottonwood, MN",2,Population (persons) 1,11338
27033,"Cottonwood, MN",3,Per capita personal income (dollars) 2,60231
27035,"Crow Wing, MN",1,Personal income (thousands of dollars),4131622
27035,"Crow Wing, MN",2,Population (persons) 1,68642
27035,"Crow Wing, MN",3,Per capita personal income (dollars) 2,60191
27037,"Dakota, MN",1,Personal income (thousands of dollars),35294325
27037,"Dakota, MN",2,Population (persons) 1,453156
27037,"Dakota, MN",3,Per capita personal income (dollars) 2,77886
27039,"Dodge, MN",1,Personal income (thousands of dollars),1331089
27039,"Dodge, MN",2,Population (persons) 1,21242
27039,"Dodge, MN",3,Per capita personal income (dollars) 2,62663
27041,"Douglas, MN",1,Personal income (thousands of dollars),2765770
27041,"Douglas, MN",2,Population (persons) 1,39933
27041,"Douglas, MN",3,Per capita personal income (dollars) 2,69260
27043,"Faribault, MN",1,Personal income (thousands of dollars),800970
27043,"Faribault, MN",2,Population (persons) 1,13886
27043,"Faribault, MN",3,Per capita personal income (dollars) 2,57682
27045,"Fillmore, MN",1,Personal income (thousands of dollars),1261143
27045,"Fillmore, MN",2,Population (persons) 1,21502
27045,"Fillmore, MN",3,Per capita personal income (dollars) 2,58652
27047,"Freeborn, MN",1,Personal income (thousands of dollars),1791797
27047,"Freeborn, MN",2,Population (persons) 1,30314
27047,"Freeborn, MN",3,Per capita personal income (dollars) 2,59108
27049,"Goodhue, MN",1,Personal income (thousands of dollars),3377482
27049,"Goodhue, MN",2,Population (persons) 1,47982
27049,"Goodhue, MN",3,Per capita personal income (dollars) 2,70391
27051,"Grant, MN",1,Personal income (thousands of dollars),375110
27051,"Grant, MN",2,Population (persons) 1,6109
27051,"Grant, MN",3,Per capita personal income (dollars) 2,61403
27053,"Hennepin, MN",1,Personal income (thousands of dollars),127781586
27053,"Hennepin, MN",2,Population (persons) 1,1273334
27053,"Hennepin, MN",3,Per capita personal income (dollars) 2,100352
27055,"Houston, MN",1,Personal income (thousands of dollars),1245711
27055,"Houston, MN",2,Population (persons) 1,18352
27055,"Houston, MN",3,Per capita personal income (dollars) 2,67879
27057,"Hubbard, MN",1,Personal income (thousands of dollars),1352590
27057,"Hubbard, MN",2,Population (persons) 1,22050
27057,"Hubbard, MN",3,Per capita personal income (dollars) 2,61342
27059,"Isanti, MN",1,Personal income (thousands of dollars),2478844
27059,"Isanti, MN",2,Population (persons) 1,43687
27059,"Isanti, MN",3,Per capita personal income (dollars) 2,56741
27061,"Itasca, MN",1,Personal income (thousands of dollars),2620600
27061,"Itasca, MN",2,Population (persons) 1,45442
27061,"Itasca, MN",3,Per capita personal income (dollars) 2,57669
27063,"Jackson, MN",1,Personal income (thousands of dollars),624830
27063,"Jackson, MN",2,Population (persons) 1,9861
27063,"Jackson, MN",3,Per capita personal income (dollars) 2,63364
27065,"Kanabec, MN",1,Personal income (thousands of dollars),896878
27065,"Kanabec, MN",2,Population (persons) 1,16608
27065,"Kanabec, MN",3,Per capita personal income (dollars) 2,54003
27067,"Kandiyohi, MN",1,Personal income (thousands of dollars),2955071
27067,"Kandiyohi, MN",2,Population (persons) 1,44674
27067,"Kandiyohi, MN",3,Per capita personal income (dollars) 2,66147
27069,"Kittson, MN",1,Personal income (thousands of dollars),252778
27069,"Kittson, MN",2,Population (persons) 1,3992
27069,"Kittson, MN",3,Per capita personal income (dollars) 2,63321
27071,"Koochiching, MN",1,Personal income (thousands of dollars),667868
27071,"Koochiching, MN",2,Population (persons) 1,11594
27071,"Koochiching, MN",3,Per capita personal income (dollars) 2,57605
27073,"Lac qui Parle, MN",1,Personal income (thousands of dollars),453081
27073,"Lac qui Parle, MN",2,Population (persons) 1,6636
27073,"Lac qui Parle, MN",3,Per capita personal income (dollars) 2,68276
27075,"Lake, MN",1,Personal income (thousands of dollars),649176
27075,"Lake, MN",2,Population (persons) 1,10698
27075,"Lake, MN",3,Per capita personal income (dollars) 2,60682
27077,"Lake of the Woods, MN",1,Personal income (thousands of dollars),248482
27077,"Lake of the Woods, MN",2,Population (persons) 1,3797
27077,"Lake of the Woods, MN",3,Per capita personal income (dollars) 2,65442
27079,"Le Sueur, MN",1,Personal income (thousands of dollars),1896089
27079,"Le Sueur, MN",2,Population (persons) 1,29458
27079,"Le Sueur, MN",3,Per capita personal income (dollars) 2,64366
27081,"Lincoln, MN",1,Personal income (thousands of dollars),336665
27081,"Lincoln, MN",2,Population (persons) 1,5564
27081,"Lincoln, MN",3,Per capita personal income (dollars) 2,60508
27083,"Lyon, MN",1,Personal income (thousands of dollars),1595131
27083,"Lyon, MN",2,Population (persons) 1,25577
27083,"Lyon, MN",3,Per capita personal income (dollars) 2,62366
27085,"McLeod, MN",1,Personal income (thousands of dollars),2350527
27085,"McLeod, MN",2,Population (persons) 1,36780
27085,"McLeod, MN",3,Per capita personal income (dollars) 2,63908
27087,"Mahnomen, MN",1,Personal income (thousands of dollars),273359
27087,"Mahnomen, MN",2,Population (persons) 1,5296
27087,"Mahnomen, MN",3,Per capita personal income (dollars) 2,51616
27089,"Marshall, MN",1,Personal income (thousands of dollars),615476
27089,"Marshall, MN",2,Population (persons) 1,8771
27089,"Marshall, MN",3,Per capita personal income (dollars) 2,70172
27091,"Martin, MN",1,Personal income (thousands of dollars),1273012
27091,"Martin, MN",2,Population (persons) 1,19561
27091,"Martin, MN",3,Per capita personal income (dollars) 2,65079
27093,"Meeker, MN",1,Personal income (thousands of dollars),1403987
27093,"Meeker, MN",2,Population (persons) 1,23491
27093,"Meeker, MN",3,Per capita personal income (dollars) 2,59767
27095,"Mille Lacs, MN",1,Personal income (thousands of dollars),1520774
27095,"Mille Lacs, MN",2,Population (persons) 1,27577
27095,"Mille Lacs, MN",3,Per capita personal income (dollars) 2,55146
27097,"Morrison, MN",1,Personal income (thousands of dollars),1902590
27097,"Morrison, MN",2,Population (persons) 1,34520
27097,"Morrison, MN",3,Per capita personal income (dollars) 2,55116
27099,"Mower, MN",1,Personal income (thousands of dollars),2354916
27099,"Mower, MN",2,Population (persons) 1,40900
27099,"Mower, MN",3,Per capita personal income (dollars) 2,57577
27101,"Murray, MN",1,Personal income (thousands of dollars),562542
27101,"Murray, MN",2,Population (persons) 1,8044
27101,"Murray, MN",3,Per capita personal income (dollars) 2,69933
27103,"Nicollet, MN",1,Personal income (thousands of dollars),2196274
27103,"Nicollet, MN",2,Population (persons) 1,34493
27103,"Nicollet, MN",3,Per capita personal income (dollars) 2,63673
27105,"Nobles, MN",1,Personal income (thousands of dollars),1344571
27105,"Nobles, MN",2,Population (persons) 1,21969
27105,"Nobles, MN",3,Per capita personal income (dollars) 2,61203
27107,"Norman, MN",1,Personal income (thousands of dollars),345402
27107,"Norman, MN",2,Population (persons) 1,6284
27107,"Norman, MN",3,Per capita personal income (dollars) 2,54965
27109,"Olmsted, MN",1,Personal income (thousands of dollars),12460643
27109,"Olmsted, MN",2,Population (persons) 1,166424
27109,"Olmsted, MN",3,Per capita personal income (dollars) 2,74873
27111,"Otter Tail, MN",1,Personal income (thousands of dollars),3778062
27111,"Otter Tail, MN",2,Population (persons) 1,60884
27111,"Otter Tail, MN",3,Per capita personal income (dollars) 2,62053
27113,"Pennington, MN",1,Personal income (thousands of dollars),977624
27113,"Pennington, MN",2,Population (persons) 1,13652
27113,"Pennington, MN",3,Per capita personal income (dollars) 2,71610
27115,"Pine, MN",1,Personal income (thousands of dollars),1475823
27115,"Pine, MN",2,Population (persons) 1,30319
27115,"Pine, MN",3,Per capita personal income (dollars) 2,48677
27117,"Pipestone, MN",1,Personal income (thousands of dollars),684970
27117,"Pipestone, MN",2,Population (persons) 1,9100
27117,"Pipestone, MN",3,Per capita personal income (dollars) 2,75271
27119,"Polk, MN",1,Personal income (thousands of dollars),1887417
27119,"Polk, MN",2,Population (persons) 1,30413
27119,"Polk, MN",3,Per capita personal income (dollars) 2,62060
27121,"Pope, MN",1,Personal income (thousands of dollars),770042
27121,"Pope, MN",2,Population (persons) 1,11495
27121,"Pope, MN",3,Per capita personal income (dollars) 2,66989
27123,"Ramsey, MN",1,Personal income (thousands of dollars),38900092
27123,"Ramsey, MN",2,Population (persons) 1,542015
27123,"Ramsey, MN",3,Per capita personal income (dollars) 2,71769
27125,"Red Lake, MN",1,Personal income (thousands of dollars),272740
27125,"Red Lake, MN",2,Population (persons) 1,3882
27125,"Red Lake, MN",3,Per capita personal income (dollars) 2,70258
27127,"Redwood, MN",1,Personal income (thousands of dollars),1264675
27127,"Redwood, MN",2,Population (persons) 1,15254
27127,"Redwood, MN",3,Per capita personal income (dollars) 2,82908
27129,"Renville, MN",1,Personal income (thousands of dollars),952131
27129,"Renville, MN",2,Population (persons) 1,14453
27129,"Renville, MN",3,Per capita personal income (dollars) 2,65878
27131,"Rice, MN",1,Personal income (thousands of dollars),3945502
27131,"Rice, MN",2,Population (persons) 1,69025
27131,"Rice, MN",3,Per capita personal income (dollars) 2,57160
27133,"Rock, MN",1,Personal income (thousands of dollars),632432
27133,"Rock, MN",2,Population (persons) 1,9525
27133,"Rock, MN",3,Per capita personal income (dollars) 2,66397
27135,"Roseau, MN",1,Personal income (thousands of dollars),965446
27135,"Roseau, MN",2,Population (persons) 1,15265
27135,"Roseau, MN",3,Per capita personal income (dollars) 2,63246
27137,"St. Louis, MN",1,Personal income (thousands of dollars),12422450
27137,"St. Louis, MN",2,Population (persons) 1,200794
27137,"St. Louis, MN",3,Per capita personal income (dollars) 2,61867
27139,"Scott, MN",1,Personal income (thousands of dollars),13347002
27139,"Scott, MN",2,Population (persons) 1,157206
27139,"Scott, MN",3,Per capita personal income (dollars) 2,84901
27141,"Sherburne, MN",1,Personal income (thousands of dollars),6354859
27141,"Sherburne, MN",2,Population (persons) 1,103059
27141,"Sherburne, MN",3,Per capita personal income (dollars) 2,61662
27143,"Sibley, MN",1,Personal income (thousands of dollars),950815
27143,"Sibley, MN",2,Population (persons) 1,15194
27143,"Sibley, MN",3,Per capita personal income (dollars) 2,62578
27145,"Stearns, MN",1,Personal income (thousands of dollars),10649107
27145,"Stearns, MN",2,Population (persons) 1,163997
27145,"Stearns, MN",3,Per capita personal income (dollars) 2,64935
27147,"Steele, MN",1,Personal income (thousands of dollars),2284969
27147,"Steele, MN",2,Population (persons) 1,37434
27147,"Steele, MN",3,Per capita personal income (dollars) 2,61040
27149,"Stevens, MN",1,Personal income (thousands of dollars),597720
27149,"Stevens, MN",2,Population (persons) 1,9819
27149,"Stevens, MN",3,Per capita personal income (dollars) 2,60874
27151,"Swift, MN",1,Personal income (thousands of dollars),723676
27151,"Swift, MN",2,Population (persons) 1,9666
27151,"Swift, MN",3,Per capita personal income (dollars) 2,74868
27153,"Todd, MN",1,Personal income (thousands of dollars),1675174
27153,"Todd, MN",2,Population (persons) 1,25955
27153,"Todd, MN",3,Per capita personal income (dollars) 2,64541
27155,"Traverse, MN",1,Personal income (thousands of dollars),257327
27155,"Traverse, MN",2,Population (persons) 1,3134
27155,"Traverse, MN",3,Per capita personal income (dollars) 2,82108
27157,"Wabasha, MN",1,Personal income (thousands of dollars),1417332
27157,"Wabasha, MN",2,Population (persons) 1,21574
27157,"Wabasha, MN",3,Per capita personal income (dollars) 2,65696
27159,"Wadena, MN",1,Personal income (thousands of dollars),759334
27159,"Wadena, MN",2,Population (persons) 1,14437
27159,"Wadena, MN",3,Per capita personal income (dollars) 2,52596
27161,"Waseca, MN",1,Personal income (thousands of dollars),1276264
27161,"Waseca, MN",2,Population (persons) 1,18684
27161,"Waseca, MN",3,Per capita personal income (dollars) 2,68308
27163,"Washington, MN",1,Personal income (thousands of dollars),24482301
27163,"Washington, MN",2,Population (persons) 1,283960
27163,"Washington, MN",3,Per capita personal income (dollars) 2,86217
27165,"Watonwan, MN",1,Personal income (thousands of dollars),634129
27165,"Watonwan, MN",2,Population (persons) 1,11204
27165,"Watonwan, MN",3,Per capita personal income (dollars) 2,56598
27167,"Wilkin, MN",1,Personal income (thousands of dollars),459572
27167,"Wilkin, MN",2,Population (persons) 1,6268
27167,"Wilkin, MN",3,Per capita personal income (dollars) 2,73320
27169,"Winona, MN",1,Personal income (thousands of dollars),3046737
27169,"Winona, MN",2,Population (persons) 1,49973
27169,"Winona, MN",3,Per capita personal income (dollars) 2,60968
27171,"Wright, MN",1,Personal income (thousands of dollars),10291888
27171,"Wright, MN",2,Population (persons) 1,154593
27171,"Wright, MN",3,Per capita personal income (dollars) 2,66574
27173,"Yellow Medicine, MN",1,Personal income (thousands of dollars),732553
27173,"Yellow Medicine, MN",2,Population (persons) 1,9373
27173,"Yellow Medicine, MN",3,Per capita personal income (dollars) 2,78156
28001,"Adams, MS",1,Personal income (thousands of dollars),1394704
28001,"Adams, MS",2,Population (persons) 1,28674
28001,"Adams, MS",3,Per capita personal income (dollars) 2,48640
28003,"Alcorn, MS",1,Personal income (thousands of dollars),1668314
28003,"Alcorn, MS",2,Population (persons) 1,34228
28003,"Alcorn, MS",3,Per capita personal income (dollars) 2,48741
28005,"Amite, MS",1,Personal income (thousands of dollars),563393
28005,"Amite, MS",2,Population (persons) 1,12451
28005,"Amite, MS",3,Per capita personal income (dollars) 2,45249
28007,"Attala, MS",1,Personal income (thousands of dollars),764149
28007,"Attala, MS",2,Population (persons) 1,17222
28007,"Attala, MS",3,Per capita personal income (dollars) 2,44371
28009,"Benton, MS",1,Personal income (thousands of dollars),349366
28009,"Benton, MS",2,Population (persons) 1,7566
28009,"Benton, MS",3,Per capita personal income (dollars) 2,46176
28011,"Bolivar, MS",1,Personal income (thousands of dollars),1467070
28011,"Bolivar, MS",2,Population (persons) 1,28395
28011,"Bolivar, MS",3,Per capita personal income (dollars) 2,51666
28013,"Calhoun, MS",1,Personal income (thousands of dollars),563167
28013,"Calhoun, MS",2,Population (persons) 1,12754
28013,"Calhoun, MS",3,Per capita personal income (dollars) 2,44156
28015,"Carroll, MS",1,Personal income (thousands of dollars),453340
28015,"Carroll, MS",2,Population (persons) 1,9378
28015,"Carroll, MS",3,Per capita personal income (dollars) 2,48341
28017,"Chickasaw, MS",1,Personal income (thousands of dollars),682320
28017,"Chickasaw, MS",2,Population (persons) 1,16774
28017,"Chickasaw, MS",3,Per capita personal income (dollars) 2,40677
28019,"Choctaw, MS",1,Personal income (thousands of dollars),355132
28019,"Choctaw, MS",2,Population (persons) 1,8091
28019,"Choctaw, MS",3,Per capita personal income (dollars) 2,43892
28021,"Claiborne, MS",1,Personal income (thousands of dollars),349127
28021,"Claiborne, MS",2,Population (persons) 1,8122
28021,"Claiborne, MS",3,Per capita personal income (dollars) 2,42985
28023,"Clarke, MS",1,Personal income (thousands of dollars),759143
28023,"Clarke, MS",2,Population (persons) 1,15155
28023,"Clarke, MS",3,Per capita personal income (dollars) 2,50092
28025,"Clay, MS",1,Personal income (thousands of dollars),986885
28025,"Clay, MS",2,Population (persons) 1,18213
28025,"Clay, MS",3,Per capita personal income (dollars) 2,54186
28027,"Coahoma, MS",1,Personal income (thousands of dollars),998683
28027,"Coahoma, MS",2,Population (persons) 1,20105
28027,"Coahoma, MS",3,Per capita personal income (dollars) 2,49673
28029,"Copiah, MS",1,Personal income (thousands of dollars),1216300
28029,"Copiah, MS",2,Population (persons) 1,27536
28029,"Copiah, MS",3,Per capita personal income (dollars) 2,44171
28031,"Covington, MS",1,Personal income (thousands of dollars),941770
28031,"Covington, MS",2,Population (persons) 1,18015
28031,"Covington, MS",3,Per capita personal income (dollars) 2,52277
28033,"DeSoto, MS",1,Personal income (thousands of dollars),11224337
28033,"DeSoto, MS",2,Population (persons) 1,195871
28033,"DeSoto, MS",3,Per capita personal income (dollars) 2,57305
28035,"Forrest, MS",1,Personal income (thousands of dollars),3760388
28035,"Forrest, MS",2,Population (persons) 1,78435
28035,"Forrest, MS",3,Per capita personal income (dollars) 2,47943
28037,"Franklin, MS",1,Personal income (thousands of dollars),348857
28037,"Franklin, MS",2,Population (persons) 1,7516
28037,"Franklin, MS",3,Per capita personal income (dollars) 2,46415
28039,"George, MS",1,Personal income (thousands of dollars),1103481
28039,"George, MS",2,Population (persons) 1,25880
28039,"George, MS",3,Per capita personal income (dollars) 2,42638
28041,"Greene, MS",1,Personal income (thousands of dollars),488198
28041,"Greene, MS",2,Population (persons) 1,13675
28041,"Greene, MS",3,Per capita personal income (dollars) 2,35700
28043,"Grenada, MS",1,Personal income (thousands of dollars),975776
28043,"Grenada, MS",2,Population (persons) 1,20931
28043,"Grenada, MS",3,Per capita personal income (dollars) 2,46619
28045,"Hancock, MS",1,Personal income (thousands of dollars),2347347
28045,"Hancock, MS",2,Population (persons) 1,46492
28045,"Hancock, MS",3,Per capita personal income (dollars) 2,50489
28047,"Harrison, MS",1,Personal income (thousands of dollars),10897207
28047,"Harrison, MS",2,Population (persons) 1,213730
28047,"Harrison, MS",3,Per capita personal income (dollars) 2,50986
28049,"Hinds, MS",1,Personal income (thousands of dollars),11541530
28049,"Hinds, MS",2,Population (persons) 1,211975
28049,"Hinds, MS",3,Per capita personal income (dollars) 2,54448
28051,"Holmes, MS",1,Personal income (thousands of dollars),631869
28051,"Holmes, MS",2,Population (persons) 1,15560
28051,"Holmes, MS",3,Per capita personal income (dollars) 2,40609
28053,"Humphreys, MS",1,Personal income (thousands of dollars),316348
28053,"Humphreys, MS",2,Population (persons) 1,7121
28053,"Humphreys, MS",3,Per capita personal income (dollars) 2,44425
28055,"Issaquena, MS",1,Personal income (thousands of dollars),35307
28055,"Issaquena, MS",2,Population (persons) 1,1295
28055,"Issaquena, MS",3,Per capita personal income (dollars) 2,27264
28057,"Itawamba, MS",1,Personal income (thousands of dollars),1076159
28057,"Itawamba, MS",2,Population (persons) 1,24198
28057,"Itawamba, MS",3,Per capita personal income (dollars) 2,44473
28059,"Jackson, MS",1,Personal income (thousands of dollars),7428845
28059,"Jackson, MS",2,Population (persons) 1,147002
28059,"Jackson, MS",3,Per capita personal income (dollars) 2,50536
28061,"Jasper, MS",1,Personal income (thousands of dollars),803739
28061,"Jasper, MS",2,Population (persons) 1,15799
28061,"Jasper, MS",3,Per capita personal income (dollars) 2,50873
28063,"Jefferson, MS",1,Personal income (thousands of dollars),310514
28063,"Jefferson, MS",2,Population (persons) 1,6900
28063,"Jefferson, MS",3,Per capita personal income (dollars) 2,45002
28065,"Jefferson Davis, MS",1,Personal income (thousands of dollars),471774
28065,"Jefferson Davis, MS",2,Population (persons) 1,11059
28065,"Jefferson Davis, MS",3,Per capita personal income (dollars) 2,42660
28067,"Jones, MS",1,Personal income (thousands of dollars),3411904
28067,"Jones, MS",2,Population (persons) 1,65837
28067,"Jones, MS",3,Per capita personal income (dollars) 2,51824
28069,"Kemper, MS",1,Personal income (thousands of dollars),356896
28069,"Kemper, MS",2,Population (persons) 1,8562
28069,"Kemper, MS",3,Per capita personal income (dollars) 2,41684
28071,"Lafayette, MS",1,Personal income (thousands of dollars),3318737
28071,"Lafayette, MS",2,Population (persons) 1,59843
28071,"Lafayette, MS",3,Per capita personal income (dollars) 2,55457
28073,"Lamar, MS",1,Personal income (thousands of dollars),3634020
28073,"Lamar, MS",2,Population (persons) 1,66734
28073,"Lamar, MS",3,Per capita personal income (dollars) 2,54455
28075,"Lauderdale, MS",1,Personal income (thousands of dollars),3760399
28075,"Lauderdale, MS",2,Population (persons) 1,70588
28075,"Lauderdale, MS",3,Per capita personal income (dollars) 2,53272
28077,"Lawrence, MS",1,Personal income (thousands of dollars),595343
28077,"Lawrence, MS",2,Population (persons) 1,11672
28077,"Lawrence, MS",3,Per capita personal income (dollars) 2,51006
28079,"Leake, MS",1,Personal income (thousands of dollars),963380
28079,"Leake, MS",2,Population (persons) 1,21462
28079,"Leake, MS",3,Per capita personal income (dollars) 2,44888
28081,"Lee, MS",1,Personal income (thousands of dollars),4674823
28081,"Lee, MS",2,Population (persons) 1,83012
28081,"Lee, MS",3,Per capita personal income (dollars) 2,56315
28083,"Leflore, MS",1,Personal income (thousands of dollars),1380167
28083,"Leflore, MS",2,Population (persons) 1,26157
28083,"Leflore, MS",3,Per capita personal income (dollars) 2,52765
28085,"Lincoln, MS",1,Personal income (thousands of dollars),1772766
28085,"Lincoln, MS",2,Population (persons) 1,34956
28085,"Lincoln, MS",3,Per capita personal income (dollars) 2,50714
28087,"Lowndes, MS",1,Personal income (thousands of dollars),3095582
28087,"Lowndes, MS",2,Population (persons) 1,57210
28087,"Lowndes, MS",3,Per capita personal income (dollars) 2,54109
28089,"Madison, MS",1,Personal income (thousands of dollars),10358588
28089,"Madison, MS",2,Population (persons) 1,114247
28089,"Madison, MS",3,Per capita personal income (dollars) 2,90668
28091,"Marion, MS",1,Personal income (thousands of dollars),1117459
28091,"Marion, MS",2,Population (persons) 1,24008
28091,"Marion, MS",3,Per capita personal income (dollars) 2,46545
28093,"Marshall, MS",1,Personal income (thousands of dollars),1654795
28093,"Marshall, MS",2,Population (persons) 1,34374
28093,"Marshall, MS",3,Per capita personal income (dollars) 2,48141
28095,"Monroe, MS",1,Personal income (thousands of dollars),1563666
28095,"Monroe, MS",2,Population (persons) 1,33483
28095,"Monroe, MS",3,Per capita personal income (dollars) 2,46700
28097,"Montgomery, MS",1,Personal income (thousands of dollars),430142
28097,"Montgomery, MS",2,Population (persons) 1,9411
28097,"Montgomery, MS",3,Per capita personal income (dollars) 2,45706
28099,"Neshoba, MS",1,Personal income (thousands of dollars),1435937
28099,"Neshoba, MS",2,Population (persons) 1,28973
28099,"Neshoba, MS",3,Per capita personal income (dollars) 2,49561
28101,"Newton, MS",1,Personal income (thousands of dollars),930848
28101,"Newton, MS",2,Population (persons) 1,21063
28101,"Newton, MS",3,Per capita personal income (dollars) 2,44194
28103,"Noxubee, MS",1,Personal income (thousands of dollars),470433
28103,"Noxubee, MS",2,Population (persons) 1,9825
28103,"Noxubee, MS",3,Per capita personal income (dollars) 2,47881
28105,"Oktibbeha, MS",1,Personal income (thousands of dollars),2289792
28105,"Oktibbeha, MS",2,Population (persons) 1,51965
28105,"Oktibbeha, MS",3,Per capita personal income (dollars) 2,44064
28107,"Panola, MS",1,Personal income (thousands of dollars),1478909
28107,"Panola, MS",2,Population (persons) 1,32764
28107,"Panola, MS",3,Per capita personal income (dollars) 2,45138
28109,"Pearl River, MS",1,Personal income (thousands of dollars),2895430
28109,"Pearl River, MS",2,Population (persons) 1,59030
28109,"Pearl River, MS",3,Per capita personal income (dollars) 2,49050
28111,"Perry, MS",1,Personal income (thousands of dollars),492498
28111,"Perry, MS",2,Population (persons) 1,11406
28111,"Perry, MS",3,Per capita personal income (dollars) 2,43179
28113,"Pike, MS",1,Personal income (thousands of dollars),1649920
28113,"Pike, MS",2,Population (persons) 1,38980
28113,"Pike, MS",3,Per capita personal income (dollars) 2,42327
28115,"Pontotoc, MS",1,Personal income (thousands of dollars),1419663
28115,"Pontotoc, MS",2,Population (persons) 1,32014
28115,"Pontotoc, MS",3,Per capita personal income (dollars) 2,44345
28117,"Prentiss, MS",1,Personal income (thousands of dollars),1045911
28117,"Prentiss, MS",2,Population (persons) 1,25489
28117,"Prentiss, MS",3,Per capita personal income (dollars) 2,41034
28119,"Quitman, MS",1,Personal income (thousands of dollars),238005
28119,"Quitman, MS",2,Population (persons) 1,5542
28119,"Quitman, MS",3,Per capita personal income (dollars) 2,42946
28121,"Rankin, MS",1,Personal income (thousands of dollars),9626779
28121,"Rankin, MS",2,Population (persons) 1,160573
28121,"Rankin, MS",3,Per capita personal income (dollars) 2,59953
28123,"Scott, MS",1,Personal income (thousands of dollars),1160476
28123,"Scott, MS",2,Population (persons) 1,27666
28123,"Scott, MS",3,Per capita personal income (dollars) 2,41946
28125,"Sharkey, MS",1,Personal income (thousands of dollars),180157
28125,"Sharkey, MS",2,Population (persons) 1,3234
28125,"Sharkey, MS",3,Per capita personal income (dollars) 2,55707
28127,"Simpson, MS",1,Personal income (thousands of dollars),1306489
28127,"Simpson, MS",2,Population (persons) 1,25597
28127,"Simpson, MS",3,Per capita personal income (dollars) 2,51041
28129,"Smith, MS",1,Personal income (thousands of dollars),743610
28129,"Smith, MS",2,Population (persons) 1,14051
28129,"Smith, MS",3,Per capita personal income (dollars) 2,52922
28131,"Stone, MS",1,Personal income (thousands of dollars),849973
28131,"Stone, MS",2,Population (persons) 1,19569
28131,"Stone, MS",3,Per capita personal income (dollars) 2,43435
28133,"Sunflower, MS",1,Personal income (thousands of dollars),955446
28133,"Sunflower, MS",2,Population (persons) 1,23029
28133,"Sunflower, MS",3,Per capita personal income (dollars) 2,41489
28135,"Tallahatchie, MS",1,Personal income (thousands of dollars),546894
28135,"Tallahatchie, MS",2,Population (persons) 1,10921
28135,"Tallahatchie, MS",3,Per capita personal income (dollars) 2,50077
28137,"Tate, MS",1,Personal income (thousands of dollars),1386791
28137,"Tate, MS",2,Population (persons) 1,28551
28137,"Tate, MS",3,Per capita personal income (dollars) 2,48572
28139,"Tippah, MS",1,Personal income (thousands of dollars),1031678
28139,"Tippah, MS",2,Population (persons) 1,21423
28139,"Tippah, MS",3,Per capita personal income (dollars) 2,48157
28141,"Tishomingo, MS",1,Personal income (thousands of dollars),875706
28141,"Tishomingo, MS",2,Population (persons) 1,18553
28141,"Tishomingo, MS",3,Per capita personal income (dollars) 2,47200
28143,"Tunica, MS",1,Personal income (thousands of dollars),433219
28143,"Tunica, MS",2,Population (persons) 1,9157
28143,"Tunica, MS",3,Per capita personal income (dollars) 2,47310
28145,"Union, MS",1,Personal income (thousands of dollars),1256617
28145,"Union, MS",2,Population (persons) 1,28363
28145,"Union, MS",3,Per capita personal income (dollars) 2,44305
28147,"Walthall, MS",1,Personal income (thousands of dollars),582305
28147,"Walthall, MS",2,Population (persons) 1,13839
28147,"Walthall, MS",3,Per capita personal income (dollars) 2,42077
28149,"Warren, MS",1,Personal income (thousands of dollars),2286030
28149,"Warren, MS",2,Population (persons) 1,42105
28149,"Warren, MS",3,Per capita personal income (dollars) 2,54294
28151,"Washington, MS",1,Personal income (thousands of dollars),2094467
28151,"Washington, MS",2,Population (persons) 1,41181
28151,"Washington, MS",3,Per capita personal income (dollars) 2,50860
28153,"Wayne, MS",1,Personal income (thousands of dollars),961107
28153,"Wayne, MS",2,Population (persons) 1,19749
28153,"Wayne, MS",3,Per capita personal income (dollars) 2,48666
28155,"Webster, MS",1,Personal income (thousands of dollars),486479
28155,"Webster, MS",2,Population (persons) 1,10039
28155,"Webster, MS",3,Per capita personal income (dollars) 2,48459
28157,"Wilkinson, MS",1,Personal income (thousands of dollars),323388
28157,"Wilkinson, MS",2,Population (persons) 1,7820
28157,"Wilkinson, MS",3,Per capita personal income (dollars) 2,41354
28159,"Winston, MS",1,Personal income (thousands of dollars),850202
28159,"Winston, MS",2,Population (persons) 1,17418
28159,"Winston, MS",3,Per capita personal income (dollars) 2,48812
28161,"Yalobusha, MS",1,Personal income (thousands of dollars),562610
28161,"Yalobusha, MS",2,Population (persons) 1,12458
28161,"Yalobusha, MS",3,Per capita personal income (dollars) 2,45161
28163,"Yazoo, MS",1,Personal income (thousands of dollars),1045441
28163,"Yazoo, MS",2,Population (persons) 1,23024
28163,"Yazoo, MS",3,Per capita personal income (dollars) 2,45407
29001,"Adair, MO",1,Personal income (thousands of dollars),1057510
29001,"Adair, MO",2,Population (persons) 1,25660
29001,"Adair, MO",3,Per capita personal income (dollars) 2,41212
29003,"Andrew, MO",1,Personal income (thousands of dollars),1023696
29003,"Andrew, MO",2,Population (persons) 1,18091
29003,"Andrew, MO",3,Per capita personal income (dollars) 2,56586
29005,"Atchison, MO",1,Personal income (thousands of dollars),277049
29005,"Atchison, MO",2,Population (persons) 1,5139
29005,"Atchison, MO",3,Per capita personal income (dollars) 2,53911
29007,"Audrain, MO",1,Personal income (thousands of dollars),1191893
29007,"Audrain, MO",2,Population (persons) 1,24304
29007,"Audrain, MO",3,Per capita personal income (dollars) 2,49041
29009,"Barry, MO",1,Personal income (thousands of dollars),1687384
29009,"Barry, MO",2,Population (persons) 1,35618
29009,"Barry, MO",3,Per capita personal income (dollars) 2,47374
29011,"Barton, MO",1,Personal income (thousands of dollars),559363
29011,"Barton, MO",2,Population (persons) 1,11717
29011,"Barton, MO",3,Per capita personal income (dollars) 2,47739
29013,"Bates, MO",1,Personal income (thousands of dollars),865662
29013,"Bates, MO",2,Population (persons) 1,16394
29013,"Bates, MO",3,Per capita personal income (dollars) 2,52804
29015,"Benton, MO",1,Personal income (thousands of dollars),1001226
29015,"Benton, MO",2,Population (persons) 1,20614
29015,"Benton, MO",3,Per capita personal income (dollars) 2,48570
29017,"Bollinger, MO",1,Personal income (thousands of dollars),526433
29017,"Bollinger, MO",2,Population (persons) 1,10610
29017,"Bollinger, MO",3,Per capita personal income (dollars) 2,49617
29019,"Boone, MO",1,Personal income (thousands of dollars),11937215
29019,"Boone, MO",2,Population (persons) 1,192154
29019,"Boone, MO",3,Per capita personal income (dollars) 2,62123
29021,"Buchanan, MO",1,Personal income (thousands of dollars),4538537
29021,"Buchanan, MO",2,Population (persons) 1,83574
29021,"Buchanan, MO",3,Per capita personal income (dollars) 2,54306
29023,"Butler, MO",1,Personal income (thousands of dollars),1997668
29023,"Butler, MO",2,Population (persons) 1,41814
29023,"Butler, MO",3,Per capita personal income (dollars) 2,47775
29025,"Caldwell, MO",1,Personal income (thousands of dollars),438891
29025,"Caldwell, MO",2,Population (persons) 1,9000
29025,"Caldwell, MO",3,Per capita personal income (dollars) 2,48766
29027,"Callaway, MO",1,Personal income (thousands of dollars),2385969
29027,"Callaway, MO",2,Population (persons) 1,45126
29027,"Callaway, MO",3,Per capita personal income (dollars) 2,52873
29029,"Camden, MO",1,Personal income (thousands of dollars),2565480
29029,"Camden, MO",2,Population (persons) 1,44135
29029,"Camden, MO",3,Per capita personal income (dollars) 2,58128
29031,"Cape Girardeau, MO",1,Personal income (thousands of dollars),4624505
29031,"Cape Girardeau, MO",2,Population (persons) 1,83658
29031,"Cape Girardeau, MO",3,Per capita personal income (dollars) 2,55279
29033,"Carroll, MO",1,Personal income (thousands of dollars),522701
29033,"Carroll, MO",2,Population (persons) 1,8414
29033,"Carroll, MO",3,Per capita personal income (dollars) 2,62123
29035,"Carter, MO",1,Personal income (thousands of dollars),281611
29035,"Carter, MO",2,Population (persons) 1,5359
29035,"Carter, MO",3,Per capita personal income (dollars) 2,52549
29037,"Cass, MO",1,Personal income (thousands of dollars),7140816
29037,"Cass, MO",2,Population (persons) 1,113873
29037,"Cass, MO",3,Per capita personal income (dollars) 2,62709
29039,"Cedar, MO",1,Personal income (thousands of dollars),634860
29039,"Cedar, MO",2,Population (persons) 1,15023
29039,"Cedar, MO",3,Per capita personal income (dollars) 2,42259
29041,"Chariton, MO",1,Personal income (thousands of dollars),413105
29041,"Chariton, MO",2,Population (persons) 1,7397
29041,"Chariton, MO",3,Per capita personal income (dollars) 2,55848
29043,"Christian, MO",1,Personal income (thousands of dollars),5389846
29043,"Christian, MO",2,Population (persons) 1,96045
29043,"Christian, MO",3,Per capita personal income (dollars) 2,56118
29045,"Clark, MO",1,Personal income (thousands of dollars),309586
29045,"Clark, MO",2,Population (persons) 1,6623
29045,"Clark, MO",3,Per capita personal income (dollars) 2,46744
29047,"Clay, MO",1,Personal income (thousands of dollars),16363216
29047,"Clay, MO",2,Population (persons) 1,263370
29047,"Clay, MO",3,Per capita personal income (dollars) 2,62130
29049,"Clinton, MO",1,Personal income (thousands of dollars),1187541
29049,"Clinton, MO",2,Population (persons) 1,21721
29049,"Clinton, MO",3,Per capita personal income (dollars) 2,54672
29051,"Cole, MO",1,Personal income (thousands of dollars),5014104
29051,"Cole, MO",2,Population (persons) 1,77625
29051,"Cole, MO",3,Per capita personal income (dollars) 2,64594
29053,"Cooper, MO",1,Personal income (thousands of dollars),952444
29053,"Cooper, MO",2,Population (persons) 1,17122
29053,"Cooper, MO",3,Per capita personal income (dollars) 2,55627
29055,"Crawford, MO",1,Personal income (thousands of dollars),1153249
29055,"Crawford, MO",2,Population (persons) 1,22808
29055,"Crawford, MO",3,Per capita personal income (dollars) 2,50563
29057,"Dade, MO",1,Personal income (thousands of dollars),365837
29057,"Dade, MO",2,Population (persons) 1,7622
29057,"Dade, MO",3,Per capita personal income (dollars) 2,47998
29059,"Dallas, MO",1,Personal income (thousands of dollars),789019
29059,"Dallas, MO",2,Population (persons) 1,17877
29059,"Dallas, MO",3,Per capita personal income (dollars) 2,44136
29061,"Daviess, MO",1,Personal income (thousands of dollars),376408
29061,"Daviess, MO",2,Population (persons) 1,8541
29061,"Daviess, MO",3,Per capita personal income (dollars) 2,44071
29063,"DeKalb, MO",1,Personal income (thousands of dollars),459098
29063,"DeKalb, MO",2,Population (persons) 1,9884
29063,"DeKalb, MO",3,Per capita personal income (dollars) 2,46449
29065,"Dent, MO",1,Personal income (thousands of dollars),684191
29065,"Dent, MO",2,Population (persons) 1,14721
29065,"Dent, MO",3,Per capita personal income (dollars) 2,46477
29067,"Douglas, MO",1,Personal income (thousands of dollars),497927
29067,"Douglas, MO",2,Population (persons) 1,12290
29067,"Douglas, MO",3,Per capita personal income (dollars) 2,40515
29069,"Dunklin, MO",1,Personal income (thousands of dollars),1374779
29069,"Dunklin, MO",2,Population (persons) 1,27002
29069,"Dunklin, MO",3,Per capita personal income (dollars) 2,50914
29071,"Franklin, MO",1,Personal income (thousands of dollars),6335740
29071,"Franklin, MO",2,Population (persons) 1,107256
29071,"Franklin, MO",3,Per capita personal income (dollars) 2,59071
29073,"Gasconade, MO",1,Personal income (thousands of dollars),767798
29073,"Gasconade, MO",2,Population (persons) 1,14655
29073,"Gasconade, MO",3,Per capita personal income (dollars) 2,52392
29075,"Gentry, MO",1,Personal income (thousands of dollars),343746
29075,"Gentry, MO",2,Population (persons) 1,6298
29075,"Gentry, MO",3,Per capita personal income (dollars) 2,54580
29077,"Greene, MO",1,Personal income (thousands of dollars),17867757
29077,"Greene, MO",2,Population (persons) 1,307942
29077,"Greene, MO",3,Per capita personal income (dollars) 2,58023
29079,"Grundy, MO",1,Personal income (thousands of dollars),441045
29079,"Grundy, MO",2,Population (persons) 1,9766
29079,"Grundy, MO",3,Per capita personal income (dollars) 2,45161
29081,"Harrison, MO",1,Personal income (thousands of dollars),383129
29081,"Harrison, MO",2,Population (persons) 1,8186
29081,"Harrison, MO",3,Per capita personal income (dollars) 2,46803
29083,"Henry, MO",1,Personal income (thousands of dollars),1252905
29083,"Henry, MO",2,Population (persons) 1,22575
29083,"Henry, MO",3,Per capita personal income (dollars) 2,55500
29085,"Hickory, MO",1,Personal income (thousands of dollars),394188
29085,"Hickory, MO",2,Population (persons) 1,8766
29085,"Hickory, MO",3,Per capita personal income (dollars) 2,44968
29087,"Holt, MO",1,Personal income (thousands of dollars),271459
29087,"Holt, MO",2,Population (persons) 1,4241
29087,"Holt, MO",3,Per capita personal income (dollars) 2,64008
29089,"Howard, MO",1,Personal income (thousands of dollars),552140
29089,"Howard, MO",2,Population (persons) 1,10150
29089,"Howard, MO",3,Per capita personal income (dollars) 2,54398
29091,"Howell, MO",1,Personal income (thousands of dollars),1874832
29091,"Howell, MO",2,Population (persons) 1,40762
29091,"Howell, MO",3,Per capita personal income (dollars) 2,45995
29093,"Iron, MO",1,Personal income (thousands of dollars),443542
29093,"Iron, MO",2,Population (persons) 1,9420
29093,"Iron, MO",3,Per capita personal income (dollars) 2,47085
29095,"Jackson, MO",1,Personal income (thousands of dollars),43735644
29095,"Jackson, MO",2,Population (persons) 1,727362
29095,"Jackson, MO",3,Per capita personal income (dollars) 2,60129
29097,"Jasper, MO",1,Personal income (thousands of dollars),6251491
29097,"Jasper, MO",2,Population (persons) 1,126479
29097,"Jasper, MO",3,Per capita personal income (dollars) 2,49427
29099,"Jefferson, MO",1,Personal income (thousands of dollars),13196123
29099,"Jefferson, MO",2,Population (persons) 1,231888
29099,"Jefferson, MO",3,Per capita personal income (dollars) 2,56907
29101,"Johnson, MO",1,Personal income (thousands of dollars),2705717
29101,"Johnson, MO",2,Population (persons) 1,55880
29101,"Johnson, MO",3,Per capita personal income (dollars) 2,48420
29103,"Knox, MO",1,Personal income (thousands of dollars),183203
29103,"Knox, MO",2,Population (persons) 1,3740
29103,"Knox, MO",3,Per capita personal income (dollars) 2,48985
29105,"Laclede, MO",1,Personal income (thousands of dollars),1819609
29105,"Laclede, MO",2,Population (persons) 1,36738
29105,"Laclede, MO",3,Per capita personal income (dollars) 2,49529
29107,"Lafayette, MO",1,Personal income (thousands of dollars),1856180
29107,"Lafayette, MO",2,Population (persons) 1,33511
29107,"Lafayette, MO",3,Per capita personal income (dollars) 2,55390
29109,"Lawrence, MO",1,Personal income (thousands of dollars),1722805
29109,"Lawrence, MO",2,Population (persons) 1,39151
29109,"Lawrence, MO",3,Per capita personal income (dollars) 2,44004
29111,"Lewis, MO",1,Personal income (thousands of dollars),453678
29111,"Lewis, MO",2,Population (persons) 1,9852
29111,"Lewis, MO",3,Per capita personal income (dollars) 2,46049
29113,"Lincoln, MO",1,Personal income (thousands of dollars),3562643
29113,"Lincoln, MO",2,Population (persons) 1,65888
29113,"Lincoln, MO",3,Per capita personal income (dollars) 2,54071
29115,"Linn, MO",1,Personal income (thousands of dollars),604657
29115,"Linn, MO",2,Population (persons) 1,11910
29115,"Linn, MO",3,Per capita personal income (dollars) 2,50769
29117,"Livingston, MO",1,Personal income (thousands of dollars),756871
29117,"Livingston, MO",2,Population (persons) 1,14658
29117,"Livingston, MO",3,Per capita personal income (dollars) 2,51635
29119,"McDonald, MO",1,Personal income (thousands of dollars),1009094
29119,"McDonald, MO",2,Population (persons) 1,24054
29119,"McDonald, MO",3,Per capita personal income (dollars) 2,41951
29121,"Macon, MO",1,Personal income (thousands of dollars),803860
29121,"Macon, MO",2,Population (persons) 1,15177
29121,"Macon, MO",3,Per capita personal income (dollars) 2,52966
29123,"Madison, MO",1,Personal income (thousands of dollars),599631
29123,"Madison, MO",2,Population (persons) 1,12852
29123,"Madison, MO",3,Per capita personal income (dollars) 2,46657
29125,"Maries, MO",1,Personal income (thousands of dollars),401156
29125,"Maries, MO",2,Population (persons) 1,8506
29125,"Maries, MO",3,Per capita personal income (dollars) 2,47162
29127,"Marion, MO",1,Personal income (thousands of dollars),1542159
29127,"Marion, MO",2,Population (persons) 1,28425
29127,"Marion, MO",3,Per capita personal income (dollars) 2,54254
29129,"Mercer, MO",1,Personal income (thousands of dollars),154016
29129,"Mercer, MO",2,Population (persons) 1,3452
29129,"Mercer, MO",3,Per capita personal income (dollars) 2,44616
29131,"Miller, MO",1,Personal income (thousands of dollars),1278238
29131,"Miller, MO",2,Population (persons) 1,25668
29131,"Miller, MO",3,Per capita personal income (dollars) 2,49799
29133,"Mississippi, MO",1,Personal income (thousands of dollars),505055
29133,"Mississippi, MO",2,Population (persons) 1,11750
29133,"Mississippi, MO",3,Per capita personal income (dollars) 2,42983
29135,"Moniteau, MO",1,Personal income (thousands of dollars),830223
29135,"Moniteau, MO",2,Population (persons) 1,15294
29135,"Moniteau, MO",3,Per capita personal income (dollars) 2,54284
29137,"Monroe, MO",1,Personal income (thousands of dollars),484126
29137,"Monroe, MO",2,Population (persons) 1,8890
29137,"Monroe, MO",3,Per capita personal income (dollars) 2,54457
29139,"Montgomery, MO",1,Personal income (thousands of dollars),645032
29139,"Montgomery, MO",2,Population (persons) 1,11511
29139,"Montgomery, MO",3,Per capita personal income (dollars) 2,56036
29141,"Morgan, MO",1,Personal income (thousands of dollars),1141375
29141,"Morgan, MO",2,Population (persons) 1,22399
29141,"Morgan, MO",3,Per capita personal income (dollars) 2,50957
29143,"New Madrid, MO",1,Personal income (thousands of dollars),825381
29143,"New Madrid, MO",2,Population (persons) 1,15212
29143,"New Madrid, MO",3,Per capita personal income (dollars) 2,54259
29145,"Newton, MO",1,Personal income (thousands of dollars),3088259
29145,"Newton, MO",2,Population (persons) 1,61519
29145,"Newton, MO",3,Per capita personal income (dollars) 2,50200
29147,"Nodaway, MO",1,Personal income (thousands of dollars),925935
29147,"Nodaway, MO",2,Population (persons) 1,20503
29147,"Nodaway, MO",3,Per capita personal income (dollars) 2,45161
29149,"Oregon, MO",1,Personal income (thousands of dollars),424896
29149,"Oregon, MO",2,Population (persons) 1,8699
29149,"Oregon, MO",3,Per capita personal income (dollars) 2,48844
29151,"Osage, MO",1,Personal income (thousands of dollars),801602
29151,"Osage, MO",2,Population (persons) 1,13478
29151,"Osage, MO",3,Per capita personal income (dollars) 2,59475
29153,"Ozark, MO",1,Personal income (thousands of dollars),398122
29153,"Ozark, MO",2,Population (persons) 1,9090
29153,"Ozark, MO",3,Per capita personal income (dollars) 2,43798
29155,"Pemiscot, MO",1,Personal income (thousands of dollars),776454
29155,"Pemiscot, MO",2,Population (persons) 1,14407
29155,"Pemiscot, MO",3,Per capita personal income (dollars) 2,53894
29157,"Perry, MO",1,Personal income (thousands of dollars),1057990
29157,"Perry, MO",2,Population (persons) 1,19100
29157,"Perry, MO",3,Per capita personal income (dollars) 2,55392
29159,"Pettis, MO",1,Personal income (thousands of dollars),2142682
29159,"Pettis, MO",2,Population (persons) 1,43791
29159,"Pettis, MO",3,Per capita personal income (dollars) 2,48930
29161,"Phelps, MO",1,Personal income (thousands of dollars),2260987
29161,"Phelps, MO",2,Population (persons) 1,45672
29161,"Phelps, MO",3,Per capita personal income (dollars) 2,49505
29163,"Pike, MO",1,Personal income (thousands of dollars),814896
29163,"Pike, MO",2,Population (persons) 1,17961
29163,"Pike, MO",3,Per capita personal income (dollars) 2,45370
29165,"Platte, MO",1,Personal income (thousands of dollars),8559213
29165,"Platte, MO",2,Population (persons) 1,113207
29165,"Platte, MO",3,Per capita personal income (dollars) 2,75607
29167,"Polk, MO",1,Personal income (thousands of dollars),1560007
29167,"Polk, MO",2,Population (persons) 1,33070
29167,"Polk, MO",3,Per capita personal income (dollars) 2,47173
29169,"Pulaski, MO",1,Personal income (thousands of dollars),2716551
29169,"Pulaski, MO",2,Population (persons) 1,53964
29169,"Pulaski, MO",3,Per capita personal income (dollars) 2,50340
29171,"Putnam, MO",1,Personal income (thousands of dollars),230100
29171,"Putnam, MO",2,Population (persons) 1,4539
29171,"Putnam, MO",3,Per capita personal income (dollars) 2,50694
29173,"Ralls, MO",1,Personal income (thousands of dollars),542584
29173,"Ralls, MO",2,Population (persons) 1,10499
29173,"Ralls, MO",3,Per capita personal income (dollars) 2,51680
29175,"Randolph, MO",1,Personal income (thousands of dollars),1365915
29175,"Randolph, MO",2,Population (persons) 1,24077
29175,"Randolph, MO",3,Per capita personal income (dollars) 2,56731
29177,"Ray, MO",1,Personal income (thousands of dollars),1248319
29177,"Ray, MO",2,Population (persons) 1,23199
29177,"Ray, MO",3,Per capita personal income (dollars) 2,53809
29179,"Reynolds, MO",1,Personal income (thousands of dollars),258274
29179,"Reynolds, MO",2,Population (persons) 1,5927
29179,"Reynolds, MO",3,Per capita personal income (dollars) 2,43576
29181,"Ripley, MO",1,Personal income (thousands of dollars),536408
29181,"Ripley, MO",2,Population (persons) 1,10715
29181,"Ripley, MO",3,Per capita personal income (dollars) 2,50061
29183,"St. Charles, MO",1,Personal income (thousands of dollars),30488621
29183,"St. Charles, MO",2,Population (persons) 1,423726
29183,"St. Charles, MO",3,Per capita personal income (dollars) 2,71954
29185,"St. Clair, MO",1,Personal income (thousands of dollars),403763
29185,"St. Clair, MO",2,Population (persons) 1,9848
29185,"St. Clair, MO",3,Per capita personal income (dollars) 2,40999
29186,"Ste. Genevieve, MO",1,Personal income (thousands of dollars),1015045
29186,"Ste. Genevieve, MO",2,Population (persons) 1,18546
29186,"Ste. Genevieve, MO",3,Per capita personal income (dollars) 2,54731
29187,"St. Francois, MO",1,Personal income (thousands of dollars),3180480
29187,"St. Francois, MO",2,Population (persons) 1,67503
29187,"St. Francois, MO",3,Per capita personal income (dollars) 2,47116
29189,"St. Louis, MO",1,Personal income (thousands of dollars),104033931
29189,"St. Louis, MO",2,Population (persons) 1,992929
29189,"St. Louis, MO",3,Per capita personal income (dollars) 2,104775
29195,"Saline, MO",1,Personal income (thousands of dollars),1198067
29195,"Saline, MO",2,Population (persons) 1,23325
29195,"Saline, MO",3,Per capita personal income (dollars) 2,51364
29197,"Schuyler, MO",1,Personal income (thousands of dollars),191597
29197,"Schuyler, MO",2,Population (persons) 1,4069
29197,"Schuyler, MO",3,Per capita personal income (dollars) 2,47087
29199,"Scotland, MO",1,Personal income (thousands of dollars),257661
29199,"Scotland, MO",2,Population (persons) 1,4698
29199,"Scotland, MO",3,Per capita personal income (dollars) 2,54845
29201,"Scott, MO",1,Personal income (thousands of dollars),2057910
29201,"Scott, MO",2,Population (persons) 1,37957
29201,"Scott, MO",3,Per capita personal income (dollars) 2,54217
29203,"Shannon, MO",1,Personal income (thousands of dollars),332673
29203,"Shannon, MO",2,Population (persons) 1,7275
29203,"Shannon, MO",3,Per capita personal income (dollars) 2,45728
29205,"Shelby, MO",1,Personal income (thousands of dollars),316506
29205,"Shelby, MO",2,Population (persons) 1,5926
29205,"Shelby, MO",3,Per capita personal income (dollars) 2,53410
29207,"Stoddard, MO",1,Personal income (thousands of dollars),1418733
29207,"Stoddard, MO",2,Population (persons) 1,28438
29207,"Stoddard, MO",3,Per capita personal income (dollars) 2,49889
29209,"Stone, MO",1,Personal income (thousands of dollars),1805094
29209,"Stone, MO",2,Population (persons) 1,32630
29209,"Stone, MO",3,Per capita personal income (dollars) 2,55320
29211,"Sullivan, MO",1,Personal income (thousands of dollars),303969
29211,"Sullivan, MO",2,Population (persons) 1,5750
29211,"Sullivan, MO",3,Per capita personal income (dollars) 2,52864
29213,"Taney, MO",1,Personal income (thousands of dollars),2948378
29213,"Taney, MO",2,Population (persons) 1,56744
29213,"Taney, MO",3,Per capita personal income (dollars) 2,51959
29215,"Texas, MO",1,Personal income (thousands of dollars),1058423
29215,"Texas, MO",2,Population (persons) 1,25715
29215,"Texas, MO",3,Per capita personal income (dollars) 2,41160
29217,"Vernon, MO",1,Personal income (thousands of dollars),949836
29217,"Vernon, MO",2,Population (persons) 1,19787
29217,"Vernon, MO",3,Per capita personal income (dollars) 2,48003
29219,"Warren, MO",1,Personal income (thousands of dollars),2168022
29219,"Warren, MO",2,Population (persons) 1,38478
29219,"Warren, MO",3,Per capita personal income (dollars) 2,56344
29221,"Washington, MO",1,Personal income (thousands of dollars),995285
29221,"Washington, MO",2,Population (persons) 1,23583
29221,"Washington, MO",3,Per capita personal income (dollars) 2,42203
29223,"Wayne, MO",1,Personal income (thousands of dollars),523367
29223,"Wayne, MO",2,Population (persons) 1,10820
29223,"Wayne, MO",3,Per capita personal income (dollars) 2,48370
29225,"Webster, MO",1,Personal income (thousands of dollars),1959033
29225,"Webster, MO",2,Population (persons) 1,42041
29225,"Webster, MO",3,Per capita personal income (dollars) 2,46598
29227,"Worth, MO",1,Personal income (thousands of dollars),92133
29227,"Worth, MO",2,Population (persons) 1,1872
29227,"Worth, MO",3,Per capita personal income (dollars) 2,49216
29229,"Wright, MO",1,Personal income (thousands of dollars),835076
29229,"Wright, MO",2,Population (persons) 1,19505
29229,"Wright, MO",3,Per capita personal income (dollars) 2,42813
29510,"St. Louis (Independent City), MO",1,Personal income (thousands of dollars),18629362
29510,"St. Louis (Independent City), MO",2,Population (persons) 1,279695
29510,"St. Louis (Independent City), MO",3,Per capita personal income (dollars) 2,66606
30001,"Beaverhead, MT",1,Personal income (thousands of dollars),621228
30001,"Beaverhead, MT",2,Population (persons) 1,10006
30001,"Beaverhead, MT",3,Per capita personal income (dollars) 2,62086
30003,"Big Horn, MT",1,Personal income (thousands of dollars),510791
30003,"Big Horn, MT",2,Population (persons) 1,12796
30003,"Big Horn, MT",3,Per capita personal income (dollars) 2,39918
30005,"Blaine, MT",1,Personal income (thousands of dollars),259236
30005,"Blaine, MT",2,Population (persons) 1,6903
30005,"Blaine, MT",3,Per capita personal income (dollars) 2,37554
30007,"Broadwater, MT",1,Personal income (thousands of dollars),473390
30007,"Broadwater, MT",2,Population (persons) 1,8302
30007,"Broadwater, MT",3,Per capita personal income (dollars) 2,57021
30009,"Carbon, MT",1,Personal income (thousands of dollars),820367
30009,"Carbon, MT",2,Population (persons) 1,11498
30009,"Carbon, MT",3,Per capita personal income (dollars) 2,71349
30011,"Carter, MT",1,Personal income (thousands of dollars),74628
30011,"Carter, MT",2,Population (persons) 1,1399
30011,"Carter, MT",3,Per capita personal income (dollars) 2,53344
30013,"Cascade, MT",1,Personal income (thousands of dollars),5398043
30013,"Cascade, MT",2,Population (persons) 1,84523
30013,"Cascade, MT",3,Per capita personal income (dollars) 2,63865
30015,"Chouteau, MT",1,Personal income (thousands of dollars),305102
30015,"Chouteau, MT",2,Population (persons) 1,5880
30015,"Chouteau, MT",3,Per capita personal income (dollars) 2,51888
30017,"Custer, MT",1,Personal income (thousands of dollars),705221
30017,"Custer, MT",2,Population (persons) 1,11964
30017,"Custer, MT",3,Per capita personal income (dollars) 2,58945
30019,"Daniels, MT",1,Personal income (thousands of dollars),99692
30019,"Daniels, MT",2,Population (persons) 1,1625
30019,"Daniels, MT",3,Per capita personal income (dollars) 2,61349
30021,"Dawson, MT",1,Personal income (thousands of dollars),482357
30021,"Dawson, MT",2,Population (persons) 1,8731
30021,"Dawson, MT",3,Per capita personal income (dollars) 2,55246
30023,"Deer Lodge, MT",1,Personal income (thousands of dollars),526000
30023,"Deer Lodge, MT",2,Population (persons) 1,9811
30023,"Deer Lodge, MT",3,Per capita personal income (dollars) 2,53613
30025,"Fallon, MT",1,Personal income (thousands of dollars),171937
30025,"Fallon, MT",2,Population (persons) 1,2946
30025,"Fallon, MT",3,Per capita personal income (dollars) 2,58363
30027,"Fergus, MT",1,Personal income (thousands of dollars),673779
30027,"Fergus, MT",2,Population (persons) 1,11862
30027,"Fergus, MT",3,Per capita personal income (dollars) 2,56801
30029,"Flathead, MT",1,Personal income (thousands of dollars),8456962
30029,"Flathead, MT",2,Population (persons) 1,114527
30029,"Flathead, MT",3,Per capita personal income (dollars) 2,73843
30031,"Gallatin, MT",1,Personal income (thousands of dollars),12009228
30031,"Gallatin, MT",2,Population (persons) 1,126984
30031,"Gallatin, MT",3,Per capita personal income (dollars) 2,94573
30033,"Garfield, MT",1,Personal income (thousands of dollars),53706
30033,"Garfield, MT",2,Population (persons) 1,1181
30033,"Garfield, MT",3,Per capita personal income (dollars) 2,45475
30035,"Glacier, MT",1,Personal income (thousands of dollars),666654
30035,"Glacier, MT",2,Population (persons) 1,13503
30035,"Glacier, MT",3,Per capita personal income (dollars) 2,49371
30037,"Golden Valley, MT",1,Personal income (thousands of dollars),51122
30037,"Golden Valley, MT",2,Population (persons) 1,863
30037,"Golden Valley, MT",3,Per capita personal income (dollars) 2,59238
30039,"Granite, MT",1,Personal income (thousands of dollars),209845
30039,"Granite, MT",2,Population (persons) 1,3602
30039,"Granite, MT",3,Per capita personal income (dollars) 2,58258
30041,"Hill, MT",1,Personal income (thousands of dollars),918074
30041,"Hill, MT",2,Population (persons) 1,16065
30041,"Hill, MT",3,Per capita personal income (dollars) 2,57147
30043,"Jefferson, MT",1,Personal income (thousands of dollars),908604
30043,"Jefferson, MT",2,Population (persons) 1,13304
30043,"Jefferson, MT",3,Per capita personal income (dollars) 2,68296
30045,"Judith Basin, MT",1,Personal income (thousands of dollars),124788
30045,"Judith Basin, MT",2,Population (persons) 1,2111
30045,"Judith Basin, MT",3,Per capita personal income (dollars) 2,59113
30047,"Lake, MT",1,Personal income (thousands of dollars),1796341
30047,"Lake, MT",2,Population (persons) 1,33403
30047,"Lake, MT",3,Per capita personal income (dollars) 2,53778
30049,"Lewis and Clark, MT",1,Personal income (thousands of dollars),5062987
30049,"Lewis and Clark, MT",2,Population (persons) 1,75129
30049,"Lewis and Clark, MT",3,Per capita personal income (dollars) 2,67391
30051,"Liberty, MT",1,Personal income (thousands of dollars),131588
30051,"Liberty, MT",2,Population (persons) 1,1934
30051,"Liberty, MT",3,Per capita personal income (dollars) 2,68039
30053,"Lincoln, MT",1,Personal income (thousands of dollars),1113540
30053,"Lincoln, MT",2,Population (persons) 1,22184
30053,"Lincoln, MT",3,Per capita personal income (dollars) 2,50196
30055,"McCone, MT",1,Personal income (thousands of dollars),78344
30055,"McCone, MT",2,Population (persons) 1,1717
30055,"McCone, MT",3,Per capita personal income (dollars) 2,45628
30057,"Madison, MT",1,Personal income (thousands of dollars),769618
30057,"Madison, MT",2,Population (persons) 1,9753
30057,"Madison, MT",3,Per capita personal income (dollars) 2,78911
30059,"Meagher, MT",1,Personal income (thousands of dollars),125445
30059,"Meagher, MT",2,Population (persons) 1,2065
30059,"Meagher, MT",3,Per capita personal income (dollars) 2,60748
30061,"Mineral, MT",1,Personal income (thousands of dollars),264799
30061,"Mineral, MT",2,Population (persons) 1,5195
30061,"Mineral, MT",3,Per capita personal income (dollars) 2,50972
30063,"Missoula, MT",1,Personal income (thousands of dollars),9095732
30063,"Missoula, MT",2,Population (persons) 1,122546
30063,"Missoula, MT",3,Per capita personal income (dollars) 2,74223
30065,"Musselshell, MT",1,Personal income (thousands of dollars),283960
30065,"Musselshell, MT",2,Population (persons) 1,5452
30065,"Musselshell, MT",3,Per capita personal income (dollars) 2,52084
30067,"Park, MT",1,Personal income (thousands of dollars),1286060
30067,"Park, MT",2,Population (persons) 1,18074
30067,"Park, MT",3,Per capita personal income (dollars) 2,71155
30069,"Petroleum, MT",1,Personal income (thousands of dollars),22156
30069,"Petroleum, MT",2,Population (persons) 1,525
30069,"Petroleum, MT",3,Per capita personal income (dollars) 2,42202
30071,"Phillips, MT",1,Personal income (thousands of dollars),194479
30071,"Phillips, MT",2,Population (persons) 1,4214
30071,"Phillips, MT",3,Per capita personal income (dollars) 2,46151
30073,"Pondera, MT",1,Personal income (thousands of dollars),401267
30073,"Pondera, MT",2,Population (persons) 1,6078
30073,"Pondera, MT",3,Per capita personal income (dollars) 2,66020
30075,"Powder River, MT",1,Personal income (thousands of dollars),89339
30075,"Powder River, MT",2,Population (persons) 1,1734
30075,"Powder River, MT",3,Per capita personal income (dollars) 2,51522
30077,"Powell, MT",1,Personal income (thousands of dollars),402395
30077,"Powell, MT",2,Population (persons) 1,7120
30077,"Powell, MT",3,Per capita personal income (dollars) 2,56516
30079,"Prairie, MT",1,Personal income (thousands of dollars),68484
30079,"Prairie, MT",2,Population (persons) 1,1112
30079,"Prairie, MT",3,Per capita personal income (dollars) 2,61586
30081,"Ravalli, MT",1,Personal income (thousands of dollars),3293794
30081,"Ravalli, MT",2,Population (persons) 1,48187
30081,"Ravalli, MT",3,Per capita personal income (dollars) 2,68354
30083,"Richland, MT",1,Personal income (thousands of dollars),843734
30083,"Richland, MT",2,Population (persons) 1,11028
30083,"Richland, MT",3,Per capita personal income (dollars) 2,76508
30085,"Roosevelt, MT",1,Personal income (thousands of dollars),471693
30085,"Roosevelt, MT",2,Population (persons) 1,10197
30085,"Roosevelt, MT",3,Per capita personal income (dollars) 2,46258
30087,"Rosebud, MT",1,Personal income (thousands of dollars),475602
30087,"Rosebud, MT",2,Population (persons) 1,8194
30087,"Rosebud, MT",3,Per capita personal income (dollars) 2,58043
30089,"Sanders, MT",1,Personal income (thousands of dollars),683481
30089,"Sanders, MT",2,Population (persons) 1,13895
30089,"Sanders, MT",3,Per capita personal income (dollars) 2,49189
30091,"Sheridan, MT",1,Personal income (thousands of dollars),197259
30091,"Sheridan, MT",2,Population (persons) 1,3448
30091,"Sheridan, MT",3,Per capita personal income (dollars) 2,57210
30093,"Silver Bow, MT",1,Personal income (thousands of dollars),2249490
30093,"Silver Bow, MT",2,Population (persons) 1,36134
30093,"Silver Bow, MT",3,Per capita personal income (dollars) 2,62254
30095,"Stillwater, MT",1,Personal income (thousands of dollars),677700
30095,"Stillwater, MT",2,Population (persons) 1,9450
30095,"Stillwater, MT",3,Per capita personal income (dollars) 2,71714
30097,"Sweet Grass, MT",1,Personal income (thousands of dollars),249964
30097,"Sweet Grass, MT",2,Population (persons) 1,3757
30097,"Sweet Grass, MT",3,Per capita personal income (dollars) 2,66533
30099,"Teton, MT",1,Personal income (thousands of dollars),390407
30099,"Teton, MT",2,Population (persons) 1,6444
30099,"Teton, MT",3,Per capita personal income (dollars) 2,60585
30101,"Toole, MT",1,Personal income (thousands of dollars),326990
30101,"Toole, MT",2,Population (persons) 1,5153
30101,"Toole, MT",3,Per capita personal income (dollars) 2,63456
30103,"Treasure, MT",1,Personal income (thousands of dollars),46123
30103,"Treasure, MT",2,Population (persons) 1,739
30103,"Treasure, MT",3,Per capita personal income (dollars) 2,62413
30105,"Valley, MT",1,Personal income (thousands of dollars),445578
30105,"Valley, MT",2,Population (persons) 1,7434
30105,"Valley, MT",3,Per capita personal income (dollars) 2,59938
30107,"Wheatland, MT",1,Personal income (thousands of dollars),113099
30107,"Wheatland, MT",2,Population (persons) 1,2058
30107,"Wheatland, MT",3,Per capita personal income (dollars) 2,54956
30109,"Wibaux, MT",1,Personal income (thousands of dollars),46338
30109,"Wibaux, MT",2,Population (persons) 1,911
30109,"Wibaux, MT",3,Per capita personal income (dollars) 2,50865
30111,"Yellowstone, MT",1,Personal income (thousands of dollars),12523013
30111,"Yellowstone, MT",2,Population (persons) 1,171583
30111,"Yellowstone, MT",3,Per capita personal income (dollars) 2,72985
31001,"Adams, NE",1,Personal income (thousands of dollars),2152524
31001,"Adams, NE",2,Population (persons) 1,31196
31001,"Adams, NE",3,Per capita personal income (dollars) 2,69000
31003,"Antelope, NE",1,Personal income (thousands of dollars),431940
31003,"Antelope, NE",2,Population (persons) 1,6358
31003,"Antelope, NE",3,Per capita personal income (dollars) 2,67936
31005,"Arthur, NE",1,Personal income (thousands of dollars),30253
31005,"Arthur, NE",2,Population (persons) 1,423
31005,"Arthur, NE",3,Per capita personal income (dollars) 2,71520
31007,"Banner, NE",1,Personal income (thousands of dollars),46001
31007,"Banner, NE",2,Population (persons) 1,665
31007,"Banner, NE",3,Per capita personal income (dollars) 2,69174
31009,"Blaine, NE",1,Personal income (thousands of dollars),35449
31009,"Blaine, NE",2,Population (persons) 1,454
31009,"Blaine, NE",3,Per capita personal income (dollars) 2,78081
31011,"Boone, NE",1,Personal income (thousands of dollars),384660
31011,"Boone, NE",2,Population (persons) 1,5354
31011,"Boone, NE",3,Per capita personal income (dollars) 2,71845
31013,"Box Butte, NE",1,Personal income (thousands of dollars),650444
31013,"Box Butte, NE",2,Population (persons) 1,10703
31013,"Box Butte, NE",3,Per capita personal income (dollars) 2,60772
31015,"Boyd, NE",1,Personal income (thousands of dollars),122959
31015,"Boyd, NE",2,Population (persons) 1,1700
31015,"Boyd, NE",3,Per capita personal income (dollars) 2,72329
31017,"Brown, NE",1,Personal income (thousands of dollars),190712
31017,"Brown, NE",2,Population (persons) 1,2877
31017,"Brown, NE",3,Per capita personal income (dollars) 2,66288
31019,"Buffalo, NE",1,Personal income (thousands of dollars),3718059
31019,"Buffalo, NE",2,Population (persons) 1,51156
31019,"Buffalo, NE",3,Per capita personal income (dollars) 2,72681
31021,"Burt, NE",1,Personal income (thousands of dollars),413596
31021,"Burt, NE",2,Population (persons) 1,6727
31021,"Burt, NE",3,Per capita personal income (dollars) 2,61483
31023,"Butler, NE",1,Personal income (thousands of dollars),597622
31023,"Butler, NE",2,Population (persons) 1,8439
31023,"Butler, NE",3,Per capita personal income (dollars) 2,70817
31025,"Cass, NE",1,Personal income (thousands of dollars),1877597
31025,"Cass, NE",2,Population (persons) 1,27492
31025,"Cass, NE",3,Per capita personal income (dollars) 2,68296
31027,"Cedar, NE",1,Personal income (thousands of dollars),548932
31027,"Cedar, NE",2,Population (persons) 1,8262
31027,"Cedar, NE",3,Per capita personal income (dollars) 2,66441
31029,"Chase, NE",1,Personal income (thousands of dollars),282321
31029,"Chase, NE",2,Population (persons) 1,3764
31029,"Chase, NE",3,Per capita personal income (dollars) 2,75006
31031,"Cherry, NE",1,Personal income (thousands of dollars),381750
31031,"Cherry, NE",2,Population (persons) 1,5558
31031,"Cherry, NE",3,Per capita personal income (dollars) 2,68685
31033,"Cheyenne, NE",1,Personal income (thousands of dollars),530257
31033,"Cheyenne, NE",2,Population (persons) 1,9602
31033,"Cheyenne, NE",3,Per capita personal income (dollars) 2,55224
31035,"Clay, NE",1,Personal income (thousands of dollars),408858
31035,"Clay, NE",2,Population (persons) 1,6103
31035,"Clay, NE",3,Per capita personal income (dollars) 2,66993
31037,"Colfax, NE",1,Personal income (thousands of dollars),618781
31037,"Colfax, NE",2,Population (persons) 1,10826
31037,"Colfax, NE",3,Per capita personal income (dollars) 2,57157
31039,"Cuming, NE",1,Personal income (thousands of dollars),720298
31039,"Cuming, NE",2,Population (persons) 1,8952
31039,"Cuming, NE",3,Per capita personal income (dollars) 2,80462
31041,"Custer, NE",1,Personal income (thousands of dollars),668980
31041,"Custer, NE",2,Population (persons) 1,10487
31041,"Custer, NE",3,Per capita personal income (dollars) 2,63791
31043,"Dakota, NE",1,Personal income (thousands of dollars),1356698
31043,"Dakota, NE",2,Population (persons) 1,21335
31043,"Dakota, NE",3,Per capita personal income (dollars) 2,63590
31045,"Dawes, NE",1,Personal income (thousands of dollars),427778
31045,"Dawes, NE",2,Population (persons) 1,8003
31045,"Dawes, NE",3,Per capita personal income (dollars) 2,53452
31047,"Dawson, NE",1,Personal income (thousands of dollars),1355295
31047,"Dawson, NE",2,Population (persons) 1,24554
31047,"Dawson, NE",3,Per capita personal income (dollars) 2,55197
31049,"Deuel, NE",1,Personal income (thousands of dollars),87452
31049,"Deuel, NE",2,Population (persons) 1,1892
31049,"Deuel, NE",3,Per capita personal income (dollars) 2,46222
31051,"Dixon, NE",1,Personal income (thousands of dollars),334128
31051,"Dixon, NE",2,Population (persons) 1,5526
31051,"Dixon, NE",3,Per capita personal income (dollars) 2,60465
31053,"Dodge, NE",1,Personal income (thousands of dollars),2366581
31053,"Dodge, NE",2,Population (persons) 1,37884
31053,"Dodge, NE",3,Per capita personal income (dollars) 2,62469
31055,"Douglas, NE",1,Personal income (thousands of dollars),51604811
31055,"Douglas, NE",2,Population (persons) 1,601158
31055,"Douglas, NE",3,Per capita personal income (dollars) 2,85842
31057,"Dundy, NE",1,Personal income (thousands of dollars),155829
31057,"Dundy, NE",2,Population (persons) 1,1581
31057,"Dundy, NE",3,Per capita personal income (dollars) 2,98564
31059,"Fillmore, NE",1,Personal income (thousands of dollars),436678
31059,"Fillmore, NE",2,Population (persons) 1,5512
31059,"Fillmore, NE",3,Per capita personal income (dollars) 2,79223
31061,"Franklin, NE",1,Personal income (thousands of dollars),181141
31061,"Franklin, NE",2,Population (persons) 1,2817
31061,"Franklin, NE",3,Per capita personal income (dollars) 2,64303
31063,"Frontier, NE",1,Personal income (thousands of dollars),122877
31063,"Frontier, NE",2,Population (persons) 1,2536
31063,"Frontier, NE",3,Per capita personal income (dollars) 2,48453
31065,"Furnas, NE",1,Personal income (thousands of dollars),256154
31065,"Furnas, NE",2,Population (persons) 1,4468
31065,"Furnas, NE",3,Per capita personal income (dollars) 2,57331
31067,"Gage, NE",1,Personal income (thousands of dollars),1755760
31067,"Gage, NE",2,Population (persons) 1,21687
31067,"Gage, NE",3,Per capita personal income (dollars) 2,80959
31069,"Garden, NE",1,Personal income (thousands of dollars),112119
31069,"Garden, NE",2,Population (persons) 1,1804
31069,"Garden, NE",3,Per capita personal income (dollars) 2,62150
31071,"Garfield, NE",1,Personal income (thousands of dollars),103642
31071,"Garfield, NE",2,Population (persons) 1,1707
31071,"Garfield, NE",3,Per capita personal income (dollars) 2,60716
31073,"Gosper, NE",1,Personal income (thousands of dollars),125511
31073,"Gosper, NE",2,Population (persons) 1,1808
31073,"Gosper, NE",3,Per capita personal income (dollars) 2,69420
31075,"Grant, NE",1,Personal income (thousands of dollars),35231
31075,"Grant, NE",2,Population (persons) 1,573
31075,"Grant, NE",3,Per capita personal income (dollars) 2,61485
31077,"Greeley, NE",1,Personal income (thousands of dollars),164734
31077,"Greeley, NE",2,Population (persons) 1,2197
31077,"Greeley, NE",3,Per capita personal income (dollars) 2,74981
31079,"Hall, NE",1,Personal income (thousands of dollars),3870581
31079,"Hall, NE",2,Population (persons) 1,62869
31079,"Hall, NE",3,Per capita personal income (dollars) 2,61566
31081,"Hamilton, NE",1,Personal income (thousands of dollars),695562
31081,"Hamilton, NE",2,Population (persons) 1,9564
31081,"Hamilton, NE",3,Per capita personal income (dollars) 2,72727
31083,"Harlan, NE",1,Personal income (thousands of dollars),221444
31083,"Harlan, NE",2,Population (persons) 1,3018
31083,"Harlan, NE",3,Per capita personal income (dollars) 2,73374
31085,"Hayes, NE",1,Personal income (thousands of dollars),61510
31085,"Hayes, NE",2,Population (persons) 1,846
31085,"Hayes, NE",3,Per capita personal income (dollars) 2,72707
31087,"Hitchcock, NE",1,Personal income (thousands of dollars),146421
31087,"Hitchcock, NE",2,Population (persons) 1,2460
31087,"Hitchcock, NE",3,Per capita personal income (dollars) 2,59521
31089,"Holt, NE",1,Personal income (thousands of dollars),678139
31089,"Holt, NE",2,Population (persons) 1,10120
31089,"Holt, NE",3,Per capita personal income (dollars) 2,67010
31091,"Hooker, NE",1,Personal income (thousands of dollars),36467
31091,"Hooker, NE",2,Population (persons) 1,698
31091,"Hooker, NE",3,Per capita personal income (dollars) 2,52245
31093,"Howard, NE",1,Personal income (thousands of dollars),395022
31093,"Howard, NE",2,Population (persons) 1,6572
31093,"Howard, NE",3,Per capita personal income (dollars) 2,60107
31095,"Jefferson, NE",1,Personal income (thousands of dollars),431487
31095,"Jefferson, NE",2,Population (persons) 1,7136
31095,"Jefferson, NE",3,Per capita personal income (dollars) 2,60466
31097,"Johnson, NE",1,Personal income (thousands of dollars),238799
31097,"Johnson, NE",2,Population (persons) 1,5219
31097,"Johnson, NE",3,Per capita personal income (dollars) 2,45756
31099,"Kearney, NE",1,Personal income (thousands of dollars),672710
31099,"Kearney, NE",2,Population (persons) 1,6749
31099,"Kearney, NE",3,Per capita personal income (dollars) 2,99676
31101,"Keith, NE",1,Personal income (thousands of dollars),485074
31101,"Keith, NE",2,Population (persons) 1,8148
31101,"Keith, NE",3,Per capita personal income (dollars) 2,59533
31103,"Keya Paha, NE",1,Personal income (thousands of dollars),53174
31103,"Keya Paha, NE",2,Population (persons) 1,819
31103,"Keya Paha, NE",3,Per capita personal income (dollars) 2,64926
31105,"Kimball, NE",1,Personal income (thousands of dollars),211704
31105,"Kimball, NE",2,Population (persons) 1,3305
31105,"Kimball, NE",3,Per capita personal income (dollars) 2,64056
31107,"Knox, NE",1,Personal income (thousands of dollars),538356
31107,"Knox, NE",2,Population (persons) 1,8306
31107,"Knox, NE",3,Per capita personal income (dollars) 2,64815
31109,"Lancaster, NE",1,Personal income (thousands of dollars),22725186
31109,"Lancaster, NE",2,Population (persons) 1,332857
31109,"Lancaster, NE",3,Per capita personal income (dollars) 2,68273
31111,"Lincoln, NE",1,Personal income (thousands of dollars),2393872
31111,"Lincoln, NE",2,Population (persons) 1,33319
31111,"Lincoln, NE",3,Per capita personal income (dollars) 2,71847
31113,"Logan, NE",1,Personal income (thousands of dollars),43909
31113,"Logan, NE",2,Population (persons) 1,694
31113,"Logan, NE",3,Per capita personal income (dollars) 2,63269
31115,"Loup, NE",1,Personal income (thousands of dollars),43901
31115,"Loup, NE",2,Population (persons) 1,582
31115,"Loup, NE",3,Per capita personal income (dollars) 2,75431
31117,"McPherson, NE",1,Personal income (thousands of dollars),28021
31117,"McPherson, NE",2,Population (persons) 1,376
31117,"McPherson, NE",3,Per capita personal income (dollars) 2,74524
31119,"Madison, NE",1,Personal income (thousands of dollars),2427362
31119,"Madison, NE",2,Population (persons) 1,35579
31119,"Madison, NE",3,Per capita personal income (dollars) 2,68225
31121,"Merrick, NE",1,Personal income (thousands of dollars),508684
31121,"Merrick, NE",2,Population (persons) 1,7837
31121,"Merrick, NE",3,Per capita personal income (dollars) 2,64908
31123,"Morrill, NE",1,Personal income (thousands of dollars),357941
31123,"Morrill, NE",2,Population (persons) 1,4485
31123,"Morrill, NE",3,Per capita personal income (dollars) 2,79808
31125,"Nance, NE",1,Personal income (thousands of dollars),175509
31125,"Nance, NE",2,Population (persons) 1,3262
31125,"Nance, NE",3,Per capita personal income (dollars) 2,53804
31127,"Nemaha, NE",1,Personal income (thousands of dollars),422719
31127,"Nemaha, NE",2,Population (persons) 1,7046
31127,"Nemaha, NE",3,Per capita personal income (dollars) 2,59994
31129,"Nuckolls, NE",1,Personal income (thousands of dollars),300355
31129,"Nuckolls, NE",2,Population (persons) 1,4094
31129,"Nuckolls, NE",3,Per capita personal income (dollars) 2,73365
31131,"Otoe, NE",1,Personal income (thousands of dollars),1038291
31131,"Otoe, NE",2,Population (persons) 1,16591
31131,"Otoe, NE",3,Per capita personal income (dollars) 2,62582
31133,"Pawnee, NE",1,Personal income (thousands of dollars),139042
31133,"Pawnee, NE",2,Population (persons) 1,2521
31133,"Pawnee, NE",3,Per capita personal income (dollars) 2,55154
31135,"Perkins, NE",1,Personal income (thousands of dollars),229161
31135,"Perkins, NE",2,Population (persons) 1,2779
31135,"Perkins, NE",3,Per capita personal income (dollars) 2,82462
31137,"Phelps, NE",1,Personal income (thousands of dollars),647621
31137,"Phelps, NE",2,Population (persons) 1,9042
31137,"Phelps, NE",3,Per capita personal income (dollars) 2,71624
31139,"Pierce, NE",1,Personal income (thousands of dollars),826756
31139,"Pierce, NE",2,Population (persons) 1,7334
31139,"Pierce, NE",3,Per capita personal income (dollars) 2,112729
31141,"Platte, NE",1,Personal income (thousands of dollars),2182548
31141,"Platte, NE",2,Population (persons) 1,35499
31141,"Platte, NE",3,Per capita personal income (dollars) 2,61482
31143,"Polk, NE",1,Personal income (thousands of dollars),391966
31143,"Polk, NE",2,Population (persons) 1,5269
31143,"Polk, NE",3,Per capita personal income (dollars) 2,74391
31145,"Red Willow, NE",1,Personal income (thousands of dollars),625446
31145,"Red Willow, NE",2,Population (persons) 1,10409
31145,"Red Willow, NE",3,Per capita personal income (dollars) 2,60087
31147,"Richardson, NE",1,Personal income (thousands of dollars),468275
31147,"Richardson, NE",2,Population (persons) 1,7666
31147,"Richardson, NE",3,Per capita personal income (dollars) 2,61085
31149,"Rock, NE",1,Personal income (thousands of dollars),114419
31149,"Rock, NE",2,Population (persons) 1,1241
31149,"Rock, NE",3,Per capita personal income (dollars) 2,92199
31151,"Saline, NE",1,Personal income (thousands of dollars),821681
31151,"Saline, NE",2,Population (persons) 1,14740
31151,"Saline, NE",3,Per capita personal income (dollars) 2,55745
31153,"Sarpy, NE",1,Personal income (thousands of dollars),13896954
31153,"Sarpy, NE",2,Population (persons) 1,204828
31153,"Sarpy, NE",3,Per capita personal income (dollars) 2,67847
31155,"Saunders, NE",1,Personal income (thousands of dollars),1684803
31155,"Saunders, NE",2,Population (persons) 1,23406
31155,"Saunders, NE",3,Per capita personal income (dollars) 2,71982
31157,"Scotts Bluff, NE",1,Personal income (thousands of dollars),2151176
31157,"Scotts Bluff, NE",2,Population (persons) 1,35734
31157,"Scotts Bluff, NE",3,Per capita personal income (dollars) 2,60200
31159,"Seward, NE",1,Personal income (thousands of dollars),1223994
31159,"Seward, NE",2,Population (persons) 1,17769
31159,"Seward, NE",3,Per capita personal income (dollars) 2,68884
31161,"Sheridan, NE",1,Personal income (thousands of dollars),340011
31161,"Sheridan, NE",2,Population (persons) 1,4927
31161,"Sheridan, NE",3,Per capita personal income (dollars) 2,69010
31163,"Sherman, NE",1,Personal income (thousands of dollars),173160
31163,"Sherman, NE",2,Population (persons) 1,2949
31163,"Sherman, NE",3,Per capita personal income (dollars) 2,58718
31165,"Sioux, NE",1,Personal income (thousands of dollars),94015
31165,"Sioux, NE",2,Population (persons) 1,1099
31165,"Sioux, NE",3,Per capita personal income (dollars) 2,85546
31167,"Stanton, NE",1,Personal income (thousands of dollars),356906
31167,"Stanton, NE",2,Population (persons) 1,5756
31167,"Stanton, NE",3,Per capita personal income (dollars) 2,62006
31169,"Thayer, NE",1,Personal income (thousands of dollars),341348
31169,"Thayer, NE",2,Population (persons) 1,4870
31169,"Thayer, NE",3,Per capita personal income (dollars) 2,70092
31171,"Thomas, NE",1,Personal income (thousands of dollars),45460
31171,"Thomas, NE",2,Population (persons) 1,634
31171,"Thomas, NE",3,Per capita personal income (dollars) 2,71703
31173,"Thurston, NE",1,Personal income (thousands of dollars),397444
31173,"Thurston, NE",2,Population (persons) 1,6637
31173,"Thurston, NE",3,Per capita personal income (dollars) 2,59883
31175,"Valley, NE",1,Personal income (thousands of dollars),287905
31175,"Valley, NE",2,Population (persons) 1,4032
31175,"Valley, NE",3,Per capita personal income (dollars) 2,71405
31177,"Washington, NE",1,Personal income (thousands of dollars),1607052
31177,"Washington, NE",2,Population (persons) 1,21254
31177,"Washington, NE",3,Per capita personal income (dollars) 2,75612
31179,"Wayne, NE",1,Personal income (thousands of dollars),544924
31179,"Wayne, NE",2,Population (persons) 1,9870
31179,"Wayne, NE",3,Per capita personal income (dollars) 2,55210
31181,"Webster, NE",1,Personal income (thousands of dollars),209325
31181,"Webster, NE",2,Population (persons) 1,3326
31181,"Webster, NE",3,Per capita personal income (dollars) 2,62936
31183,"Wheeler, NE",1,Personal income (thousands of dollars),51460
31183,"Wheeler, NE",2,Population (persons) 1,808
31183,"Wheeler, NE",3,Per capita personal income (dollars) 2,63688
31185,"York, NE",1,Personal income (thousands of dollars),949025
31185,"York, NE",2,Population (persons) 1,14375
31185,"York, NE",3,Per capita personal income (dollars) 2,66019
32001,"Churchill, NV",1,Personal income (thousands of dollars),1559405
32001,"Churchill, NV",2,Population (persons) 1,26033
32001,"Churchill, NV",3,Per capita personal income (dollars) 2,59901
32003,"Clark, NV",1,Personal income (thousands of dollars),160608036
32003,"Clark, NV",2,Population (persons) 1,2398871
32003,"Clark, NV",3,Per capita personal income (dollars) 2,66952
32005,"Douglas, NV",1,Personal income (thousands of dollars),5426545
32005,"Douglas, NV",2,Population (persons) 1,49564
32005,"Douglas, NV",3,Per capita personal income (dollars) 2,109486
32007,"Elko, NV",1,Personal income (thousands of dollars),3203607
32007,"Elko, NV",2,Population (persons) 1,54363
32007,"Elko, NV",3,Per capita personal income (dollars) 2,58930
32009,"Esmeralda, NV",1,Personal income (thousands of dollars),46624
32009,"Esmeralda, NV",2,Population (persons) 1,720
32009,"Esmeralda, NV",3,Per capita personal income (dollars) 2,64756
32011,"Eureka, NV",1,Personal income (thousands of dollars),98330
32011,"Eureka, NV",2,Population (persons) 1,1877
32011,"Eureka, NV",3,Per capita personal income (dollars) 2,52387
32013,"Humboldt, NV",1,Personal income (thousands of dollars),1033080
32013,"Humboldt, NV",2,Population (persons) 1,17116
32013,"Humboldt, NV",3,Per capita personal income (dollars) 2,60358
32015,"Lander, NV",1,Personal income (thousands of dollars),482991
32015,"Lander, NV",2,Population (persons) 1,5785
32015,"Lander, NV",3,Per capita personal income (dollars) 2,83490
32017,"Lincoln, NV",1,Personal income (thousands of dollars),249285
32017,"Lincoln, NV",2,Population (persons) 1,4345
32017,"Lincoln, NV",3,Per capita personal income (dollars) 2,57373
32019,"Lyon, NV",1,Personal income (thousands of dollars),3330057
32019,"Lyon, NV",2,Population (persons) 1,63718
32019,"Lyon, NV",3,Per capita personal income (dollars) 2,52262
32021,"Mineral, NV",1,Personal income (thousands of dollars),228867
32021,"Mineral, NV",2,Population (persons) 1,4475
32021,"Mineral, NV",3,Per capita personal income (dollars) 2,51143
32023,"Nye, NV",1,Personal income (thousands of dollars),2679731
32023,"Nye, NV",2,Population (persons) 1,55990
32023,"Nye, NV",3,Per capita personal income (dollars) 2,47861
32027,"Pershing, NV",1,Personal income (thousands of dollars),300042
32027,"Pershing, NV",2,Population (persons) 1,6536
32027,"Pershing, NV",3,Per capita personal income (dollars) 2,45906
32029,"Storey, NV",1,Personal income (thousands of dollars),343330
32029,"Storey, NV",2,Population (persons) 1,4112
32029,"Storey, NV",3,Per capita personal income (dollars) 2,83495
32031,"Washoe, NV",1,Personal income (thousands of dollars),43950273
32031,"Washoe, NV",2,Population (persons) 1,507280
32031,"Washoe, NV",3,Per capita personal income (dollars) 2,86639
32033,"White Pine, NV",1,Personal income (thousands of dollars),587917
32033,"White Pine, NV",2,Population (persons) 1,8534
32033,"White Pine, NV",3,Per capita personal income (dollars) 2,68891
32510,"Carson City (Independent City), NV",1,Personal income (thousands of dollars),3958488
32510,"Carson City (Independent City), NV",2,Population (persons) 1,58148
32510,"Carson City (Independent City), NV",3,Per capita personal income (dollars) 2,68076
33001,"Belknap, NH",1,Personal income (thousands of dollars),5566741
33001,"Belknap, NH",2,Population (persons) 1,65257
33001,"Belknap, NH",3,Per capita personal income (dollars) 2,85305
33003,"Carroll, NH",1,Personal income (thousands of dollars),4488438
33003,"Carroll, NH",2,Population (persons) 1,52580
33003,"Carroll, NH",3,Per capita personal income (dollars) 2,85364
33005,"Cheshire, NH",1,Personal income (thousands of dollars),5504411
33005,"Cheshire, NH",2,Population (persons) 1,78078
33005,"Cheshire, NH",3,Per capita personal income (dollars) 2,70499
33007,"Coos, NH",1,Personal income (thousands of dollars),1886071
33007,"Coos, NH",2,Population (persons) 1,31094
33007,"Coos, NH",3,Per capita personal income (dollars) 2,60657
33009,"Grafton, NH",1,Personal income (thousands of dollars),7990027
33009,"Grafton, NH",2,Population (persons) 1,93045
33009,"Grafton, NH",3,Per capita personal income (dollars) 2,85873
33011,"Hillsborough, NH",1,Personal income (thousands of dollars),34640677
33011,"Hillsborough, NH",2,Population (persons) 1,430462
33011,"Hillsborough, NH",3,Per capita personal income (dollars) 2,80473
33013,"Merrimack, NH",1,Personal income (thousands of dollars),12337889
33013,"Merrimack, NH",2,Population (persons) 1,157869
33013,"Merrimack, NH",3,Per capita personal income (dollars) 2,78153
33015,"Rockingham, NH",1,Personal income (thousands of dollars),32312940
33015,"Rockingham, NH",2,Population (persons) 1,322433
33015,"Rockingham, NH",3,Per capita personal income (dollars) 2,100216
33017,"Strafford, NH",1,Personal income (thousands of dollars),9297255
33017,"Strafford, NH",2,Population (persons) 1,134202
33017,"Strafford, NH",3,Per capita personal income (dollars) 2,69278
33019,"Sullivan, NH",1,Personal income (thousands of dollars),3195810
33019,"Sullivan, NH",2,Population (persons) 1,44012
33019,"Sullivan, NH",3,Per capita personal income (dollars) 2,72612
34001,"Atlantic, NJ",1,Personal income (thousands of dollars),17636369
34001,"Atlantic, NJ",2,Population (persons) 1,279114
34001,"Atlantic, NJ",3,Per capita personal income (dollars) 2,63187
34003,"Bergen, NJ",1,Personal income (thousands of dollars),103942322
34003,"Bergen, NJ",2,Population (persons) 1,978641
34003,"Bergen, NJ",3,Per capita personal income (dollars) 2,106211
34005,"Burlington, NJ",1,Personal income (thousands of dollars),37195463
34005,"Burlington, NJ",2,Population (persons) 1,475515
34005,"Burlington, NJ",3,Per capita personal income (dollars) 2,78221
34007,"Camden, NJ",1,Personal income (thousands of dollars),36195828
34007,"Camden, NJ",2,Population (persons) 1,533988
34007,"Camden, NJ",3,Per capita personal income (dollars) 2,67784
34009,"Cape May, NJ",1,Personal income (thousands of dollars),7735268
34009,"Cape May, NJ",2,Population (persons) 1,93875
34009,"Cape May, NJ",3,Per capita personal income (dollars) 2,82400
34011,"Cumberland, NJ",1,Personal income (thousands of dollars),7915069
34011,"Cumberland, NJ",2,Population (persons) 1,155678
34011,"Cumberland, NJ",3,Per capita personal income (dollars) 2,50843
34013,"Essex, NJ",1,Personal income (thousands of dollars),73053210
34013,"Essex, NJ",2,Population (persons) 1,881527
34013,"Essex, NJ",3,Per capita personal income (dollars) 2,82871
34015,"Gloucester, NJ",1,Personal income (thousands of dollars),21323961
34015,"Gloucester, NJ",2,Population (persons) 1,311783
34015,"Gloucester, NJ",3,Per capita personal income (dollars) 2,68394
34017,"Hudson, NJ",1,Personal income (thousands of dollars),60966556
34017,"Hudson, NJ",2,Population (persons) 1,736185
34017,"Hudson, NJ",3,Per capita personal income (dollars) 2,82814
34019,"Hunterdon, NJ",1,Personal income (thousands of dollars),14487623
34019,"Hunterdon, NJ",2,Population (persons) 1,131708
34019,"Hunterdon, NJ",3,Per capita personal income (dollars) 2,109998
34021,"Mercer, NJ",1,Personal income (thousands of dollars),34142514
34021,"Mercer, NJ",2,Population (persons) 1,392138
34021,"Mercer, NJ",3,Per capita personal income (dollars) 2,87068
34023,"Middlesex, NJ",1,Personal income (thousands of dollars),68799825
34023,"Middlesex, NJ",2,Population (persons) 1,890119
34023,"Middlesex, NJ",3,Per capita personal income (dollars) 2,77293
34025,"Monmouth, NJ",1,Personal income (thousands of dollars),67916526
34025,"Monmouth, NJ",2,Population (persons) 1,647520
34025,"Monmouth, NJ",3,Per capita personal income (dollars) 2,104887
34027,"Morris, NJ",1,Personal income (thousands of dollars),62616260
34027,"Morris, NJ",2,Population (persons) 1,523053
34027,"Morris, NJ",3,Per capita personal income (dollars) 2,119713
34029,"Ocean, NJ",1,Personal income (thousands of dollars),42716507
34029,"Ocean, NJ",2,Population (persons) 1,666434
34029,"Ocean, NJ",3,Per capita personal income (dollars) 2,64097
34031,"Passaic, NJ",1,Personal income (thousands of dollars),32849009
34031,"Passaic, NJ",2,Population (persons) 1,526597
34031,"Passaic, NJ",3,Per capita personal income (dollars) 2,62380
34033,"Salem, NJ",1,Personal income (thousands of dollars),3952467
34033,"Salem, NJ",2,Population (persons) 1,65874
34033,"Salem, NJ",3,Per capita personal income (dollars) 2,60000
34035,"Somerset, NJ",1,Personal income (thousands of dollars),43268509
34035,"Somerset, NJ",2,Population (persons) 1,357467
34035,"Somerset, NJ",3,Per capita personal income (dollars) 2,121042
34037,"Sussex, NJ",1,Personal income (thousands of dollars),11450599
34037,"Sussex, NJ",2,Population (persons) 1,147444
34037,"Sussex, NJ",3,Per capita personal income (dollars) 2,77661
34039,"Union, NJ",1,Personal income (thousands of dollars),50593811
34039,"Union, NJ",2,Population (persons) 1,594160
34039,"Union, NJ",3,Per capita personal income (dollars) 2,85152
34041,"Warren, NJ",1,Personal income (thousands of dollars),7801008
34041,"Warren, NJ",2,Population (persons) 1,112031
34041,"Warren, NJ",3,Per capita personal income (dollars) 2,69633
35001,"Bernalillo, NM",1,Personal income (thousands of dollars),42209676
35001,"Bernalillo, NM",2,Population (persons) 1,671747
35001,"Bernalillo, NM",3,Per capita personal income (dollars) 2,62836
35003,"Catron, NM",1,Personal income (thousands of dollars),168996
35003,"Catron, NM",2,Population (persons) 1,3795
35003,"Catron, NM",3,Per capita personal income (dollars) 2,44531
35005,"Chaves, NM",1,Personal income (thousands of dollars),3441914
35005,"Chaves, NM",2,Population (persons) 1,63697
35005,"Chaves, NM",3,Per capita personal income (dollars) 2,54036
35006,"Cibola, NM*",1,Personal income (thousands of dollars),971285
35006,"Cibola, NM*",2,Population (persons) 1,26686
35006,"Cibola, NM*",3,Per capita personal income (dollars) 2,36397
35007,"Colfax, NM",1,Personal income (thousands of dollars),647814
35007,"Colfax, NM",2,Population (persons) 1,12307
35007,"Colfax, NM",3,Per capita personal income (dollars) 2,52638
35009,"Curry, NM",1,Personal income (thousands of dollars),2780294
35009,"Curry, NM",2,Population (persons) 1,47156
35009,"Curry, NM",3,Per capita personal income (dollars) 2,58959
35011,"De Baca, NM",1,Personal income (thousands of dollars),107142
35011,"De Baca, NM",2,Population (persons) 1,1657
35011,"De Baca, NM",3,Per capita personal income (dollars) 2,64660
35013,"Doña Ana, NM",1,Personal income (thousands of dollars),11409025
35013,"Doña Ana, NM",2,Population (persons) 1,229366
35013,"Doña Ana, NM",3,Per capita personal income (dollars) 2,49742
35015,"Eddy, NM",1,Personal income (thousands of dollars),4816924
35015,"Eddy, NM",2,Population (persons) 1,61436
35015,"Eddy, NM",3,Per capita personal income (dollars) 2,78406
35017,"Grant, NM",1,Personal income (thousands of dollars),1508358
35017,"Grant, NM",2,Population (persons) 1,27541
35017,"Grant, NM",3,Per capita personal income (dollars) 2,54768
35019,"Guadalupe, NM",1,Personal income (thousands of dollars),212433
35019,"Guadalupe, NM",2,Population (persons) 1,4385
35019,"Guadalupe, NM",3,Per capita personal income (dollars) 2,48445
35021,"Harding, NM",1,Personal income (thousands of dollars),32541
35021,"Harding, NM",2,Population (persons) 1,635
35021,"Harding, NM",3,Per capita personal income (dollars) 2,51246
35023,"Hidalgo, NM",1,Personal income (thousands of dollars),224963
35023,"Hidalgo, NM",2,Population (persons) 1,3966
35023,"Hidalgo, NM",3,Per capita personal income (dollars) 2,56723
35025,"Lea, NM",1,Personal income (thousands of dollars),4462969
35025,"Lea, NM",2,Population (persons) 1,75151
35025,"Lea, NM",3,Per capita personal income (dollars) 2,59387
35027,"Lincoln, NM",1,Personal income (thousands of dollars),1146501
35027,"Lincoln, NM",2,Population (persons) 1,20025
35027,"Lincoln, NM",3,Per capita personal income (dollars) 2,57253
35028,"Los Alamos, NM",1,Personal income (thousands of dollars),1935591
35028,"Los Alamos, NM",2,Population (persons) 1,19675
35028,"Los Alamos, NM",3,Per capita personal income (dollars) 2,98378
35029,"Luna, NM",1,Personal income (thousands of dollars),1055314
35029,"Luna, NM",2,Population (persons) 1,25878
35029,"Luna, NM",3,Per capita personal income (dollars) 2,40780
35031,"McKinley, NM",1,Personal income (thousands of dollars),2556818
35031,"McKinley, NM",2,Population (persons) 1,68945
35031,"McKinley, NM",3,Per capita personal income (dollars) 2,37085
35033,"Mora, NM",1,Personal income (thousands of dollars),250915
35033,"Mora, NM",2,Population (persons) 1,4096
35033,"Mora, NM",3,Per capita personal income (dollars) 2,61259
35035,"Otero, NM",1,Personal income (thousands of dollars),3113617
35035,"Otero, NM",2,Population (persons) 1,69711
35035,"Otero, NM",3,Per capita personal income (dollars) 2,44665
35037,"Quay, NM",1,Personal income (thousands of dollars),397825
35037,"Quay, NM",2,Population (persons) 1,8403
35037,"Quay, NM",3,Per capita personal income (dollars) 2,47343
35039,"Rio Arriba, NM",1,Personal income (thousands of dollars),1936036
35039,"Rio Arriba, NM",2,Population (persons) 1,39955
35039,"Rio Arriba, NM",3,Per capita personal income (dollars) 2,48455
35041,"Roosevelt, NM",1,Personal income (thousands of dollars),1021166
35041,"Roosevelt, NM",2,Population (persons) 1,18713
35041,"Roosevelt, NM",3,Per capita personal income (dollars) 2,54570
35043,"Sandoval, NM",1,Personal income (thousands of dollars),9467985
35043,"Sandoval, NM",2,Population (persons) 1,157757
35043,"Sandoval, NM",3,Per capita personal income (dollars) 2,60016
35045,"San Juan, NM",1,Personal income (thousands of dollars),5790899
35045,"San Juan, NM",2,Population (persons) 1,120817
35045,"San Juan, NM",3,Per capita personal income (dollars) 2,47931
35047,"San Miguel, NM",1,Personal income (thousands of dollars),1327587
35047,"San Miguel, NM",2,Population (persons) 1,26428
35047,"San Miguel, NM",3,Per capita personal income (dollars) 2,50234
35049,"Santa Fe, NM",1,Personal income (thousands of dollars),13011476
35049,"Santa Fe, NM",2,Population (persons) 1,157765
35049,"Santa Fe, NM",3,Per capita personal income (dollars) 2,82474
35051,"Sierra, NM",1,Personal income (thousands of dollars),598710
35051,"Sierra, NM",2,Population (persons) 1,11389
35051,"Sierra, NM",3,Per capita personal income (dollars) 2,52569
35053,"Socorro, NM",1,Personal income (thousands of dollars),755210
35053,"Socorro, NM",2,Population (persons) 1,15967
35053,"Socorro, NM",3,Per capita personal income (dollars) 2,47298
35055,"Taos, NM",1,Personal income (thousands of dollars),1843017
35055,"Taos, NM",2,Population (persons) 1,34482
35055,"Taos, NM",3,Per capita personal income (dollars) 2,53449
35057,"Torrance, NM",1,Personal income (thousands of dollars),784105
35057,"Torrance, NM",2,Population (persons) 1,15986
35057,"Torrance, NM",3,Per capita personal income (dollars) 2,49049
35059,"Union, NM",1,Personal income (thousands of dollars),150190
35059,"Union, NM",2,Population (persons) 1,3926
35059,"Union, NM",3,Per capita personal income (dollars) 2,38255
35061,"Valencia, NM*",1,Personal income (thousands of dollars),3948939
35061,"Valencia, NM*",2,Population (persons) 1,80813
35061,"Valencia, NM*",3,Per capita personal income (dollars) 2,48865
36001,"Albany, NY",1,Personal income (thousands of dollars),26683255
36001,"Albany, NY",2,Population (persons) 1,319964
36001,"Albany, NY",3,Per capita personal income (dollars) 2,83395
36003,"Allegany, NY",1,Personal income (thousands of dollars),2113726
36003,"Allegany, NY",2,Population (persons) 1,47299
36003,"Allegany, NY",3,Per capita personal income (dollars) 2,44689
36005,"Bronx, NY",1,Personal income (thousands of dollars),64786886
36005,"Bronx, NY",2,Population (persons) 1,1384724
36005,"Bronx, NY",3,Per capita personal income (dollars) 2,46787
36007,"Broome, NY",1,Personal income (thousands of dollars),10868104
36007,"Broome, NY",2,Population (persons) 1,196397
36007,"Broome, NY",3,Per capita personal income (dollars) 2,55337
36009,"Cattaraugus, NY",1,Personal income (thousands of dollars),3873038
36009,"Cattaraugus, NY",2,Population (persons) 1,75475
36009,"Cattaraugus, NY",3,Per capita personal income (dollars) 2,51316
36011,"Cayuga, NY",1,Personal income (thousands of dollars),4252308
36011,"Cayuga, NY",2,Population (persons) 1,74567
36011,"Cayuga, NY",3,Per capita personal income (dollars) 2,57027
36013,"Chautauqua, NY",1,Personal income (thousands of dollars),6484174
36013,"Chautauqua, NY",2,Population (persons) 1,124105
36013,"Chautauqua, NY",3,Per capita personal income (dollars) 2,52247
36015,"Chemung, NY",1,Personal income (thousands of dollars),4555083
36015,"Chemung, NY",2,Population (persons) 1,81115
36015,"Chemung, NY",3,Per capita personal income (dollars) 2,56156
36017,"Chenango, NY",1,Personal income (thousands of dollars),2700808
36017,"Chenango, NY",2,Population (persons) 1,45776
36017,"Chenango, NY",3,Per capita personal income (dollars) 2,59001
36019,"Clinton, NY",1,Personal income (thousands of dollars),4462433
36019,"Clinton, NY",2,Population (persons) 1,77871
36019,"Clinton, NY",3,Per capita personal income (dollars) 2,57305
36021,"Columbia, NY",1,Personal income (thousands of dollars),4787054
36021,"Columbia, NY",2,Population (persons) 1,60299
36021,"Columbia, NY",3,Per capita personal income (dollars) 2,79389
36023,"Cortland, NY",1,Personal income (thousands of dollars),2411074
36023,"Cortland, NY",2,Population (persons) 1,45945
36023,"Cortland, NY",3,Per capita personal income (dollars) 2,52477
36025,"Delaware, NY",1,Personal income (thousands of dollars),2368076
36025,"Delaware, NY",2,Population (persons) 1,44191
36025,"Delaware, NY",3,Per capita personal income (dollars) 2,53587
36027,"Dutchess, NY",1,Personal income (thousands of dollars),22554107
36027,"Dutchess, NY",2,Population (persons) 1,299963
36027,"Dutchess, NY",3,Per capita personal income (dollars) 2,75190
36029,"Erie, NY",1,Personal income (thousands of dollars),61599944
36029,"Erie, NY",2,Population (persons) 1,950602
36029,"Erie, NY",3,Per capita personal income (dollars) 2,64801
36031,"Essex, NY",1,Personal income (thousands of dollars),2310025
36031,"Essex, NY",2,Population (persons) 1,36744
36031,"Essex, NY",3,Per capita personal income (dollars) 2,62868
36033,"Franklin, NY",1,Personal income (thousands of dollars),2623638
36033,"Franklin, NY",2,Population (persons) 1,47086
36033,"Franklin, NY",3,Per capita personal income (dollars) 2,55720
36035,"Fulton, NY",1,Personal income (thousands of dollars),2960242
36035,"Fulton, NY",2,Population (persons) 1,52073
36035,"Fulton, NY",3,Per capita personal income (dollars) 2,56848
36037,"Genesee, NY",1,Personal income (thousands of dollars),3219922
36037,"Genesee, NY",2,Population (persons) 1,57604
36037,"Genesee, NY",3,Per capita personal income (dollars) 2,55898
36039,"Greene, NY",1,Personal income (thousands of dollars),3065807
36039,"Greene, NY",2,Population (persons) 1,46903
36039,"Greene, NY",3,Per capita personal income (dollars) 2,65365
36041,"Hamilton, NY",1,Personal income (thousands of dollars),312473
36041,"Hamilton, NY",2,Population (persons) 1,5082
36041,"Hamilton, NY",3,Per capita personal income (dollars) 2,61486
36043,"Herkimer, NY",1,Personal income (thousands of dollars),3276965
36043,"Herkimer, NY",2,Population (persons) 1,59585
36043,"Herkimer, NY",3,Per capita personal income (dollars) 2,54996
36045,"Jefferson, NY",1,Personal income (thousands of dollars),6579040
36045,"Jefferson, NY",2,Population (persons) 1,113140
36045,"Jefferson, NY",3,Per capita personal income (dollars) 2,58150
36047,"Kings, NY",1,Personal income (thousands of dollars),181733494
36047,"Kings, NY",2,Population (persons) 1,2617631
36047,"Kings, NY",3,Per capita personal income (dollars) 2,69427
36049,"Lewis, NY",1,Personal income (thousands of dollars),1564957
36049,"Lewis, NY",2,Population (persons) 1,26570
36049,"Lewis, NY",3,Per capita personal income (dollars) 2,58899
36051,"Livingston, NY",1,Personal income (thousands of dollars),3422124
36051,"Livingston, NY",2,Population (persons) 1,61561
36051,"Livingston, NY",3,Per capita personal income (dollars) 2,55589
36053,"Madison, NY",1,Personal income (thousands of dollars),4114066
36053,"Madison, NY",2,Population (persons) 1,67072
36053,"Madison, NY",3,Per capita personal income (dollars) 2,61338
36055,"Monroe, NY",1,Personal income (thousands of dollars),50535741
36055,"Monroe, NY",2,Population (persons) 1,752202
36055,"Monroe, NY",3,Per capita personal income (dollars) 2,67184
36057,"Montgomery, NY",1,Personal income (thousands of dollars),2675003
36057,"Montgomery, NY",2,Population (persons) 1,49648
36057,"Montgomery, NY",3,Per capita personal income (dollars) 2,53879
36059,"Nassau, NY",1,Personal income (thousands of dollars),152332529
36059,"Nassau, NY",2,Population (persons) 1,1392438
36059,"Nassau, NY",3,Per capita personal income (dollars) 2,109400
36061,"New York, NY",1,Personal income (thousands of dollars),360487892
36061,"New York, NY",2,Population (persons) 1,1660664
36061,"New York, NY",3,Per capita personal income (dollars) 2,217075
36063,"Niagara, NY",1,Personal income (thousands of dollars),12412433
36063,"Niagara, NY",2,Population (persons) 1,209570
36063,"Niagara, NY",3,Per capita personal income (dollars) 2,59228
36065,"Oneida, NY",1,Personal income (thousands of dollars),13317807
36065,"Oneida, NY",2,Population (persons) 1,228347
36065,"Oneida, NY",3,Per capita personal income (dollars) 2,58323
36067,"Onondaga, NY",1,Personal income (thousands of dollars),31508406
36067,"Onondaga, NY",2,Population (persons) 1,469812
36067,"Onondaga, NY",3,Per capita personal income (dollars) 2,67066
36069,"Ontario, NY",1,Personal income (thousands of dollars),7739007
36069,"Ontario, NY",2,Population (persons) 1,113012
36069,"Ontario, NY",3,Per capita personal income (dollars) 2,68480
36071,"Orange, NY",1,Personal income (thousands of dollars),26005210
36071,"Orange, NY",2,Population (persons) 1,411767
36071,"Orange, NY",3,Per capita personal income (dollars) 2,63155
36073,"Orleans, NY",1,Personal income (thousands of dollars),2027645
36073,"Orleans, NY",2,Population (persons) 1,39686
36073,"Orleans, NY",3,Per capita personal income (dollars) 2,51092
36075,"Oswego, NY",1,Personal income (thousands of dollars),6231698
36075,"Oswego, NY",2,Population (persons) 1,118305
36075,"Oswego, NY",3,Per capita personal income (dollars) 2,52675
36077,"Otsego, NY",1,Personal income (thousands of dollars),3412522
36077,"Otsego, NY",2,Population (persons) 1,60524
36077,"Otsego, NY",3,Per capita personal income (dollars) 2,56383
36079,"Putnam, NY",1,Personal income (thousands of dollars),8705241
36079,"Putnam, NY",2,Population (persons) 1,98409
36079,"Putnam, NY",3,Per capita personal income (dollars) 2,88460
36081,"Queens, NY",1,Personal income (thousands of dollars),144438603
36081,"Queens, NY",2,Population (persons) 1,2316841
36081,"Queens, NY",3,Per capita personal income (dollars) 2,62343
36083,"Rensselaer, NY",1,Personal income (thousands of dollars),10366823
36083,"Rensselaer, NY",2,Population (persons) 1,160749
36083,"Rensselaer, NY",3,Per capita personal income (dollars) 2,64491
36085,"Richmond, NY",1,Personal income (thousands of dollars),34253527
36085,"Richmond, NY",2,Population (persons) 1,498212
36085,"Richmond, NY",3,Per capita personal income (dollars) 2,68753
36087,"Rockland, NY",1,Personal income (thousands of dollars),25390185
36087,"Rockland, NY",2,Population (persons) 1,348144
36087,"Rockland, NY",3,Per capita personal income (dollars) 2,72930
36089,"St. Lawrence, NY",1,Personal income (thousands of dollars),5406756
36089,"St. Lawrence, NY",2,Population (persons) 1,106198
36089,"St. Lawrence, NY",3,Per capita personal income (dollars) 2,50912
36091,"Saratoga, NY",1,Personal income (thousands of dollars),20871140
36091,"Saratoga, NY",2,Population (persons) 1,240360
36091,"Saratoga, NY",3,Per capita personal income (dollars) 2,86833
36093,"Schenectady, NY",1,Personal income (thousands of dollars),10325522
36093,"Schenectady, NY",2,Population (persons) 1,162261
36093,"Schenectady, NY",3,Per capita personal income (dollars) 2,63635
36095,"Schoharie, NY",1,Personal income (thousands of dollars),1688508
36095,"Schoharie, NY",2,Population (persons) 1,30151
36095,"Schoharie, NY",3,Per capita personal income (dollars) 2,56002
36097,"Schuyler, NY",1,Personal income (thousands of dollars),951842
36097,"Schuyler, NY",2,Population (persons) 1,17121
36097,"Schuyler, NY",3,Per capita personal income (dollars) 2,55595
36099,"Seneca, NY",1,Personal income (thousands of dollars),1701894
36099,"Seneca, NY",2,Population (persons) 1,32650
36099,"Seneca, NY",3,Per capita personal income (dollars) 2,52125
36101,"Steuben, NY",1,Personal income (thousands of dollars),5448953
36101,"Steuben, NY",2,Population (persons) 1,92015
36101,"Steuben, NY",3,Per capita personal income (dollars) 2,59218
36103,"Suffolk, NY",1,Personal income (thousands of dollars),141477402
36103,"Suffolk, NY",2,Population (persons) 1,1535909
36103,"Suffolk, NY",3,Per capita personal income (dollars) 2,92113
36105,"Sullivan, NY",1,Personal income (thousands of dollars),4877502
36105,"Sullivan, NY",2,Population (persons) 1,80450
36105,"Sullivan, NY",3,Per capita personal income (dollars) 2,60628
36107,"Tioga, NY",1,Personal income (thousands of dollars),2750472
36107,"Tioga, NY",2,Population (persons) 1,47574
36107,"Tioga, NY",3,Per capita personal income (dollars) 2,57815
36109,"Tompkins, NY",1,Personal income (thousands of dollars),5965420
36109,"Tompkins, NY",2,Population (persons) 1,105602
36109,"Tompkins, NY",3,Per capita personal income (dollars) 2,56490
36111,"Ulster, NY",1,Personal income (thousands of dollars),12641910
36111,"Ulster, NY",2,Population (persons) 1,182977
36111,"Ulster, NY",3,Per capita personal income (dollars) 2,69090
36113,"Warren, NY",1,Personal income (thousands of dollars),4585518
36113,"Warren, NY",2,Population (persons) 1,65288
36113,"Warren, NY",3,Per capita personal income (dollars) 2,70235
36115,"Washington, NY",1,Personal income (thousands of dollars),3222176
36115,"Washington, NY",2,Population (persons) 1,59839
36115,"Washington, NY",3,Per capita personal income (dollars) 2,53847
36117,"Wayne, NY",1,Personal income (thousands of dollars),5489759
36117,"Wayne, NY",2,Population (persons) 1,90757
36117,"Wayne, NY",3,Per capita personal income (dollars) 2,60489
36119,"Westchester, NY",1,Personal income (thousands of dollars),137298028
36119,"Westchester, NY",2,Population (persons) 1,1006447
36119,"Westchester, NY",3,Per capita personal income (dollars) 2,136419
36121,"Wyoming, NY",1,Personal income (thousands of dollars),2121360
36121,"Wyoming, NY",2,Population (persons) 1,39588
36121,"Wyoming, NY",3,Per capita personal income (dollars) 2,53586
36123,"Yates, NY",1,Personal income (thousands of dollars),1332787
36123,"Yates, NY",2,Population (persons) 1,24387
36123,"Yates, NY",3,Per capita personal income (dollars) 2,54652
37001,"Alamance, NC",1,Personal income (thousands of dollars),9924050
37001,"Alamance, NC",2,Population (persons) 1,183040
37001,"Alamance, NC",3,Per capita personal income (dollars) 2,54218
37003,"Alexander, NC",1,Personal income (thousands of dollars),1961567
37003,"Alexander, NC",2,Population (persons) 1,36693
37003,"Alexander, NC",3,Per capita personal income (dollars) 2,53459
37005,"Alleghany, NC",1,Personal income (thousands of dollars),589536
37005,"Alleghany, NC",2,Population (persons) 1,11379
37005,"Alleghany, NC",3,Per capita personal income (dollars) 2,51809
37007,"Anson, NC",1,Personal income (thousands of dollars),1243876
37007,"Anson, NC",2,Population (persons) 1,22432
37007,"Anson, NC",3,Per capita personal income (dollars) 2,55451
37009,"Ashe, NC",1,Personal income (thousands of dollars),1403912
37009,"Ashe, NC",2,Population (persons) 1,27266
37009,"Ashe, NC",3,Per capita personal income (dollars) 2,51489
37011,"Avery, NC",1,Personal income (thousands of dollars),959921
37011,"Avery, NC",2,Population (persons) 1,17811
37011,"Avery, NC",3,Per capita personal income (dollars) 2,53895
37013,"Beaufort, NC",1,Personal income (thousands of dollars),2764162
37013,"Beaufort, NC",2,Population (persons) 1,44576
37013,"Beaufort, NC",3,Per capita personal income (dollars) 2,62010
37015,"Bertie, NC",1,Personal income (thousands of dollars),912220
37015,"Bertie, NC",2,Population (persons) 1,16939
37015,"Bertie, NC",3,Per capita personal income (dollars) 2,53853
37017,"Bladen, NC",1,Personal income (thousands of dollars),1618428
37017,"Bladen, NC",2,Population (persons) 1,29777
37017,"Bladen, NC",3,Per capita personal income (dollars) 2,54352
37019,"Brunswick, NC",1,Personal income (thousands of dollars),10738965
37019,"Brunswick, NC",2,Population (persons) 1,167112
37019,"Brunswick, NC",3,Per capita personal income (dollars) 2,64262
37021,"Buncombe, NC",1,Personal income (thousands of dollars),19718708
37021,"Buncombe, NC",2,Population (persons) 1,279210
37021,"Buncombe, NC",3,Per capita personal income (dollars) 2,70623
37023,"Burke, NC",1,Personal income (thousands of dollars),4519859
37023,"Burke, NC",2,Population (persons) 1,88545
37023,"Burke, NC",3,Per capita personal income (dollars) 2,51046
37025,"Cabarrus, NC",1,Personal income (thousands of dollars),14968044
37025,"Cabarrus, NC",2,Population (persons) 1,244925
37025,"Cabarrus, NC",3,Per capita personal income (dollars) 2,61113
37027,"Caldwell, NC",1,Personal income (thousands of dollars),4086261
37027,"Caldwell, NC",2,Population (persons) 1,80739
37027,"Caldwell, NC",3,Per capita personal income (dollars) 2,50611
37029,"Camden, NC",1,Personal income (thousands of dollars),699551
37029,"Camden, NC",2,Population (persons) 1,11184
37029,"Camden, NC",3,Per capita personal income (dollars) 2,62549
37031,"Carteret, NC",1,Personal income (thousands of dollars),5211597
37031,"Carteret, NC",2,Population (persons) 1,70259
37031,"Carteret, NC",3,Per capita personal income (dollars) 2,74177
37033,"Caswell, NC",1,Personal income (thousands of dollars),1077962
37033,"Caswell, NC",2,Population (persons) 1,22363
37033,"Caswell, NC",3,Per capita personal income (dollars) 2,48203
37035,"Catawba, NC",1,Personal income (thousands of dollars),10084371
37035,"Catawba, NC",2,Population (persons) 1,167054
37035,"Catawba, NC",3,Per capita personal income (dollars) 2,60366
37037,"Chatham, NC",1,Personal income (thousands of dollars),7686041
37037,"Chatham, NC",2,Population (persons) 1,83874
37037,"Chatham, NC",3,Per capita personal income (dollars) 2,91638
37039,"Cherokee, NC",1,Personal income (thousands of dollars),1370882
37039,"Cherokee, NC",2,Population (persons) 1,30373
37039,"Cherokee, NC",3,Per capita personal income (dollars) 2,45135
37041,"Chowan, NC",1,Personal income (thousands of dollars),801513
37041,"Chowan, NC",2,Population (persons) 1,13891
37041,"Chowan, NC",3,Per capita personal income (dollars) 2,57700
37043,"Clay, NC",1,Personal income (thousands of dollars),608462
37043,"Clay, NC",2,Population (persons) 1,12042
37043,"Clay, NC",3,Per capita personal income (dollars) 2,50528
37045,"Cleveland, NC",1,Personal income (thousands of dollars),5230393
37045,"Cleveland, NC",2,Population (persons) 1,102194
37045,"Cleveland, NC",3,Per capita personal income (dollars) 2,51181
37047,"Columbus, NC",1,Personal income (thousands of dollars),2452105
37047,"Columbus, NC",2,Population (persons) 1,50054
37047,"Columbus, NC",3,Per capita personal income (dollars) 2,48989
37049,"Craven, NC",1,Personal income (thousands of dollars),6450941
37049,"Craven, NC",2,Population (persons) 1,104167
37049,"Craven, NC",3,Per capita personal income (dollars) 2,61929
37051,"Cumberland, NC",1,Personal income (thousands of dollars),17727538
37051,"Cumberland, NC",2,Population (persons) 1,338430
37051,"Cumberland, NC",3,Per capita personal income (dollars) 2,52382
37053,"Currituck, NC",1,Personal income (thousands of dollars),2098244
37053,"Currituck, NC",2,Population (persons) 1,32278
37053,"Currituck, NC",3,Per capita personal income (dollars) 2,65005
37055,"Dare, NC",1,Personal income (thousands of dollars),3192578
37055,"Dare, NC",2,Population (persons) 1,38183
37055,"Dare, NC",3,Per capita personal income (dollars) 2,83613
37057,"Davidson, NC",1,Personal income (thousands of dollars),9601372
37057,"Davidson, NC",2,Population (persons) 1,177809
37057,"Davidson, NC",3,Per capita personal income (dollars) 2,53998
37059,"Davie, NC",1,Personal income (thousands of dollars),3075165
37059,"Davie, NC",2,Population (persons) 1,45383
37059,"Davie, NC",3,Per capita personal income (dollars) 2,67760
37061,"Duplin, NC",1,Personal income (thousands of dollars),2947394
37061,"Duplin, NC",2,Population (persons) 1,50539
37061,"Duplin, NC",3,Per capita personal income (dollars) 2,58319
37063,"Durham, NC",1,Personal income (thousands of dollars),23736861
37063,"Durham, NC",2,Population (persons) 1,343628
37063,"Durham, NC",3,Per capita personal income (dollars) 2,69077
37065,"Edgecombe, NC",1,Personal income (thousands of dollars),2461649
37065,"Edgecombe, NC",2,Population (persons) 1,49124
37065,"Edgecombe, NC",3,Per capita personal income (dollars) 2,50111
37067,"Forsyth, NC",1,Personal income (thousands of dollars),25476938
37067,"Forsyth, NC",2,Population (persons) 1,398143
37067,"Forsyth, NC",3,Per capita personal income (dollars) 2,63989
37069,"Franklin, NC",1,Personal income (thousands of dollars),4157024
37069,"Franklin, NC",2,Population (persons) 1,79771
37069,"Franklin, NC",3,Per capita personal income (dollars) 2,52112
37071,"Gaston, NC",1,Personal income (thousands of dollars),13406826
37071,"Gaston, NC",2,Population (persons) 1,242010
37071,"Gaston, NC",3,Per capita personal income (dollars) 2,55398
37073,"Gates, NC",1,Personal income (thousands of dollars),576065
37073,"Gates, NC",2,Population (persons) 1,10299
37073,"Gates, NC",3,Per capita personal income (dollars) 2,55934
37075,"Graham, NC",1,Personal income (thousands of dollars),389658
37075,"Graham, NC",2,Population (persons) 1,8179
37075,"Graham, NC",3,Per capita personal income (dollars) 2,47641
37077,"Granville, NC",1,Personal income (thousands of dollars),3374391
37077,"Granville, NC",2,Population (persons) 1,61544
37077,"Granville, NC",3,Per capita personal income (dollars) 2,54829
37079,"Greene, NC",1,Personal income (thousands of dollars),886347
37079,"Greene, NC",2,Population (persons) 1,20671
37079,"Greene, NC",3,Per capita personal income (dollars) 2,42879
37081,"Guilford, NC",1,Personal income (thousands of dollars),35577232
37081,"Guilford, NC",2,Population (persons) 1,558816
37081,"Guilford, NC",3,Per capita personal income (dollars) 2,63665
37083,"Halifax, NC",1,Personal income (thousands of dollars),2377506
37083,"Halifax, NC",2,Population (persons) 1,46992
37083,"Halifax, NC",3,Per capita personal income (dollars) 2,50594
37085,"Harnett, NC",1,Personal income (thousands of dollars),7323450
37085,"Harnett, NC",2,Population (persons) 1,146096
37085,"Harnett, NC",3,Per capita personal income (dollars) 2,50128
37087,"Haywood, NC",1,Personal income (thousands of dollars),3686023
37087,"Haywood, NC",2,Population (persons) 1,63048
37087,"Haywood, NC",3,Per capita personal income (dollars) 2,58464
37089,"Henderson, NC",1,Personal income (thousands of dollars),7689259
37089,"Henderson, NC",2,Population (persons) 1,120771
37089,"Henderson, NC",3,Per capita personal income (dollars) 2,63668
37091,"Hertford, NC",1,Personal income (thousands of dollars),954990
37091,"Hertford, NC",2,Population (persons) 1,19169
37091,"Hertford, NC",3,Per capita personal income (dollars) 2,49820
37093,"Hoke, NC",1,Personal income (thousands of dollars),2554318
37093,"Hoke, NC",2,Population (persons) 1,55382
37093,"Hoke, NC",3,Per capita personal income (dollars) 2,46122
37095,"Hyde, NC",1,Personal income (thousands of dollars),260164
37095,"Hyde, NC",2,Population (persons) 1,4583
37095,"Hyde, NC",3,Per capita personal income (dollars) 2,56767
37097,"Iredell, NC",1,Personal income (thousands of dollars),14468458
37097,"Iredell, NC",2,Population (persons) 1,206361
37097,"Iredell, NC",3,Per capita personal income (dollars) 2,70112
37099,"Jackson, NC",1,Personal income (thousands of dollars),2258133
37099,"Jackson, NC",2,Population (persons) 1,45281
37099,"Jackson, NC",3,Per capita personal income (dollars) 2,49869
37101,"Johnston, NC",1,Personal income (thousands of dollars),13822316
37101,"Johnston, NC",2,Population (persons) 1,249794
37101,"Johnston, NC",3,Per capita personal income (dollars) 2,55335
37103,"Jones, NC",1,Personal income (thousands of dollars),510702
37103,"Jones, NC",2,Population (persons) 1,9462
37103,"Jones, NC",3,Per capita personal income (dollars) 2,53974
37105,"Lee, NC",1,Personal income (thousands of dollars),3933518
37105,"Lee, NC",2,Population (persons) 1,68537
37105,"Lee, NC",3,Per capita personal income (dollars) 2,57393
37107,"Lenoir, NC",1,Personal income (thousands of dollars),3153787
37107,"Lenoir, NC",2,Population (persons) 1,55332
37107,"Lenoir, NC",3,Per capita personal income (dollars) 2,56998
37109,"Lincoln, NC",1,Personal income (thousands of dollars),6328674
37109,"Lincoln, NC",2,Population (persons) 1,97611
37109,"Lincoln, NC",3,Per capita personal income (dollars) 2,64836
37111,"McDowell, NC",1,Personal income (thousands of dollars),2286157
37111,"McDowell, NC",2,Population (persons) 1,45269
37111,"McDowell, NC",3,Per capita personal income (dollars) 2,50502
37113,"Macon, NC",1,Personal income (thousands of dollars),2166953
37113,"Macon, NC",2,Population (persons) 1,38717
37113,"Macon, NC",3,Per capita personal income (dollars) 2,55969
37115,"Madison, NC",1,Personal income (thousands of dollars),1138325
37115,"Madison, NC",2,Population (persons) 1,22352
37115,"Madison, NC",3,Per capita personal income (dollars) 2,50927
37117,"Martin, NC",1,Personal income (thousands of dollars),1009206
37117,"Martin, NC",2,Population (persons) 1,21523
37117,"Martin, NC",3,Per capita personal income (dollars) 2,46890
37119,"Mecklenburg, NC",1,Personal income (thousands of dollars),103858464
37119,"Mecklenburg, NC",2,Population (persons) 1,1206285
37119,"Mecklenburg, NC",3,Per capita personal income (dollars) 2,86098
37121,"Mitchell, NC",1,Personal income (thousands of dollars),763165
37121,"Mitchell, NC",2,Population (persons) 1,15030
37121,"Mitchell, NC",3,Per capita personal income (dollars) 2,50776
37123,"Montgomery, NC",1,Personal income (thousands of dollars),1323406
37123,"Montgomery, NC",2,Population (persons) 1,26364
37123,"Montgomery, NC",3,Per capita personal income (dollars) 2,50197
37125,"Moore, NC",1,Personal income (thousands of dollars),7905812
37125,"Moore, NC",2,Population (persons) 1,108417
37125,"Moore, NC",3,Per capita personal income (dollars) 2,72920
37127,"Nash, NC",1,Personal income (thousands of dollars),5501243
37127,"Nash, NC",2,Population (persons) 1,97990
37127,"Nash, NC",3,Per capita personal income (dollars) 2,56141
37129,"New Hanover, NC",1,Personal income (thousands of dollars),16952082
37129,"New Hanover, NC",2,Population (persons) 1,243333
37129,"New Hanover, NC",3,Per capita personal income (dollars) 2,69666
37131,"Northampton, NC",1,Personal income (thousands of dollars),875733
37131,"Northampton, NC",2,Population (persons) 1,16580
37131,"Northampton, NC",3,Per capita personal income (dollars) 2,52819
37133,"Onslow, NC",1,Personal income (thousands of dollars),12234134
37133,"Onslow, NC",2,Population (persons) 1,212954
37133,"Onslow, NC",3,Per capita personal income (dollars) 2,57450
37135,"Orange, NC",1,Personal income (thousands of dollars),13419175
37135,"Orange, NC",2,Population (persons) 1,152877
37135,"Orange, NC",3,Per capita personal income (dollars) 2,87778
37137,"Pamlico, NC",1,Personal income (thousands of dollars),748408
37137,"Pamlico, NC",2,Population (persons) 1,12550
37137,"Pamlico, NC",3,Per capita personal income (dollars) 2,59634
37139,"Pasquotank, NC",1,Personal income (thousands of dollars),2233571
37139,"Pasquotank, NC",2,Population (persons) 1,41418
37139,"Pasquotank, NC",3,Per capita personal income (dollars) 2,53928
37141,"Pender, NC",1,Personal income (thousands of dollars),3965368
37141,"Pender, NC",2,Population (persons) 1,70077
37141,"Pender, NC",3,Per capita personal income (dollars) 2,56586
37143,"Perquimans, NC",1,Personal income (thousands of dollars),793223
37143,"Perquimans, NC",2,Population (persons) 1,13460
37143,"Perquimans, NC",3,Per capita personal income (dollars) 2,58932
37145,"Person, NC",1,Personal income (thousands of dollars),2118139
37145,"Person, NC",2,Population (persons) 1,40143
37145,"Person, NC",3,Per capita personal income (dollars) 2,52765
37147,"Pitt, NC",1,Personal income (thousands of dollars),10623837
37147,"Pitt, NC",2,Population (persons) 1,180783
37147,"Pitt, NC",3,Per capita personal income (dollars) 2,58766
37149,"Polk, NC",1,Personal income (thousands of dollars),1467836
37149,"Polk, NC",2,Population (persons) 1,20320
37149,"Polk, NC",3,Per capita personal income (dollars) 2,72236
37151,"Randolph, NC",1,Personal income (thousands of dollars),7706424
37151,"Randolph, NC",2,Population (persons) 1,148389
37151,"Randolph, NC",3,Per capita personal income (dollars) 2,51934
37153,"Richmond, NC",1,Personal income (thousands of dollars),2162567
37153,"Richmond, NC",2,Population (persons) 1,41990
37153,"Richmond, NC",3,Per capita personal income (dollars) 2,51502
37155,"Robeson, NC",1,Personal income (thousands of dollars),5521972
37155,"Robeson, NC",2,Population (persons) 1,118624
37155,"Robeson, NC",3,Per capita personal income (dollars) 2,46550
37157,"Rockingham, NC",1,Personal income (thousands of dollars),4754446
37157,"Rockingham, NC",2,Population (persons) 1,93517
37157,"Rockingham, NC",3,Per capita personal income (dollars) 2,50840
37159,"Rowan, NC",1,Personal income (thousands of dollars),7931769
37159,"Rowan, NC",2,Population (persons) 1,153384
37159,"Rowan, NC",3,Per capita personal income (dollars) 2,51712
37161,"Rutherford, NC",1,Personal income (thousands of dollars),3115387
37161,"Rutherford, NC",2,Population (persons) 1,65587
37161,"Rutherford, NC",3,Per capita personal income (dollars) 2,47500
37163,"Sampson, NC",1,Personal income (thousands of dollars),3076647
37163,"Sampson, NC",2,Population (persons) 1,60404
37163,"Sampson, NC",3,Per capita personal income (dollars) 2,50934
37165,"Scotland, NC",1,Personal income (thousands of dollars),1618543
37165,"Scotland, NC",2,Population (persons) 1,33898
37165,"Scotland, NC",3,Per capita personal income (dollars) 2,47747
37167,"Stanly, NC",1,Personal income (thousands of dollars),3650654
37167,"Stanly, NC",2,Population (persons) 1,67326
37167,"Stanly, NC",3,Per capita personal income (dollars) 2,54224
37169,"Stokes, NC",1,Personal income (thousands of dollars),2398524
37169,"Stokes, NC",2,Population (persons) 1,45857
37169,"Stokes, NC",3,Per capita personal income (dollars) 2,52304
37171,"Surry, NC",1,Personal income (thousands of dollars),3882617
37171,"Surry, NC",2,Population (persons) 1,71547
37171,"Surry, NC",3,Per capita personal income (dollars) 2,54267
37173,"Swain, NC",1,Personal income (thousands of dollars),832023
37173,"Swain, NC",2,Population (persons) 1,13945
37173,"Swain, NC",3,Per capita personal income (dollars) 2,59665
37175,"Transylvania, NC",1,Personal income (thousands of dollars),2204453
37175,"Transylvania, NC",2,Population (persons) 1,34103
37175,"Transylvania, NC",3,Per capita personal income (dollars) 2,64641
37177,"Tyrrell, NC",1,Personal income (thousands of dollars),165295
37177,"Tyrrell, NC",2,Population (persons) 1,3517
37177,"Tyrrell, NC",3,Per capita personal income (dollars) 2,46999
37179,"Union, NC",1,Personal income (thousands of dollars),20156290
37179,"Union, NC",2,Population (persons) 1,263386
37179,"Union, NC",3,Per capita personal income (dollars) 2,76528
37181,"Vance, NC",1,Personal income (thousands of dollars),2091572
37181,"Vance, NC",2,Population (persons) 1,42337
37181,"Vance, NC",3,Per capita personal income (dollars) 2,49403
37183,"Wake, NC",1,Personal income (thousands of dollars),105463340
37183,"Wake, NC",2,Population (persons) 1,1232444
37183,"Wake, NC",3,Per capita personal income (dollars) 2,85573
37185,"Warren, NC",1,Personal income (thousands of dollars),781032
37185,"Warren, NC",2,Population (persons) 1,19081
37185,"Warren, NC",3,Per capita personal income (dollars) 2,40932
37187,"Washington, NC",1,Personal income (thousands of dollars),541009
37187,"Washington, NC",2,Population (persons) 1,10654
37187,"Washington, NC",3,Per capita personal income (dollars) 2,50780
37189,"Watauga, NC",1,Personal income (thousands of dollars),3104161
37189,"Watauga, NC",2,Population (persons) 1,54997
37189,"Watauga, NC",3,Per capita personal income (dollars) 2,56442
37191,"Wayne, NC",1,Personal income (thousands of dollars),6492893
37191,"Wayne, NC",2,Population (persons) 1,120338
37191,"Wayne, NC",3,Per capita personal income (dollars) 2,53955
37193,"Wilkes, NC",1,Personal income (thousands of dollars),3500715
37193,"Wilkes, NC",2,Population (persons) 1,66186
37193,"Wilkes, NC",3,Per capita personal income (dollars) 2,52892
37195,"Wilson, NC",1,Personal income (thousands of dollars),4391977
37195,"Wilson, NC",2,Population (persons) 1,79958
37195,"Wilson, NC",3,Per capita personal income (dollars) 2,54929
37197,"Yadkin, NC",1,Personal income (thousands of dollars),2047216
37197,"Yadkin, NC",2,Population (persons) 1,37995
37197,"Yadkin, NC",3,Per capita personal income (dollars) 2,53881
37199,"Yancey, NC",1,Personal income (thousands of dollars),928903
37199,"Yancey, NC",2,Population (persons) 1,18993
37199,"Yancey, NC",3,Per capita personal income (dollars) 2,48908
38001,"Adams, ND",1,Personal income (thousands of dollars),109481
38001,"Adams, ND",2,Population (persons) 1,2141
38001,"Adams, ND",3,Per capita personal income (dollars) 2,51135
38003,"Barnes, ND",1,Personal income (thousands of dollars),707677
38003,"Barnes, ND",2,Population (persons) 1,10798
38003,"Barnes, ND",3,Per capita personal income (dollars) 2,65538
38005,"Benson, ND",1,Personal income (thousands of dollars),313792
38005,"Benson, ND",2,Population (persons) 1,5756
38005,"Benson, ND",3,Per capita personal income (dollars) 2,54516
38007,"Billings, ND",1,Personal income (thousands of dollars),88413
38007,"Billings, ND",2,Population (persons) 1,1063
38007,"Billings, ND",3,Per capita personal income (dollars) 2,83173
38009,"Bottineau, ND",1,Personal income (thousands of dollars),487315
38009,"Bottineau, ND",2,Population (persons) 1,6391
38009,"Bottineau, ND",3,Per capita personal income (dollars) 2,76250
38011,"Bowman, ND",1,Personal income (thousands of dollars),212314
38011,"Bowman, ND",2,Population (persons) 1,2886
38011,"Bowman, ND",3,Per capita personal income (dollars) 2,73567
38013,"Burke, ND",1,Personal income (thousands of dollars),179317
38013,"Burke, ND",2,Population (persons) 1,2154
38013,"Burke, ND",3,Per capita personal income (dollars) 2,83248
38015,"Burleigh, ND",1,Personal income (thousands of dollars),7807653
38015,"Burleigh, ND",2,Population (persons) 1,103107
38015,"Burleigh, ND",3,Per capita personal income (dollars) 2,75724
38017,"Cass, ND",1,Personal income (thousands of dollars),14893611
38017,"Cass, ND",2,Population (persons) 1,200945
38017,"Cass, ND",3,Per capita personal income (dollars) 2,74118
38019,"Cavalier, ND",1,Personal income (thousands of dollars),336364
38019,"Cavalier, ND",2,Population (persons) 1,3567
38019,"Cavalier, ND",3,Per capita personal income (dollars) 2,94299
38021,"Dickey, ND",1,Personal income (thousands of dollars),471494
38021,"Dickey, ND",2,Population (persons) 1,4930
38021,"Dickey, ND",3,Per capita personal income (dollars) 2,95638
38023,"Divide, ND",1,Personal income (thousands of dollars),121677
38023,"Divide, ND",2,Population (persons) 1,2124
38023,"Divide, ND",3,Per capita personal income (dollars) 2,57287
38025,"Dunn, ND",1,Personal income (thousands of dollars),402264
38025,"Dunn, ND",2,Population (persons) 1,4031
38025,"Dunn, ND",3,Per capita personal income (dollars) 2,99793
38027,"Eddy, ND",1,Personal income (thousands of dollars),179046
38027,"Eddy, ND",2,Population (persons) 1,2309
38027,"Eddy, ND",3,Per capita personal income (dollars) 2,77543
38029,"Emmons, ND",1,Personal income (thousands of dollars),188368
38029,"Emmons, ND",2,Population (persons) 1,3209
38029,"Emmons, ND",3,Per capita personal income (dollars) 2,58700
38031,"Foster, ND",1,Personal income (thousands of dollars),232101
38031,"Foster, ND",2,Population (persons) 1,3323
38031,"Foster, ND",3,Per capita personal income (dollars) 2,69847
38033,"Golden Valley, ND",1,Personal income (thousands of dollars),81509
38033,"Golden Valley, ND",2,Population (persons) 1,1795
38033,"Golden Valley, ND",3,Per capita personal income (dollars) 2,45409
38035,"Grand Forks, ND",1,Personal income (thousands of dollars),4899994
38035,"Grand Forks, ND",2,Population (persons) 1,73771
38035,"Grand Forks, ND",3,Per capita personal income (dollars) 2,66422
38037,"Grant, ND",1,Personal income (thousands of dollars),110302
38037,"Grant, ND",2,Population (persons) 1,2247
38037,"Grant, ND",3,Per capita personal income (dollars) 2,49089
38039,"Griggs, ND",1,Personal income (thousands of dollars),165811
38039,"Griggs, ND",2,Population (persons) 1,2227
38039,"Griggs, ND",3,Per capita personal income (dollars) 2,74455
38041,"Hettinger, ND",1,Personal income (thousands of dollars),109660
38041,"Hettinger, ND",2,Population (persons) 1,2419
38041,"Hettinger, ND",3,Per capita personal income (dollars) 2,45333
38043,"Kidder, ND",1,Personal income (thousands of dollars),170112
38043,"Kidder, ND",2,Population (persons) 1,2371
38043,"Kidder, ND",3,Per capita personal income (dollars) 2,71747
38045,"LaMoure, ND",1,Personal income (thousands of dollars),306577
38045,"LaMoure, ND",2,Population (persons) 1,4051
38045,"LaMoure, ND",3,Per capita personal income (dollars) 2,75679
38047,"Logan, ND",1,Personal income (thousands of dollars),115131
38047,"Logan, ND",2,Population (persons) 1,1880
38047,"Logan, ND",3,Per capita personal income (dollars) 2,61240
38049,"McHenry, ND",1,Personal income (thousands of dollars),349478
38049,"McHenry, ND",2,Population (persons) 1,5135
38049,"McHenry, ND",3,Per capita personal income (dollars) 2,68058
38051,"McIntosh, ND",1,Personal income (thousands of dollars),166522
38051,"McIntosh, ND",2,Population (persons) 1,2461
38051,"McIntosh, ND",3,Per capita personal income (dollars) 2,67664
38053,"McKenzie, ND",1,Personal income (thousands of dollars),1227510
38053,"McKenzie, ND",2,Population (persons) 1,14782
38053,"McKenzie, ND",3,Per capita personal income (dollars) 2,83041
38055,"McLean, ND",1,Personal income (thousands of dollars),693012
38055,"McLean, ND",2,Population (persons) 1,9845
38055,"McLean, ND",3,Per capita personal income (dollars) 2,70392
38057,"Mercer, ND",1,Personal income (thousands of dollars),583811
38057,"Mercer, ND",2,Population (persons) 1,8348
38057,"Mercer, ND",3,Per capita personal income (dollars) 2,69934
38059,"Morton, ND",1,Personal income (thousands of dollars),2204410
38059,"Morton, ND",2,Population (persons) 1,34194
38059,"Morton, ND",3,Per capita personal income (dollars) 2,64468
38061,"Mountrail, ND",1,Personal income (thousands of dollars),755058
38061,"Mountrail, ND",2,Population (persons) 1,9474
38061,"Mountrail, ND",3,Per capita personal income (dollars) 2,79698
38063,"Nelson, ND",1,Personal income (thousands of dollars),233229
38063,"Nelson, ND",2,Population (persons) 1,3007
38063,"Nelson, ND",3,Per capita personal income (dollars) 2,77562
38065,"Oliver, ND",1,Personal income (thousands of dollars),98970
38065,"Oliver, ND",2,Population (persons) 1,1882
38065,"Oliver, ND",3,Per capita personal income (dollars) 2,52588
38067,"Pembina, ND",1,Personal income (thousands of dollars),573287
38067,"Pembina, ND",2,Population (persons) 1,6588
38067,"Pembina, ND",3,Per capita personal income (dollars) 2,87020
38069,"Pierce, ND",1,Personal income (thousands of dollars),233406
38069,"Pierce, ND",2,Population (persons) 1,3853
38069,"Pierce, ND",3,Per capita personal income (dollars) 2,60578
38071,"Ramsey, ND",1,Personal income (thousands of dollars),753449
38071,"Ramsey, ND",2,Population (persons) 1,11510
38071,"Ramsey, ND",3,Per capita personal income (dollars) 2,65460
38073,"Ransom, ND",1,Personal income (thousands of dollars),404456
38073,"Ransom, ND",2,Population (persons) 1,5590
38073,"Ransom, ND",3,Per capita personal income (dollars) 2,72353
38075,"Renville, ND",1,Personal income (thousands of dollars),189829
38075,"Renville, ND",2,Population (persons) 1,2376
38075,"Renville, ND",3,Per capita personal income (dollars) 2,79894
38077,"Richland, ND",1,Personal income (thousands of dollars),1141873
38077,"Richland, ND",2,Population (persons) 1,16658
38077,"Richland, ND",3,Per capita personal income (dollars) 2,68548
38079,"Rolette, ND",1,Personal income (thousands of dollars),679421
38079,"Rolette, ND",2,Population (persons) 1,11692
38079,"Rolette, ND",3,Per capita personal income (dollars) 2,58110
38081,"Sargent, ND",1,Personal income (thousands of dollars),301282
38081,"Sargent, ND",2,Population (persons) 1,3710
38081,"Sargent, ND",3,Per capita personal income (dollars) 2,81208
38083,"Sheridan, ND",1,Personal income (thousands of dollars),65896
38083,"Sheridan, ND",2,Population (persons) 1,1268
38083,"Sheridan, ND",3,Per capita personal income (dollars) 2,51968
38085,"Sioux, ND",1,Personal income (thousands of dollars),125433
38085,"Sioux, ND",2,Population (persons) 1,3713
38085,"Sioux, ND",3,Per capita personal income (dollars) 2,33782
38087,"Slope, ND",1,Personal income (thousands of dollars),24162
38087,"Slope, ND",2,Population (persons) 1,660
38087,"Slope, ND",3,Per capita personal income (dollars) 2,36609
38089,"Stark, ND",1,Personal income (thousands of dollars),2470829
38089,"Stark, ND",2,Population (persons) 1,33767
38089,"Stark, ND",3,Per capita personal income (dollars) 2,73173
38091,"Steele, ND",1,Personal income (thousands of dollars),138633
38091,"Steele, ND",2,Population (persons) 1,1767
38091,"Steele, ND",3,Per capita personal income (dollars) 2,78457
38093,"Stutsman, ND",1,Personal income (thousands of dollars),1428741
38093,"Stutsman, ND",2,Population (persons) 1,21546
38093,"Stutsman, ND",3,Per capita personal income (dollars) 2,66311
38095,"Towner, ND",1,Personal income (thousands of dollars),165454
38095,"Towner, ND",2,Population (persons) 1,2051
38095,"Towner, ND",3,Per capita personal income (dollars) 2,80670
38097,"Traill, ND",1,Personal income (thousands of dollars),568597
38097,"Traill, ND",2,Population (persons) 1,7989
38097,"Traill, ND",3,Per capita personal income (dollars) 2,71172
38099,"Walsh, ND",1,Personal income (thousands of dollars),758972
38099,"Walsh, ND",2,Population (persons) 1,10214
38099,"Walsh, ND",3,Per capita personal income (dollars) 2,74307
38101,"Ward, ND",1,Personal income (thousands of dollars),4710148
38101,"Ward, ND",2,Population (persons) 1,68427
38101,"Ward, ND",3,Per capita personal income (dollars) 2,68835
38103,"Wells, ND",1,Personal income (thousands of dollars),312350
38103,"Wells, ND",2,Population (persons) 1,3803
38103,"Wells, ND",3,Per capita personal income (dollars) 2,82133
38105,"Williams, ND",1,Personal income (thousands of dollars),3105152
38105,"Williams, ND",2,Population (persons) 1,40763
38105,"Williams, ND",3,Per capita personal income (dollars) 2,76176
39001,"Adams, OH",1,Personal income (thousands of dollars),1328304
39001,"Adams, OH",2,Population (persons) 1,27671
39001,"Adams, OH",3,Per capita personal income (dollars) 2,48003
39003,"Allen, OH",1,Personal income (thousands of dollars),5655112
39003,"Allen, OH",2,Population (persons) 1,100866
39003,"Allen, OH",3,Per capita personal income (dollars) 2,56066
39005,"Ashland, OH",1,Personal income (thousands of dollars),2790541
39005,"Ashland, OH",2,Population (persons) 1,52420
39005,"Ashland, OH",3,Per capita personal income (dollars) 2,53234
39007,"Ashtabula, OH",1,Personal income (thousands of dollars),5161073
39007,"Ashtabula, OH",2,Population (persons) 1,96906
39007,"Ashtabula, OH",3,Per capita personal income (dollars) 2,53259
39009,"Athens, OH",1,Personal income (thousands of dollars),2777816
39009,"Athens, OH",2,Population (persons) 1,63218
39009,"Athens, OH",3,Per capita personal income (dollars) 2,43940
39011,"Auglaize, OH",1,Personal income (thousands of dollars),2908687
39011,"Auglaize, OH",2,Population (persons) 1,45922
39011,"Auglaize, OH",3,Per capita personal income (dollars) 2,63340
39013,"Belmont, OH",1,Personal income (thousands of dollars),3556507
39013,"Belmont, OH",2,Population (persons) 1,64692
39013,"Belmont, OH",3,Per capita personal income (dollars) 2,54976
39015,"Brown, OH",1,Personal income (thousands of dollars),2221126
39015,"Brown, OH",2,Population (persons) 1,44292
39015,"Brown, OH",3,Per capita personal income (dollars) 2,50147
39017,"Butler, OH",1,Personal income (thousands of dollars),23987345
39017,"Butler, OH",2,Population (persons) 1,399542
39017,"Butler, OH",3,Per capita personal income (dollars) 2,60037
39019,"Carroll, OH",1,Personal income (thousands of dollars),1414976
39019,"Carroll, OH",2,Population (persons) 1,26460
39019,"Carroll, OH",3,Per capita personal income (dollars) 2,53476
39021,"Champaign, OH",1,Personal income (thousands of dollars),2126062
39021,"Champaign, OH",2,Population (persons) 1,38907
39021,"Champaign, OH",3,Per capita personal income (dollars) 2,54645
39023,"Clark, OH",1,Personal income (thousands of dollars),7136493
39023,"Clark, OH",2,Population (persons) 1,134985
39023,"Clark, OH",3,Per capita personal income (dollars) 2,52869
39025,"Clermont, OH",1,Personal income (thousands of dollars),14182349
39025,"Clermont, OH",2,Population (persons) 1,214123
39025,"Clermont, OH",3,Per capita personal income (dollars) 2,66235
39027,"Clinton, OH",1,Personal income (thousands of dollars),2347475
39027,"Clinton, OH",2,Population (persons) 1,42019
39027,"Clinton, OH",3,Per capita personal income (dollars) 2,55867
39029,"Columbiana, OH",1,Personal income (thousands of dollars),5109226
39029,"Columbiana, OH",2,Population (persons) 1,99823
39029,"Columbiana, OH",3,Per capita personal income (dollars) 2,51183
39031,"Coshocton, OH",1,Personal income (thousands of dollars),1728178
39031,"Coshocton, OH",2,Population (persons) 1,37003
39031,"Coshocton, OH",3,Per capita personal income (dollars) 2,46704
39033,"Crawford, OH",1,Personal income (thousands of dollars),2075538
39033,"Crawford, OH",2,Population (persons) 1,41626
39033,"Crawford, OH",3,Per capita personal income (dollars) 2,49862
39035,"Cuyahoga, OH",1,Personal income (thousands of dollars),90311785
39035,"Cuyahoga, OH",2,Population (persons) 1,1240594
39035,"Cuyahoga, OH",3,Per capita personal income (dollars) 2,72797
39037,"Darke, OH",1,Personal income (thousands of dollars),3083356
39037,"Darke, OH",2,Population (persons) 1,51462
39037,"Darke, OH",3,Per capita personal income (dollars) 2,59915
39039,"Defiance, OH",1,Personal income (thousands of dollars),1977881
39039,"Defiance, OH",2,Population (persons) 1,38644
39039,"Defiance, OH",3,Per capita personal income (dollars) 2,51182
39041,"Delaware, OH",1,Personal income (thousands of dollars),22980985
39041,"Delaware, OH",2,Population (persons) 1,237966
39041,"Delaware, OH",3,Per capita personal income (dollars) 2,96573
39043,"Erie, OH",1,Personal income (thousands of dollars),4677610
39043,"Erie, OH",2,Population (persons) 1,73841
39043,"Erie, OH",3,Per capita personal income (dollars) 2,63347
39045,"Fairfield, OH",1,Personal income (thousands of dollars),10264513
39045,"Fairfield, OH",2,Population (persons) 1,167762
39045,"Fairfield, OH",3,Per capita personal income (dollars) 2,61185
39047,"Fayette, OH",1,Personal income (thousands of dollars),1460569
39047,"Fayette, OH",2,Population (persons) 1,28782
39047,"Fayette, OH",3,Per capita personal income (dollars) 2,50746
39049,"Franklin, OH",1,Personal income (thousands of dollars),90471869
39049,"Franklin, OH",2,Population (persons) 1,1356303
39049,"Franklin, OH",3,Per capita personal income (dollars) 2,66705
39051,"Fulton, OH",1,Personal income (thousands of dollars),2457575
39051,"Fulton, OH",2,Population (persons) 1,42028
39051,"Fulton, OH",3,Per capita personal income (dollars) 2,58475
39053,"Gallia, OH",1,Personal income (thousands of dollars),1542993
39053,"Gallia, OH",2,Population (persons) 1,28886
39053,"Gallia, OH",3,Per capita personal income (dollars) 2,53417
39055,"Geauga, OH",1,Personal income (thousands of dollars),8788039
39055,"Geauga, OH",2,Population (persons) 1,95362
39055,"Geauga, OH",3,Per capita personal income (dollars) 2,92155
39057,"Greene, OH",1,Personal income (thousands of dollars),11594340
39057,"Greene, OH",2,Population (persons) 1,172347
39057,"Greene, OH",3,Per capita personal income (dollars) 2,67273
39059,"Guernsey, OH",1,Personal income (thousands of dollars),2015649
39059,"Guernsey, OH",2,Population (persons) 1,38219
39059,"Guernsey, OH",3,Per capita personal income (dollars) 2,52739
39061,"Hamilton, OH",1,Personal income (thousands of dollars),66140150
39061,"Hamilton, OH",2,Population (persons) 1,837359
39061,"Hamilton, OH",3,Per capita personal income (dollars) 2,78987
39063,"Hancock, OH",1,Personal income (thousands of dollars),5261329
39063,"Hancock, OH",2,Population (persons) 1,75016
39063,"Hancock, OH",3,Per capita personal income (dollars) 2,70136
39065,"Hardin, OH",1,Personal income (thousands of dollars),1357812
39065,"Hardin, OH",2,Population (persons) 1,30402
39065,"Hardin, OH",3,Per capita personal income (dollars) 2,44662
39067,"Harrison, OH",1,Personal income (thousands of dollars),777943
39067,"Harrison, OH",2,Population (persons) 1,14042
39067,"Harrison, OH",3,Per capita personal income (dollars) 2,55401
39069,"Henry, OH",1,Personal income (thousands of dollars),1543433
39069,"Henry, OH",2,Population (persons) 1,27536
39069,"Henry, OH",3,Per capita personal income (dollars) 2,56051
39071,"Highland, OH",1,Personal income (thousands of dollars),2100679
39071,"Highland, OH",2,Population (persons) 1,43785
39071,"Highland, OH",3,Per capita personal income (dollars) 2,47977
39073,"Hocking, OH",1,Personal income (thousands of dollars),1377957
39073,"Hocking, OH",2,Population (persons) 1,27429
39073,"Hocking, OH",3,Per capita personal income (dollars) 2,50237
39075,"Holmes, OH",1,Personal income (thousands of dollars),2853731
39075,"Holmes, OH",2,Population (persons) 1,44668
39075,"Holmes, OH",3,Per capita personal income (dollars) 2,63888
39077,"Huron, OH",1,Personal income (thousands of dollars),3031361
39077,"Huron, OH",2,Population (persons) 1,58168
39077,"Huron, OH",3,Per capita personal income (dollars) 2,52114
39079,"Jackson, OH",1,Personal income (thousands of dollars),1488093
39079,"Jackson, OH",2,Population (persons) 1,32723
39079,"Jackson, OH",3,Per capita personal income (dollars) 2,45475
39081,"Jefferson, OH",1,Personal income (thousands of dollars),3257937
39081,"Jefferson, OH",2,Population (persons) 1,63900
39081,"Jefferson, OH",3,Per capita personal income (dollars) 2,50985
39083,"Knox, OH",1,Personal income (thousands of dollars),3721869
39083,"Knox, OH",2,Population (persons) 1,63848
39083,"Knox, OH",3,Per capita personal income (dollars) 2,58293
39085,"Lake, OH",1,Personal income (thousands of dollars),15477249
39085,"Lake, OH",2,Population (persons) 1,232360
39085,"Lake, OH",3,Per capita personal income (dollars) 2,66609
39087,"Lawrence, OH",1,Personal income (thousands of dollars),3039707
39087,"Lawrence, OH",2,Population (persons) 1,55829
39087,"Lawrence, OH",3,Per capita personal income (dollars) 2,54447
39089,"Licking, OH",1,Personal income (thousands of dollars),11364978
39089,"Licking, OH",2,Population (persons) 1,184898
39089,"Licking, OH",3,Per capita personal income (dollars) 2,61466
39091,"Logan, OH",1,Personal income (thousands of dollars),2546204
39091,"Logan, OH",2,Population (persons) 1,46085
39091,"Logan, OH",3,Per capita personal income (dollars) 2,55250
39093,"Lorain, OH",1,Personal income (thousands of dollars),19895746
39093,"Lorain, OH",2,Population (persons) 1,322030
39093,"Lorain, OH",3,Per capita personal income (dollars) 2,61782
39095,"Lucas, OH",1,Personal income (thousands of dollars),25700202
39095,"Lucas, OH",2,Population (persons) 1,426291
39095,"Lucas, OH",3,Per capita personal income (dollars) 2,60288
39097,"Madison, OH",1,Personal income (thousands of dollars),2548838
39097,"Madison, OH",2,Population (persons) 1,45531
39097,"Madison, OH",3,Per capita personal income (dollars) 2,55980
39099,"Mahoning, OH",1,Personal income (thousands of dollars),13179361
39099,"Mahoning, OH",2,Population (persons) 1,225786
39099,"Mahoning, OH",3,Per capita personal income (dollars) 2,58371
39101,"Marion, OH",1,Personal income (thousands of dollars),3074339
39101,"Marion, OH",2,Population (persons) 1,64976
39101,"Marion, OH",3,Per capita personal income (dollars) 2,47315
39103,"Medina, OH",1,Personal income (thousands of dollars),13608553
39103,"Medina, OH",2,Population (persons) 1,184625
39103,"Medina, OH",3,Per capita personal income (dollars) 2,73709
39105,"Meigs, OH",1,Personal income (thousands of dollars),1029201
39105,"Meigs, OH",2,Population (persons) 1,21491
39105,"Meigs, OH",3,Per capita personal income (dollars) 2,47890
39107,"Mercer, OH",1,Personal income (thousands of dollars),3099109
39107,"Mercer, OH",2,Population (persons) 1,42648
39107,"Mercer, OH",3,Per capita personal income (dollars) 2,72667
39109,"Miami, OH",1,Personal income (thousands of dollars),6974777
39109,"Miami, OH",2,Population (persons) 1,111950
39109,"Miami, OH",3,Per capita personal income (dollars) 2,62303
39111,"Monroe, OH",1,Personal income (thousands of dollars),615465
39111,"Monroe, OH",2,Population (persons) 1,13051
39111,"Monroe, OH",3,Per capita personal income (dollars) 2,47158
39113,"Montgomery, OH",1,Personal income (thousands of dollars),32674137
39113,"Montgomery, OH",2,Population (persons) 1,537443
39113,"Montgomery, OH",3,Per capita personal income (dollars) 2,60796
39115,"Morgan, OH",1,Personal income (thousands of dollars),657465
39115,"Morgan, OH",2,Population (persons) 1,13532
39115,"Morgan, OH",3,Per capita personal income (dollars) 2,48586
39117,"Morrow, OH",1,Personal income (thousands of dollars),1923401
39117,"Morrow, OH",2,Population (persons) 1,35927
39117,"Morrow, OH",3,Per capita personal income (dollars) 2,53536
39119,"Muskingum, OH",1,Personal income (thousands of dollars),4751406
39119,"Muskingum, OH",2,Population (persons) 1,86582
39119,"Muskingum, OH",3,Per capita personal income (dollars) 2,54878
39121,"Noble, OH",1,Personal income (thousands of dollars),498554
39121,"Noble, OH",2,Population (persons) 1,14269
39121,"Noble, OH",3,Per capita personal income (dollars) 2,34940
39123,"Ottawa, OH",1,Personal income (thousands of dollars),2729199
39123,"Ottawa, OH",2,Population (persons) 1,39692
39123,"Ottawa, OH",3,Per capita personal income (dollars) 2,68759
39125,"Paulding, OH",1,Personal income (thousands of dollars),1046208
39125,"Paulding, OH",2,Population (persons) 1,18755
39125,"Paulding, OH",3,Per capita personal income (dollars) 2,55783
39127,"Perry, OH",1,Personal income (thousands of dollars),1832895
39127,"Perry, OH",2,Population (persons) 1,35682
39127,"Perry, OH",3,Per capita personal income (dollars) 2,51367
39129,"Pickaway, OH",1,Personal income (thousands of dollars),3350539
39129,"Pickaway, OH",2,Population (persons) 1,62158
39129,"Pickaway, OH",3,Per capita personal income (dollars) 2,53904
39131,"Pike, OH",1,Personal income (thousands of dollars),1397872
39131,"Pike, OH",2,Population (persons) 1,27065
39131,"Pike, OH",3,Per capita personal income (dollars) 2,51649
39133,"Portage, OH",1,Personal income (thousands of dollars),9727672
39133,"Portage, OH",2,Population (persons) 1,163839
39133,"Portage, OH",3,Per capita personal income (dollars) 2,59373
39135,"Preble, OH",1,Personal income (thousands of dollars),2193503
39135,"Preble, OH",2,Population (persons) 1,40801
39135,"Preble, OH",3,Per capita personal income (dollars) 2,53761
39137,"Putnam, OH",1,Personal income (thousands of dollars),2237165
39137,"Putnam, OH",2,Population (persons) 1,34206
39137,"Putnam, OH",3,Per capita personal income (dollars) 2,65403
39139,"Richland, OH",1,Personal income (thousands of dollars),6243861
39139,"Richland, OH",2,Population (persons) 1,124853
39139,"Richland, OH",3,Per capita personal income (dollars) 2,50010
39141,"Ross, OH",1,Personal income (thousands of dollars),3715167
39141,"Ross, OH",2,Population (persons) 1,76046
39141,"Ross, OH",3,Per capita personal income (dollars) 2,48854
39143,"Sandusky, OH",1,Personal income (thousands of dollars),3125707
39143,"Sandusky, OH",2,Population (persons) 1,58866
39143,"Sandusky, OH",3,Per capita personal income (dollars) 2,53099
39145,"Scioto, OH",1,Personal income (thousands of dollars),3696455
39145,"Scioto, OH",2,Population (persons) 1,71798
39145,"Scioto, OH",3,Per capita personal income (dollars) 2,51484
39147,"Seneca, OH",1,Personal income (thousands of dollars),2849299
39147,"Seneca, OH",2,Population (persons) 1,54730
39147,"Seneca, OH",3,Per capita personal income (dollars) 2,52061
39149,"Shelby, OH",1,Personal income (thousands of dollars),2762740
39149,"Shelby, OH",2,Population (persons) 1,47952
39149,"Shelby, OH",3,Per capita personal income (dollars) 2,57615
39151,"Stark, OH",1,Personal income (thousands of dollars),22430120
39151,"Stark, OH",2,Population (persons) 1,374091
39151,"Stark, OH",3,Per capita personal income (dollars) 2,59959
39153,"Summit, OH",1,Personal income (thousands of dollars),36453810
39153,"Summit, OH",2,Population (persons) 1,538370
39153,"Summit, OH",3,Per capita personal income (dollars) 2,67711
39155,"Trumbull, OH",1,Personal income (thousands of dollars),10511454
39155,"Trumbull, OH",2,Population (persons) 1,200300
39155,"Trumbull, OH",3,Per capita personal income (dollars) 2,52479
39157,"Tuscarawas, OH",1,Personal income (thousands of dollars),5689921
39157,"Tuscarawas, OH",2,Population (persons) 1,92048
39157,"Tuscarawas, OH",3,Per capita personal income (dollars) 2,61815
39159,"Union, OH",1,Personal income (thousands of dollars),5423275
39159,"Union, OH",2,Population (persons) 1,71721
39159,"Union, OH",3,Per capita personal income (dollars) 2,75616
39161,"Van Wert, OH",1,Personal income (thousands of dollars),1567025
39161,"Van Wert, OH",2,Population (persons) 1,28887
39161,"Van Wert, OH",3,Per capita personal income (dollars) 2,54247
39163,"Vinton, OH",1,Personal income (thousands of dollars),563664
39163,"Vinton, OH",2,Population (persons) 1,12545
39163,"Vinton, OH",3,Per capita personal income (dollars) 2,44931
39165,"Warren, OH",1,Personal income (thousands of dollars),20746505
39165,"Warren, OH",2,Population (persons) 1,256059
39165,"Warren, OH",3,Per capita personal income (dollars) 2,81022
39167,"Washington, OH",1,Personal income (thousands of dollars),3353213
39167,"Washington, OH",2,Population (persons) 1,58332
39167,"Washington, OH",3,Per capita personal income (dollars) 2,57485
39169,"Wayne, OH",1,Personal income (thousands of dollars),7115059
39169,"Wayne, OH",2,Population (persons) 1,116632
39169,"Wayne, OH",3,Per capita personal income (dollars) 2,61004
39171,"Williams, OH",1,Personal income (thousands of dollars),1934713
39171,"Williams, OH",2,Population (persons) 1,36554
39171,"Williams, OH",3,Per capita personal income (dollars) 2,52928
39173,"Wood, OH",1,Personal income (thousands of dollars),8330598
39173,"Wood, OH",2,Population (persons) 1,133077
39173,"Wood, OH",3,Per capita personal income (dollars) 2,62600
39175,"Wyandot, OH",1,Personal income (thousands of dollars),1313181
39175,"Wyandot, OH",2,Population (persons) 1,21394
39175,"Wyandot, OH",3,Per capita personal income (dollars) 2,61381
40001,"Adair, OK",1,Personal income (thousands of dollars),874690
40001,"Adair, OK",2,Population (persons) 1,19821
40001,"Adair, OK",3,Per capita personal income (dollars) 2,44129
40003,"Alfalfa, OK",1,Personal income (thousands of dollars),261905
40003,"Alfalfa, OK",2,Population (persons) 1,5712
40003,"Alfalfa, OK",3,Per capita personal income (dollars) 2,45852
40005,"Atoka, OK",1,Personal income (thousands of dollars),565150
40005,"Atoka, OK",2,Population (persons) 1,14600
40005,"Atoka, OK",3,Per capita personal income (dollars) 2,38709
40007,"Beaver, OK",1,Personal income (thousands of dollars),351673
40007,"Beaver, OK",2,Population (persons) 1,5025
40007,"Beaver, OK",3,Per capita personal income (dollars) 2,69985
40009,"Beckham, OK",1,Personal income (thousands of dollars),980449
40009,"Beckham, OK",2,Population (persons) 1,22248
40009,"Beckham, OK",3,Per capita personal income (dollars) 2,44069
40011,"Blaine, OK",1,Personal income (thousands of dollars),482175
40011,"Blaine, OK",2,Population (persons) 1,8573
40011,"Blaine, OK",3,Per capita personal income (dollars) 2,56243
40013,"Bryan, OK",1,Personal income (thousands of dollars),2415111
40013,"Bryan, OK",2,Population (persons) 1,50305
40013,"Bryan, OK",3,Per capita personal income (dollars) 2,48009
40015,"Caddo, OK",1,Personal income (thousands of dollars),1299191
40015,"Caddo, OK",2,Population (persons) 1,26337
40015,"Caddo, OK",3,Per capita personal income (dollars) 2,49329
40017,"Canadian, OK",1,Personal income (thousands of dollars),10321348
40017,"Canadian, OK",2,Population (persons) 1,181760
40017,"Canadian, OK",3,Per capita personal income (dollars) 2,56786
40019,"Carter, OK",1,Personal income (thousands of dollars),2731626
40019,"Carter, OK",2,Population (persons) 1,49135
40019,"Carter, OK",3,Per capita personal income (dollars) 2,55594
40021,"Cherokee, OK",1,Personal income (thousands of dollars),2200405
40021,"Cherokee, OK",2,Population (persons) 1,48729
40021,"Cherokee, OK",3,Per capita personal income (dollars) 2,45156
40023,"Choctaw, OK",1,Personal income (thousands of dollars),661288
40023,"Choctaw, OK",2,Population (persons) 1,14174
40023,"Choctaw, OK",3,Per capita personal income (dollars) 2,46655
40025,"Cimarron, OK",1,Personal income (thousands of dollars),169714
40025,"Cimarron, OK",2,Population (persons) 1,2133
40025,"Cimarron, OK",3,Per capita personal income (dollars) 2,79566
40027,"Cleveland, OK",1,Personal income (thousands of dollars),17433112
40027,"Cleveland, OK",2,Population (persons) 1,303952
40027,"Cleveland, OK",3,Per capita personal income (dollars) 2,57355
40029,"Coal, OK",1,Personal income (thousands of dollars),261168
40029,"Coal, OK",2,Population (persons) 1,5414
40029,"Coal, OK",3,Per capita personal income (dollars) 2,48239
40031,"Comanche, OK",1,Personal income (thousands of dollars),6669923
40031,"Comanche, OK",2,Population (persons) 1,121396
40031,"Comanche, OK",3,Per capita personal income (dollars) 2,54944
40033,"Cotton, OK",1,Personal income (thousands of dollars),312707
40033,"Cotton, OK",2,Population (persons) 1,5503
40033,"Cotton, OK",3,Per capita personal income (dollars) 2,56825
40035,"Craig, OK",1,Personal income (thousands of dollars),703144
40035,"Craig, OK",2,Population (persons) 1,14506
40035,"Craig, OK",3,Per capita personal income (dollars) 2,48473
40037,"Creek, OK",1,Personal income (thousands of dollars),3940564
40037,"Creek, OK",2,Population (persons) 1,73971
40037,"Creek, OK",3,Per capita personal income (dollars) 2,53272
40039,"Custer, OK",1,Personal income (thousands of dollars),1442771
40039,"Custer, OK",2,Population (persons) 1,28266
40039,"Custer, OK",3,Per capita personal income (dollars) 2,51043
40041,"Delaware, OK",1,Personal income (thousands of dollars),2025914
40041,"Delaware, OK",2,Population (persons) 1,41771
40041,"Delaware, OK",3,Per capita personal income (dollars) 2,48500
40043,"Dewey, OK",1,Personal income (thousands of dollars),263859
40043,"Dewey, OK",2,Population (persons) 1,4268
40043,"Dewey, OK",3,Per capita personal income (dollars) 2,61823
40045,"Ellis, OK",1,Personal income (thousands of dollars),243372
40045,"Ellis, OK",2,Population (persons) 1,3601
40045,"Ellis, OK",3,Per capita personal income (dollars) 2,67585
40047,"Garfield, OK",1,Personal income (thousands of dollars),3353992
40047,"Garfield, OK",2,Population (persons) 1,62007
40047,"Garfield, OK",3,Per capita personal income (dollars) 2,54091
40049,"Garvin, OK",1,Personal income (thousands of dollars),1345726
40049,"Garvin, OK",2,Population (persons) 1,26149
40049,"Garvin, OK",3,Per capita personal income (dollars) 2,51464
40051,"Grady, OK",1,Personal income (thousands of dollars),3080743
40051,"Grady, OK",2,Population (persons) 1,58353
40051,"Grady, OK",3,Per capita personal income (dollars) 2,52795
40053,"Grant, OK",1,Personal income (thousands of dollars),246848
40053,"Grant, OK",2,Population (persons) 1,4123
40053,"Grant, OK",3,Per capita personal income (dollars) 2,59871
40055,"Greer, OK",1,Personal income (thousands of dollars),224131
40055,"Greer, OK",2,Population (persons) 1,5433
40055,"Greer, OK",3,Per capita personal income (dollars) 2,41254
40057,"Harmon, OK",1,Personal income (thousands of dollars),153510
40057,"Harmon, OK",2,Population (persons) 1,2315
40057,"Harmon, OK",3,Per capita personal income (dollars) 2,66311
40059,"Harper, OK",1,Personal income (thousands of dollars),236325
40059,"Harper, OK",2,Population (persons) 1,3209
40059,"Harper, OK",3,Per capita personal income (dollars) 2,73644
40061,"Haskell, OK",1,Personal income (thousands of dollars),559446
40061,"Haskell, OK",2,Population (persons) 1,11811
40061,"Haskell, OK",3,Per capita personal income (dollars) 2,47367
40063,"Hughes, OK",1,Personal income (thousands of dollars),712640
40063,"Hughes, OK",2,Population (persons) 1,13371
40063,"Hughes, OK",3,Per capita personal income (dollars) 2,53297
40065,"Jackson, OK",1,Personal income (thousands of dollars),1371740
40065,"Jackson, OK",2,Population (persons) 1,24541
40065,"Jackson, OK",3,Per capita personal income (dollars) 2,55896
40067,"Jefferson, OK",1,Personal income (thousands of dollars),249729
40067,"Jefferson, OK",2,Population (persons) 1,5374
40067,"Jefferson, OK",3,Per capita personal income (dollars) 2,46470
40069,"Johnston, OK",1,Personal income (thousands of dollars),542219
40069,"Johnston, OK",2,Population (persons) 1,10293
40069,"Johnston, OK",3,Per capita personal income (dollars) 2,52678
40071,"Kay, OK",1,Personal income (thousands of dollars),2224029
40071,"Kay, OK",2,Population (persons) 1,43437
40071,"Kay, OK",3,Per capita personal income (dollars) 2,51201
40073,"Kingfisher, OK",1,Personal income (thousands of dollars),1197949
40073,"Kingfisher, OK",2,Population (persons) 1,15820
40073,"Kingfisher, OK",3,Per capita personal income (dollars) 2,75724
40075,"Kiowa, OK",1,Personal income (thousands of dollars),410300
40075,"Kiowa, OK",2,Population (persons) 1,8257
40075,"Kiowa, OK",3,Per capita personal income (dollars) 2,49691
40077,"Latimer, OK",1,Personal income (thousands of dollars),405807
40077,"Latimer, OK",2,Population (persons) 1,9509
40077,"Latimer, OK",3,Per capita personal income (dollars) 2,42676
40079,"Le Flore, OK",1,Personal income (thousands of dollars),2252195
40079,"Le Flore, OK",2,Population (persons) 1,49854
40079,"Le Flore, OK",3,Per capita personal income (dollars) 2,45176
40081,"Lincoln, OK",1,Personal income (thousands of dollars),1697753
40081,"Lincoln, OK",2,Population (persons) 1,34972
40081,"Lincoln, OK",3,Per capita personal income (dollars) 2,48546
40083,"Logan, OK",1,Personal income (thousands of dollars),2852883
40083,"Logan, OK",2,Population (persons) 1,53860
40083,"Logan, OK",3,Per capita personal income (dollars) 2,52968
40085,"Love, OK",1,Personal income (thousands of dollars),490644
40085,"Love, OK",2,Population (persons) 1,10423
40085,"Love, OK",3,Per capita personal income (dollars) 2,47073
40087,"McClain, OK",1,Personal income (thousands of dollars),2886561
40087,"McClain, OK",2,Population (persons) 1,48434
40087,"McClain, OK",3,Per capita personal income (dollars) 2,59598
40089,"McCurtain, OK",1,Personal income (thousands of dollars),1469788
40089,"McCurtain, OK",2,Population (persons) 1,30805
40089,"McCurtain, OK",3,Per capita personal income (dollars) 2,47713
40091,"McIntosh, OK",1,Personal income (thousands of dollars),908597
40091,"McIntosh, OK",2,Population (persons) 1,19710
40091,"McIntosh, OK",3,Per capita personal income (dollars) 2,46098
40093,"Major, OK",1,Personal income (thousands of dollars),404270
40093,"Major, OK",2,Population (persons) 1,7569
40093,"Major, OK",3,Per capita personal income (dollars) 2,53411
40095,"Marshall, OK",1,Personal income (thousands of dollars),827530
40095,"Marshall, OK",2,Population (persons) 1,16147
40095,"Marshall, OK",3,Per capita personal income (dollars) 2,51250
40097,"Mayes, OK",1,Personal income (thousands of dollars),2033459
40097,"Mayes, OK",2,Population (persons) 1,40144
40097,"Mayes, OK",3,Per capita personal income (dollars) 2,50654
40099,"Murray, OK",1,Personal income (thousands of dollars),733273
40099,"Murray, OK",2,Population (persons) 1,13754
40099,"Murray, OK",3,Per capita personal income (dollars) 2,53313
40101,"Muskogee, OK",1,Personal income (thousands of dollars),3322922
40101,"Muskogee, OK",2,Population (persons) 1,66752
40101,"Muskogee, OK",3,Per capita personal income (dollars) 2,49780
40103,"Noble, OK",1,Personal income (thousands of dollars),609661
40103,"Noble, OK",2,Population (persons) 1,10896
40103,"Noble, OK",3,Per capita personal income (dollars) 2,55953
40105,"Nowata, OK",1,Personal income (thousands of dollars),483395
40105,"Nowata, OK",2,Population (persons) 1,9561
40105,"Nowata, OK",3,Per capita personal income (dollars) 2,50559
40107,"Okfuskee, OK",1,Personal income (thousands of dollars),469812
40107,"Okfuskee, OK",2,Population (persons) 1,11364
40107,"Okfuskee, OK",3,Per capita personal income (dollars) 2,41342
40109,"Oklahoma, OK",1,Personal income (thousands of dollars),62672140
40109,"Oklahoma, OK",2,Population (persons) 1,816490
40109,"Oklahoma, OK",3,Per capita personal income (dollars) 2,76758
40111,"Okmulgee, OK",1,Personal income (thousands of dollars),1728984
40111,"Okmulgee, OK",2,Population (persons) 1,37084
40111,"Okmulgee, OK",3,Per capita personal income (dollars) 2,46623
40113,"Osage, OK",1,Personal income (thousands of dollars),2202563
40113,"Osage, OK",2,Population (persons) 1,46495
40113,"Osage, OK",3,Per capita personal income (dollars) 2,47372
40115,"Ottawa, OK",1,Personal income (thousands of dollars),1515313
40115,"Ottawa, OK",2,Population (persons) 1,30404
40115,"Ottawa, OK",3,Per capita personal income (dollars) 2,49839
40117,"Pawnee, OK",1,Personal income (thousands of dollars),768289
40117,"Pawnee, OK",2,Population (persons) 1,16111
40117,"Pawnee, OK",3,Per capita personal income (dollars) 2,47687
40119,"Payne, OK",1,Personal income (thousands of dollars),4121797
40119,"Payne, OK",2,Population (persons) 1,84199
40119,"Payne, OK",3,Per capita personal income (dollars) 2,48953
40121,"Pittsburg, OK",1,Personal income (thousands of dollars),2020481
40121,"Pittsburg, OK",2,Population (persons) 1,43395
40121,"Pittsburg, OK",3,Per capita personal income (dollars) 2,46560
40123,"Pontotoc, OK",1,Personal income (thousands of dollars),2305566
40123,"Pontotoc, OK",2,Population (persons) 1,38310
40123,"Pontotoc, OK",3,Per capita personal income (dollars) 2,60182
40125,"Pottawatomie, OK",1,Personal income (thousands of dollars),3774760
40125,"Pottawatomie, OK",2,Population (persons) 1,74446
40125,"Pottawatomie, OK",3,Per capita personal income (dollars) 2,50705
40127,"Pushmataha, OK",1,Personal income (thousands of dollars),466339
40127,"Pushmataha, OK",2,Population (persons) 1,10800
40127,"Pushmataha, OK",3,Per capita personal income (dollars) 2,43180
40129,"Roger Mills, OK",1,Personal income (thousands of dollars),179075
40129,"Roger Mills, OK",2,Population (persons) 1,3304
40129,"Roger Mills, OK",3,Per capita personal income (dollars) 2,54199
40131,"Rogers, OK",1,Personal income (thousands of dollars),5969182
40131,"Rogers, OK",2,Population (persons) 1,101371
40131,"Rogers, OK",3,Per capita personal income (dollars) 2,58885
40133,"Seminole, OK",1,Personal income (thousands of dollars),1088306
40133,"Seminole, OK",2,Population (persons) 1,23351
40133,"Seminole, OK",3,Per capita personal income (dollars) 2,46606
40135,"Sequoyah, OK",1,Personal income (thousands of dollars),1894699
40135,"Sequoyah, OK",2,Population (persons) 1,40555
40135,"Sequoyah, OK",3,Per capita personal income (dollars) 2,46719
40137,"Stephens, OK",1,Personal income (thousands of dollars),2432938
40137,"Stephens, OK",2,Population (persons) 1,44075
40137,"Stephens, OK",3,Per capita personal income (dollars) 2,55200
40139,"Texas, OK",1,Personal income (thousands of dollars),1410968
40139,"Texas, OK",2,Population (persons) 1,20577
40139,"Texas, OK",3,Per capita personal income (dollars) 2,68570
40141,"Tillman, OK",1,Personal income (thousands of dollars),265332
40141,"Tillman, OK",2,Population (persons) 1,6736
40141,"Tillman, OK",3,Per capita personal income (dollars) 2,39390
40143,"Tulsa, OK",1,Personal income (thousands of dollars),58147122
40143,"Tulsa, OK",2,Population (persons) 1,693514
40143,"Tulsa, OK",3,Per capita personal income (dollars) 2,83844
40145,"Wagoner, OK",1,Personal income (thousands of dollars),4875721
40145,"Wagoner, OK",2,Population (persons) 1,91257
40145,"Wagoner, OK",3,Per capita personal income (dollars) 2,53428
40147,"Washington, OK",1,Personal income (thousands of dollars),6852041
40147,"Washington, OK",2,Population (persons) 1,54060
40147,"Washington, OK",3,Per capita personal income (dollars) 2,126749
40149,"Washita, OK",1,Personal income (thousands of dollars),467483
40149,"Washita, OK",2,Population (persons) 1,10839
40149,"Washita, OK",3,Per capita personal income (dollars) 2,43130
40151,"Woods, OK",1,Personal income (thousands of dollars),447421
40151,"Woods, OK",2,Population (persons) 1,8582
40151,"Woods, OK",3,Per capita personal income (dollars) 2,52135
40153,"Woodward, OK",1,Personal income (thousands of dollars),934534
40153,"Woodward, OK",2,Population (persons) 1,19991
40153,"Woodward, OK",3,Per capita personal income (dollars) 2,46748
41001,"Baker, OR",1,Personal income (thousands of dollars),945285
41001,"Baker, OR",2,Population (persons) 1,16750
41001,"Baker, OR",3,Per capita personal income (dollars) 2,56435
41003,"Benton, OR",1,Personal income (thousands of dollars),6178553
41003,"Benton, OR",2,Population (persons) 1,98899
41003,"Benton, OR",3,Per capita personal income (dollars) 2,62473
41005,"Clackamas, OR",1,Personal income (thousands of dollars),35786923
41005,"Clackamas, OR",2,Population (persons) 1,425857
41005,"Clackamas, OR",3,Per capita personal income (dollars) 2,84035
41007,"Clatsop, OR",1,Personal income (thousands of dollars),2597695
41007,"Clatsop, OR",2,Population (persons) 1,41043
41007,"Clatsop, OR",3,Per capita personal income (dollars) 2,63292
41009,"Columbia, OR",1,Personal income (thousands of dollars),3290190
41009,"Columbia, OR",2,Population (persons) 1,54063
41009,"Columbia, OR",3,Per capita personal income (dollars) 2,60858
41011,"Coos, OR",1,Personal income (thousands of dollars),4032096
41011,"Coos, OR",2,Population (persons) 1,64326
41011,"Coos, OR",3,Per capita personal income (dollars) 2,62682
41013,"Crook, OR",1,Personal income (thousands of dollars),1698318
41013,"Crook, OR",2,Population (persons) 1,27336
41013,"Crook, OR",3,Per capita personal income (dollars) 2,62128
41015,"Curry, OR",1,Personal income (thousands of dollars),1395637
41015,"Curry, OR",2,Population (persons) 1,22774
41015,"Curry, OR",3,Per capita personal income (dollars) 2,61282
41017,"Deschutes, OR",1,Personal income (thousands of dollars),18229253
41017,"Deschutes, OR",2,Population (persons) 1,211535
41017,"Deschutes, OR",3,Per capita personal income (dollars) 2,86176
41019,"Douglas, OR",1,Personal income (thousands of dollars),6257916
41019,"Douglas, OR",2,Population (persons) 1,112255
41019,"Douglas, OR",3,Per capita personal income (dollars) 2,55747
41021,"Gilliam, OR",1,Personal income (thousands of dollars),145376
41021,"Gilliam, OR",2,Population (persons) 1,1971
41021,"Gilliam, OR",3,Per capita personal income (dollars) 2,73757
41023,"Grant, OR",1,Personal income (thousands of dollars),415281
41023,"Grant, OR",2,Population (persons) 1,7093
41023,"Grant, OR",3,Per capita personal income (dollars) 2,58548
41025,"Harney, OR",1,Personal income (thousands of dollars),424634
41025,"Harney, OR",2,Population (persons) 1,7402
41025,"Harney, OR",3,Per capita personal income (dollars) 2,57367
41027,"Hood River, OR",1,Personal income (thousands of dollars),1778484
41027,"Hood River, OR",2,Population (persons) 1,23764
41027,"Hood River, OR",3,Per capita personal income (dollars) 2,74839
41029,"Jackson, OR",1,Personal income (thousands of dollars),14563913
41029,"Jackson, OR",2,Population (persons) 1,221331
41029,"Jackson, OR",3,Per capita personal income (dollars) 2,65802
41031,"Jefferson, OR",1,Personal income (thousands of dollars),1278061
41031,"Jefferson, OR",2,Population (persons) 1,25536
41031,"Jefferson, OR",3,Per capita personal income (dollars) 2,50049
41033,"Josephine, OR",1,Personal income (thousands of dollars),5049946
41033,"Josephine, OR",2,Population (persons) 1,88276
41033,"Josephine, OR",3,Per capita personal income (dollars) 2,57206
41035,"Klamath, OR",1,Personal income (thousands of dollars),3837212
41035,"Klamath, OR",2,Population (persons) 1,70438
41035,"Klamath, OR",3,Per capita personal income (dollars) 2,54476
41037,"Lake, OR",1,Personal income (thousands of dollars),434395
41037,"Lake, OR",2,Population (persons) 1,8194
41037,"Lake, OR",3,Per capita personal income (dollars) 2,53014
41039,"Lane, OR",1,Personal income (thousands of dollars),24859409
41039,"Lane, OR",2,Population (persons) 1,382396
41039,"Lane, OR",3,Per capita personal income (dollars) 2,65010
41041,"Lincoln, OR",1,Personal income (thousands of dollars),3173765
41041,"Lincoln, OR",2,Population (persons) 1,51212
41041,"Lincoln, OR",3,Per capita personal income (dollars) 2,61973
41043,"Linn, OR",1,Personal income (thousands of dollars),7945326
41043,"Linn, OR",2,Population (persons) 1,132474
41043,"Linn, OR",3,Per capita personal income (dollars) 2,59976
41045,"Malheur, OR",1,Personal income (thousands of dollars),1388703
41045,"Malheur, OR",2,Population (persons) 1,32315
41045,"Malheur, OR",3,Per capita personal income (dollars) 2,42974
41047,"Marion, OR",1,Personal income (thousands of dollars),21219683
41047,"Marion, OR",2,Population (persons) 1,352867
41047,"Marion, OR",3,Per capita personal income (dollars) 2,60135
41049,"Morrow, OR",1,Personal income (thousands of dollars),742805
41049,"Morrow, OR",2,Population (persons) 1,12360
41049,"Morrow, OR",3,Per capita personal income (dollars) 2,60097
41051,"Multnomah, OR",1,Personal income (thousands of dollars),62854089
41051,"Multnomah, OR",2,Population (persons) 1,795897
41051,"Multnomah, OR",3,Per capita personal income (dollars) 2,78973
41053,"Polk, OR",1,Personal income (thousands of dollars),5184024
41053,"Polk, OR",2,Population (persons) 1,90549
41053,"Polk, OR",3,Per capita personal income (dollars) 2,57251
41055,"Sherman, OR",1,Personal income (thousands of dollars),118747
41055,"Sherman, OR",2,Population (persons) 1,2002
41055,"Sherman, OR",3,Per capita personal income (dollars) 2,59314
41057,"Tillamook, OR",1,Personal income (thousands of dollars),1762958
41057,"Tillamook, OR",2,Population (persons) 1,27264
41057,"Tillamook, OR",3,Per capita personal income (dollars) 2,64662
41059,"Umatilla, OR",1,Personal income (thousands of dollars),4506782
41059,"Umatilla, OR",2,Population (persons) 1,80491
41059,"Umatilla, OR",3,Per capita personal income (dollars) 2,55991
41061,"Union, OR",1,Personal income (thousands of dollars),1464405
41061,"Union, OR",2,Population (persons) 1,26058
41061,"Union, OR",3,Per capita personal income (dollars) 2,56198
41063,"Wallowa, OR",1,Personal income (thousands of dollars),509277
41063,"Wallowa, OR",2,Population (persons) 1,7522
41063,"Wallowa, OR",3,Per capita personal income (dollars) 2,67705
41065,"Wasco, OR",1,Personal income (thousands of dollars),1593781
41065,"Wasco, OR",2,Population (persons) 1,26507
41065,"Wasco, OR",3,Per capita personal income (dollars) 2,60127
41067,"Washington, OR",1,Personal income (thousands of dollars),49726088
41067,"Washington, OR",2,Population (persons) 1,611272
41067,"Washington, OR",3,Per capita personal income (dollars) 2,81349
41069,"Wheeler, OR",1,Personal income (thousands of dollars),76396
41069,"Wheeler, OR",2,Population (persons) 1,1456
41069,"Wheeler, OR",3,Per capita personal income (dollars) 2,52470
41071,"Yamhill, OR",1,Personal income (thousands of dollars),7116877
41071,"Yamhill, OR",2,Population (persons) 1,110886
41071,"Yamhill, OR",3,Per capita personal income (dollars) 2,64182
42001,"Adams, PA",1,Personal income (thousands of dollars),6500082
42001,"Adams, PA",2,Population (persons) 1,107914
42001,"Adams, PA",3,Per capita personal income (dollars) 2,60234
42003,"Allegheny, PA",1,Personal income (thousands of dollars),95693200
42003,"Allegheny, PA",2,Population (persons) 1,1231814
42003,"Allegheny, PA",3,Per capita personal income (dollars) 2,77685
42005,"Armstrong, PA",1,Personal income (thousands of dollars),3868750
42005,"Armstrong, PA",2,Population (persons) 1,63679
42005,"Armstrong, PA",3,Per capita personal income (dollars) 2,60754
42007,"Beaver, PA",1,Personal income (thousands of dollars),9915886
42007,"Beaver, PA",2,Population (persons) 1,165540
42007,"Beaver, PA",3,Per capita personal income (dollars) 2,59900
42009,"Bedford, PA",1,Personal income (thousands of dollars),2567609
42009,"Bedford, PA",2,Population (persons) 1,47643
42009,"Bedford, PA",3,Per capita personal income (dollars) 2,53893
42011,"Berks, PA",1,Personal income (thousands of dollars),27639119
42011,"Berks, PA",2,Population (persons) 1,439117
42011,"Berks, PA",3,Per capita personal income (dollars) 2,62942
42013,"Blair, PA",1,Personal income (thousands of dollars),7239944
42013,"Blair, PA",2,Population (persons) 1,120269
42013,"Blair, PA",3,Per capita personal income (dollars) 2,60198
42015,"Bradford, PA",1,Personal income (thousands of dollars),3094998
42015,"Bradford, PA",2,Population (persons) 1,59699
42015,"Bradford, PA",3,Per capita personal income (dollars) 2,51843
42017,"Bucks, PA",1,Personal income (thousands of dollars),62844148
42017,"Bucks, PA",2,Population (persons) 1,650131
42017,"Bucks, PA",3,Per capita personal income (dollars) 2,96664
42019,"Butler, PA",1,Personal income (thousands of dollars),15266023
42019,"Butler, PA",2,Population (persons) 1,199341
42019,"Butler, PA",3,Per capita personal income (dollars) 2,76582
42021,"Cambria, PA",1,Personal income (thousands of dollars),6868871
42021,"Cambria, PA",2,Population (persons) 1,130108
42021,"Cambria, PA",3,Per capita personal income (dollars) 2,52794
42023,"Cameron, PA",1,Personal income (thousands of dollars),239671
42023,"Cameron, PA",2,Population (persons) 1,4348
42023,"Cameron, PA",3,Per capita personal income (dollars) 2,55122
42025,"Carbon, PA",1,Personal income (thousands of dollars),3885089
42025,"Carbon, PA",2,Population (persons) 1,65743
42025,"Carbon, PA",3,Per capita personal income (dollars) 2,59095
42027,"Centre, PA",1,Personal income (thousands of dollars),9439603
42027,"Centre, PA",2,Population (persons) 1,159805
42027,"Centre, PA",3,Per capita personal income (dollars) 2,59070
42029,"Chester, PA",1,Personal income (thousands of dollars),62177057
42029,"Chester, PA",2,Population (persons) 1,560745
42029,"Chester, PA",3,Per capita personal income (dollars) 2,110883
42031,"Clarion, PA",1,Personal income (thousands of dollars),1873673
42031,"Clarion, PA",2,Population (persons) 1,36855
42031,"Clarion, PA",3,Per capita personal income (dollars) 2,50839
42033,"Clearfield, PA",1,Personal income (thousands of dollars),4482136
42033,"Clearfield, PA",2,Population (persons) 1,78132
42033,"Clearfield, PA",3,Per capita personal income (dollars) 2,57366
42035,"Clinton, PA",1,Personal income (thousands of dollars),1876672
42035,"Clinton, PA",2,Population (persons) 1,37865
42035,"Clinton, PA",3,Per capita personal income (dollars) 2,49562
42037,"Columbia, PA",1,Personal income (thousands of dollars),3587583
42037,"Columbia, PA",2,Population (persons) 1,66012
42037,"Columbia, PA",3,Per capita personal income (dollars) 2,54347
42039,"Crawford, PA",1,Personal income (thousands of dollars),4281583
42039,"Crawford, PA",2,Population (persons) 1,82089
42039,"Crawford, PA",3,Per capita personal income (dollars) 2,52158
42041,"Cumberland, PA",1,Personal income (thousands of dollars),19703660
42041,"Cumberland, PA",2,Population (persons) 1,275516
42041,"Cumberland, PA",3,Per capita personal income (dollars) 2,71515
42043,"Dauphin, PA",1,Personal income (thousands of dollars),18283133
42043,"Dauphin, PA",2,Population (persons) 1,293029
42043,"Dauphin, PA",3,Per capita personal income (dollars) 2,62394
42045,"Delaware, PA",1,Personal income (thousands of dollars),49769749
42045,"Delaware, PA",2,Population (persons) 1,584882
42045,"Delaware, PA",3,Per capita personal income (dollars) 2,85094
42047,"Elk, PA",1,Personal income (thousands of dollars),1692539
42047,"Elk, PA",2,Population (persons) 1,30124
42047,"Elk, PA",3,Per capita personal income (dollars) 2,56186
42049,"Erie, PA",1,Personal income (thousands of dollars),15145982
42049,"Erie, PA",2,Population (persons) 1,267750
42049,"Erie, PA",3,Per capita personal income (dollars) 2,56568
42051,"Fayette, PA",1,Personal income (thousands of dollars),6561314
42051,"Fayette, PA",2,Population (persons) 1,123941
42051,"Fayette, PA",3,Per capita personal income (dollars) 2,52939
42053,"Forest, PA",1,Personal income (thousands of dollars),199576
42053,"Forest, PA",2,Population (persons) 1,6601
42053,"Forest, PA",3,Per capita personal income (dollars) 2,30234
42055,"Franklin, PA",1,Personal income (thousands of dollars),9587279
42055,"Franklin, PA",2,Population (persons) 1,159285
42055,"Franklin, PA",3,Per capita personal income (dollars) 2,60189
42057,"Fulton, PA",1,Personal income (thousands of dollars),761576
42057,"Fulton, PA",2,Population (persons) 1,14452
42057,"Fulton, PA",3,Per capita personal income (dollars) 2,52697
42059,"Greene, PA",1,Personal income (thousands of dollars),1870100
42059,"Greene, PA",2,Population (persons) 1,33960
42059,"Greene, PA",3,Per capita personal income (dollars) 2,55068
42061,"Huntingdon, PA",1,Personal income (thousands of dollars),2149581
42061,"Huntingdon, PA",2,Population (persons) 1,43359
42061,"Huntingdon, PA",3,Per capita personal income (dollars) 2,49576
42063,"Indiana, PA",1,Personal income (thousands of dollars),4122869
42063,"Indiana, PA",2,Population (persons) 1,82953
42063,"Indiana, PA",3,Per capita personal income (dollars) 2,49701
42065,"Jefferson, PA",1,Personal income (thousands of dollars),2248420
42065,"Jefferson, PA",2,Population (persons) 1,43367
42065,"Jefferson, PA",3,Per capita personal income (dollars) 2,51846
42067,"Juniata, PA",1,Personal income (thousands of dollars),1421865
42067,"Juniata, PA",2,Population (persons) 1,23395
42067,"Juniata, PA",3,Per capita personal income (dollars) 2,60776
42069,"Lackawanna, PA",1,Personal income (thousands of dollars),12741829
42069,"Lackawanna, PA",2,Population (persons) 1,216859
42069,"Lackawanna, PA",3,Per capita personal income (dollars) 2,58756
42071,"Lancaster, PA",1,Personal income (thousands of dollars),38657392
42071,"Lancaster, PA",2,Population (persons) 1,563293
42071,"Lancaster, PA",3,Per capita personal income (dollars) 2,68628
42073,"Lawrence, PA",1,Personal income (thousands of dollars),4695697
42073,"Lawrence, PA",2,Population (persons) 1,84233
42073,"Lawrence, PA",3,Per capita personal income (dollars) 2,55747
42075,"Lebanon, PA",1,Personal income (thousands of dollars),8847634
42075,"Lebanon, PA",2,Population (persons) 1,145319
42075,"Lebanon, PA",3,Per capita personal income (dollars) 2,60884
42077,"Lehigh, PA",1,Personal income (thousands of dollars),25805370
42077,"Lehigh, PA",2,Population (persons) 1,385655
42077,"Lehigh, PA",3,Per capita personal income (dollars) 2,66913
42079,"Luzerne, PA",1,Personal income (thousands of dollars),18264033
42079,"Luzerne, PA",2,Population (persons) 1,331379
42079,"Luzerne, PA",3,Per capita personal income (dollars) 2,55115
42081,"Lycoming, PA",1,Personal income (thousands of dollars),6313010
42081,"Lycoming, PA",2,Population (persons) 1,113236
42081,"Lycoming, PA",3,Per capita personal income (dollars) 2,55751
42083,"McKean, PA",1,Personal income (thousands of dollars),2099969
42083,"McKean, PA",2,Population (persons) 1,39478
42083,"McKean, PA",3,Per capita personal income (dollars) 2,53193
42085,"Mercer, PA",1,Personal income (thousands of dollars),5745322
42085,"Mercer, PA",2,Population (persons) 1,108140
42085,"Mercer, PA",3,Per capita personal income (dollars) 2,53129
42087,"Mifflin, PA",1,Personal income (thousands of dollars),2348393
42087,"Mifflin, PA",2,Population (persons) 1,45935
42087,"Mifflin, PA",3,Per capita personal income (dollars) 2,51124
42089,"Monroe, PA",1,Personal income (thousands of dollars),9422478
42089,"Monroe, PA",2,Population (persons) 1,166523
42089,"Monroe, PA",3,Per capita personal income (dollars) 2,56584
42091,"Montgomery, PA",1,Personal income (thousands of dollars),91769650
42091,"Montgomery, PA",2,Population (persons) 1,879190
42091,"Montgomery, PA",3,Per capita personal income (dollars) 2,104380
42093,"Montour, PA",1,Personal income (thousands of dollars),1309550
42093,"Montour, PA",2,Population (persons) 1,18115
42093,"Montour, PA",3,Per capita personal income (dollars) 2,72291
42095,"Northampton, PA",1,Personal income (thousands of dollars),22399177
42095,"Northampton, PA",2,Population (persons) 1,322989
42095,"Northampton, PA",3,Per capita personal income (dollars) 2,69350
42097,"Northumberland, PA",1,Personal income (thousands of dollars),4680190
42097,"Northumberland, PA",2,Population (persons) 1,90027
42097,"Northumberland, PA",3,Per capita personal income (dollars) 2,51987
42099,"Perry, PA",1,Personal income (thousands of dollars),2733789
42099,"Perry, PA",2,Population (persons) 1,46816
42099,"Perry, PA",3,Per capita personal income (dollars) 2,58394
42101,"Philadelphia, PA",1,Personal income (thousands of dollars),96312500
42101,"Philadelphia, PA",2,Population (persons) 1,1573916
42101,"Philadelphia, PA",3,Per capita personal income (dollars) 2,61193
42103,"Pike, PA",1,Personal income (thousands of dollars),3812881
42103,"Pike, PA",2,Population (persons) 1,62376
42103,"Pike, PA",3,Per capita personal income (dollars) 2,61127
42105,"Potter, PA",1,Personal income (thousands of dollars),810672
42105,"Potter, PA",2,Population (persons) 1,15993
42105,"Potter, PA",3,Per capita personal income (dollars) 2,50689
42107,"Schuylkill, PA",1,Personal income (thousands of dollars),7665910
42107,"Schuylkill, PA",2,Population (persons) 1,144523
42107,"Schuylkill, PA",3,Per capita personal income (dollars) 2,53043
42109,"Snyder, PA",1,Personal income (thousands of dollars),2212280
42109,"Snyder, PA",2,Population (persons) 1,39627
42109,"Snyder, PA",3,Per capita personal income (dollars) 2,55828
42111,"Somerset, PA",1,Personal income (thousands of dollars),3710939
42111,"Somerset, PA",2,Population (persons) 1,72134
42111,"Somerset, PA",3,Per capita personal income (dollars) 2,51445
42113,"Sullivan, PA",1,Personal income (thousands of dollars),356201
42113,"Sullivan, PA",2,Population (persons) 1,5927
42113,"Sullivan, PA",3,Per capita personal income (dollars) 2,60098
42115,"Susquehanna, PA",1,Personal income (thousands of dollars),2386900
42115,"Susquehanna, PA",2,Population (persons) 1,38100
42115,"Susquehanna, PA",3,Per capita personal income (dollars) 2,62648
42117,"Tioga, PA",1,Personal income (thousands of dollars),1984342
42117,"Tioga, PA",2,Population (persons) 1,40698
42117,"Tioga, PA",3,Per capita personal income (dollars) 2,48758
42119,"Union, PA",1,Personal income (thousands of dollars),2352084
42119,"Union, PA",2,Population (persons) 1,42159
42119,"Union, PA",3,Per capita personal income (dollars) 2,55791
42121,"Venango, PA",1,Personal income (thousands of dollars),2552188
42121,"Venango, PA",2,Population (persons) 1,49476
42121,"Venango, PA",3,Per capita personal income (dollars) 2,51584
42123,"Warren, PA",1,Personal income (thousands of dollars),1963743
42123,"Warren, PA",2,Population (persons) 1,37373
42123,"Warren, PA",3,Per capita personal income (dollars) 2,52544
42125,"Washington, PA",1,Personal income (thousands of dollars),16153822
42125,"Washington, PA",2,Population (persons) 1,210434
42125,"Washington, PA",3,Per capita personal income (dollars) 2,76764
42127,"Wayne, PA",1,Personal income (thousands of dollars),3054041
42127,"Wayne, PA",2,Population (persons) 1,51419
42127,"Wayne, PA",3,Per capita personal income (dollars) 2,59395
42129,"Westmoreland, PA",1,Personal income (thousands of dollars),23200161
42129,"Westmoreland, PA",2,Population (persons) 1,350935
42129,"Westmoreland, PA",3,Per capita personal income (dollars) 2,66110
42131,"Wyoming, PA",1,Personal income (thousands of dollars),1520735
42131,"Wyoming, PA",2,Population (persons) 1,25771
42131,"Wyoming, PA",3,Per capita personal income (dollars) 2,59010
42133,"York, PA",1,Personal income (thousands of dollars),29637415
42133,"York, PA",2,Population (persons) 1,471240
42133,"York, PA",3,Per capita personal income (dollars) 2,62892
44001,"Bristol, RI",1,Personal income (thousands of dollars),5010631
44001,"Bristol, RI",2,Population (persons) 1,50145
44001,"Bristol, RI",3,Per capita personal income (dollars) 2,99923
44003,"Kent, RI",1,Personal income (thousands of dollars),12955417
44003,"Kent, RI",2,Population (persons) 1,172450
44003,"Kent, RI",3,Per capita personal income (dollars) 2,75126
44005,"Newport, RI",1,Personal income (thousands of dollars),7932236
44005,"Newport, RI",2,Population (persons) 1,83468
44005,"Newport, RI",3,Per capita personal income (dollars) 2,95033
44007,"Providence, RI",1,Personal income (thousands of dollars),41257642
44007,"Providence, RI",2,Population (persons) 1,675912
44007,"Providence, RI",3,Per capita personal income (dollars) 2,61040
44009,"Washington, RI",1,Personal income (thousands of dollars),11397804
44009,"Washington, RI",2,Population (persons) 1,130333
44009,"Washington, RI",3,Per capita personal income (dollars) 2,87451
45001,"Abbeville, SC",1,Personal income (thousands of dollars),1111178
45001,"Abbeville, SC",2,Population (persons) 1,24607
45001,"Abbeville, SC",3,Per capita personal income (dollars) 2,45157
45003,"Aiken, SC",1,Personal income (thousands of dollars),10168289
45003,"Aiken, SC",2,Population (persons) 1,179245
45003,"Aiken, SC",3,Per capita personal income (dollars) 2,56728
45005,"Allendale, SC",1,Personal income (thousands of dollars),364862
45005,"Allendale, SC",2,Population (persons) 1,7551
45005,"Allendale, SC",3,Per capita personal income (dollars) 2,48320
45007,"Anderson, SC",1,Personal income (thousands of dollars),11515301
45007,"Anderson, SC",2,Population (persons) 1,217183
45007,"Anderson, SC",3,Per capita personal income (dollars) 2,53021
45009,"Bamberg, SC",1,Personal income (thousands of dollars),619306
45009,"Bamberg, SC",2,Population (persons) 1,12870
45009,"Bamberg, SC",3,Per capita personal income (dollars) 2,48120
45011,"Barnwell, SC",1,Personal income (thousands of dollars),904949
45011,"Barnwell, SC",2,Population (persons) 1,20495
45011,"Barnwell, SC",3,Per capita personal income (dollars) 2,44155
45013,"Beaufort, SC",1,Personal income (thousands of dollars),17216898
45013,"Beaufort, SC",2,Population (persons) 1,201775
45013,"Beaufort, SC",3,Per capita personal income (dollars) 2,85327
45015,"Berkeley, SC",1,Personal income (thousands of dollars),15432985
45015,"Berkeley, SC",2,Population (persons) 1,264276
45015,"Berkeley, SC",3,Per capita personal income (dollars) 2,58397
45017,"Calhoun, SC",1,Personal income (thousands of dollars),806197
45017,"Calhoun, SC",2,Population (persons) 1,14249
45017,"Calhoun, SC",3,Per capita personal income (dollars) 2,56579
45019,"Charleston, SC",1,Personal income (thousands of dollars),39027233
45019,"Charleston, SC",2,Population (persons) 1,431001
45019,"Charleston, SC",3,Per capita personal income (dollars) 2,90550
45021,"Cherokee, SC",1,Personal income (thousands of dollars),2510427
45021,"Cherokee, SC",2,Population (persons) 1,57770
45021,"Cherokee, SC",3,Per capita personal income (dollars) 2,43456
45023,"Chester, SC",1,Personal income (thousands of dollars),1566031
45023,"Chester, SC",2,Population (persons) 1,32323
45023,"Chester, SC",3,Per capita personal income (dollars) 2,48449
45025,"Chesterfield, SC",1,Personal income (thousands of dollars),1855890
45025,"Chesterfield, SC",2,Population (persons) 1,44488
45025,"Chesterfield, SC",3,Per capita personal income (dollars) 2,41717
45027,"Clarendon, SC",1,Personal income (thousands of dollars),1602157
45027,"Clarendon, SC",2,Population (persons) 1,31030
45027,"Clarendon, SC",3,Per capita personal income (dollars) 2,51633
45029,"Colleton, SC",1,Personal income (thousands of dollars),1928049
45029,"Colleton, SC",2,Population (persons) 1,39259
45029,"Colleton, SC",3,Per capita personal income (dollars) 2,49111
45031,"Darlington, SC",1,Personal income (thousands of dollars),3266100
45031,"Darlington, SC",2,Population (persons) 1,62425
45031,"Darlington, SC",3,Per capita personal income (dollars) 2,52320
45033,"Dillon, SC",1,Personal income (thousands of dollars),1206026
45033,"Dillon, SC",2,Population (persons) 1,27577
45033,"Dillon, SC",3,Per capita personal income (dollars) 2,43733
45035,"Dorchester, SC",1,Personal income (thousands of dollars),9548653
45035,"Dorchester, SC",2,Population (persons) 1,174663
45035,"Dorchester, SC",3,Per capita personal income (dollars) 2,54669
45037,"Edgefield, SC",1,Personal income (thousands of dollars),1480108
45037,"Edgefield, SC",2,Population (persons) 1,29455
45037,"Edgefield, SC",3,Per capita personal income (dollars) 2,50250
45039,"Fairfield, SC",1,Personal income (thousands of dollars),1168276
45039,"Fairfield, SC",2,Population (persons) 1,20369
45039,"Fairfield, SC",3,Per capita personal income (dollars) 2,57356
45041,"Florence, SC",1,Personal income (thousands of dollars),8028831
45041,"Florence, SC",2,Population (persons) 1,138049
45041,"Florence, SC",3,Per capita personal income (dollars) 2,58159
45043,"Georgetown, SC",1,Personal income (thousands of dollars),4424522
45043,"Georgetown, SC",2,Population (persons) 1,66035
45043,"Georgetown, SC",3,Per capita personal income (dollars) 2,67003
45045,"Greenville, SC",1,Personal income (thousands of dollars),36584709
45045,"Greenville, SC",2,Population (persons) 1,570745
45045,"Greenville, SC",3,Per capita personal income (dollars) 2,64100
45047,"Greenwood, SC",1,Personal income (thousands of dollars),3439479
45047,"Greenwood, SC",2,Population (persons) 1,70041
45047,"Greenwood, SC",3,Per capita personal income (dollars) 2,49107
45049,"Hampton, SC",1,Personal income (thousands of dollars),865567
45049,"Hampton, SC",2,Population (persons) 1,18172
45049,"Hampton, SC",3,Per capita personal income (dollars) 2,47632
45051,"Horry, SC",1,Personal income (thousands of dollars),22283769
45051,"Horry, SC",2,Population (persons) 1,413391
45051,"Horry, SC",3,Per capita personal income (dollars) 2,53905
45053,"Jasper, SC",1,Personal income (thousands of dollars),1787453
45053,"Jasper, SC",2,Population (persons) 1,35618
45053,"Jasper, SC",3,Per capita personal income (dollars) 2,50184
45055,"Kershaw, SC",1,Personal income (thousands of dollars),4354722
45055,"Kershaw, SC",2,Population (persons) 1,71698
45055,"Kershaw, SC",3,Per capita personal income (dollars) 2,60737
45057,"Lancaster, SC",1,Personal income (thousands of dollars),6819925
45057,"Lancaster, SC",2,Population (persons) 1,111652
45057,"Lancaster, SC",3,Per capita personal income (dollars) 2,61082
45059,"Laurens, SC",1,Personal income (thousands of dollars),3247528
45059,"Laurens, SC",2,Population (persons) 1,70545
45059,"Laurens, SC",3,Per capita personal income (dollars) 2,46035
45061,"Lee, SC",1,Personal income (thousands of dollars),748833
45061,"Lee, SC",2,Population (persons) 1,15958
45061,"Lee, SC",3,Per capita personal income (dollars) 2,46925
45063,"Lexington, SC",1,Personal income (thousands of dollars),20103358
45063,"Lexington, SC",2,Population (persons) 1,313774
45063,"Lexington, SC",3,Per capita personal income (dollars) 2,64070
45065,"McCormick, SC",1,Personal income (thousands of dollars),535790
45065,"McCormick, SC",2,Population (persons) 1,9983
45065,"McCormick, SC",3,Per capita personal income (dollars) 2,53670
45067,"Marion, SC",1,Personal income (thousands of dollars),1335880
45067,"Marion, SC",2,Population (persons) 1,28368
45067,"Marion, SC",3,Per capita personal income (dollars) 2,47091
45069,"Marlboro, SC",1,Personal income (thousands of dollars),1053889
45069,"Marlboro, SC",2,Population (persons) 1,25498
45069,"Marlboro, SC",3,Per capita personal income (dollars) 2,41332
45071,"Newberry, SC",1,Personal income (thousands of dollars),2108397
45071,"Newberry, SC",2,Population (persons) 1,39203
45071,"Newberry, SC",3,Per capita personal income (dollars) 2,53782
45073,"Oconee, SC",1,Personal income (thousands of dollars),5056264
45073,"Oconee, SC",2,Population (persons) 1,82475
45073,"Oconee, SC",3,Per capita personal income (dollars) 2,61307
45075,"Orangeburg, SC",1,Personal income (thousands of dollars),3944885
45075,"Orangeburg, SC",2,Population (persons) 1,83129
45075,"Orangeburg, SC",3,Per capita personal income (dollars) 2,47455
45077,"Pickens, SC",1,Personal income (thousands of dollars),7199343
45077,"Pickens, SC",2,Population (persons) 1,138207
45077,"Pickens, SC",3,Per capita personal income (dollars) 2,52091
45079,"Richland, SC",1,Personal income (thousands of dollars),26089048
45079,"Richland, SC",2,Population (persons) 1,430651
45079,"Richland, SC",3,Per capita personal income (dollars) 2,60580
45081,"Saluda, SC",1,Personal income (thousands of dollars),958369
45081,"Saluda, SC",2,Population (persons) 1,19452
45081,"Saluda, SC",3,Per capita personal income (dollars) 2,49268
45083,"Spartanburg, SC",1,Personal income (thousands of dollars),20636249
45083,"Spartanburg, SC",2,Population (persons) 1,369256
45083,"Spartanburg, SC",3,Per capita personal income (dollars) 2,55886
45085,"Sumter, SC",1,Personal income (thousands of dollars),5471458
45085,"Sumter, SC",2,Population (persons) 1,104776
45085,"Sumter, SC",3,Per capita personal income (dollars) 2,52221
45087,"Union, SC",1,Personal income (thousands of dollars),1151263
45087,"Union, SC",2,Population (persons) 1,26678
45087,"Union, SC",3,Per capita personal income (dollars) 2,43154
45089,"Williamsburg, SC",1,Personal income (thousands of dollars),1303937
45089,"Williamsburg, SC",2,Population (persons) 1,29865
45089,"Williamsburg, SC",3,Per capita personal income (dollars) 2,43661
45091,"York, SC",1,Personal income (thousands of dollars),20150316
45091,"York, SC",2,Population (persons) 1,303001
45091,"York, SC",3,Per capita personal income (dollars) 2,66502
46003,"Aurora, SD",1,Personal income (thousands of dollars),154449
46003,"Aurora, SD",2,Population (persons) 1,2752
46003,"Aurora, SD",3,Per capita personal income (dollars) 2,56122
46005,"Beadle, SD",1,Personal income (thousands of dollars),1253392
46005,"Beadle, SD",2,Population (persons) 1,19459
46005,"Beadle, SD",3,Per capita personal income (dollars) 2,64412
46007,"Bennett, SD",1,Personal income (thousands of dollars),164614
46007,"Bennett, SD",2,Population (persons) 1,3289
46007,"Bennett, SD",3,Per capita personal income (dollars) 2,50050
46009,"Bon Homme, SD",1,Personal income (thousands of dollars),363744
46009,"Bon Homme, SD",2,Population (persons) 1,7071
46009,"Bon Homme, SD",3,Per capita personal income (dollars) 2,51442
46011,"Brookings, SD",1,Personal income (thousands of dollars),2427884
46011,"Brookings, SD",2,Population (persons) 1,36359
46011,"Brookings, SD",3,Per capita personal income (dollars) 2,66775
46013,"Brown, SD",1,Personal income (thousands of dollars),2998983
46013,"Brown, SD",2,Population (persons) 1,37495
46013,"Brown, SD",3,Per capita personal income (dollars) 2,79984
46015,"Brule, SD",1,Personal income (thousands of dollars),385259
46015,"Brule, SD",2,Population (persons) 1,5261
46015,"Brule, SD",3,Per capita personal income (dollars) 2,73229
46017,"Buffalo, SD",1,Personal income (thousands of dollars),62492
46017,"Buffalo, SD",2,Population (persons) 1,1825
46017,"Buffalo, SD",3,Per capita personal income (dollars) 2,34242
46019,"Butte, SD",1,Personal income (thousands of dollars),606176
46019,"Butte, SD",2,Population (persons) 1,10891
46019,"Butte, SD",3,Per capita personal income (dollars) 2,55658
46021,"Campbell, SD",1,Personal income (thousands of dollars),92282
46021,"Campbell, SD",2,Population (persons) 1,1342
46021,"Campbell, SD",3,Per capita personal income (dollars) 2,68765
46023,"Charles Mix, SD",1,Personal income (thousands of dollars),525801
46023,"Charles Mix, SD",2,Population (persons) 1,9343
46023,"Charles Mix, SD",3,Per capita personal income (dollars) 2,56278
46025,"Clark, SD",1,Personal income (thousands of dollars),347321
46025,"Clark, SD",2,Population (persons) 1,3974
46025,"Clark, SD",3,Per capita personal income (dollars) 2,87398
46027,"Clay, SD",1,Personal income (thousands of dollars),778260
46027,"Clay, SD",2,Population (persons) 1,15245
46027,"Clay, SD",3,Per capita personal income (dollars) 2,51050
46029,"Codington, SD",1,Personal income (thousands of dollars),2102649
46029,"Codington, SD",2,Population (persons) 1,29278
46029,"Codington, SD",3,Per capita personal income (dollars) 2,71817
46031,"Corson, SD",1,Personal income (thousands of dollars),154547
46031,"Corson, SD",2,Population (persons) 1,3747
46031,"Corson, SD",3,Per capita personal income (dollars) 2,41246
46033,"Custer, SD",1,Personal income (thousands of dollars),677863
46033,"Custer, SD",2,Population (persons) 1,9330
46033,"Custer, SD",3,Per capita personal income (dollars) 2,72654
46035,"Davison, SD",1,Personal income (thousands of dollars),1446208
46035,"Davison, SD",2,Population (persons) 1,19907
46035,"Davison, SD",3,Per capita personal income (dollars) 2,72648
46037,"Day, SD",1,Personal income (thousands of dollars),391481
46037,"Day, SD",2,Population (persons) 1,5408
46037,"Day, SD",3,Per capita personal income (dollars) 2,72389
46039,"Deuel, SD",1,Personal income (thousands of dollars),346346
46039,"Deuel, SD",2,Population (persons) 1,4335
46039,"Deuel, SD",3,Per capita personal income (dollars) 2,79895
46041,"Dewey, SD",1,Personal income (thousands of dollars),303901
46041,"Dewey, SD",2,Population (persons) 1,5322
46041,"Dewey, SD",3,Per capita personal income (dollars) 2,57103
46043,"Douglas, SD",1,Personal income (thousands of dollars),208520
46043,"Douglas, SD",2,Population (persons) 1,2849
46043,"Douglas, SD",3,Per capita personal income (dollars) 2,73191
46045,"Edmunds, SD",1,Personal income (thousands of dollars),347193
46045,"Edmunds, SD",2,Population (persons) 1,4027
46045,"Edmunds, SD",3,Per capita personal income (dollars) 2,86216
46047,"Fall River, SD",1,Personal income (thousands of dollars),476218
46047,"Fall River, SD",2,Population (persons) 1,7359
46047,"Fall River, SD",3,Per capita personal income (dollars) 2,64712
46049,"Faulk, SD",1,Personal income (thousands of dollars),183743
46049,"Faulk, SD",2,Population (persons) 1,2136
46049,"Faulk, SD",3,Per capita personal income (dollars) 2,86022
46051,"Grant, SD",1,Personal income (thousands of dollars),587288
46051,"Grant, SD",2,Population (persons) 1,7618
46051,"Grant, SD",3,Per capita personal income (dollars) 2,77092
46053,"Gregory, SD",1,Personal income (thousands of dollars),258526
46053,"Gregory, SD",2,Population (persons) 1,4110
46053,"Gregory, SD",3,Per capita personal income (dollars) 2,62902
46055,"Haakon, SD",1,Personal income (thousands of dollars),131129
46055,"Haakon, SD",2,Population (persons) 1,1834
46055,"Haakon, SD",3,Per capita personal income (dollars) 2,71499
46057,"Hamlin, SD",1,Personal income (thousands of dollars),465144
46057,"Hamlin, SD",2,Population (persons) 1,6596
46057,"Hamlin, SD",3,Per capita personal income (dollars) 2,70519
46059,"Hand, SD",1,Personal income (thousands of dollars),253463
46059,"Hand, SD",2,Population (persons) 1,3097
46059,"Hand, SD",3,Per capita personal income (dollars) 2,81841
46061,"Hanson, SD",1,Personal income (thousands of dollars),277311
46061,"Hanson, SD",2,Population (persons) 1,3477
46061,"Hanson, SD",3,Per capita personal income (dollars) 2,79756
46063,"Harding, SD",1,Personal income (thousands of dollars),81357
46063,"Harding, SD",2,Population (persons) 1,1325
46063,"Harding, SD",3,Per capita personal income (dollars) 2,61402
46065,"Hughes, SD",1,Personal income (thousands of dollars),1310011
46065,"Hughes, SD",2,Population (persons) 1,17526
46065,"Hughes, SD",3,Per capita personal income (dollars) 2,74747
46067,"Hutchinson, SD",1,Personal income (thousands of dollars),546288
46067,"Hutchinson, SD",2,Population (persons) 1,7416
46067,"Hutchinson, SD",3,Per capita personal income (dollars) 2,73663
46069,"Hyde, SD",1,Personal income (thousands of dollars),88153
46069,"Hyde, SD",2,Population (persons) 1,1215
46069,"Hyde, SD",3,Per capita personal income (dollars) 2,72554
46071,"Jackson, SD",1,Personal income (thousands of dollars),128786
46071,"Jackson, SD",2,Population (persons) 1,2737
46071,"Jackson, SD",3,Per capita personal income (dollars) 2,47054
46073,"Jerauld, SD",1,Personal income (thousands of dollars),123841
46073,"Jerauld, SD",2,Population (persons) 1,1689
46073,"Jerauld, SD",3,Per capita personal income (dollars) 2,73322
46075,"Jones, SD",1,Personal income (thousands of dollars),68335
46075,"Jones, SD",2,Population (persons) 1,874
46075,"Jones, SD",3,Per capita personal income (dollars) 2,78186
46077,"Kingsbury, SD",1,Personal income (thousands of dollars),403537
46077,"Kingsbury, SD",2,Population (persons) 1,5261
46077,"Kingsbury, SD",3,Per capita personal income (dollars) 2,76703
46079,"Lake, SD",1,Personal income (thousands of dollars),1143337
46079,"Lake, SD",2,Population (persons) 1,11006
46079,"Lake, SD",3,Per capita personal income (dollars) 2,103883
46081,"Lawrence, SD",1,Personal income (thousands of dollars),2264834
46081,"Lawrence, SD",2,Population (persons) 1,28809
46081,"Lawrence, SD",3,Per capita personal income (dollars) 2,78616
46083,"Lincoln, SD",1,Personal income (thousands of dollars),6911415
46083,"Lincoln, SD",2,Population (persons) 1,75244
46083,"Lincoln, SD",3,Per capita personal income (dollars) 2,91853
46085,"Lyman, SD",1,Personal income (thousands of dollars),195051
46085,"Lyman, SD",2,Population (persons) 1,3721
46085,"Lyman, SD",3,Per capita personal income (dollars) 2,52419
46087,"McCook, SD",1,Personal income (thousands of dollars),438174
46087,"McCook, SD",2,Population (persons) 1,5771
46087,"McCook, SD",3,Per capita personal income (dollars) 2,75927
46089,"McPherson, SD",1,Personal income (thousands of dollars),175702
46089,"McPherson, SD",2,Population (persons) 1,2307
46089,"McPherson, SD",3,Per capita personal income (dollars) 2,76160
46091,"Marshall, SD",1,Personal income (thousands of dollars),357282
46091,"Marshall, SD",2,Population (persons) 1,4395
46091,"Marshall, SD",3,Per capita personal income (dollars) 2,81293
46093,"Meade, SD",1,Personal income (thousands of dollars),1826194
46093,"Meade, SD",2,Population (persons) 1,30918
46093,"Meade, SD",3,Per capita personal income (dollars) 2,59066
46095,"Mellette, SD",1,Personal income (thousands of dollars),95079
46095,"Mellette, SD",2,Population (persons) 1,1834
46095,"Mellette, SD",3,Per capita personal income (dollars) 2,51842
46097,"Miner, SD",1,Personal income (thousands of dollars),169956
46097,"Miner, SD",2,Population (persons) 1,2303
46097,"Miner, SD",3,Per capita personal income (dollars) 2,73798
46099,"Minnehaha, SD",1,Personal income (thousands of dollars),16411201
46099,"Minnehaha, SD",2,Population (persons) 1,208639
46099,"Minnehaha, SD",3,Per capita personal income (dollars) 2,78658
46101,"Moody, SD",1,Personal income (thousands of dollars),469085
46101,"Moody, SD",2,Population (persons) 1,6529
46101,"Moody, SD",3,Per capita personal income (dollars) 2,71846
46102,"Oglala Lakota, SD*",1,Personal income (thousands of dollars),517854
46102,"Oglala Lakota, SD*",2,Population (persons) 1,13360
46102,"Oglala Lakota, SD*",3,Per capita personal income (dollars) 2,38762
46103,"Pennington, SD",1,Personal income (thousands of dollars),9100138
46103,"Pennington, SD",2,Population (persons) 1,115979
46103,"Pennington, SD",3,Per capita personal income (dollars) 2,78464
46105,"Perkins, SD",1,Personal income (thousands of dollars),161241
46105,"Perkins, SD",2,Population (persons) 1,2832
46105,"Perkins, SD",3,Per capita personal income (dollars) 2,56935
46107,"Potter, SD",1,Personal income (thousands of dollars),156866
46107,"Potter, SD",2,Population (persons) 1,2402
46107,"Potter, SD",3,Per capita personal income (dollars) 2,65306
46109,"Roberts, SD",1,Personal income (thousands of dollars),602629
46109,"Roberts, SD",2,Population (persons) 1,10283
46109,"Roberts, SD",3,Per capita personal income (dollars) 2,58604
46111,"Sanborn, SD",1,Personal income (thousands of dollars),150021
46111,"Sanborn, SD",2,Population (persons) 1,2392
46111,"Sanborn, SD",3,Per capita personal income (dollars) 2,62718
46115,"Spink, SD",1,Personal income (thousands of dollars),615605
46115,"Spink, SD",2,Population (persons) 1,6108
46115,"Spink, SD",3,Per capita personal income (dollars) 2,100787
46117,"Stanley, SD",1,Personal income (thousands of dollars),254876
46117,"Stanley, SD",2,Population (persons) 1,3015
46117,"Stanley, SD",3,Per capita personal income (dollars) 2,84536
46119,"Sully, SD",1,Personal income (thousands of dollars),126017
46119,"Sully, SD",2,Population (persons) 1,1468
46119,"Sully, SD",3,Per capita personal income (dollars) 2,85843
46121,"Todd, SD",1,Personal income (thousands of dollars),371835
46121,"Todd, SD",2,Population (persons) 1,9172
46121,"Todd, SD",3,Per capita personal income (dollars) 2,40540
46123,"Tripp, SD",1,Personal income (thousands of dollars),391120
46123,"Tripp, SD",2,Population (persons) 1,5717
46123,"Tripp, SD",3,Per capita personal income (dollars) 2,68414
46125,"Turner, SD",1,Personal income (thousands of dollars),833371
46125,"Turner, SD",2,Population (persons) 1,9087
46125,"Turner, SD",3,Per capita personal income (dollars) 2,91710
46127,"Union, SD",1,Personal income (thousands of dollars),2553074
46127,"Union, SD",2,Population (persons) 1,17402
46127,"Union, SD",3,Per capita personal income (dollars) 2,146712
46129,"Walworth, SD",1,Personal income (thousands of dollars),356676
46129,"Walworth, SD",2,Population (persons) 1,5270
46129,"Walworth, SD",3,Per capita personal income (dollars) 2,67680
46135,"Yankton, SD",1,Personal income (thousands of dollars),1745868
46135,"Yankton, SD",2,Population (persons) 1,23509
46135,"Yankton, SD",3,Per capita personal income (dollars) 2,74264
46137,"Ziebach, SD",1,Personal income (thousands of dollars),79256
46137,"Ziebach, SD",2,Population (persons) 1,2418
46137,"Ziebach, SD",3,Per capita personal income (dollars) 2,32778
47001,"Anderson, TN",1,Personal income (thousands of dollars),4886715
47001,"Anderson, TN",2,Population (persons) 1,81449
47001,"Anderson, TN",3,Per capita personal income (dollars) 2,59997
47003,"Bedford, TN",1,Personal income (thousands of dollars),2841624
47003,"Bedford, TN",2,Population (persons) 1,54228
47003,"Bedford, TN",3,Per capita personal income (dollars) 2,52401
47005,"Benton, TN",1,Personal income (thousands of dollars),764022
47005,"Benton, TN",2,Population (persons) 1,16173
47005,"Benton, TN",3,Per capita personal income (dollars) 2,47241
47007,"Bledsoe, TN",1,Personal income (thousands of dollars),600567
47007,"Bledsoe, TN",2,Population (persons) 1,15591
47007,"Bledsoe, TN",3,Per capita personal income (dollars) 2,38520
47009,"Blount, TN",1,Personal income (thousands of dollars),8996205
47009,"Blount, TN",2,Population (persons) 1,142211
47009,"Blount, TN",3,Per capita personal income (dollars) 2,63260
47011,"Bradley, TN",1,Personal income (thousands of dollars),6024902
47011,"Bradley, TN",2,Population (persons) 1,113782
47011,"Bradley, TN",3,Per capita personal income (dollars) 2,52951
47013,"Campbell, TN",1,Personal income (thousands of dollars),1918416
47013,"Campbell, TN",2,Population (persons) 1,40238
47013,"Campbell, TN",3,Per capita personal income (dollars) 2,47677
47015,"Cannon, TN",1,Personal income (thousands of dollars),781078
47015,"Cannon, TN",2,Population (persons) 1,15142
47015,"Cannon, TN",3,Per capita personal income (dollars) 2,51584
47017,"Carroll, TN",1,Personal income (thousands of dollars),1358556
47017,"Carroll, TN",2,Population (persons) 1,29107
47017,"Carroll, TN",3,Per capita personal income (dollars) 2,46675
47019,"Carter, TN",1,Personal income (thousands of dollars),2611142
47019,"Carter, TN",2,Population (persons) 1,57434
47019,"Carter, TN",3,Per capita personal income (dollars) 2,45463
47021,"Cheatham, TN",1,Personal income (thousands of dollars),2752452
47021,"Cheatham, TN",2,Population (persons) 1,42604
47021,"Cheatham, TN",3,Per capita personal income (dollars) 2,64605
47023,"Chester, TN",1,Personal income (thousands of dollars),818807
47023,"Chester, TN",2,Population (persons) 1,17876
47023,"Chester, TN",3,Per capita personal income (dollars) 2,45805
47025,"Claiborne, TN",1,Personal income (thousands of dollars),1505438
47025,"Claiborne, TN",2,Population (persons) 1,33070
47025,"Claiborne, TN",3,Per capita personal income (dollars) 2,45523
47027,"Clay, TN",1,Personal income (thousands of dollars),360641
47027,"Clay, TN",2,Population (persons) 1,7857
47027,"Clay, TN",3,Per capita personal income (dollars) 2,45901
47029,"Cocke, TN",1,Personal income (thousands of dollars),1729992
47029,"Cocke, TN",2,Population (persons) 1,37596
47029,"Cocke, TN",3,Per capita personal income (dollars) 2,46015
47031,"Coffee, TN",1,Personal income (thousands of dollars),3257496
47031,"Coffee, TN",2,Population (persons) 1,61285
47031,"Coffee, TN",3,Per capita personal income (dollars) 2,53153
47033,"Crockett, TN",1,Personal income (thousands of dollars),752996
47033,"Crockett, TN",2,Population (persons) 1,13973
47033,"Crockett, TN",3,Per capita personal income (dollars) 2,53889
47035,"Cumberland, TN",1,Personal income (thousands of dollars),3443858
47035,"Cumberland, TN",2,Population (persons) 1,65618
47035,"Cumberland, TN",3,Per capita personal income (dollars) 2,52483
47037,"Davidson, TN",1,Personal income (thousands of dollars),72693117
47037,"Davidson, TN",2,Population (persons) 1,729505
47037,"Davidson, TN",3,Per capita personal income (dollars) 2,99647
47039,"Decatur, TN",1,Personal income (thousands of dollars),658607
47039,"Decatur, TN",2,Population (persons) 1,11800
47039,"Decatur, TN",3,Per capita personal income (dollars) 2,55814
47041,"DeKalb, TN",1,Personal income (thousands of dollars),1111892
47041,"DeKalb, TN",2,Population (persons) 1,21747
47041,"DeKalb, TN",3,Per capita personal income (dollars) 2,51129
47043,"Dickson, TN",1,Personal income (thousands of dollars),3436581
47043,"Dickson, TN",2,Population (persons) 1,57641
47043,"Dickson, TN",3,Per capita personal income (dollars) 2,59620
47045,"Dyer, TN",1,Personal income (thousands of dollars),2077063
47045,"Dyer, TN",2,Population (persons) 1,36403
47045,"Dyer, TN",3,Per capita personal income (dollars) 2,57057
47047,"Fayette, TN",1,Personal income (thousands of dollars),3715642
47047,"Fayette, TN",2,Population (persons) 1,44476
47047,"Fayette, TN",3,Per capita personal income (dollars) 2,83543
47049,"Fentress, TN",1,Personal income (thousands of dollars),954528
47049,"Fentress, TN",2,Population (persons) 1,20129
47049,"Fentress, TN",3,Per capita personal income (dollars) 2,47421
47051,"Franklin, TN",1,Personal income (thousands of dollars),2403113
47051,"Franklin, TN",2,Population (persons) 1,45137
47051,"Franklin, TN",3,Per capita personal income (dollars) 2,53240
47053,"Gibson, TN",1,Personal income (thousands of dollars),2683906
47053,"Gibson, TN",2,Population (persons) 1,51422
47053,"Gibson, TN",3,Per capita personal income (dollars) 2,52194
47055,"Giles, TN",1,Personal income (thousands of dollars),1575442
47055,"Giles, TN",2,Population (persons) 1,30971
47055,"Giles, TN",3,Per capita personal income (dollars) 2,50868
47057,"Grainger, TN",1,Personal income (thousands of dollars),1221757
47057,"Grainger, TN",2,Population (persons) 1,25073
47057,"Grainger, TN",3,Per capita personal income (dollars) 2,48728
47059,"Greene, TN",1,Personal income (thousands of dollars),3537560
47059,"Greene, TN",2,Population (persons) 1,73398
47059,"Greene, TN",3,Per capita personal income (dollars) 2,48197
47061,"Grundy, TN",1,Personal income (thousands of dollars),611712
47061,"Grundy, TN",2,Population (persons) 1,14148
47061,"Grundy, TN",3,Per capita personal income (dollars) 2,43237
47063,"Hamblen, TN",1,Personal income (thousands of dollars),3583221
47063,"Hamblen, TN",2,Population (persons) 1,67715
47063,"Hamblen, TN",3,Per capita personal income (dollars) 2,52916
47065,"Hamilton, TN",1,Personal income (thousands of dollars),26667958
47065,"Hamilton, TN",2,Population (persons) 1,386256
47065,"Hamilton, TN",3,Per capita personal income (dollars) 2,69042
47067,"Hancock, TN",1,Personal income (thousands of dollars),246473
47067,"Hancock, TN",2,Population (persons) 1,7038
47067,"Hancock, TN",3,Per capita personal income (dollars) 2,35020
47069,"Hardeman, TN",1,Personal income (thousands of dollars),990707
47069,"Hardeman, TN",2,Population (persons) 1,25434
47069,"Hardeman, TN",3,Per capita personal income (dollars) 2,38952
47071,"Hardin, TN",1,Personal income (thousands of dollars),1384307
47071,"Hardin, TN",2,Population (persons) 1,27617
47071,"Hardin, TN",3,Per capita personal income (dollars) 2,50125
47073,"Hawkins, TN",1,Personal income (thousands of dollars),2785998
47073,"Hawkins, TN",2,Population (persons) 1,59371
47073,"Hawkins, TN",3,Per capita personal income (dollars) 2,46925
47075,"Haywood, TN",1,Personal income (thousands of dollars),734163
47075,"Haywood, TN",2,Population (persons) 1,17097
47075,"Haywood, TN",3,Per capita personal income (dollars) 2,42941
47077,"Henderson, TN",1,Personal income (thousands of dollars),1491366
47077,"Henderson, TN",2,Population (persons) 1,28183
47077,"Henderson, TN",3,Per capita personal income (dollars) 2,52917
47079,"Henry, TN",1,Personal income (thousands of dollars),1886154
47079,"Henry, TN",2,Population (persons) 1,32883
47079,"Henry, TN",3,Per capita personal income (dollars) 2,57360
47081,"Hickman, TN",1,Personal income (thousands of dollars),1243174
47081,"Hickman, TN",2,Population (persons) 1,25859
47081,"Hickman, TN",3,Per capita personal income (dollars) 2,48075
47083,"Houston, TN",1,Personal income (thousands of dollars),383247
47083,"Houston, TN",2,Population (persons) 1,8538
47083,"Houston, TN",3,Per capita personal income (dollars) 2,44887
47085,"Humphreys, TN",1,Personal income (thousands of dollars),998330
47085,"Humphreys, TN",2,Population (persons) 1,19554
47085,"Humphreys, TN",3,Per capita personal income (dollars) 2,51055
47087,"Jackson, TN",1,Personal income (thousands of dollars),521886
47087,"Jackson, TN",2,Population (persons) 1,12376
47087,"Jackson, TN",3,Per capita personal income (dollars) 2,42169
47089,"Jefferson, TN",1,Personal income (thousands of dollars),3041282
47089,"Jefferson, TN",2,Population (persons) 1,59217
47089,"Jefferson, TN",3,Per capita personal income (dollars) 2,51358
47091,"Johnson, TN",1,Personal income (thousands of dollars),813046
47091,"Johnson, TN",2,Population (persons) 1,18506
47091,"Johnson, TN",3,Per capita personal income (dollars) 2,43934
47093,"Knox, TN",1,Personal income (thousands of dollars),36911601
47093,"Knox, TN",2,Population (persons) 1,506748
47093,"Knox, TN",3,Per capita personal income (dollars) 2,72840
47095,"Lake, TN",1,Personal income (thousands of dollars),202755
47095,"Lake, TN",2,Population (persons) 1,6422
47095,"Lake, TN",3,Per capita personal income (dollars) 2,31572
47097,"Lauderdale, TN",1,Personal income (thousands of dollars),1046059
47097,"Lauderdale, TN",2,Population (persons) 1,24630
47097,"Lauderdale, TN",3,Per capita personal income (dollars) 2,42471
47099,"Lawrence, TN",1,Personal income (thousands of dollars),2176311
47099,"Lawrence, TN",2,Population (persons) 1,46467
47099,"Lawrence, TN",3,Per capita personal income (dollars) 2,46836
47101,"Lewis, TN",1,Personal income (thousands of dollars),651770
47101,"Lewis, TN",2,Population (persons) 1,13418
47101,"Lewis, TN",3,Per capita personal income (dollars) 2,48574
47103,"Lincoln, TN",1,Personal income (thousands of dollars),2077117
47103,"Lincoln, TN",2,Population (persons) 1,36751
47103,"Lincoln, TN",3,Per capita personal income (dollars) 2,56519
47105,"Loudon, TN",1,Personal income (thousands of dollars),4573706
47105,"Loudon, TN",2,Population (persons) 1,62129
47105,"Loudon, TN",3,Per capita personal income (dollars) 2,73616
47107,"McMinn, TN",1,Personal income (thousands of dollars),2763734
47107,"McMinn, TN",2,Population (persons) 1,56754
47107,"McMinn, TN",3,Per capita personal income (dollars) 2,48697
47109,"McNairy, TN",1,Personal income (thousands of dollars),1132201
47109,"McNairy, TN",2,Population (persons) 1,26103
47109,"McNairy, TN",3,Per capita personal income (dollars) 2,43374
47111,"Macon, TN",1,Personal income (thousands of dollars),1193091
47111,"Macon, TN",2,Population (persons) 1,27189
47111,"Macon, TN",3,Per capita personal income (dollars) 2,43881
47113,"Madison, TN",1,Personal income (thousands of dollars),5912121
47113,"Madison, TN",2,Population (persons) 1,100409
47113,"Madison, TN",3,Per capita personal income (dollars) 2,58880
47115,"Marion, TN",1,Personal income (thousands of dollars),1609347
47115,"Marion, TN",2,Population (persons) 1,29826
47115,"Marion, TN",3,Per capita personal income (dollars) 2,53958
47117,"Marshall, TN",1,Personal income (thousands of dollars),2065942
47117,"Marshall, TN",2,Population (persons) 1,37847
47117,"Marshall, TN",3,Per capita personal income (dollars) 2,54587
47119,"Maury, TN",1,Personal income (thousands of dollars),6906590
47119,"Maury, TN",2,Population (persons) 1,113411
47119,"Maury, TN",3,Per capita personal income (dollars) 2,60899
47121,"Meigs, TN",1,Personal income (thousands of dollars),591066
47121,"Meigs, TN",2,Population (persons) 1,13937
47121,"Meigs, TN",3,Per capita personal income (dollars) 2,42410
47123,"Monroe, TN",1,Personal income (thousands of dollars),2352460
47123,"Monroe, TN",2,Population (persons) 1,49154
47123,"Monroe, TN",3,Per capita personal income (dollars) 2,47859
47125,"Montgomery, TN",1,Personal income (thousands of dollars),13370606
47125,"Montgomery, TN",2,Population (persons) 1,246025
47125,"Montgomery, TN",3,Per capita personal income (dollars) 2,54347
47127,"Moore, TN",1,Personal income (thousands of dollars),378297
47127,"Moore, TN",2,Population (persons) 1,6773
47127,"Moore, TN",3,Per capita personal income (dollars) 2,55854
47129,"Morgan, TN",1,Personal income (thousands of dollars),937715
47129,"Morgan, TN",2,Population (persons) 1,21954
47129,"Morgan, TN",3,Per capita personal income (dollars) 2,42713
47131,"Obion, TN",1,Personal income (thousands of dollars),1631884
47131,"Obion, TN",2,Population (persons) 1,30261
47131,"Obion, TN",3,Per capita personal income (dollars) 2,53927
47133,"Overton, TN",1,Personal income (thousands of dollars),1058858
47133,"Overton, TN",2,Population (persons) 1,23551
47133,"Overton, TN",3,Per capita personal income (dollars) 2,44960
47135,"Perry, TN",1,Personal income (thousands of dollars),371220
47135,"Perry, TN",2,Population (persons) 1,8987
47135,"Perry, TN",3,Per capita personal income (dollars) 2,41306
47137,"Pickett, TN",1,Personal income (thousands of dollars),249010
47137,"Pickett, TN",2,Population (persons) 1,5108
47137,"Pickett, TN",3,Per capita personal income (dollars) 2,48749
47139,"Polk, TN",1,Personal income (thousands of dollars),832489
47139,"Polk, TN",2,Population (persons) 1,18338
47139,"Polk, TN",3,Per capita personal income (dollars) 2,45397
47141,"Putnam, TN",1,Personal income (thousands of dollars),4633713
47141,"Putnam, TN",2,Population (persons) 1,84894
47141,"Putnam, TN",3,Per capita personal income (dollars) 2,54582
47143,"Rhea, TN",1,Personal income (thousands of dollars),1670498
47143,"Rhea, TN",2,Population (persons) 1,34759
47143,"Rhea, TN",3,Per capita personal income (dollars) 2,48059
47145,"Roane, TN",1,Personal income (thousands of dollars),3201997
47145,"Roane, TN",2,Population (persons) 1,56742
47145,"Roane, TN",3,Per capita personal income (dollars) 2,56431
47147,"Robertson, TN",1,Personal income (thousands of dollars),4717611
47147,"Robertson, TN",2,Population (persons) 1,78459
47147,"Robertson, TN",3,Per capita personal income (dollars) 2,60128
47149,"Rutherford, TN",1,Personal income (thousands of dollars),21996009
47149,"Rutherford, TN",2,Population (persons) 1,376996
47149,"Rutherford, TN",3,Per capita personal income (dollars) 2,58345
47151,"Scott, TN",1,Personal income (thousands of dollars),923228
47151,"Scott, TN",2,Population (persons) 1,22517
47151,"Scott, TN",3,Per capita personal income (dollars) 2,41001
47153,"Sequatchie, TN",1,Personal income (thousands of dollars),881571
47153,"Sequatchie, TN",2,Population (persons) 1,17620
47153,"Sequatchie, TN",3,Per capita personal income (dollars) 2,50032
47155,"Sevier, TN",1,Personal income (thousands of dollars),6396298
47155,"Sevier, TN",2,Population (persons) 1,100184
47155,"Sevier, TN",3,Per capita personal income (dollars) 2,63846
47157,"Shelby, TN",1,Personal income (thousands of dollars),59592009
47157,"Shelby, TN",2,Population (persons) 1,910530
47157,"Shelby, TN",3,Per capita personal income (dollars) 2,65448
47159,"Smith, TN",1,Personal income (thousands of dollars),1103928
47159,"Smith, TN",2,Population (persons) 1,20783
47159,"Smith, TN",3,Per capita personal income (dollars) 2,53117
47161,"Stewart, TN",1,Personal income (thousands of dollars),772004
47161,"Stewart, TN",2,Population (persons) 1,14365
47161,"Stewart, TN",3,Per capita personal income (dollars) 2,53742
47163,"Sullivan, TN",1,Personal income (thousands of dollars),9457665
47163,"Sullivan, TN",2,Population (persons) 1,162703
47163,"Sullivan, TN",3,Per capita personal income (dollars) 2,58128
47165,"Sumner, TN",1,Personal income (thousands of dollars),15524755
47165,"Sumner, TN",2,Population (persons) 1,211721
47165,"Sumner, TN",3,Per capita personal income (dollars) 2,73326
47167,"Tipton, TN",1,Personal income (thousands of dollars),3342692
47167,"Tipton, TN",2,Population (persons) 1,62187
47167,"Tipton, TN",3,Per capita personal income (dollars) 2,53752
47169,"Trousdale, TN",1,Personal income (thousands of dollars),524711
47169,"Trousdale, TN",2,Population (persons) 1,12159
47169,"Trousdale, TN",3,Per capita personal income (dollars) 2,43154
47171,"Unicoi, TN",1,Personal income (thousands of dollars),873248
47171,"Unicoi, TN",2,Population (persons) 1,17872
47171,"Unicoi, TN",3,Per capita personal income (dollars) 2,48861
47173,"Union, TN",1,Personal income (thousands of dollars),955367
47173,"Union, TN",2,Population (persons) 1,21064
47173,"Union, TN",3,Per capita personal income (dollars) 2,45355
47175,"Van Buren, TN",1,Personal income (thousands of dollars),259981
47175,"Van Buren, TN",2,Population (persons) 1,6686
47175,"Van Buren, TN",3,Per capita personal income (dollars) 2,38884
47177,"Warren, TN",1,Personal income (thousands of dollars),2065764
47177,"Warren, TN",2,Population (persons) 1,43619
47177,"Warren, TN",3,Per capita personal income (dollars) 2,47359
47179,"Washington, TN",1,Personal income (thousands of dollars),8441229
47179,"Washington, TN",2,Population (persons) 1,139642
47179,"Washington, TN",3,Per capita personal income (dollars) 2,60449
47181,"Wayne, TN",1,Personal income (thousands of dollars),683327
47181,"Wayne, TN",2,Population (persons) 1,15974
47181,"Wayne, TN",3,Per capita personal income (dollars) 2,42777
47183,"Weakley, TN",1,Personal income (thousands of dollars),1608195
47183,"Weakley, TN",2,Population (persons) 1,33162
47183,"Weakley, TN",3,Per capita personal income (dollars) 2,48495
47185,"White, TN",1,Personal income (thousands of dollars),1317808
47185,"White, TN",2,Population (persons) 1,29108
47185,"White, TN",3,Per capita personal income (dollars) 2,45273
47187,"Williamson, TN",1,Personal income (thousands of dollars),37599392
47187,"Williamson, TN",2,Population (persons) 1,269136
47187,"Williamson, TN",3,Per capita personal income (dollars) 2,139704
47189,"Wilson, TN",1,Personal income (thousands of dollars),12275151
47189,"Wilson, TN",2,Population (persons) 1,169948
47189,"Wilson, TN",3,Per capita personal income (dollars) 2,72229
48001,"Anderson, TX",1,Personal income (thousands of dollars),2772121
48001,"Anderson, TX",2,Population (persons) 1,59512
48001,"Anderson, TX",3,Per capita personal income (dollars) 2,46581
48003,"Andrews, TX",1,Personal income (thousands of dollars),1139186
48003,"Andrews, TX",2,Population (persons) 1,18923
48003,"Andrews, TX",3,Per capita personal income (dollars) 2,60201
48005,"Angelina, TX",1,Personal income (thousands of dollars),4719493
48005,"Angelina, TX",2,Population (persons) 1,88094
48005,"Angelina, TX",3,Per capita personal income (dollars) 2,53573
48007,"Aransas, TX",1,Personal income (thousands of dollars),1806122
48007,"Aransas, TX",2,Population (persons) 1,25595
48007,"Aransas, TX",3,Per capita personal income (dollars) 2,70565
48009,"Archer, TX",1,Personal income (thousands of dollars),636812
48009,"Archer, TX",2,Population (persons) 1,9155
48009,"Archer, TX",3,Per capita personal income (dollars) 2,69559
48011,"Armstrong, TX",1,Personal income (thousands of dollars),127931
48011,"Armstrong, TX",2,Population (persons) 1,1809
48011,"Armstrong, TX",3,Per capita personal income (dollars) 2,70719
48013,"Atascosa, TX",1,Personal income (thousands of dollars),2646547
48013,"Atascosa, TX",2,Population (persons) 1,52783
48013,"Atascosa, TX",3,Per capita personal income (dollars) 2,50140
48015,"Austin, TX",1,Personal income (thousands of dollars),2194341
48015,"Austin, TX",2,Population (persons) 1,32546
48015,"Austin, TX",3,Per capita personal income (dollars) 2,67423
48017,"Bailey, TX",1,Personal income (thousands of dollars),416143
48017,"Bailey, TX",2,Population (persons) 1,7031
48017,"Bailey, TX",3,Per capita personal income (dollars) 2,59187
48019,"Bandera, TX",1,Personal income (thousands of dollars),1505087
48019,"Bandera, TX",2,Population (persons) 1,22830
48019,"Bandera, TX",3,Per capita personal income (dollars) 2,65926
48021,"Bastrop, TX",1,Personal income (thousands of dollars),5730269
48021,"Bastrop, TX",2,Population (persons) 1,114931
48021,"Bastrop, TX",3,Per capita personal income (dollars) 2,49858
48023,"Baylor, TX",1,Personal income (thousands of dollars),225810
48023,"Baylor, TX",2,Population (persons) 1,3533
48023,"Baylor, TX",3,Per capita personal income (dollars) 2,63915
48025,"Bee, TX",1,Personal income (thousands of dollars),1183534
48025,"Bee, TX",2,Population (persons) 1,31226
48025,"Bee, TX",3,Per capita personal income (dollars) 2,37902
48027,"Bell, TX",1,Personal income (thousands of dollars),22062163
48027,"Bell, TX",2,Population (persons) 1,399578
48027,"Bell, TX",3,Per capita personal income (dollars) 2,55214
48029,"Bexar, TX",1,Personal income (thousands of dollars),130132731
48029,"Bexar, TX",2,Population (persons) 1,2127737
48029,"Bexar, TX",3,Per capita personal income (dollars) 2,61160
48031,"Blanco, TX",1,Personal income (thousands of dollars),1102045
48031,"Blanco, TX",2,Population (persons) 1,13358
48031,"Blanco, TX",3,Per capita personal income (dollars) 2,82501
48033,"Borden, TX",1,Personal income (thousands of dollars),75790
48033,"Borden, TX",2,Population (persons) 1,557
48033,"Borden, TX",3,Per capita personal income (dollars) 2,136068
48035,"Bosque, TX",1,Personal income (thousands of dollars),1156524
48035,"Bosque, TX",2,Population (persons) 1,19013
48035,"Bosque, TX",3,Per capita personal income (dollars) 2,60828
48037,"Bowie, TX",1,Personal income (thousands of dollars),4960305
48037,"Bowie, TX",2,Population (persons) 1,91992
48037,"Bowie, TX",3,Per capita personal income (dollars) 2,53921
48039,"Brazoria, TX",1,Personal income (thousands of dollars),25082732
48039,"Brazoria, TX",2,Population (persons) 1,413224
48039,"Brazoria, TX",3,Per capita personal income (dollars) 2,60700
48041,"Brazos, TX",1,Personal income (thousands of dollars),13222610
48041,"Brazos, TX",2,Population (persons) 1,249624
48041,"Brazos, TX",3,Per capita personal income (dollars) 2,52970
48043,"Brewster, TX",1,Personal income (thousands of dollars),610720
48043,"Brewster, TX",2,Population (persons) 1,9508
48043,"Brewster, TX",3,Per capita personal income (dollars) 2,64232
48045,"Briscoe, TX",1,Personal income (thousands of dollars),85526
48045,"Briscoe, TX",2,Population (persons) 1,1494
48045,"Briscoe, TX",3,Per capita personal income (dollars) 2,57246
48047,"Brooks, TX",1,Personal income (thousands of dollars),305806
48047,"Brooks, TX",2,Population (persons) 1,6740
48047,"Brooks, TX",3,Per capita personal income (dollars) 2,45372
48049,"Brown, TX",1,Personal income (thousands of dollars),2000755
48049,"Brown, TX",2,Population (persons) 1,38631
48049,"Brown, TX",3,Per capita personal income (dollars) 2,51791
48051,"Burleson, TX",1,Personal income (thousands of dollars),1251936
48051,"Burleson, TX",2,Population (persons) 1,20179
48051,"Burleson, TX",3,Per capita personal income (dollars) 2,62042
48053,"Burnet, TX",1,Personal income (thousands of dollars),3823248
48053,"Burnet, TX",2,Population (persons) 1,55722
48053,"Burnet, TX",3,Per capita personal income (dollars) 2,68613
48055,"Caldwell, TX",1,Personal income (thousands of dollars),2427017
48055,"Caldwell, TX",2,Population (persons) 1,52430
48055,"Caldwell, TX",3,Per capita personal income (dollars) 2,46291
48057,"Calhoun, TX",1,Personal income (thousands of dollars),1174019
48057,"Calhoun, TX",2,Population (persons) 1,19942
48057,"Calhoun, TX",3,Per capita personal income (dollars) 2,58872
48059,"Callahan, TX",1,Personal income (thousands of dollars),822731
48059,"Callahan, TX",2,Population (persons) 1,14615
48059,"Callahan, TX",3,Per capita personal income (dollars) 2,56294
48061,"Cameron, TX",1,Personal income (thousands of dollars),17270495
48061,"Cameron, TX",2,Population (persons) 1,431874
48061,"Cameron, TX",3,Per capita personal income (dollars) 2,39990
48063,"Camp, TX",1,Personal income (thousands of dollars),691478
48063,"Camp, TX",2,Population (persons) 1,13164
48063,"Camp, TX",3,Per capita personal income (dollars) 2,52528
48065,"Carson, TX",1,Personal income (thousands of dollars),337658
48065,"Carson, TX",2,Population (persons) 1,5822
48065,"Carson, TX",3,Per capita personal income (dollars) 2,57997
48067,"Cass, TX",1,Personal income (thousands of dollars),1463700
48067,"Cass, TX",2,Population (persons) 1,28622
48067,"Cass, TX",3,Per capita personal income (dollars) 2,51139
48069,"Castro, TX",1,Personal income (thousands of dollars),791770
48069,"Castro, TX",2,Population (persons) 1,7380
48069,"Castro, TX",3,Per capita personal income (dollars) 2,107286
48071,"Chambers, TX",1,Personal income (thousands of dollars),3756465
48071,"Chambers, TX",2,Population (persons) 1,56179
48071,"Chambers, TX",3,Per capita personal income (dollars) 2,66866
48073,"Cherokee, TX",1,Personal income (thousands of dollars),2572209
48073,"Cherokee, TX",2,Population (persons) 1,53223
48073,"Cherokee, TX",3,Per capita personal income (dollars) 2,48329
48075,"Childress, TX",1,Personal income (thousands of dollars),303068
48075,"Childress, TX",2,Population (persons) 1,6679
48075,"Childress, TX",3,Per capita personal income (dollars) 2,45376
48077,"Clay, TX",1,Personal income (thousands of dollars),626796
48077,"Clay, TX",2,Population (persons) 1,10730
48077,"Clay, TX",3,Per capita personal income (dollars) 2,58415
48079,"Cochran, TX",1,Personal income (thousands of dollars),136159
48079,"Cochran, TX",2,Population (persons) 1,2583
48079,"Cochran, TX",3,Per capita personal income (dollars) 2,52714
48081,"Coke, TX",1,Personal income (thousands of dollars),197969
48081,"Coke, TX",2,Population (persons) 1,3396
48081,"Coke, TX",3,Per capita personal income (dollars) 2,58295
48083,"Coleman, TX",1,Personal income (thousands of dollars),488453
48083,"Coleman, TX",2,Population (persons) 1,7990
48083,"Coleman, TX",3,Per capita personal income (dollars) 2,61133
48085,"Collin, TX",1,Personal income (thousands of dollars),112276655
48085,"Collin, TX",2,Population (persons) 1,1254658
48085,"Collin, TX",3,Per capita personal income (dollars) 2,89488
48087,"Collingsworth, TX",1,Personal income (thousands of dollars),151056
48087,"Collingsworth, TX",2,Population (persons) 1,2611
48087,"Collingsworth, TX",3,Per capita personal income (dollars) 2,57854
48089,"Colorado, TX",1,Personal income (thousands of dollars),1408774
48089,"Colorado, TX",2,Population (persons) 1,21475
48089,"Colorado, TX",3,Per capita personal income (dollars) 2,65601
48091,"Comal, TX",1,Personal income (thousands of dollars),16019586
48091,"Comal, TX",2,Population (persons) 1,201628
48091,"Comal, TX",3,Per capita personal income (dollars) 2,79451
48093,"Comanche, TX",1,Personal income (thousands of dollars),839835
48093,"Comanche, TX",2,Population (persons) 1,14359
48093,"Comanche, TX",3,Per capita personal income (dollars) 2,58488
48095,"Concho, TX",1,Personal income (thousands of dollars),148693
48095,"Concho, TX",2,Population (persons) 1,3326
48095,"Concho, TX",3,Per capita personal income (dollars) 2,44706
48097,"Cooke, TX",1,Personal income (thousands of dollars),2873605
48097,"Cooke, TX",2,Population (persons) 1,44258
48097,"Cooke, TX",3,Per capita personal income (dollars) 2,64928
48099,"Coryell, TX",1,Personal income (thousands of dollars),3557103
48099,"Coryell, TX",2,Population (persons) 1,86370
48099,"Coryell, TX",3,Per capita personal income (dollars) 2,41184
48101,"Cottle, TX",1,Personal income (thousands of dollars),147123
48101,"Cottle, TX",2,Population (persons) 1,1263
48101,"Cottle, TX",3,Per capita personal income (dollars) 2,116487
48103,"Crane, TX",1,Personal income (thousands of dollars),279205
48103,"Crane, TX",2,Population (persons) 1,4594
48103,"Crane, TX",3,Per capita personal income (dollars) 2,60776
48105,"Crockett, TX",1,Personal income (thousands of dollars),196228
48105,"Crockett, TX",2,Population (persons) 1,2799
48105,"Crockett, TX",3,Per capita personal income (dollars) 2,70106
48107,"Crosby, TX",1,Personal income (thousands of dollars),248570
48107,"Crosby, TX",2,Population (persons) 1,5030
48107,"Crosby, TX",3,Per capita personal income (dollars) 2,49417
48109,"Culberson, TX",1,Personal income (thousands of dollars),226170
48109,"Culberson, TX",2,Population (persons) 1,2254
48109,"Culberson, TX",3,Per capita personal income (dollars) 2,100342
48111,"Dallam, TX",1,Personal income (thousands of dollars),616571
48111,"Dallam, TX",2,Population (persons) 1,7526
48111,"Dallam, TX",3,Per capita personal income (dollars) 2,81925
48113,"Dallas, TX",1,Personal income (thousands of dollars),225696833
48113,"Dallas, TX",2,Population (persons) 1,2656028
48113,"Dallas, TX",3,Per capita personal income (dollars) 2,84975
48115,"Dawson, TX",1,Personal income (thousands of dollars),623368
48115,"Dawson, TX",2,Population (persons) 1,11758
48115,"Dawson, TX",3,Per capita personal income (dollars) 2,53016
48117,"Deaf Smith, TX",1,Personal income (thousands of dollars),1405238
48117,"Deaf Smith, TX",2,Population (persons) 1,18495
48117,"Deaf Smith, TX",3,Per capita personal income (dollars) 2,75979
48119,"Delta, TX",1,Personal income (thousands of dollars),292636
48119,"Delta, TX",2,Population (persons) 1,5647
48119,"Delta, TX",3,Per capita personal income (dollars) 2,51821
48121,"Denton, TX",1,Personal income (thousands of dollars),83722888
48121,"Denton, TX",2,Population (persons) 1,1045120
48121,"Denton, TX",3,Per capita personal income (dollars) 2,80108
48123,"DeWitt, TX",1,Personal income (thousands of dollars),1530159
48123,"DeWitt, TX",2,Population (persons) 1,20252
48123,"DeWitt, TX",3,Per capita personal income (dollars) 2,75556
48125,"Dickens, TX",1,Personal income (thousands of dollars),99518
48125,"Dickens, TX",2,Population (persons) 1,1725
48125,"Dickens, TX",3,Per capita personal income (dollars) 2,57692
48127,"Dimmit, TX",1,Personal income (thousands of dollars),471466
48127,"Dimmit, TX",2,Population (persons) 1,8181
48127,"Dimmit, TX",3,Per capita personal income (dollars) 2,57629
48129,"Donley, TX",1,Personal income (thousands of dollars),173359
48129,"Donley, TX",2,Population (persons) 1,3193
48129,"Donley, TX",3,Per capita personal income (dollars) 2,54293
48131,"Duval, TX",1,Personal income (thousands of dollars),506771
48131,"Duval, TX",2,Population (persons) 1,9585
48131,"Duval, TX",3,Per capita personal income (dollars) 2,52871
48133,"Eastland, TX",1,Personal income (thousands of dollars),1005904
48133,"Eastland, TX",2,Population (persons) 1,18290
48133,"Eastland, TX",3,Per capita personal income (dollars) 2,54997
48135,"Ector, TX",1,Personal income (thousands of dollars),10596551
48135,"Ector, TX",2,Population (persons) 1,170022
48135,"Ector, TX",3,Per capita personal income (dollars) 2,62325
48137,"Edwards, TX",1,Personal income (thousands of dollars),102040
48137,"Edwards, TX",2,Population (persons) 1,1383
48137,"Edwards, TX",3,Per capita personal income (dollars) 2,73782
48139,"Ellis, TX",1,Personal income (thousands of dollars),13656498
48139,"Ellis, TX",2,Population (persons) 1,232387
48139,"Ellis, TX",3,Per capita personal income (dollars) 2,58766
48141,"El Paso, TX",1,Personal income (thousands of dollars),43181648
48141,"El Paso, TX",2,Population (persons) 1,875784
48141,"El Paso, TX",3,Per capita personal income (dollars) 2,49306
48143,"Erath, TX",1,Personal income (thousands of dollars),2541272
48143,"Erath, TX",2,Population (persons) 1,44496
48143,"Erath, TX",3,Per capita personal income (dollars) 2,57112
48145,"Falls, TX",1,Personal income (thousands of dollars),839880
48145,"Falls, TX",2,Population (persons) 1,17752
48145,"Falls, TX",3,Per capita personal income (dollars) 2,47312
48147,"Fannin, TX",1,Personal income (thousands of dollars),1970431
48147,"Fannin, TX",2,Population (persons) 1,38650
48147,"Fannin, TX",3,Per capita personal income (dollars) 2,50981
48149,"Fayette, TX",1,Personal income (thousands of dollars),2004068
48149,"Fayette, TX",2,Population (persons) 1,25488
48149,"Fayette, TX",3,Per capita personal income (dollars) 2,78628
48151,"Fisher, TX",1,Personal income (thousands of dollars),222000
48151,"Fisher, TX",2,Population (persons) 1,3665
48151,"Fisher, TX",3,Per capita personal income (dollars) 2,60573
48153,"Floyd, TX",1,Personal income (thousands of dollars),258869
48153,"Floyd, TX",2,Population (persons) 1,5042
48153,"Floyd, TX",3,Per capita personal income (dollars) 2,51343
48155,"Foard, TX",1,Personal income (thousands of dollars),69920
48155,"Foard, TX",2,Population (persons) 1,1053
48155,"Foard, TX",3,Per capita personal income (dollars) 2,66401
48157,"Fort Bend, TX",1,Personal income (thousands of dollars),72574032
48157,"Fort Bend, TX",2,Population (persons) 1,958434
48157,"Fort Bend, TX",3,Per capita personal income (dollars) 2,75721
48159,"Franklin, TX",1,Personal income (thousands of dollars),671707
48159,"Franklin, TX",2,Population (persons) 1,10912
48159,"Franklin, TX",3,Per capita personal income (dollars) 2,61557
48161,"Freestone, TX",1,Personal income (thousands of dollars),1052169
48161,"Freestone, TX",2,Population (persons) 1,20645
48161,"Freestone, TX",3,Per capita personal income (dollars) 2,50965
48163,"Frio, TX",1,Personal income (thousands of dollars),782932
48163,"Frio, TX",2,Population (persons) 1,19520
48163,"Frio, TX",3,Per capita personal income (dollars) 2,40109
48165,"Gaines, TX",1,Personal income (thousands of dollars),1222997
48165,"Gaines, TX",2,Population (persons) 1,22892
48165,"Gaines, TX",3,Per capita personal income (dollars) 2,53425
48167,"Galveston, TX",1,Personal income (thousands of dollars),24901911
48167,"Galveston, TX",2,Population (persons) 1,367407
48167,"Galveston, TX",3,Per capita personal income (dollars) 2,67777
48169,"Garza, TX",1,Personal income (thousands of dollars),221860
48169,"Garza, TX",2,Population (persons) 1,4645
48169,"Garza, TX",3,Per capita personal income (dollars) 2,47763
48171,"Gillespie, TX",1,Personal income (thousands of dollars),2750271
48171,"Gillespie, TX",2,Population (persons) 1,28159
48171,"Gillespie, TX",3,Per capita personal income (dollars) 2,97669
48173,"Glasscock, TX",1,Personal income (thousands of dollars),162114
48173,"Glasscock, TX",2,Population (persons) 1,1153
48173,"Glasscock, TX",3,Per capita personal income (dollars) 2,140602
48175,"Goliad, TX",1,Personal income (thousands of dollars),458866
48175,"Goliad, TX",2,Population (persons) 1,7221
48175,"Goliad, TX",3,Per capita personal income (dollars) 2,63546
48177,"Gonzales, TX",1,Personal income (thousands of dollars),1431797
48177,"Gonzales, TX",2,Population (persons) 1,20040
48177,"Gonzales, TX",3,Per capita personal income (dollars) 2,71447
48179,"Gray, TX",1,Personal income (thousands of dollars),1150216
48179,"Gray, TX",2,Population (persons) 1,20888
48179,"Gray, TX",3,Per capita personal income (dollars) 2,55066
48181,"Grayson, TX",1,Personal income (thousands of dollars),8723577
48181,"Grayson, TX",2,Population (persons) 1,150532
48181,"Grayson, TX",3,Per capita personal income (dollars) 2,57952
48183,"Gregg, TX",1,Personal income (thousands of dollars),7890142
48183,"Gregg, TX",2,Population (persons) 1,126679
48183,"Gregg, TX",3,Per capita personal income (dollars) 2,62285
48185,"Grimes, TX",1,Personal income (thousands of dollars),1512423
48185,"Grimes, TX",2,Population (persons) 1,33448
48185,"Grimes, TX",3,Per capita personal income (dollars) 2,45217
48187,"Guadalupe, TX",1,Personal income (thousands of dollars),12024179
48187,"Guadalupe, TX",2,Population (persons) 1,195166
48187,"Guadalupe, TX",3,Per capita personal income (dollars) 2,61610
48189,"Hale, TX",1,Personal income (thousands of dollars),1439067
48189,"Hale, TX",2,Population (persons) 1,31953
48189,"Hale, TX",3,Per capita personal income (dollars) 2,45037
48191,"Hall, TX",1,Personal income (thousands of dollars),129651
48191,"Hall, TX",2,Population (persons) 1,2828
48191,"Hall, TX",3,Per capita personal income (dollars) 2,45845
48193,"Hamilton, TX",1,Personal income (thousands of dollars),643627
48193,"Hamilton, TX",2,Population (persons) 1,8644
48193,"Hamilton, TX",3,Per capita personal income (dollars) 2,74459
48195,"Hansford, TX",1,Personal income (thousands of dollars),484745
48195,"Hansford, TX",2,Population (persons) 1,5006
48195,"Hansford, TX",3,Per capita personal income (dollars) 2,96833
48197,"Hardeman, TX",1,Personal income (thousands of dollars),204887
48197,"Hardeman, TX",2,Population (persons) 1,3417
48197,"Hardeman, TX",3,Per capita personal income (dollars) 2,59961
48199,"Hardin, TX",1,Personal income (thousands of dollars),3508726
48199,"Hardin, TX",2,Population (persons) 1,58670
48199,"Hardin, TX",3,Per capita personal income (dollars) 2,59804
48201,"Harris, TX",1,Personal income (thousands of dollars),400697273
48201,"Harris, TX",2,Population (persons) 1,5009302
48201,"Harris, TX",3,Per capita personal income (dollars) 2,79991
48203,"Harrison, TX",1,Personal income (thousands of dollars),3727784
48203,"Harrison, TX",2,Population (persons) 1,71370
48203,"Harrison, TX",3,Per capita personal income (dollars) 2,52232
48205,"Hartley, TX",1,Personal income (thousands of dollars),616733
48205,"Hartley, TX",2,Population (persons) 1,4996
48205,"Hartley, TX",3,Per capita personal income (dollars) 2,123445
48207,"Haskell, TX",1,Personal income (thousands of dollars),263879
48207,"Haskell, TX",2,Population (persons) 1,5435
48207,"Haskell, TX",3,Per capita personal income (dollars) 2,48552
48209,"Hays, TX",1,Personal income (thousands of dollars),19709003
48209,"Hays, TX",2,Population (persons) 1,292029
48209,"Hays, TX",3,Per capita personal income (dollars) 2,67490
48211,"Hemphill, TX",1,Personal income (thousands of dollars),289897
48211,"Hemphill, TX",2,Population (persons) 1,3134
48211,"Hemphill, TX",3,Per capita personal income (dollars) 2,92501
48213,"Henderson, TX",1,Personal income (thousands of dollars),4808998
48213,"Henderson, TX",2,Population (persons) 1,87467
48213,"Henderson, TX",3,Per capita personal income (dollars) 2,54981
48215,"Hidalgo, TX",1,Personal income (thousands of dollars),32283853
48215,"Hidalgo, TX",2,Population (persons) 1,914820
48215,"Hidalgo, TX",3,Per capita personal income (dollars) 2,35290
48217,"Hill, TX",1,Personal income (thousands of dollars),2140330
48217,"Hill, TX",2,Population (persons) 1,38771
48217,"Hill, TX",3,Per capita personal income (dollars) 2,55204
48219,"Hockley, TX",1,Personal income (thousands of dollars),1171021
48219,"Hockley, TX",2,Population (persons) 1,21505
48219,"Hockley, TX",3,Per capita personal income (dollars) 2,54453
48221,"Hood, TX",1,Personal income (thousands of dollars),4777069
48221,"Hood, TX",2,Population (persons) 1,69126
48221,"Hood, TX",3,Per capita personal income (dollars) 2,69107
48223,"Hopkins, TX",1,Personal income (thousands of dollars),2284115
48223,"Hopkins, TX",2,Population (persons) 1,38784
48223,"Hopkins, TX",3,Per capita personal income (dollars) 2,58893
48225,"Houston, TX",1,Personal income (thousands of dollars),1246967
48225,"Houston, TX",2,Population (persons) 1,22197
48225,"Houston, TX",3,Per capita personal income (dollars) 2,56177
48227,"Howard, TX",1,Personal income (thousands of dollars),2128944
48227,"Howard, TX",2,Population (persons) 1,30833
48227,"Howard, TX",3,Per capita personal income (dollars) 2,69048
48229,"Hudspeth, TX",1,Personal income (thousands of dollars),148445
48229,"Hudspeth, TX",2,Population (persons) 1,3608
48229,"Hudspeth, TX",3,Per capita personal income (dollars) 2,41143
48231,"Hunt, TX",1,Personal income (thousands of dollars),6049490
48231,"Hunt, TX",2,Population (persons) 1,118729
48231,"Hunt, TX",3,Per capita personal income (dollars) 2,50952
48233,"Hutchinson, TX",1,Personal income (thousands of dollars),1093990
48233,"Hutchinson, TX",2,Population (persons) 1,19721
48233,"Hutchinson, TX",3,Per capita personal income (dollars) 2,55473
48235,"Irion, TX",1,Personal income (thousands of dollars),133122
48235,"Irion, TX",2,Population (persons) 1,1526
48235,"Irion, TX",3,Per capita personal income (dollars) 2,87236
48237,"Jack, TX",1,Personal income (thousands of dollars),467673
48237,"Jack, TX",2,Population (persons) 1,9398
48237,"Jack, TX",3,Per capita personal income (dollars) 2,49763
48239,"Jackson, TX",1,Personal income (thousands of dollars),848673
48239,"Jackson, TX",2,Population (persons) 1,15284
48239,"Jackson, TX",3,Per capita personal income (dollars) 2,55527
48241,"Jasper, TX",1,Personal income (thousands of dollars),1838499
48241,"Jasper, TX",2,Population (persons) 1,32907
48241,"Jasper, TX",3,Per capita personal income (dollars) 2,55870
48243,"Jeff Davis, TX",1,Personal income (thousands of dollars),136952
48243,"Jeff Davis, TX",2,Population (persons) 1,1778
48243,"Jeff Davis, TX",3,Per capita personal income (dollars) 2,77026
48245,"Jefferson, TX",1,Personal income (thousands of dollars),13487375
48245,"Jefferson, TX",2,Population (persons) 1,253948
48245,"Jefferson, TX",3,Per capita personal income (dollars) 2,53111
48247,"Jim Hogg, TX",1,Personal income (thousands of dollars),210450
48247,"Jim Hogg, TX",2,Population (persons) 1,4583
48247,"Jim Hogg, TX",3,Per capita personal income (dollars) 2,45920
48249,"Jim Wells, TX",1,Personal income (thousands of dollars),2063787
48249,"Jim Wells, TX",2,Population (persons) 1,38886
48249,"Jim Wells, TX",3,Per capita personal income (dollars) 2,53073
48251,"Johnson, TX",1,Personal income (thousands of dollars),11975777
48251,"Johnson, TX",2,Population (persons) 1,210547
48251,"Johnson, TX",3,Per capita personal income (dollars) 2,56879
48253,"Jones, TX",1,Personal income (thousands of dollars),854914
48253,"Jones, TX",2,Population (persons) 1,20850
48253,"Jones, TX",3,Per capita personal income (dollars) 2,41003
48255,"Karnes, TX",1,Personal income (thousands of dollars),1261160
48255,"Karnes, TX",2,Population (persons) 1,15137
48255,"Karnes, TX",3,Per capita personal income (dollars) 2,83316
48257,"Kaufman, TX",1,Personal income (thousands of dollars),10573531
48257,"Kaufman, TX",2,Population (persons) 1,197829
48257,"Kaufman, TX",3,Per capita personal income (dollars) 2,53448
48259,"Kendall, TX",1,Personal income (thousands of dollars),5930381
48259,"Kendall, TX",2,Population (persons) 1,51828
48259,"Kendall, TX",3,Per capita personal income (dollars) 2,114424
48261,"Kenedy, TX",1,Personal income (thousands of dollars),16362
48261,"Kenedy, TX",2,Population (persons) 1,330
48261,"Kenedy, TX",3,Per capita personal income (dollars) 2,49582
48263,"Kent, TX",1,Personal income (thousands of dollars),46440
48263,"Kent, TX",2,Population (persons) 1,703
48263,"Kent, TX",3,Per capita personal income (dollars) 2,66060
48265,"Kerr, TX",1,Personal income (thousands of dollars),3974335
48265,"Kerr, TX",2,Population (persons) 1,53900
48265,"Kerr, TX",3,Per capita personal income (dollars) 2,73735
48267,"Kimble, TX",1,Personal income (thousands of dollars),264171
48267,"Kimble, TX",2,Population (persons) 1,4401
48267,"Kimble, TX",3,Per capita personal income (dollars) 2,60025
48269,"King, TX",1,Personal income (thousands of dollars),28954
48269,"King, TX",2,Population (persons) 1,215
48269,"King, TX",3,Per capita personal income (dollars) 2,134670
48271,"Kinney, TX",1,Personal income (thousands of dollars),145058
48271,"Kinney, TX",2,Population (persons) 1,3191
48271,"Kinney, TX",3,Per capita personal income (dollars) 2,45458
48273,"Kleberg, TX",1,Personal income (thousands of dollars),1544783
48273,"Kleberg, TX",2,Population (persons) 1,30442
48273,"Kleberg, TX",3,Per capita personal income (dollars) 2,50745
48275,"Knox, TX",1,Personal income (thousands of dollars),169432
48275,"Knox, TX",2,Population (persons) 1,3255
48275,"Knox, TX",3,Per capita personal income (dollars) 2,52053
48277,"Lamar, TX",1,Personal income (thousands of dollars),2744742
48277,"Lamar, TX",2,Population (persons) 1,51249
48277,"Lamar, TX",3,Per capita personal income (dollars) 2,53557
48279,"Lamb, TX",1,Personal income (thousands of dollars),805598
48279,"Lamb, TX",2,Population (persons) 1,12687
48279,"Lamb, TX",3,Per capita personal income (dollars) 2,63498
48281,"Lampasas, TX",1,Personal income (thousands of dollars),1546396
48281,"Lampasas, TX",2,Population (persons) 1,23539
48281,"Lampasas, TX",3,Per capita personal income (dollars) 2,65695
48283,"La Salle, TX",1,Personal income (thousands of dollars),336617
48283,"La Salle, TX",2,Population (persons) 1,6679
48283,"La Salle, TX",3,Per capita personal income (dollars) 2,50399
48285,"Lavaca, TX",1,Personal income (thousands of dollars),1497726
48285,"Lavaca, TX",2,Population (persons) 1,20605
48285,"Lavaca, TX",3,Per capita personal income (dollars) 2,72688
48287,"Lee, TX",1,Personal income (thousands of dollars),1148738
48287,"Lee, TX",2,Population (persons) 1,18451
48287,"Lee, TX",3,Per capita personal income (dollars) 2,62259
48289,"Leon, TX",1,Personal income (thousands of dollars),1109687
48289,"Leon, TX",2,Population (persons) 1,16698
48289,"Leon, TX",3,Per capita personal income (dollars) 2,66456
48291,"Liberty, TX",1,Personal income (thousands of dollars),5092400
48291,"Liberty, TX",2,Population (persons) 1,115042
48291,"Liberty, TX",3,Per capita personal income (dollars) 2,44266
48293,"Limestone, TX",1,Personal income (thousands of dollars),1239176
48293,"Limestone, TX",2,Population (persons) 1,22569
48293,"Limestone, TX",3,Per capita personal income (dollars) 2,54906
48295,"Lipscomb, TX",1,Personal income (thousands of dollars),402240
48295,"Lipscomb, TX",2,Population (persons) 1,2880
48295,"Lipscomb, TX",3,Per capita personal income (dollars) 2,139667
48297,"Live Oak, TX",1,Personal income (thousands of dollars),598117
48297,"Live Oak, TX",2,Population (persons) 1,11967
48297,"Live Oak, TX",3,Per capita personal income (dollars) 2,49981
48299,"Llano, TX",1,Personal income (thousands of dollars),1750215
48299,"Llano, TX",2,Population (persons) 1,23163
48299,"Llano, TX",3,Per capita personal income (dollars) 2,75561
48301,"Loving, TX",1,Personal income (thousands of dollars),10590
48301,"Loving, TX",2,Population (persons) 1,48
48301,"Loving, TX",3,Per capita personal income (dollars) 2,220625
48303,"Lubbock, TX",1,Personal income (thousands of dollars),18270030
48303,"Lubbock, TX",2,Population (persons) 1,327394
48303,"Lubbock, TX",3,Per capita personal income (dollars) 2,55804
48305,"Lynn, TX",1,Personal income (thousands of dollars),338946
48305,"Lynn, TX",2,Population (persons) 1,5952
48305,"Lynn, TX",3,Per capita personal income (dollars) 2,56947
48307,"McCulloch, TX",1,Personal income (thousands of dollars),391255
48307,"McCulloch, TX",2,Population (persons) 1,7448
48307,"McCulloch, TX",3,Per capita personal income (dollars) 2,52532
48309,"McLennan, TX",1,Personal income (thousands of dollars),15370032
48309,"McLennan, TX",2,Population (persons) 1,270358
48309,"McLennan, TX",3,Per capita personal income (dollars) 2,56851
48311,"McMullen, TX",1,Personal income (thousands of dollars),67089
48311,"McMullen, TX",2,Population (persons) 1,565
48311,"McMullen, TX",3,Per capita personal income (dollars) 2,118742
48313,"Madison, TX",1,Personal income (thousands of dollars),650401
48313,"Madison, TX",2,Population (persons) 1,13877
48313,"Madison, TX",3,Per capita personal income (dollars) 2,46869
48315,"Marion, TX",1,Personal income (thousands of dollars),531741
48315,"Marion, TX",2,Population (persons) 1,9704
48315,"Marion, TX",3,Per capita personal income (dollars) 2,54796
48317,"Martin, TX",1,Personal income (thousands of dollars),571818
48317,"Martin, TX",2,Population (persons) 1,5179
48317,"Martin, TX",3,Per capita personal income (dollars) 2,110411
48319,"Mason, TX",1,Personal income (thousands of dollars),255121
48319,"Mason, TX",2,Population (persons) 1,3987
48319,"Mason, TX",3,Per capita personal income (dollars) 2,63988
48321,"Matagorda, TX",1,Personal income (thousands of dollars),2031470
48321,"Matagorda, TX",2,Population (persons) 1,36391
48321,"Matagorda, TX",3,Per capita personal income (dollars) 2,55823
48323,"Maverick, TX",1,Personal income (thousands of dollars),2416390
48323,"Maverick, TX",2,Population (persons) 1,58829
48323,"Maverick, TX",3,Per capita personal income (dollars) 2,41075
48325,"Medina, TX",1,Personal income (thousands of dollars),3035321
48325,"Medina, TX",2,Population (persons) 1,55619
48325,"Medina, TX",3,Per capita personal income (dollars) 2,54573
48327,"Menard, TX",1,Personal income (thousands of dollars),100881
48327,"Menard, TX",2,Population (persons) 1,1911
48327,"Menard, TX",3,Per capita personal income (dollars) 2,52790
48329,"Midland, TX",1,Personal income (thousands of dollars),26879622
48329,"Midland, TX",2,Population (persons) 1,183587
48329,"Midland, TX",3,Per capita personal income (dollars) 2,146414
48331,"Milam, TX",1,Personal income (thousands of dollars),1383202
48331,"Milam, TX",2,Population (persons) 1,26159
48331,"Milam, TX",3,Per capita personal income (dollars) 2,52877
48333,"Mills, TX",1,Personal income (thousands of dollars),273984
48333,"Mills, TX",2,Population (persons) 1,4563
48333,"Mills, TX",3,Per capita personal income (dollars) 2,60045
48335,"Mitchell, TX",1,Personal income (thousands of dollars),378795
48335,"Mitchell, TX",2,Population (persons) 1,8968
48335,"Mitchell, TX",3,Per capita personal income (dollars) 2,42239
48337,"Montague, TX",1,Personal income (thousands of dollars),1133285
48337,"Montague, TX",2,Population (persons) 1,21890
48337,"Montague, TX",3,Per capita personal income (dollars) 2,51772
48339,"Montgomery, TX",1,Personal income (thousands of dollars),60353183
48339,"Montgomery, TX",2,Population (persons) 1,749613
48339,"Montgomery, TX",3,Per capita personal income (dollars) 2,80512
48341,"Moore, TX",1,Personal income (thousands of dollars),1356087
48341,"Moore, TX",2,Population (persons) 1,21872
48341,"Moore, TX",3,Per capita personal income (dollars) 2,62001
48343,"Morris, TX",1,Personal income (thousands of dollars),642899
48343,"Morris, TX",2,Population (persons) 1,12184
48343,"Morris, TX",3,Per capita personal income (dollars) 2,52766
48345,"Motley, TX",1,Personal income (thousands of dollars),54900
48345,"Motley, TX",2,Population (persons) 1,1015
48345,"Motley, TX",3,Per capita personal income (dollars) 2,54089
48347,"Nacogdoches, TX",1,Personal income (thousands of dollars),3398095
48347,"Nacogdoches, TX",2,Population (persons) 1,65728
48347,"Nacogdoches, TX",3,Per capita personal income (dollars) 2,51699
48349,"Navarro, TX",1,Personal income (thousands of dollars),2764805
48349,"Navarro, TX",2,Population (persons) 1,56533
48349,"Navarro, TX",3,Per capita personal income (dollars) 2,48906
48351,"Newton, TX",1,Personal income (thousands of dollars),564029
48351,"Newton, TX",2,Population (persons) 1,11908
48351,"Newton, TX",3,Per capita personal income (dollars) 2,47366
48353,"Nolan, TX",1,Personal income (thousands of dollars),854262
48353,"Nolan, TX",2,Population (persons) 1,14182
48353,"Nolan, TX",3,Per capita personal income (dollars) 2,60236
48355,"Nueces, TX",1,Personal income (thousands of dollars),20513320
48355,"Nueces, TX",2,Population (persons) 1,353125
48355,"Nueces, TX",3,Per capita personal income (dollars) 2,58091
48357,"Ochiltree, TX",1,Personal income (thousands of dollars),665378
48357,"Ochiltree, TX",2,Population (persons) 1,9717
48357,"Ochiltree, TX",3,Per capita personal income (dollars) 2,68476
48359,"Oldham, TX",1,Personal income (thousands of dollars),162959
48359,"Oldham, TX",2,Population (persons) 1,1823
48359,"Oldham, TX",3,Per capita personal income (dollars) 2,89391
48361,"Orange, TX",1,Personal income (thousands of dollars),4728741
48361,"Orange, TX",2,Population (persons) 1,86115
48361,"Orange, TX",3,Per capita personal income (dollars) 2,54912
48363,"Palo Pinto, TX",1,Personal income (thousands of dollars),1702459
48363,"Palo Pinto, TX",2,Population (persons) 1,30231
48363,"Palo Pinto, TX",3,Per capita personal income (dollars) 2,56315
48365,"Panola, TX",1,Personal income (thousands of dollars),1424680
48365,"Panola, TX",2,Population (persons) 1,23022
48365,"Panola, TX",3,Per capita personal income (dollars) 2,61883
48367,"Parker, TX",1,Personal income (thousands of dollars),13538110
48367,"Parker, TX",2,Population (persons) 1,179707
48367,"Parker, TX",3,Per capita personal income (dollars) 2,75334
48369,"Parmer, TX",1,Personal income (thousands of dollars),753033
48369,"Parmer, TX",2,Population (persons) 1,9669
48369,"Parmer, TX",3,Per capita personal income (dollars) 2,77881
48371,"Pecos, TX",1,Personal income (thousands of dollars),736577
48371,"Pecos, TX",2,Population (persons) 1,14712
48371,"Pecos, TX",3,Per capita personal income (dollars) 2,50066
48373,"Polk, TX",1,Personal income (thousands of dollars),2844566
48373,"Polk, TX",2,Population (persons) 1,54258
48373,"Polk, TX",3,Per capita personal income (dollars) 2,52427
48375,"Potter, TX",1,Personal income (thousands of dollars),6786797
48375,"Potter, TX",2,Population (persons) 1,114649
48375,"Potter, TX",3,Per capita personal income (dollars) 2,59196
48377,"Presidio, TX",1,Personal income (thousands of dollars),413724
48377,"Presidio, TX",2,Population (persons) 1,5686
48377,"Presidio, TX",3,Per capita personal income (dollars) 2,72762
48379,"Rains, TX",1,Personal income (thousands of dollars),626315
48379,"Rains, TX",2,Population (persons) 1,13306
48379,"Rains, TX",3,Per capita personal income (dollars) 2,47070
48381,"Randall, TX",1,Personal income (thousands of dollars),9536406
48381,"Randall, TX",2,Population (persons) 1,150547
48381,"Randall, TX",3,Per capita personal income (dollars) 2,63345
48383,"Reagan, TX",1,Personal income (thousands of dollars),239435
48383,"Reagan, TX",2,Population (persons) 1,3139
48383,"Reagan, TX",3,Per capita personal income (dollars) 2,76277
48385,"Real, TX",1,Personal income (thousands of dollars),180184
48385,"Real, TX",2,Population (persons) 1,2772
48385,"Real, TX",3,Per capita personal income (dollars) 2,65001
48387,"Red River, TX",1,Personal income (thousands of dollars),664499
48387,"Red River, TX",2,Population (persons) 1,11696
48387,"Red River, TX",3,Per capita personal income (dollars) 2,56814
48389,"Reeves, TX",1,Personal income (thousands of dollars),1016705
48389,"Reeves, TX",2,Population (persons) 1,11956
48389,"Reeves, TX",3,Per capita personal income (dollars) 2,85037
48391,"Refugio, TX",1,Personal income (thousands of dollars),400776
48391,"Refugio, TX",2,Population (persons) 1,6739
48391,"Refugio, TX",3,Per capita personal income (dollars) 2,59471
48393,"Roberts, TX",1,Personal income (thousands of dollars),53952
48393,"Roberts, TX",2,Population (persons) 1,837
48393,"Roberts, TX",3,Per capita personal income (dollars) 2,64459
48395,"Robertson, TX",1,Personal income (thousands of dollars),1068474
48395,"Robertson, TX",2,Population (persons) 1,17659
48395,"Robertson, TX",3,Per capita personal income (dollars) 2,60506
48397,"Rockwall, TX",1,Personal income (thousands of dollars),10797301
48397,"Rockwall, TX",2,Population (persons) 1,137044
48397,"Rockwall, TX",3,Per capita personal income (dollars) 2,78787
48399,"Runnels, TX",1,Personal income (thousands of dollars),563556
48399,"Runnels, TX",2,Population (persons) 1,9751
48399,"Runnels, TX",3,Per capita personal income (dollars) 2,57795
48401,"Rusk, TX",1,Personal income (thousands of dollars),2577079
48401,"Rusk, TX",2,Population (persons) 1,53391
48401,"Rusk, TX",3,Per capita personal income (dollars) 2,48268
48403,"Sabine, TX",1,Personal income (thousands of dollars),501955
48403,"Sabine, TX",2,Population (persons) 1,10058
48403,"Sabine, TX",3,Per capita personal income (dollars) 2,49906
48405,"San Augustine, TX",1,Personal income (thousands of dollars),476912
48405,"San Augustine, TX",2,Population (persons) 1,7767
48405,"San Augustine, TX",3,Per capita personal income (dollars) 2,61402
48407,"San Jacinto, TX",1,Personal income (thousands of dollars),1419613
48407,"San Jacinto, TX",2,Population (persons) 1,29326
48407,"San Jacinto, TX",3,Per capita personal income (dollars) 2,48408
48409,"San Patricio, TX",1,Personal income (thousands of dollars),3906934
48409,"San Patricio, TX",2,Population (persons) 1,71467
48409,"San Patricio, TX",3,Per capita personal income (dollars) 2,54668
48411,"San Saba, TX",1,Personal income (thousands of dollars),284389
48411,"San Saba, TX",2,Population (persons) 1,5508
48411,"San Saba, TX",3,Per capita personal income (dollars) 2,51632
48413,"Schleicher, TX",1,Personal income (thousands of dollars),148679
48413,"Schleicher, TX",2,Population (persons) 1,2302
48413,"Schleicher, TX",3,Per capita personal income (dollars) 2,64587
48415,"Scurry, TX",1,Personal income (thousands of dollars),927543
48415,"Scurry, TX",2,Population (persons) 1,16211
48415,"Scurry, TX",3,Per capita personal income (dollars) 2,57217
48417,"Shackelford, TX",1,Personal income (thousands of dollars),315757
48417,"Shackelford, TX",2,Population (persons) 1,3169
48417,"Shackelford, TX",3,Per capita personal income (dollars) 2,99639
48419,"Shelby, TX",1,Personal income (thousands of dollars),1701681
48419,"Shelby, TX",2,Population (persons) 1,24192
48419,"Shelby, TX",3,Per capita personal income (dollars) 2,70341
48421,"Sherman, TX",1,Personal income (thousands of dollars),431820
48421,"Sherman, TX",2,Population (persons) 1,2771
48421,"Sherman, TX",3,Per capita personal income (dollars) 2,155835
48423,"Smith, TX",1,Personal income (thousands of dollars),17413416
48423,"Smith, TX",2,Population (persons) 1,249091
48423,"Smith, TX",3,Per capita personal income (dollars) 2,69908
48425,"Somervell, TX",1,Personal income (thousands of dollars),634683
48425,"Somervell, TX",2,Population (persons) 1,10098
48425,"Somervell, TX",3,Per capita personal income (dollars) 2,62852
48427,"Starr, TX",1,Personal income (thousands of dollars),2275963
48427,"Starr, TX",2,Population (persons) 1,66587
48427,"Starr, TX",3,Per capita personal income (dollars) 2,34180
48429,"Stephens, TX",1,Personal income (thousands of dollars),476252
48429,"Stephens, TX",2,Population (persons) 1,9475
48429,"Stephens, TX",3,Per capita personal income (dollars) 2,50264
48431,"Sterling, TX",1,Personal income (thousands of dollars),103145
48431,"Sterling, TX",2,Population (persons) 1,1387
48431,"Sterling, TX",3,Per capita personal income (dollars) 2,74366
48433,"Stonewall, TX",1,Personal income (thousands of dollars),114737
48433,"Stonewall, TX",2,Population (persons) 1,1235
48433,"Stonewall, TX",3,Per capita personal income (dollars) 2,92904
48435,"Sutton, TX",1,Personal income (thousands of dollars),225489
48435,"Sutton, TX",2,Population (persons) 1,3269
48435,"Sutton, TX",3,Per capita personal income (dollars) 2,68978
48437,"Swisher, TX",1,Personal income (thousands of dollars),560967
48437,"Swisher, TX",2,Population (persons) 1,6877
48437,"Swisher, TX",3,Per capita personal income (dollars) 2,81571
48439,"Tarrant, TX",1,Personal income (thousands of dollars),156006429
48439,"Tarrant, TX",2,Population (persons) 1,2230708
48439,"Tarrant, TX",3,Per capita personal income (dollars) 2,69936
48441,"Taylor, TX",1,Personal income (thousands of dollars),9180520
48441,"Taylor, TX",2,Population (persons) 1,148813
48441,"Taylor, TX",3,Per capita personal income (dollars) 2,61692
48443,"Terrell, TX",1,Personal income (thousands of dollars),46784
48443,"Terrell, TX",2,Population (persons) 1,718
48443,"Terrell, TX",3,Per capita personal income (dollars) 2,65159
48445,"Terry, TX",1,Personal income (thousands of dollars),551320
48445,"Terry, TX",2,Population (persons) 1,11602
48445,"Terry, TX",3,Per capita personal income (dollars) 2,47519
48447,"Throckmorton, TX",1,Personal income (thousands of dollars),78432
48447,"Throckmorton, TX",2,Population (persons) 1,1532
48447,"Throckmorton, TX",3,Per capita personal income (dollars) 2,51196
48449,"Titus, TX",1,Personal income (thousands of dollars),1724927
48449,"Titus, TX",2,Population (persons) 1,31547
48449,"Titus, TX",3,Per capita personal income (dollars) 2,54678
48451,"Tom Green, TX",1,Personal income (thousands of dollars),8117056
48451,"Tom Green, TX",2,Population (persons) 1,120103
48451,"Tom Green, TX",3,Per capita personal income (dollars) 2,67584
48453,"Travis, TX",1,Personal income (thousands of dollars),134937033
48453,"Travis, TX",2,Population (persons) 1,1363767
48453,"Travis, TX",3,Per capita personal income (dollars) 2,98944
48455,"Trinity, TX",1,Personal income (thousands of dollars),734986
48455,"Trinity, TX",2,Population (persons) 1,14489
48455,"Trinity, TX",3,Per capita personal income (dollars) 2,50727
48457,"Tyler, TX",1,Personal income (thousands of dollars),965706
48457,"Tyler, TX",2,Population (persons) 1,20560
48457,"Tyler, TX",3,Per capita personal income (dollars) 2,46970
48459,"Upshur, TX",1,Personal income (thousands of dollars),2121173
48459,"Upshur, TX",2,Population (persons) 1,44050
48459,"Upshur, TX",3,Per capita personal income (dollars) 2,48154
48461,"Upton, TX",1,Personal income (thousands of dollars),300353
48461,"Upton, TX",2,Population (persons) 1,3128
48461,"Upton, TX",3,Per capita personal income (dollars) 2,96021
48463,"Uvalde, TX",1,Personal income (thousands of dollars),1415074
48463,"Uvalde, TX",2,Population (persons) 1,25138
48463,"Uvalde, TX",3,Per capita personal income (dollars) 2,56292
48465,"Val Verde, TX",1,Personal income (thousands of dollars),2499168
48465,"Val Verde, TX",2,Population (persons) 1,47999
48465,"Val Verde, TX",3,Per capita personal income (dollars) 2,52067
48467,"Van Zandt, TX",1,Personal income (thousands of dollars),3242076
48467,"Van Zandt, TX",2,Population (persons) 1,65304
48467,"Van Zandt, TX",3,Per capita personal income (dollars) 2,49646
48469,"Victoria, TX",1,Personal income (thousands of dollars),5607804
48469,"Victoria, TX",2,Population (persons) 1,91949
48469,"Victoria, TX",3,Per capita personal income (dollars) 2,60988
48471,"Walker, TX",1,Personal income (thousands of dollars),3091120
48471,"Walker, TX",2,Population (persons) 1,83722
48471,"Walker, TX",3,Per capita personal income (dollars) 2,36921
48473,"Waller, TX",1,Personal income (thousands of dollars),3582841
48473,"Waller, TX",2,Population (persons) 1,65109
48473,"Waller, TX",3,Per capita personal income (dollars) 2,55028
48475,"Ward, TX",1,Personal income (thousands of dollars),840353
48475,"Ward, TX",2,Population (persons) 1,11038
48475,"Ward, TX",3,Per capita personal income (dollars) 2,76133
48477,"Washington, TX",1,Personal income (thousands of dollars),2747251
48477,"Washington, TX",2,Population (persons) 1,37810
48477,"Washington, TX",3,Per capita personal income (dollars) 2,72659
48479,"Webb, TX",1,Personal income (thousands of dollars),12058710
48479,"Webb, TX",2,Population (persons) 1,272823
48479,"Webb, TX",3,Per capita personal income (dollars) 2,44200
48481,"Wharton, TX",1,Personal income (thousands of dollars),2456733
48481,"Wharton, TX",2,Population (persons) 1,42035
48481,"Wharton, TX",3,Per capita personal income (dollars) 2,58445
48483,"Wheeler, TX",1,Personal income (thousands of dollars),257265
48483,"Wheeler, TX",2,Population (persons) 1,4824
48483,"Wheeler, TX",3,Per capita personal income (dollars) 2,53330
48485,"Wichita, TX",1,Personal income (thousands of dollars),7520175
48485,"Wichita, TX",2,Population (persons) 1,129984
48485,"Wichita, TX",3,Per capita personal income (dollars) 2,57855
48487,"Wilbarger, TX",1,Personal income (thousands of dollars),845104
48487,"Wilbarger, TX",2,Population (persons) 1,12455
48487,"Wilbarger, TX",3,Per capita personal income (dollars) 2,67853
48489,"Willacy, TX",1,Personal income (thousands of dollars),744635
48489,"Willacy, TX",2,Population (persons) 1,20027
48489,"Willacy, TX",3,Per capita personal income (dollars) 2,37182
48491,"Williamson, TX",1,Personal income (thousands of dollars),55401609
48491,"Williamson, TX",2,Population (persons) 1,727480
48491,"Williamson, TX",3,Per capita personal income (dollars) 2,76156
48493,"Wilson, TX",1,Personal income (thousands of dollars),3400984
48493,"Wilson, TX",2,Population (persons) 1,55415
48493,"Wilson, TX",3,Per capita personal income (dollars) 2,61373
48495,"Winkler, TX",1,Personal income (thousands of dollars),633101
48495,"Winkler, TX",2,Population (persons) 1,7381
48495,"Winkler, TX",3,Per capita personal income (dollars) 2,85774
48497,"Wise, TX",1,Personal income (thousands of dollars),4883893
48497,"Wise, TX",2,Population (persons) 1,81275
48497,"Wise, TX",3,Per capita personal income (dollars) 2,60091
48499,"Wood, TX",1,Personal income (thousands of dollars),2589038
48499,"Wood, TX",2,Population (persons) 1,48742
48499,"Wood, TX",3,Per capita personal income (dollars) 2,53117
48501,"Yoakum, TX",1,Personal income (thousands of dollars),451473
48501,"Yoakum, TX",2,Population (persons) 1,7581
48501,"Yoakum, TX",3,Per capita personal income (dollars) 2,59553
48503,"Young, TX",1,Personal income (thousands of dollars),1289292
48503,"Young, TX",2,Population (persons) 1,18236
48503,"Young, TX",3,Per capita personal income (dollars) 2,70700
48505,"Zapata, TX",1,Personal income (thousands of dollars),478371
48505,"Zapata, TX",2,Population (persons) 1,13819
48505,"Zapata, TX",3,Per capita personal income (dollars) 2,34617
48507,"Zavala, TX",1,Personal income (thousands of dollars),419357
48507,"Zavala, TX",2,Population (persons) 1,9209
48507,"Zavala, TX",3,Per capita personal income (dollars) 2,45538
49001,"Beaver, UT",1,Personal income (thousands of dollars),290867
49001,"Beaver, UT",2,Population (persons) 1,7424
49001,"Beaver, UT",3,Per capita personal income (dollars) 2,39179
49003,"Box Elder, UT",1,Personal income (thousands of dollars),3343104
49003,"Box Elder, UT",2,Population (persons) 1,64120
49003,"Box Elder, UT",3,Per capita personal income (dollars) 2,52138
49005,"Cache, UT",1,Personal income (thousands of dollars),7838880
49005,"Cache, UT",2,Population (persons) 1,145487
49005,"Cache, UT",3,Per capita personal income (dollars) 2,53880
49007,"Carbon, UT",1,Personal income (thousands of dollars),1104408
49007,"Carbon, UT",2,Population (persons) 1,20613
49007,"Carbon, UT",3,Per capita personal income (dollars) 2,53578
49009,"Daggett, UT",1,Personal income (thousands of dollars),55761
49009,"Daggett, UT",2,Population (persons) 1,956
49009,"Daggett, UT",3,Per capita personal income (dollars) 2,58327
49011,"Davis, UT",1,Personal income (thousands of dollars),24689293
49011,"Davis, UT",2,Population (persons) 1,378470
49011,"Davis, UT",3,Per capita personal income (dollars) 2,65234
49013,"Duchesne, UT",1,Personal income (thousands of dollars),1152934
49013,"Duchesne, UT",2,Population (persons) 1,20803
49013,"Duchesne, UT",3,Per capita personal income (dollars) 2,55422
49015,"Emery, UT",1,Personal income (thousands of dollars),450045
49015,"Emery, UT",2,Population (persons) 1,10161
49015,"Emery, UT",3,Per capita personal income (dollars) 2,44291
49017,"Garfield, UT",1,Personal income (thousands of dollars),283921
49017,"Garfield, UT",2,Population (persons) 1,5290
49017,"Garfield, UT",3,Per capita personal income (dollars) 2,53671
49019,"Grand, UT",1,Personal income (thousands of dollars),796543
49019,"Grand, UT",2,Population (persons) 1,9788
49019,"Grand, UT",3,Per capita personal income (dollars) 2,81380
49021,"Iron, UT",1,Personal income (thousands of dollars),2999967
49021,"Iron, UT",2,Population (persons) 1,65936
49021,"Iron, UT",3,Per capita personal income (dollars) 2,45498
49023,"Juab, UT",1,Personal income (thousands of dollars),697605
49023,"Juab, UT",2,Population (persons) 1,13297
49023,"Juab, UT",3,Per capita personal income (dollars) 2,52463
49025,"Kane, UT",1,Personal income (thousands of dollars),488774
49025,"Kane, UT",2,Population (persons) 1,8525
49025,"Kane, UT",3,Per capita personal income (dollars) 2,57334
49027,"Millard, UT",1,Personal income (thousands of dollars),750753
49027,"Millard, UT",2,Population (persons) 1,13572
49027,"Millard, UT",3,Per capita personal income (dollars) 2,55316
49029,"Morgan, UT",1,Personal income (thousands of dollars),972659
49029,"Morgan, UT",2,Population (persons) 1,13093
49029,"Morgan, UT",3,Per capita personal income (dollars) 2,74288
49031,"Piute, UT",1,Personal income (thousands of dollars),115889
49031,"Piute, UT",2,Population (persons) 1,1534
49031,"Piute, UT",3,Per capita personal income (dollars) 2,75547
49033,"Rich, UT",1,Personal income (thousands of dollars),165343
49033,"Rich, UT",2,Population (persons) 1,2752
49033,"Rich, UT",3,Per capita personal income (dollars) 2,60081
49035,"Salt Lake, UT",1,Personal income (thousands of dollars),91748267
49035,"Salt Lake, UT",2,Population (persons) 1,1216274
49035,"Salt Lake, UT",3,Per capita personal income (dollars) 2,75434
49037,"San Juan, UT",1,Personal income (thousands of dollars),583629
49037,"San Juan, UT",2,Population (persons) 1,14601
49037,"San Juan, UT",3,Per capita personal income (dollars) 2,39972
49039,"Sanpete, UT",1,Personal income (thousands of dollars),1451359
49039,"Sanpete, UT",2,Population (persons) 1,30732
49039,"Sanpete, UT",3,Per capita personal income (dollars) 2,47226
49041,"Sevier, UT",1,Personal income (thousands of dollars),1101609
49041,"Sevier, UT",2,Population (persons) 1,22520
49041,"Sevier, UT",3,Per capita personal income (dollars) 2,48917
49043,"Summit, UT",1,Personal income (thousands of dollars),12092488
49043,"Summit, UT",2,Population (persons) 1,43109
49043,"Summit, UT",3,Per capita personal income (dollars) 2,280510
49045,"Tooele, UT",1,Personal income (thousands of dollars),4350587
49045,"Tooele, UT",2,Population (persons) 1,84488
49045,"Tooele, UT",3,Per capita personal income (dollars) 2,51494
49047,"Uintah, UT",1,Personal income (thousands of dollars),1717686
49047,"Uintah, UT",2,Population (persons) 1,38307
49047,"Uintah, UT",3,Per capita personal income (dollars) 2,44840
49049,"Utah, UT",1,Personal income (thousands of dollars),44572939
49049,"Utah, UT",2,Population (persons) 1,747234
49049,"Utah, UT",3,Per capita personal income (dollars) 2,59651
49051,"Wasatch, UT",1,Personal income (thousands of dollars),3688442
49051,"Wasatch, UT",2,Population (persons) 1,37858
49051,"Wasatch, UT",3,Per capita personal income (dollars) 2,97428
49053,"Washington, UT",1,Personal income (thousands of dollars),12070405
49053,"Washington, UT",2,Population (persons) 1,207943
49053,"Washington, UT",3,Per capita personal income (dollars) 2,58047
49055,"Wayne, UT",1,Personal income (thousands of dollars),157582
49055,"Wayne, UT",2,Population (persons) 1,2608
49055,"Wayne, UT",3,Per capita personal income (dollars) 2,60423
49057,"Weber, UT",1,Personal income (thousands of dollars),16175647
49057,"Weber, UT",2,Population (persons) 1,276118
49057,"Weber, UT",3,Per capita personal income (dollars) 2,58582
50001,"Addison, VT",1,Personal income (thousands of dollars),2608418
50001,"Addison, VT",2,Population (persons) 1,38047
50001,"Addison, VT",3,Per capita personal income (dollars) 2,68558
50003,"Bennington, VT",1,Personal income (thousands of dollars),2616767
50003,"Bennington, VT",2,Population (persons) 1,37039
50003,"Bennington, VT",3,Per capita personal income (dollars) 2,70649
50005,"Caledonia, VT",1,Personal income (thousands of dollars),1747562
50005,"Caledonia, VT",2,Population (persons) 1,30535
50005,"Caledonia, VT",3,Per capita personal income (dollars) 2,57231
50007,"Chittenden, VT",1,Personal income (thousands of dollars),13759226
50007,"Chittenden, VT",2,Population (persons) 1,170851
50007,"Chittenden, VT",3,Per capita personal income (dollars) 2,80533
50009,"Essex, VT",1,Personal income (thousands of dollars),306150
50009,"Essex, VT",2,Population (persons) 1,6037
50009,"Essex, VT",3,Per capita personal income (dollars) 2,50712
50011,"Franklin, VT",1,Personal income (thousands of dollars),3096086
50011,"Franklin, VT",2,Population (persons) 1,51066
50011,"Franklin, VT",3,Per capita personal income (dollars) 2,60629
50013,"Grand Isle, VT",1,Personal income (thousands of dollars),597222
50013,"Grand Isle, VT",2,Population (persons) 1,7528
50013,"Grand Isle, VT",3,Per capita personal income (dollars) 2,79333
50015,"Lamoille, VT",1,Personal income (thousands of dollars),1880064
50015,"Lamoille, VT",2,Population (persons) 1,26248
50015,"Lamoille, VT",3,Per capita personal income (dollars) 2,71627
50017,"Orange, VT",1,Personal income (thousands of dollars),1898329
50017,"Orange, VT",2,Population (persons) 1,30050
50017,"Orange, VT",3,Per capita personal income (dollars) 2,63172
50019,"Orleans, VT",1,Personal income (thousands of dollars),1633275
50019,"Orleans, VT",2,Population (persons) 1,27726
50019,"Orleans, VT",3,Per capita personal income (dollars) 2,58908
50021,"Rutland, VT",1,Personal income (thousands of dollars),3994789
50021,"Rutland, VT",2,Population (persons) 1,60198
50021,"Rutland, VT",3,Per capita personal income (dollars) 2,66361
50023,"Washington, VT",1,Personal income (thousands of dollars),4756854
50023,"Washington, VT",2,Population (persons) 1,59844
50023,"Washington, VT",3,Per capita personal income (dollars) 2,79488
50025,"Windham, VT",1,Personal income (thousands of dollars),2889620
50025,"Windham, VT",2,Population (persons) 1,45627
50025,"Windham, VT",3,Per capita personal income (dollars) 2,63331
50027,"Windsor, VT",1,Personal income (thousands of dollars),4444898
50027,"Windsor, VT",2,Population (persons) 1,57697
50027,"Windsor, VT",3,Per capita personal income (dollars) 2,77039
51001,"Accomack, VA",1,Personal income (thousands of dollars),1870945
51001,"Accomack, VA",2,Population (persons) 1,33411
51001,"Accomack, VA",3,Per capita personal income (dollars) 2,55998
51007,"Amelia, VA",1,Personal income (thousands of dollars),774786
51007,"Amelia, VA",2,Population (persons) 1,13716
51007,"Amelia, VA",3,Per capita personal income (dollars) 2,56488
51009,"Amherst, VA",1,Personal income (thousands of dollars),1545119
51009,"Amherst, VA",2,Population (persons) 1,31650
51009,"Amherst, VA",3,Per capita personal income (dollars) 2,48819
51011,"Appomattox, VA",1,Personal income (thousands of dollars),837403
51011,"Appomattox, VA",2,Population (persons) 1,16957
51011,"Appomattox, VA",3,Per capita personal income (dollars) 2,49384
51013,"Arlington, VA",1,Personal income (thousands of dollars),31564317
51013,"Arlington, VA",2,Population (persons) 1,239807
51013,"Arlington, VA",3,Per capita personal income (dollars) 2,131624
51017,"Bath, VA",1,Personal income (thousands of dollars),344904
51017,"Bath, VA",2,Population (persons) 1,4071
51017,"Bath, VA",3,Per capita personal income (dollars) 2,84722
51019,"Bedford, VA*",1,Personal income (thousands of dollars),4936811
51019,"Bedford, VA*",2,Population (persons) 1,82182
51019,"Bedford, VA*",3,Per capita personal income (dollars) 2,60072
51021,"Bland, VA",1,Personal income (thousands of dollars),307562
51021,"Bland, VA",2,Population (persons) 1,6186
51021,"Bland, VA",3,Per capita personal income (dollars) 2,49719
51023,"Botetourt, VA",1,Personal income (thousands of dollars),2279772
51023,"Botetourt, VA",2,Population (persons) 1,34129
51023,"Botetourt, VA",3,Per capita personal income (dollars) 2,66799
51025,"Brunswick, VA",1,Personal income (thousands of dollars),747699
51025,"Brunswick, VA",2,Population (persons) 1,15750
51025,"Brunswick, VA",3,Per capita personal income (dollars) 2,47473
51027,"Buchanan, VA",1,Personal income (thousands of dollars),977531
51027,"Buchanan, VA",2,Population (persons) 1,18632
51027,"Buchanan, VA",3,Per capita personal income (dollars) 2,52465
51029,"Buckingham, VA",1,Personal income (thousands of dollars),706321
51029,"Buckingham, VA",2,Population (persons) 1,17115
51029,"Buckingham, VA",3,Per capita personal income (dollars) 2,41269
51033,"Caroline, VA",1,Personal income (thousands of dollars),1903008
51033,"Caroline, VA",2,Population (persons) 1,33477
51033,"Caroline, VA",3,Per capita personal income (dollars) 2,56845
51036,"Charles City, VA",1,Personal income (thousands of dollars),449955
51036,"Charles City, VA",2,Population (persons) 1,6564
51036,"Charles City, VA",3,Per capita personal income (dollars) 2,68549
51037,"Charlotte, VA",1,Personal income (thousands of dollars),554868
51037,"Charlotte, VA",2,Population (persons) 1,11258
51037,"Charlotte, VA",3,Per capita personal income (dollars) 2,49287
51041,"Chesterfield, VA",1,Personal income (thousands of dollars),27043021
51041,"Chesterfield, VA",2,Population (persons) 1,389793
51041,"Chesterfield, VA",3,Per capita personal income (dollars) 2,69378
51043,"Clarke, VA",1,Personal income (thousands of dollars),1344557
51043,"Clarke, VA",2,Population (persons) 1,15598
51043,"Clarke, VA",3,Per capita personal income (dollars) 2,86201
51045,"Craig, VA",1,Personal income (thousands of dollars),254548
51045,"Craig, VA",2,Population (persons) 1,4829
51045,"Craig, VA",3,Per capita personal income (dollars) 2,52712
51047,"Culpeper, VA",1,Personal income (thousands of dollars),3523843
51047,"Culpeper, VA",2,Population (persons) 1,56125
51047,"Culpeper, VA",3,Per capita personal income (dollars) 2,62786
51049,"Cumberland, VA",1,Personal income (thousands of dollars),510285
51049,"Cumberland, VA",2,Population (persons) 1,10062
51049,"Cumberland, VA",3,Per capita personal income (dollars) 2,50714
51051,"Dickenson, VA",1,Personal income (thousands of dollars),624777
51051,"Dickenson, VA",2,Population (persons) 1,13411
51051,"Dickenson, VA",3,Per capita personal income (dollars) 2,46587
51057,"Essex, VA",1,Personal income (thousands of dollars),628818
51057,"Essex, VA",2,Population (persons) 1,10683
51057,"Essex, VA",3,Per capita personal income (dollars) 2,58862
51061,"Fauquier, VA",1,Personal income (thousands of dollars),6873136
51061,"Fauquier, VA",2,Population (persons) 1,75865
51061,"Fauquier, VA",3,Per capita personal income (dollars) 2,90597
51063,"Floyd, VA",1,Personal income (thousands of dollars),856647
51063,"Floyd, VA",2,Population (persons) 1,15658
51063,"Floyd, VA",3,Per capita personal income (dollars) 2,54710
51065,"Fluvanna, VA",1,Personal income (thousands of dollars),1743442
51065,"Fluvanna, VA",2,Population (persons) 1,28746
51065,"Fluvanna, VA",3,Per capita personal income (dollars) 2,60650
51067,"Franklin, VA",1,Personal income (thousands of dollars),3240971
51067,"Franklin, VA",2,Population (persons) 1,55637
51067,"Franklin, VA",3,Per capita personal income (dollars) 2,58252
51071,"Giles, VA",1,Personal income (thousands of dollars),911821
51071,"Giles, VA",2,Population (persons) 1,16533
51071,"Giles, VA",3,Per capita personal income (dollars) 2,55152
51073,"Gloucester, VA",1,Personal income (thousands of dollars),2597290
51073,"Gloucester, VA",2,Population (persons) 1,40154
51073,"Gloucester, VA",3,Per capita personal income (dollars) 2,64683
51075,"Goochland, VA",1,Personal income (thousands of dollars),3685112
51075,"Goochland, VA",2,Population (persons) 1,28223
51075,"Goochland, VA",3,Per capita personal income (dollars) 2,130571
51077,"Grayson, VA",1,Personal income (thousands of dollars),659761
51077,"Grayson, VA",2,Population (persons) 1,15265
51077,"Grayson, VA",3,Per capita personal income (dollars) 2,43221
51079,"Greene, VA",1,Personal income (thousands of dollars),1279011
51079,"Greene, VA",2,Population (persons) 1,21744
51079,"Greene, VA",3,Per capita personal income (dollars) 2,58821
51083,"Halifax, VA",1,Personal income (thousands of dollars),1648976
51083,"Halifax, VA",2,Population (persons) 1,33448
51083,"Halifax, VA",3,Per capita personal income (dollars) 2,49300
51085,"Hanover, VA",1,Personal income (thousands of dollars),9401480
51085,"Hanover, VA",2,Population (persons) 1,115309
51085,"Hanover, VA",3,Per capita personal income (dollars) 2,81533
51087,"Henrico, VA",1,Personal income (thousands of dollars),27452506
51087,"Henrico, VA",2,Population (persons) 1,338696
51087,"Henrico, VA",3,Per capita personal income (dollars) 2,81054
51091,"Highland, VA",1,Personal income (thousands of dollars),129665
51091,"Highland, VA",2,Population (persons) 1,2348
51091,"Highland, VA",3,Per capita personal income (dollars) 2,55224
51093,"Isle of Wight, VA",1,Personal income (thousands of dollars),2895166
51093,"Isle of Wight, VA",2,Population (persons) 1,40942
51093,"Isle of Wight, VA",3,Per capita personal income (dollars) 2,70714
51097,"King and Queen, VA",1,Personal income (thousands of dollars),437750
51097,"King and Queen, VA",2,Population (persons) 1,6747
51097,"King and Queen, VA",3,Per capita personal income (dollars) 2,64881
51099,"King George, VA",1,Personal income (thousands of dollars),2006219
51099,"King George, VA",2,Population (persons) 1,28816
51099,"King George, VA",3,Per capita personal income (dollars) 2,69622
51101,"King William, VA",1,Personal income (thousands of dollars),1187656
51101,"King William, VA",2,Population (persons) 1,19232
51101,"King William, VA",3,Per capita personal income (dollars) 2,61754
51103,"Lancaster, VA",1,Personal income (thousands of dollars),945654
51103,"Lancaster, VA",2,Population (persons) 1,11062
51103,"Lancaster, VA",3,Per capita personal income (dollars) 2,85487
51105,"Lee, VA",1,Personal income (thousands of dollars),940742
51105,"Lee, VA",2,Population (persons) 1,21780
51105,"Lee, VA",3,Per capita personal income (dollars) 2,43193
51107,"Loudoun, VA",1,Personal income (thousands of dollars),47224510
51107,"Loudoun, VA",2,Population (persons) 1,443380
51107,"Loudoun, VA",3,Per capita personal income (dollars) 2,106510
51109,"Louisa, VA",1,Personal income (thousands of dollars),2294186
51109,"Louisa, VA",2,Population (persons) 1,42109
51109,"Louisa, VA",3,Per capita personal income (dollars) 2,54482
51111,"Lunenburg, VA",1,Personal income (thousands of dollars),517792
51111,"Lunenburg, VA",2,Population (persons) 1,12060
51111,"Lunenburg, VA",3,Per capita personal income (dollars) 2,42935
51113,"Madison, VA",1,Personal income (thousands of dollars),909098
51113,"Madison, VA",2,Population (persons) 1,14252
51113,"Madison, VA",3,Per capita personal income (dollars) 2,63787
51115,"Mathews, VA",1,Personal income (thousands of dollars),658643
51115,"Mathews, VA",2,Population (persons) 1,8602
51115,"Mathews, VA",3,Per capita personal income (dollars) 2,76569
51117,"Mecklenburg, VA",1,Personal income (thousands of dollars),1599162
51117,"Mecklenburg, VA",2,Population (persons) 1,30824
51117,"Mecklenburg, VA",3,Per capita personal income (dollars) 2,51880
51119,"Middlesex, VA",1,Personal income (thousands of dollars),774881
51119,"Middlesex, VA",2,Population (persons) 1,10949
51119,"Middlesex, VA",3,Per capita personal income (dollars) 2,70772
51125,"Nelson, VA",1,Personal income (thousands of dollars),1059847
51125,"Nelson, VA",2,Population (persons) 1,14766
51125,"Nelson, VA",3,Per capita personal income (dollars) 2,71776
51127,"New Kent, VA",1,Personal income (thousands of dollars),3498699
51127,"New Kent, VA",2,Population (persons) 1,27218
51127,"New Kent, VA",3,Per capita personal income (dollars) 2,128544
51131,"Northampton, VA",1,Personal income (thousands of dollars),846035
51131,"Northampton, VA",2,Population (persons) 1,12004
51131,"Northampton, VA",3,Per capita personal income (dollars) 2,70479
51133,"Northumberland, VA",1,Personal income (thousands of dollars),865529
51133,"Northumberland, VA",2,Population (persons) 1,12397
51133,"Northumberland, VA",3,Per capita personal income (dollars) 2,69818
51135,"Nottoway, VA",1,Personal income (thousands of dollars),747975
51135,"Nottoway, VA",2,Population (persons) 1,15632
51135,"Nottoway, VA",3,Per capita personal income (dollars) 2,47849
51137,"Orange, VA",1,Personal income (thousands of dollars),2582805
51137,"Orange, VA",2,Population (persons) 1,38986
51137,"Orange, VA",3,Per capita personal income (dollars) 2,66250
51139,"Page, VA",1,Personal income (thousands of dollars),1249398
51139,"Page, VA",2,Population (persons) 1,23686
51139,"Page, VA",3,Per capita personal income (dollars) 2,52748
51141,"Patrick, VA",1,Personal income (thousands of dollars),787089
51141,"Patrick, VA",2,Population (persons) 1,17308
51141,"Patrick, VA",3,Per capita personal income (dollars) 2,45475
51145,"Powhatan, VA",1,Personal income (thousands of dollars),2444319
51145,"Powhatan, VA",2,Population (persons) 1,32392
51145,"Powhatan, VA",3,Per capita personal income (dollars) 2,75461
51147,"Prince Edward, VA",1,Personal income (thousands of dollars),964203
51147,"Prince Edward, VA",2,Population (persons) 1,22276
51147,"Prince Edward, VA",3,Per capita personal income (dollars) 2,43284
51155,"Pulaski, VA",1,Personal income (thousands of dollars),1808956
51155,"Pulaski, VA",2,Population (persons) 1,33579
51155,"Pulaski, VA",3,Per capita personal income (dollars) 2,53872
51157,"Rappahannock, VA",1,Personal income (thousands of dollars),711542
51157,"Rappahannock, VA",2,Population (persons) 1,7479
51157,"Rappahannock, VA",3,Per capita personal income (dollars) 2,95139
51159,"Richmond, VA",1,Personal income (thousands of dollars),436642
51159,"Richmond, VA",2,Population (persons) 1,9215
51159,"Richmond, VA",3,Per capita personal income (dollars) 2,47384
51167,"Russell, VA",1,Personal income (thousands of dollars),1150666
51167,"Russell, VA",2,Population (persons) 1,25420
51167,"Russell, VA",3,Per capita personal income (dollars) 2,45266
51169,"Scott, VA",1,Personal income (thousands of dollars),963853
51169,"Scott, VA",2,Population (persons) 1,21388
51169,"Scott, VA",3,Per capita personal income (dollars) 2,45065
51171,"Shenandoah, VA",1,Personal income (thousands of dollars),2719311
51171,"Shenandoah, VA",2,Population (persons) 1,45441
51171,"Shenandoah, VA",3,Per capita personal income (dollars) 2,59843
51173,"Smyth, VA",1,Personal income (thousands of dollars),1474817
51173,"Smyth, VA",2,Population (persons) 1,29137
51173,"Smyth, VA",3,Per capita personal income (dollars) 2,50617
51179,"Stafford, VA",1,Personal income (thousands of dollars),11877286
51179,"Stafford, VA",2,Population (persons) 1,168919
51179,"Stafford, VA",3,Per capita personal income (dollars) 2,70313
51181,"Surry, VA",1,Personal income (thousands of dollars),382975
51181,"Surry, VA",2,Population (persons) 1,6579
51181,"Surry, VA",3,Per capita personal income (dollars) 2,58212
51183,"Sussex, VA",1,Personal income (thousands of dollars),441215
51183,"Sussex, VA",2,Population (persons) 1,10753
51183,"Sussex, VA",3,Per capita personal income (dollars) 2,41032
51185,"Tazewell, VA",1,Personal income (thousands of dollars),2005649
51185,"Tazewell, VA",2,Population (persons) 1,38875
51185,"Tazewell, VA",3,Per capita personal income (dollars) 2,51592
51187,"Warren, VA",1,Personal income (thousands of dollars),2636820
51187,"Warren, VA",2,Population (persons) 1,42461
51187,"Warren, VA",3,Per capita personal income (dollars) 2,62100
51193,"Westmoreland, VA",1,Personal income (thousands of dollars),1082403
51193,"Westmoreland, VA",2,Population (persons) 1,19235
51193,"Westmoreland, VA",3,Per capita personal income (dollars) 2,56273
51197,"Wythe, VA",1,Personal income (thousands of dollars),1382362
51197,"Wythe, VA",2,Population (persons) 1,28100
51197,"Wythe, VA",3,Per capita personal income (dollars) 2,49194
51510,"Alexandria (Independent City), VA",1,Personal income (thousands of dollars),19187988
51510,"Alexandria (Independent City), VA",2,Population (persons) 1,159102
51510,"Alexandria (Independent City), VA",3,Per capita personal income (dollars) 2,120602
51550,"Chesapeake (Independent City), VA",1,Personal income (thousands of dollars),16771375
51550,"Chesapeake (Independent City), VA",2,Population (persons) 1,254997
51550,"Chesapeake (Independent City), VA",3,Per capita personal income (dollars) 2,65771
51650,"Hampton (Independent City), VA",1,Personal income (thousands of dollars),7546820
51650,"Hampton (Independent City), VA",2,Population (persons) 1,137596
51650,"Hampton (Independent City), VA",3,Per capita personal income (dollars) 2,54848
51700,"Newport News (Independent City), VA",1,Personal income (thousands of dollars),9760622
51700,"Newport News (Independent City), VA",2,Population (persons) 1,183056
51700,"Newport News (Independent City), VA",3,Per capita personal income (dollars) 2,53320
51710,"Norfolk (Independent City), VA",1,Personal income (thousands of dollars),11901371
51710,"Norfolk (Independent City), VA",2,Population (persons) 1,231105
51710,"Norfolk (Independent City), VA",3,Per capita personal income (dollars) 2,51498
51740,"Portsmouth (Independent City), VA",1,Personal income (thousands of dollars),4881301
51740,"Portsmouth (Independent City), VA",2,Population (persons) 1,96482
51740,"Portsmouth (Independent City), VA",3,Per capita personal income (dollars) 2,50593
51760,"Richmond (Independent City), VA",1,Personal income (thousands of dollars),18694109
51760,"Richmond (Independent City), VA",2,Population (persons) 1,233655
51760,"Richmond (Independent City), VA",3,Per capita personal income (dollars) 2,80007
51770,"Roanoke (Independent City), VA",1,Personal income (thousands of dollars),5781953
51770,"Roanoke (Independent City), VA",2,Population (persons) 1,97912
51770,"Roanoke (Independent City), VA",3,Per capita personal income (dollars) 2,59053
51800,"Suffolk (Independent City), VA",1,Personal income (thousands of dollars),6933844
51800,"Suffolk (Independent City), VA",2,Population (persons) 1,103105
51800,"Suffolk (Independent City), VA",3,Per capita personal income (dollars) 2,67250
51810,"Virginia Beach (Independent City), VA",1,Personal income (thousands of dollars),34723065
51810,"Virginia Beach (Independent City), VA",2,Population (persons) 1,454808
51810,"Virginia Beach (Independent City), VA",3,Per capita personal income (dollars) 2,76347
51901,"Albemarle + Charlottesville, VA*",1,Personal income (thousands of dollars),17850944
51901,"Albemarle + Charlottesville, VA*",2,Population (persons) 1,162080
51901,"Albemarle + Charlottesville, VA*",3,Per capita personal income (dollars) 2,110137
51903,"Alleghany + Covington, VA*",1,Personal income (thousands of dollars),1015923
51903,"Alleghany + Covington, VA*",2,Population (persons) 1,20295
51903,"Alleghany + Covington, VA*",3,Per capita personal income (dollars) 2,50058
51907,"Augusta, Staunton + Waynesboro, VA*",1,Personal income (thousands of dollars),7511270
51907,"Augusta, Staunton + Waynesboro, VA*",2,Population (persons) 1,128481
51907,"Augusta, Staunton + Waynesboro, VA*",3,Per capita personal income (dollars) 2,58462
51911,"Campbell + Lynchburg, VA*",1,Personal income (thousands of dollars),6881080
51911,"Campbell + Lynchburg, VA*",2,Population (persons) 1,135643
51911,"Campbell + Lynchburg, VA*",3,Per capita personal income (dollars) 2,50729
51913,"Carroll + Galax, VA*",1,Personal income (thousands of dollars),1822175
51913,"Carroll + Galax, VA*",2,Population (persons) 1,35981
51913,"Carroll + Galax, VA*",3,Per capita personal income (dollars) 2,50643
51918,"Dinwiddie, Colonial Heights + Petersburg, VA*",1,Personal income (thousands of dollars),4186421
51918,"Dinwiddie, Colonial Heights + Petersburg, VA*",2,Population (persons) 1,81308
51918,"Dinwiddie, Colonial Heights + Petersburg, VA*",3,Per capita personal income (dollars) 2,51488
51919,"Fairfax, Fairfax City + Falls Church, VA*",1,Personal income (thousands of dollars),137459424
51919,"Fairfax, Fairfax City + Falls Church, VA*",2,Population (persons) 1,1202299
51919,"Fairfax, Fairfax City + Falls Church, VA*",3,Per capita personal income (dollars) 2,114330
51921,"Frederick + Winchester, VA*",1,Personal income (thousands of dollars),8480465
51921,"Frederick + Winchester, VA*",2,Population (persons) 1,125909
51921,"Frederick + Winchester, VA*",3,Per capita personal income (dollars) 2,67354
51923,"Greensville + Emporia, VA*",1,Personal income (thousands of dollars),726574
51923,"Greensville + Emporia, VA*",2,Population (persons) 1,16552
51923,"Greensville + Emporia, VA*",3,Per capita personal income (dollars) 2,43896
51929,"Henry + Martinsville, VA*",1,Personal income (thousands of dollars),3250366
51929,"Henry + Martinsville, VA*",2,Population (persons) 1,63219
51929,"Henry + Martinsville, VA*",3,Per capita personal income (dollars) 2,51414
51931,"James City + Williamsburg, VA*",1,Personal income (thousands of dollars),8346274
51931,"James City + Williamsburg, VA*",2,Population (persons) 1,98827
51931,"James City + Williamsburg, VA*",3,Per capita personal income (dollars) 2,84453
51933,"Montgomery + Radford, VA*",1,Personal income (thousands of dollars),6039450
51933,"Montgomery + Radford, VA*",2,Population (persons) 1,116271
51933,"Montgomery + Radford, VA*",3,Per capita personal income (dollars) 2,51943
51939,"Pittsylvania + Danville, VA*",1,Personal income (thousands of dollars),5119333
51939,"Pittsylvania + Danville, VA*",2,Population (persons) 1,101403
51939,"Pittsylvania + Danville, VA*",3,Per capita personal income (dollars) 2,50485
51941,"Prince George + Hopewell, VA*",1,Personal income (thousands of dollars),2958230
51941,"Prince George + Hopewell, VA*",2,Population (persons) 1,66559
51941,"Prince George + Hopewell, VA*",3,Per capita personal income (dollars) 2,44445
51942,"Prince William, Manassas + Manassas Park, VA*",1,Personal income (thousands of dollars),39538913
51942,"Prince William, Manassas + Manassas Park, VA*",2,Population (persons) 1,557230
51942,"Prince William, Manassas + Manassas Park, VA*",3,Per capita personal income (dollars) 2,70956
51944,"Roanoke + Salem, VA*",1,Personal income (thousands of dollars),8206715
51944,"Roanoke + Salem, VA*",2,Population (persons) 1,123242
51944,"Roanoke + Salem, VA*",3,Per capita personal income (dollars) 2,66590
51945,"Rockbridge, Buena Vista + Lexington, VA*",1,Personal income (thousands of dollars),2016947
51945,"Rockbridge, Buena Vista + Lexington, VA*",2,Population (persons) 1,36751
51945,"Rockbridge, Buena Vista + Lexington, VA*",3,Per capita personal income (dollars) 2,54881
51947,"Rockingham + Harrisonburg, VA*",1,Personal income (thousands of dollars),7451480
51947,"Rockingham + Harrisonburg, VA*",2,Population (persons) 1,138838
51947,"Rockingham + Harrisonburg, VA*",3,Per capita personal income (dollars) 2,53670
51949,"Southampton + Franklin, VA*",1,Personal income (thousands of dollars),1411824
51949,"Southampton + Franklin, VA*",2,Population (persons) 1,26314
51949,"Southampton + Franklin, VA*",3,Per capita personal income (dollars) 2,53653
51951,"Spotsylvania + Fredericksburg, VA*",1,Personal income (thousands of dollars),12365129
51951,"Spotsylvania + Fredericksburg, VA*",2,Population (persons) 1,182013
51951,"Spotsylvania + Fredericksburg, VA*",3,Per capita personal income (dollars) 2,67935
51953,"Washington + Bristol, VA*",1,Personal income (thousands of dollars),3823284
51953,"Washington + Bristol, VA*",2,Population (persons) 1,70414
51953,"Washington + Bristol, VA*",3,Per capita personal income (dollars) 2,54297
51955,"Wise + Norton, VA*",1,Personal income (thousands of dollars),1767831
51955,"Wise + Norton, VA*",2,Population (persons) 1,38451
51955,"Wise + Norton, VA*",3,Per capita personal income (dollars) 2,45976
51958,"York + Poquoson, VA*",1,Personal income (thousands of dollars),6417152
51958,"York + Poquoson, VA*",2,Population (persons) 1,84264
51958,"York + Poquoson, VA*",3,Per capita personal income (dollars) 2,76155
53001,"Adams, WA",1,Personal income (thousands of dollars),1183686
53001,"Adams, WA",2,Population (persons) 1,21039
53001,"Adams, WA",3,Per capita personal income (dollars) 2,56262
53003,"Asotin, WA",1,Personal income (thousands of dollars),1366587
53003,"Asotin, WA",2,Population (persons) 1,22523
53003,"Asotin, WA",3,Per capita personal income (dollars) 2,60675
53005,"Benton, WA",1,Personal income (thousands of dollars),13080579
53005,"Benton, WA",2,Population (persons) 1,218190
53005,"Benton, WA",3,Per capita personal income (dollars) 2,59950
53007,"Chelan, WA",1,Personal income (thousands of dollars),5909252
53007,"Chelan, WA",2,Population (persons) 1,81228
53007,"Chelan, WA",3,Per capita personal income (dollars) 2,72749
53009,"Clallam, WA",1,Personal income (thousands of dollars),4949951
53009,"Clallam, WA",2,Population (persons) 1,77958
53009,"Clallam, WA",3,Per capita personal income (dollars) 2,63495
53011,"Clark, WA",1,Personal income (thousands of dollars),37976001
53011,"Clark, WA",2,Population (persons) 1,527269
53011,"Clark, WA",3,Per capita personal income (dollars) 2,72024
53013,"Columbia, WA",1,Personal income (thousands of dollars),256298
53013,"Columbia, WA",2,Population (persons) 1,4025
53013,"Columbia, WA",3,Per capita personal income (dollars) 2,63677
53015,"Cowlitz, WA",1,Personal income (thousands of dollars),6801225
53015,"Cowlitz, WA",2,Population (persons) 1,113982
53015,"Cowlitz, WA",3,Per capita personal income (dollars) 2,59669
53017,"Douglas, WA",1,Personal income (thousands of dollars),2472639
53017,"Douglas, WA",2,Population (persons) 1,45795
53017,"Douglas, WA",3,Per capita personal income (dollars) 2,53994
53019,"Ferry, WA",1,Personal income (thousands of dollars),380587
53019,"Ferry, WA",2,Population (persons) 1,7543
53019,"Ferry, WA",3,Per capita personal income (dollars) 2,50456
53021,"Franklin, WA",1,Personal income (thousands of dollars),5116080
53021,"Franklin, WA",2,Population (persons) 1,101238
53021,"Franklin, WA",3,Per capita personal income (dollars) 2,50535
53023,"Garfield, WA",1,Personal income (thousands of dollars),135341
53023,"Garfield, WA",2,Population (persons) 1,2404
53023,"Garfield, WA",3,Per capita personal income (dollars) 2,56298
53025,"Grant, WA",1,Personal income (thousands of dollars),5467291
53025,"Grant, WA",2,Population (persons) 1,104717
53025,"Grant, WA",3,Per capita personal income (dollars) 2,52210
53027,"Grays Harbor, WA",1,Personal income (thousands of dollars),4130561
53027,"Grays Harbor, WA",2,Population (persons) 1,77893
53027,"Grays Harbor, WA",3,Per capita personal income (dollars) 2,53029
53029,"Island, WA",1,Personal income (thousands of dollars),6406215
53029,"Island, WA",2,Population (persons) 1,86478
53029,"Island, WA",3,Per capita personal income (dollars) 2,74079
53031,"Jefferson, WA",1,Personal income (thousands of dollars),2474419
53031,"Jefferson, WA",2,Population (persons) 1,33944
53031,"Jefferson, WA",3,Per capita personal income (dollars) 2,72897
53033,"King, WA",1,Personal income (thousands of dollars),301147697
53033,"King, WA",2,Population (persons) 1,2340211
53033,"King, WA",3,Per capita personal income (dollars) 2,128684
53035,"Kitsap, WA",1,Personal income (thousands of dollars),21828140
53035,"Kitsap, WA",2,Population (persons) 1,281420
53035,"Kitsap, WA",3,Per capita personal income (dollars) 2,77564
53037,"Kittitas, WA",1,Personal income (thousands of dollars),2869940
53037,"Kittitas, WA",2,Population (persons) 1,48172
53037,"Kittitas, WA",3,Per capita personal income (dollars) 2,59577
53039,"Klickitat, WA",1,Personal income (thousands of dollars),1453289
53039,"Klickitat, WA",2,Population (persons) 1,24124
53039,"Klickitat, WA",3,Per capita personal income (dollars) 2,60242
53041,"Lewis, WA",1,Personal income (thousands of dollars),5110317
53041,"Lewis, WA",2,Population (persons) 1,87049
53041,"Lewis, WA",3,Per capita personal income (dollars) 2,58706
53043,"Lincoln, WA",1,Personal income (thousands of dollars),652813
53043,"Lincoln, WA",2,Population (persons) 1,11862
53043,"Lincoln, WA",3,Per capita personal income (dollars) 2,55034
53045,"Mason, WA",1,Personal income (thousands of dollars),3981803
53045,"Mason, WA",2,Population (persons) 1,69632
53045,"Mason, WA",3,Per capita personal income (dollars) 2,57184
53047,"Okanogan, WA",1,Personal income (thousands of dollars),2461702
53047,"Okanogan, WA",2,Population (persons) 1,44942
53047,"Okanogan, WA",3,Per capita personal income (dollars) 2,54775
53049,"Pacific, WA",1,Personal income (thousands of dollars),1273031
53049,"Pacific, WA",2,Population (persons) 1,24245
53049,"Pacific, WA",3,Per capita personal income (dollars) 2,52507
53051,"Pend Oreille, WA",1,Personal income (thousands of dollars),790492
53051,"Pend Oreille, WA",2,Population (persons) 1,14332
53051,"Pend Oreille, WA",3,Per capita personal income (dollars) 2,55156
53053,"Pierce, WA",1,Personal income (thousands of dollars),64388921
53053,"Pierce, WA",2,Population (persons) 1,941170
53053,"Pierce, WA",3,Per capita personal income (dollars) 2,68414
53055,"San Juan, WA",1,Personal income (thousands of dollars),1866474
53055,"San Juan, WA",2,Population (persons) 1,18668
53055,"San Juan, WA",3,Per capita personal income (dollars) 2,99983
53057,"Skagit, WA",1,Personal income (thousands of dollars),9477208
53057,"Skagit, WA",2,Population (persons) 1,132736
53057,"Skagit, WA",3,Per capita personal income (dollars) 2,71399
53059,"Skamania, WA",1,Personal income (thousands of dollars),878555
53059,"Skamania, WA",2,Population (persons) 1,12660
53059,"Skamania, WA",3,Per capita personal income (dollars) 2,69396
53061,"Snohomish, WA",1,Personal income (thousands of dollars),67787428
53061,"Snohomish, WA",2,Population (persons) 1,864113
53061,"Snohomish, WA",3,Per capita personal income (dollars) 2,78447
53063,"Spokane, WA",1,Personal income (thousands of dollars),34363205
53063,"Spokane, WA",2,Population (persons) 1,555947
53063,"Spokane, WA",3,Per capita personal income (dollars) 2,61810
53065,"Stevens, WA",1,Personal income (thousands of dollars),2552986
53065,"Stevens, WA",2,Population (persons) 1,49015
53065,"Stevens, WA",3,Per capita personal income (dollars) 2,52086
53067,"Thurston, WA",1,Personal income (thousands of dollars),20984785
53067,"Thurston, WA",2,Population (persons) 1,302912
53067,"Thurston, WA",3,Per capita personal income (dollars) 2,69277
53069,"Wahkiakum, WA",1,Personal income (thousands of dollars),260235
53069,"Wahkiakum, WA",2,Population (persons) 1,4800
53069,"Wahkiakum, WA",3,Per capita personal income (dollars) 2,54216
53071,"Walla Walla, WA",1,Personal income (thousands of dollars),3661054
53071,"Walla Walla, WA",2,Population (persons) 1,62068
53071,"Walla Walla, WA",3,Per capita personal income (dollars) 2,58985
53073,"Whatcom, WA",1,Personal income (thousands of dollars),15418210
53073,"Whatcom, WA",2,Population (persons) 1,234954
53073,"Whatcom, WA",3,Per capita personal income (dollars) 2,65622
53075,"Whitman, WA",1,Personal income (thousands of dollars),2474941
53075,"Whitman, WA",2,Population (persons) 1,48399
53075,"Whitman, WA",3,Per capita personal income (dollars) 2,51136
53077,"Yakima, WA",1,Personal income (thousands of dollars),14144624
53077,"Yakima, WA",2,Population (persons) 1,258523
53077,"Yakima, WA",3,Per capita personal income (dollars) 2,54713
54001,"Barbour, WV",1,Personal income (thousands of dollars),687244
54001,"Barbour, WV",2,Population (persons) 1,15369
54001,"Barbour, WV",3,Per capita personal income (dollars) 2,44716
54003,"Berkeley, WV",1,Personal income (thousands of dollars),7795971
54003,"Berkeley, WV",2,Population (persons) 1,136287
54003,"Berkeley, WV",3,Per capita personal income (dollars) 2,57203
54005,"Boone, WV",1,Personal income (thousands of dollars),954098
54005,"Boone, WV",2,Population (persons) 1,20496
54005,"Boone, WV",3,Per capita personal income (dollars) 2,46550
54007,"Braxton, WV",1,Personal income (thousands of dollars),539217
54007,"Braxton, WV",2,Population (persons) 1,12051
54007,"Braxton, WV",3,Per capita personal income (dollars) 2,44745
54009,"Brooke, WV",1,Personal income (thousands of dollars),1180011
54009,"Brooke, WV",2,Population (persons) 1,21285
54009,"Brooke, WV",3,Per capita personal income (dollars) 2,55439
54011,"Cabell, WV",1,Personal income (thousands of dollars),5200499
54011,"Cabell, WV",2,Population (persons) 1,91489
54011,"Cabell, WV",3,Per capita personal income (dollars) 2,56843
54013,"Calhoun, WV",1,Personal income (thousands of dollars),270259
54013,"Calhoun, WV",2,Population (persons) 1,5873
54013,"Calhoun, WV",3,Per capita personal income (dollars) 2,46017
54015,"Clay, WV",1,Personal income (thousands of dollars),340523
54015,"Clay, WV",2,Population (persons) 1,7689
54015,"Clay, WV",3,Per capita personal income (dollars) 2,44287
54017,"Doddridge, WV",1,Personal income (thousands of dollars),319693
54017,"Doddridge, WV",2,Population (persons) 1,7615
54017,"Doddridge, WV",3,Per capita personal income (dollars) 2,41982
54019,"Fayette, WV",1,Personal income (thousands of dollars),1958764
54019,"Fayette, WV",2,Population (persons) 1,38600
54019,"Fayette, WV",3,Per capita personal income (dollars) 2,50745
54021,"Gilmer, WV",1,Personal income (thousands of dollars),295087
54021,"Gilmer, WV",2,Population (persons) 1,7116
54021,"Gilmer, WV",3,Per capita personal income (dollars) 2,41468
54023,"Grant, WV",1,Personal income (thousands of dollars),546536
54023,"Grant, WV",2,Population (persons) 1,10971
54023,"Grant, WV",3,Per capita personal income (dollars) 2,49816
54025,"Greenbrier, WV",1,Personal income (thousands of dollars),1654336
54025,"Greenbrier, WV",2,Population (persons) 1,31851
54025,"Greenbrier, WV",3,Per capita personal income (dollars) 2,51940
54027,"Hampshire, WV",1,Personal income (thousands of dollars),1161440
54027,"Hampshire, WV",2,Population (persons) 1,23793
54027,"Hampshire, WV",3,Per capita personal income (dollars) 2,48814
54029,"Hancock, WV",1,Personal income (thousands of dollars),1578391
54029,"Hancock, WV",2,Population (persons) 1,28054
54029,"Hancock, WV",3,Per capita personal income (dollars) 2,56263
54031,"Hardy, WV",1,Personal income (thousands of dollars),677103
54031,"Hardy, WV",2,Population (persons) 1,14335
54031,"Hardy, WV",3,Per capita personal income (dollars) 2,47234
54033,"Harrison, WV",1,Personal income (thousands of dollars),4248468
54033,"Harrison, WV",2,Population (persons) 1,64472
54033,"Harrison, WV",3,Per capita personal income (dollars) 2,65896
54035,"Jackson, WV",1,Personal income (thousands of dollars),1411014
54035,"Jackson, WV",2,Population (persons) 1,27718
54035,"Jackson, WV",3,Per capita personal income (dollars) 2,50906
54037,"Jefferson, WV",1,Personal income (thousands of dollars),4321656
54037,"Jefferson, WV",2,Population (persons) 1,61264
54037,"Jefferson, WV",3,Per capita personal income (dollars) 2,70542
54039,"Kanawha, WV",1,Personal income (thousands of dollars),11069789
54039,"Kanawha, WV",2,Population (persons) 1,173906
54039,"Kanawha, WV",3,Per capita personal income (dollars) 2,63654
54041,"Lewis, WV",1,Personal income (thousands of dollars),803347
54041,"Lewis, WV",2,Population (persons) 1,16477
54041,"Lewis, WV",3,Per capita personal income (dollars) 2,48756
54043,"Lincoln, WV",1,Personal income (thousands of dollars),794367
54043,"Lincoln, WV",2,Population (persons) 1,19377
54043,"Lincoln, WV",3,Per capita personal income (dollars) 2,40995
54045,"Logan, WV",1,Personal income (thousands of dollars),1497832
54045,"Logan, WV",2,Population (persons) 1,30560
54045,"Logan, WV",3,Per capita personal income (dollars) 2,49013
54047,"McDowell, WV",1,Personal income (thousands of dollars),661238
54047,"McDowell, WV",2,Population (persons) 1,17147
54047,"McDowell, WV",3,Per capita personal income (dollars) 2,38563
54049,"Marion, WV",1,Personal income (thousands of dollars),2996989
54049,"Marion, WV",2,Population (persons) 1,55649
54049,"Marion, WV",3,Per capita personal income (dollars) 2,53855
54051,"Marshall, WV",1,Personal income (thousands of dollars),1564548
54051,"Marshall, WV",2,Population (persons) 1,29354
54051,"Marshall, WV",3,Per capita personal income (dollars) 2,53299
54053,"Mason, WV",1,Personal income (thousands of dollars),1185062
54053,"Mason, WV",2,Population (persons) 1,24770
54053,"Mason, WV",3,Per capita personal income (dollars) 2,47843
54055,"Mercer, WV",1,Personal income (thousands of dollars),2888052
54055,"Mercer, WV",2,Population (persons) 1,57524
54055,"Mercer, WV",3,Per capita personal income (dollars) 2,50206
54057,"Mineral, WV",1,Personal income (thousands of dollars),1424785
54057,"Mineral, WV",2,Population (persons) 1,26778
54057,"Mineral, WV",3,Per capita personal income (dollars) 2,53207
54059,"Mingo, WV",1,Personal income (thousands of dollars),943287
54059,"Mingo, WV",2,Population (persons) 1,21712
54059,"Mingo, WV",3,Per capita personal income (dollars) 2,43445
54061,"Monongalia, WV",1,Personal income (thousands of dollars),6587011
54061,"Monongalia, WV",2,Population (persons) 1,108697
54061,"Monongalia, WV",3,Per capita personal income (dollars) 2,60600
54063,"Monroe, WV",1,Personal income (thousands of dollars),555549
54063,"Monroe, WV",2,Population (persons) 1,12462
54063,"Monroe, WV",3,Per capita personal income (dollars) 2,44579
54065,"Morgan, WV",1,Personal income (thousands of dollars),876255
54065,"Morgan, WV",2,Population (persons) 1,17780
54065,"Morgan, WV",3,Per capita personal income (dollars) 2,49283
54067,"Nicholas, WV",1,Personal income (thousands of dollars),1099078
54067,"Nicholas, WV",2,Population (persons) 1,24017
54067,"Nicholas, WV",3,Per capita personal income (dollars) 2,45763
54069,"Ohio, WV",1,Personal income (thousands of dollars),2889707
54069,"Ohio, WV",2,Population (persons) 1,41090
54069,"Ohio, WV",3,Per capita personal income (dollars) 2,70326
54071,"Pendleton, WV",1,Personal income (thousands of dollars),339671
54071,"Pendleton, WV",2,Population (persons) 1,5944
54071,"Pendleton, WV",3,Per capita personal income (dollars) 2,57145
54073,"Pleasants, WV",1,Personal income (thousands of dollars),406138
54073,"Pleasants, WV",2,Population (persons) 1,7358
54073,"Pleasants, WV",3,Per capita personal income (dollars) 2,55197
54075,"Pocahontas, WV",1,Personal income (thousands of dollars),427558
54075,"Pocahontas, WV",2,Population (persons) 1,7653
54075,"Pocahontas, WV",3,Per capita personal income (dollars) 2,55868
54077,"Preston, WV",1,Personal income (thousands of dollars),1575383
54077,"Preston, WV",2,Population (persons) 1,34055
54077,"Preston, WV",3,Per capita personal income (dollars) 2,46260
54079,"Putnam, WV",1,Personal income (thousands of dollars),3504009
54079,"Putnam, WV",2,Population (persons) 1,57067
54079,"Putnam, WV",3,Per capita personal income (dollars) 2,61402
54081,"Raleigh, WV",1,Personal income (thousands of dollars),4050437
54081,"Raleigh, WV",2,Population (persons) 1,72379
54081,"Raleigh, WV",3,Per capita personal income (dollars) 2,55961
54083,"Randolph, WV",1,Personal income (thousands of dollars),1367669
54083,"Randolph, WV",2,Population (persons) 1,27190
54083,"Randolph, WV",3,Per capita personal income (dollars) 2,50300
54085,"Ritchie, WV",1,Personal income (thousands of dollars),472869
54085,"Ritchie, WV",2,Population (persons) 1,8170
54085,"Ritchie, WV",3,Per capita personal income (dollars) 2,57879
54087,"Roane, WV",1,Personal income (thousands of dollars),590881
54087,"Roane, WV",2,Population (persons) 1,13540
54087,"Roane, WV",3,Per capita personal income (dollars) 2,43640
54089,"Summers, WV",1,Personal income (thousands of dollars),535653
54089,"Summers, WV",2,Population (persons) 1,11544
54089,"Summers, WV",3,Per capita personal income (dollars) 2,46401
54091,"Taylor, WV",1,Personal income (thousands of dollars),893157
54091,"Taylor, WV",2,Population (persons) 1,16438
54091,"Taylor, WV",3,Per capita personal income (dollars) 2,54335
54093,"Tucker, WV",1,Personal income (thousands of dollars),411199
54093,"Tucker, WV",2,Population (persons) 1,6573
54093,"Tucker, WV",3,Per capita personal income (dollars) 2,62559
54095,"Tyler, WV",1,Personal income (thousands of dollars),495629
54095,"Tyler, WV",2,Population (persons) 1,7843
54095,"Tyler, WV",3,Per capita personal income (dollars) 2,63194
54097,"Upshur, WV",1,Personal income (thousands of dollars),1145539
54097,"Upshur, WV",2,Population (persons) 1,23650
54097,"Upshur, WV",3,Per capita personal income (dollars) 2,48437
54099,"Wayne, WV",1,Personal income (thousands of dollars),1767206
54099,"Wayne, WV",2,Population (persons) 1,37589
54099,"Wayne, WV",3,Per capita personal income (dollars) 2,47014
54101,"Webster, WV",1,Personal income (thousands of dollars),278451
54101,"Webster, WV",2,Population (persons) 1,7947
54101,"Webster, WV",3,Per capita personal income (dollars) 2,35039
54103,"Wetzel, WV",1,Personal income (thousands of dollars),684836
54103,"Wetzel, WV",2,Population (persons) 1,13766
54103,"Wetzel, WV",3,Per capita personal income (dollars) 2,49748
54105,"Wirt, WV",1,Personal income (thousands of dollars),229796
54105,"Wirt, WV",2,Population (persons) 1,4924
54105,"Wirt, WV",3,Per capita personal income (dollars) 2,46669
54107,"Wood, WV",1,Personal income (thousands of dollars),5012553
54107,"Wood, WV",2,Population (persons) 1,82757
54107,"Wood, WV",3,Per capita personal income (dollars) 2,60570
54109,"Wyoming, WV",1,Personal income (thousands of dollars),804836
54109,"Wyoming, WV",2,Population (persons) 1,19964
54109,"Wyoming, WV",3,Per capita personal income (dollars) 2,40314
55001,"Adams, WI",1,Personal income (thousands of dollars),1054255
55001,"Adams, WI",2,Population (persons) 1,21352
55001,"Adams, WI",3,Per capita personal income (dollars) 2,49375
55003,"Ashland, WI",1,Personal income (thousands of dollars),832399
55003,"Ashland, WI",2,Population (persons) 1,16196
55003,"Ashland, WI",3,Per capita personal income (dollars) 2,51395
55005,"Barron, WI",1,Personal income (thousands of dollars),2989791
55005,"Barron, WI",2,Population (persons) 1,46810
55005,"Barron, WI",3,Per capita personal income (dollars) 2,63871
55007,"Bayfield, WI",1,Personal income (thousands of dollars),990176
55007,"Bayfield, WI",2,Population (persons) 1,16838
55007,"Bayfield, WI",3,Per capita personal income (dollars) 2,58806
55009,"Brown, WI",1,Personal income (thousands of dollars),18706977
55009,"Brown, WI",2,Population (persons) 1,273909
55009,"Brown, WI",3,Per capita personal income (dollars) 2,68296
55011,"Buffalo, WI",1,Personal income (thousands of dollars),799127
55011,"Buffalo, WI",2,Population (persons) 1,13464
55011,"Buffalo, WI",3,Per capita personal income (dollars) 2,59353
55013,"Burnett, WI",1,Personal income (thousands of dollars),937715
55013,"Burnett, WI",2,Population (persons) 1,17187
55013,"Burnett, WI",3,Per capita personal income (dollars) 2,54560
55015,"Calumet, WI",1,Personal income (thousands of dollars),3450407
55015,"Calumet, WI",2,Population (persons) 1,53602
55015,"Calumet, WI",3,Per capita personal income (dollars) 2,64371
55017,"Chippewa, WI",1,Personal income (thousands of dollars),4023058
55017,"Chippewa, WI",2,Population (persons) 1,67323
55017,"Chippewa, WI",3,Per capita personal income (dollars) 2,59758
55019,"Clark, WI",1,Personal income (thousands of dollars),1902720
55019,"Clark, WI",2,Population (persons) 1,34801
55019,"Clark, WI",3,Per capita personal income (dollars) 2,54674
55021,"Columbia, WI",1,Personal income (thousands of dollars),4416210
55021,"Columbia, WI",2,Population (persons) 1,58113
55021,"Columbia, WI",3,Per capita personal income (dollars) 2,75993
55023,"Crawford, WI",1,Personal income (thousands of dollars),839830
55023,"Crawford, WI",2,Population (persons) 1,16008
55023,"Crawford, WI",3,Per capita personal income (dollars) 2,52463
55025,"Dane, WI",1,Personal income (thousands of dollars),47775793
55025,"Dane, WI",2,Population (persons) 1,588347
55025,"Dane, WI",3,Per capita personal income (dollars) 2,81203
55027,"Dodge, WI",1,Personal income (thousands of dollars),5123155
55027,"Dodge, WI",2,Population (persons) 1,88635
55027,"Dodge, WI",3,Per capita personal income (dollars) 2,57801
55029,"Door, WI",1,Personal income (thousands of dollars),2507221
55029,"Door, WI",2,Population (persons) 1,30512
55029,"Door, WI",3,Per capita personal income (dollars) 2,82172
55031,"Douglas, WI",1,Personal income (thousands of dollars),2449398
55031,"Douglas, WI",2,Population (persons) 1,44276
55031,"Douglas, WI",3,Per capita personal income (dollars) 2,55321
55033,"Dunn, WI",1,Personal income (thousands of dollars),2469802
55033,"Dunn, WI",2,Population (persons) 1,46135
55033,"Dunn, WI",3,Per capita personal income (dollars) 2,53534
55035,"Eau Claire, WI",1,Personal income (thousands of dollars),6837753
55035,"Eau Claire, WI",2,Population (persons) 1,108830
55035,"Eau Claire, WI",3,Per capita personal income (dollars) 2,62830
55037,"Florence, WI",1,Personal income (thousands of dollars),321402
55037,"Florence, WI",2,Population (persons) 1,4673
55037,"Florence, WI",3,Per capita personal income (dollars) 2,68779
55039,"Fond du Lac, WI",1,Personal income (thousands of dollars),6497915
55039,"Fond du Lac, WI",2,Population (persons) 1,104269
55039,"Fond du Lac, WI",3,Per capita personal income (dollars) 2,62319
55041,"Forest, WI",1,Personal income (thousands of dollars),490712
55041,"Forest, WI",2,Population (persons) 1,9506
55041,"Forest, WI",3,Per capita personal income (dollars) 2,51621
55043,"Grant, WI",1,Personal income (thousands of dollars),2843860
55043,"Grant, WI",2,Population (persons) 1,52330
55043,"Grant, WI",3,Per capita personal income (dollars) 2,54345
55045,"Green, WI",1,Personal income (thousands of dollars),2533127
55045,"Green, WI",2,Population (persons) 1,37183
55045,"Green, WI",3,Per capita personal income (dollars) 2,68126
55047,"Green Lake, WI",1,Personal income (thousands of dollars),1097282
55047,"Green Lake, WI",2,Population (persons) 1,19370
55047,"Green Lake, WI",3,Per capita personal income (dollars) 2,56649
55049,"Iowa, WI",1,Personal income (thousands of dollars),1563443
55049,"Iowa, WI",2,Population (persons) 1,23963
55049,"Iowa, WI",3,Per capita personal income (dollars) 2,65244
55051,"Iron, WI",1,Personal income (thousands of dollars),369427
55051,"Iron, WI",2,Population (persons) 1,6235
55051,"Iron, WI",3,Per capita personal income (dollars) 2,59251
55053,"Jackson, WI",1,Personal income (thousands of dollars),1116975
55053,"Jackson, WI",2,Population (persons) 1,21027
55053,"Jackson, WI",3,Per capita personal income (dollars) 2,53121
55055,"Jefferson, WI",1,Personal income (thousands of dollars),5255557
55055,"Jefferson, WI",2,Population (persons) 1,86245
55055,"Jefferson, WI",3,Per capita personal income (dollars) 2,60938
55057,"Juneau, WI",1,Personal income (thousands of dollars),1360653
55057,"Juneau, WI",2,Population (persons) 1,26590
55057,"Juneau, WI",3,Per capita personal income (dollars) 2,51172
55059,"Kenosha, WI",1,Personal income (thousands of dollars),10507833
55059,"Kenosha, WI",2,Population (persons) 1,168754
55059,"Kenosha, WI",3,Per capita personal income (dollars) 2,62267
55061,"Kewaunee, WI",1,Personal income (thousands of dollars),1294901
55061,"Kewaunee, WI",2,Population (persons) 1,20751
55061,"Kewaunee, WI",3,Per capita personal income (dollars) 2,62402
55063,"La Crosse, WI",1,Personal income (thousands of dollars),7918121
55063,"La Crosse, WI",2,Population (persons) 1,121060
55063,"La Crosse, WI",3,Per capita personal income (dollars) 2,65407
55065,"Lafayette, WI",1,Personal income (thousands of dollars),983986
55065,"Lafayette, WI",2,Population (persons) 1,17306
55065,"Lafayette, WI",3,Per capita personal income (dollars) 2,56858
55067,"Langlade, WI",1,Personal income (thousands of dollars),1100917
55067,"Langlade, WI",2,Population (persons) 1,19535
55067,"Langlade, WI",3,Per capita personal income (dollars) 2,56356
55069,"Lincoln, WI",1,Personal income (thousands of dollars),1694038
55069,"Lincoln, WI",2,Population (persons) 1,28461
55069,"Lincoln, WI",3,Per capita personal income (dollars) 2,59521
55071,"Manitowoc, WI",1,Personal income (thousands of dollars),4896955
55071,"Manitowoc, WI",2,Population (persons) 1,81513
55071,"Manitowoc, WI",3,Per capita personal income (dollars) 2,60076
55073,"Marathon, WI",1,Personal income (thousands of dollars),9122880
55073,"Marathon, WI",2,Population (persons) 1,139091
55073,"Marathon, WI",3,Per capita personal income (dollars) 2,65589
55075,"Marinette, WI",1,Personal income (thousands of dollars),2357247
55075,"Marinette, WI",2,Population (persons) 1,42343
55075,"Marinette, WI",3,Per capita personal income (dollars) 2,55670
55077,"Marquette, WI",1,Personal income (thousands of dollars),864493
55077,"Marquette, WI",2,Population (persons) 1,15743
55077,"Marquette, WI",3,Per capita personal income (dollars) 2,54913
55078,"Menominee, WI*",1,Personal income (thousands of dollars),187281
55078,"Menominee, WI*",2,Population (persons) 1,4286
55078,"Menominee, WI*",3,Per capita personal income (dollars) 2,43696
55079,"Milwaukee, WI",1,Personal income (thousands of dollars),57487503
55079,"Milwaukee, WI",2,Population (persons) 1,924740
55079,"Milwaukee, WI",3,Per capita personal income (dollars) 2,62166
55081,"Monroe, WI",1,Personal income (thousands of dollars),2565353
55081,"Monroe, WI",2,Population (persons) 1,46370
55081,"Monroe, WI",3,Per capita personal income (dollars) 2,55324
55083,"Oconto, WI",1,Personal income (thousands of dollars),2295768
55083,"Oconto, WI",2,Population (persons) 1,40037
55083,"Oconto, WI",3,Per capita personal income (dollars) 2,57341
55085,"Oneida, WI",1,Personal income (thousands of dollars),2474449
55085,"Oneida, WI",2,Population (persons) 1,38175
55085,"Oneida, WI",3,Per capita personal income (dollars) 2,64819
55087,"Outagamie, WI",1,Personal income (thousands of dollars),13141601
55087,"Outagamie, WI",2,Population (persons) 1,195390
55087,"Outagamie, WI",3,Per capita personal income (dollars) 2,67258
55089,"Ozaukee, WI",1,Personal income (thousands of dollars),10330223
55089,"Ozaukee, WI",2,Population (persons) 1,93956
55089,"Ozaukee, WI",3,Per capita personal income (dollars) 2,109947
55091,"Pepin, WI",1,Personal income (thousands of dollars),496515
55091,"Pepin, WI",2,Population (persons) 1,7555
55091,"Pepin, WI",3,Per capita personal income (dollars) 2,65720
55093,"Pierce, WI",1,Personal income (thousands of dollars),2727259
55093,"Pierce, WI",2,Population (persons) 1,43380
55093,"Pierce, WI",3,Per capita personal income (dollars) 2,62869
55095,"Polk, WI",1,Personal income (thousands of dollars),2751461
55095,"Polk, WI",2,Population (persons) 1,45831
55095,"Polk, WI",3,Per capita personal income (dollars) 2,60035
55097,"Portage, WI",1,Personal income (thousands of dollars),4290631
55097,"Portage, WI",2,Population (persons) 1,72040
55097,"Portage, WI",3,Per capita personal income (dollars) 2,59559
55099,"Price, WI",1,Personal income (thousands of dollars),789212
55099,"Price, WI",2,Population (persons) 1,14087
55099,"Price, WI",3,Per capita personal income (dollars) 2,56024
55101,"Racine, WI",1,Personal income (thousands of dollars),13099436
55101,"Racine, WI",2,Population (persons) 1,198651
55101,"Racine, WI",3,Per capita personal income (dollars) 2,65942
55103,"Richland, WI",1,Personal income (thousands of dollars),974442
55103,"Richland, WI",2,Population (persons) 1,17123
55103,"Richland, WI",3,Per capita personal income (dollars) 2,56908
55105,"Rock, WI",1,Personal income (thousands of dollars),9736376
55105,"Rock, WI",2,Population (persons) 1,165461
55105,"Rock, WI",3,Per capita personal income (dollars) 2,58844
55107,"Rusk, WI",1,Personal income (thousands of dollars),814711
55107,"Rusk, WI",2,Population (persons) 1,14168
55107,"Rusk, WI",3,Per capita personal income (dollars) 2,57504
55109,"St. Croix, WI",1,Personal income (thousands of dollars),7172362
55109,"St. Croix, WI",2,Population (persons) 1,97954
55109,"St. Croix, WI",3,Per capita personal income (dollars) 2,73222
55111,"Sauk, WI",1,Personal income (thousands of dollars),4652264
55111,"Sauk, WI",2,Population (persons) 1,66486
55111,"Sauk, WI",3,Per capita personal income (dollars) 2,69974
55113,"Sawyer, WI",1,Personal income (thousands of dollars),1069063
55113,"Sawyer, WI",2,Population (persons) 1,18835
55113,"Sawyer, WI",3,Per capita personal income (dollars) 2,56759
55115,"Shawano, WI*",1,Personal income (thousands of dollars),2242697
55115,"Shawano, WI*",2,Population (persons) 1,41299
55115,"Shawano, WI*",3,Per capita personal income (dollars) 2,54304
55117,"Sheboygan, WI",1,Personal income (thousands of dollars),7957367
55117,"Sheboygan, WI",2,Population (persons) 1,118331
55117,"Sheboygan, WI",3,Per capita personal income (dollars) 2,67247
55119,"Taylor, WI",1,Personal income (thousands of dollars),1059631
55119,"Taylor, WI",2,Population (persons) 1,20167
55119,"Taylor, WI",3,Per capita personal income (dollars) 2,52543
55121,"Trempealeau, WI",1,Personal income (thousands of dollars),1710033
55121,"Trempealeau, WI",2,Population (persons) 1,30801
55121,"Trempealeau, WI",3,Per capita personal income (dollars) 2,55519
55123,"Vernon, WI",1,Personal income (thousands of dollars),1699576
55123,"Vernon, WI",2,Population (persons) 1,31351
55123,"Vernon, WI",3,Per capita personal income (dollars) 2,54211
55125,"Vilas, WI",1,Personal income (thousands of dollars),1712425
55125,"Vilas, WI",2,Population (persons) 1,23948
55125,"Vilas, WI",3,Per capita personal income (dollars) 2,71506
55127,"Walworth, WI",1,Personal income (thousands of dollars),7508343
55127,"Walworth, WI",2,Population (persons) 1,106029
55127,"Walworth, WI",3,Per capita personal income (dollars) 2,70814
55129,"Washburn, WI",1,Personal income (thousands of dollars),1029757
55129,"Washburn, WI",2,Population (persons) 1,16982
55129,"Washburn, WI",3,Per capita personal income (dollars) 2,60638
55131,"Washington, WI",1,Personal income (thousands of dollars),10588864
55131,"Washington, WI",2,Population (persons) 1,138727
55131,"Washington, WI",3,Per capita personal income (dollars) 2,76329
55133,"Waukesha, WI",1,Personal income (thousands of dollars),39547163
55133,"Waukesha, WI",2,Population (persons) 1,417029
55133,"Waukesha, WI",3,Per capita personal income (dollars) 2,94831
55135,"Waupaca, WI",1,Personal income (thousands of dollars),3061360
55135,"Waupaca, WI",2,Population (persons) 1,51171
55135,"Waupaca, WI",3,Per capita personal income (dollars) 2,59826
55137,"Waushara, WI",1,Personal income (thousands of dollars),1293259
55137,"Waushara, WI",2,Population (persons) 1,25079
55137,"Waushara, WI",3,Per capita personal income (dollars) 2,51567
55139,"Winnebago, WI",1,Personal income (thousands of dollars),10795046
55139,"Winnebago, WI",2,Population (persons) 1,173307
55139,"Winnebago, WI",3,Per capita personal income (dollars) 2,62289
55141,"Wood, WI",1,Personal income (thousands of dollars),4329311
55141,"Wood, WI",2,Population (persons) 1,73943
55141,"Wood, WI",3,Per capita personal income (dollars) 2,58549
55901,"Shawano (includes Menominee), WI*",1,Personal income (thousands of dollars),(NA)
55901,"Shawano (includes Menominee), WI*",2,Population (persons) 1,(NA)
55901,"Shawano (includes Menominee), WI*",3,Per capita personal income (dollars) 2,(NA)
56001,"Albany, WY",1,Personal income (thousands of dollars),2250921
56001,"Albany, WY",2,Population (persons) 1,39288
56001,"Albany, WY",3,Per capita personal income (dollars) 2,57293
56003,"Big Horn, WY",1,Personal income (thousands of dollars),656944
56003,"Big Horn, WY",2,Population (persons) 1,12084
56003,"Big Horn, WY",3,Per capita personal income (dollars) 2,54365
56005,"Campbell, WY",1,Personal income (thousands of dollars),3086245
56005,"Campbell, WY",2,Population (persons) 1,47946
56005,"Campbell, WY",3,Per capita personal income (dollars) 2,64369
56007,"Carbon, WY",1,Personal income (thousands of dollars),1021876
56007,"Carbon, WY",2,Population (persons) 1,14250
56007,"Carbon, WY",3,Per capita personal income (dollars) 2,71711
56009,"Converse, WY",1,Personal income (thousands of dollars),1037121
56009,"Converse, WY",2,Population (persons) 1,13766
56009,"Converse, WY",3,Per capita personal income (dollars) 2,75339
56011,"Crook, WY",1,Personal income (thousands of dollars),512014
56011,"Crook, WY",2,Population (persons) 1,7775
56011,"Crook, WY",3,Per capita personal income (dollars) 2,65854
56013,"Fremont, WY",1,Personal income (thousands of dollars),2352573
56013,"Fremont, WY",2,Population (persons) 1,39721
56013,"Fremont, WY",3,Per capita personal income (dollars) 2,59227
56015,"Goshen, WY",1,Personal income (thousands of dollars),705658
56015,"Goshen, WY",2,Population (persons) 1,12635
56015,"Goshen, WY",3,Per capita personal income (dollars) 2,55849
56017,"Hot Springs, WY",1,Personal income (thousands of dollars),323012
56017,"Hot Springs, WY",2,Population (persons) 1,4625
56017,"Hot Springs, WY",3,Per capita personal income (dollars) 2,69840
56019,"Johnson, WY",1,Personal income (thousands of dollars),644786
56019,"Johnson, WY",2,Population (persons) 1,8803
56019,"Johnson, WY",3,Per capita personal income (dollars) 2,73246
56021,"Laramie, WY",1,Personal income (thousands of dollars),6718862
56021,"Laramie, WY",2,Population (persons) 1,101783
56021,"Laramie, WY",3,Per capita personal income (dollars) 2,66012
56023,"Lincoln, WY",1,Personal income (thousands of dollars),1627230
56023,"Lincoln, WY",2,Population (persons) 1,21000
56023,"Lincoln, WY",3,Per capita personal income (dollars) 2,77487
56025,"Natrona, WY",1,Personal income (thousands of dollars),6424996
56025,"Natrona, WY",2,Population (persons) 1,80410
56025,"Natrona, WY",3,Per capita personal income (dollars) 2,79903
56027,"Niobrara, WY",1,Personal income (thousands of dollars),145181
56027,"Niobrara, WY",2,Population (persons) 1,2301
56027,"Niobrara, WY",3,Per capita personal income (dollars) 2,63095
56029,"Park, WY",1,Personal income (thousands of dollars),2514984
56029,"Park, WY",2,Population (persons) 1,31082
56029,"Park, WY",3,Per capita personal income (dollars) 2,80914
56031,"Platte, WY",1,Personal income (thousands of dollars),512144
56031,"Platte, WY",2,Population (persons) 1,8512
56031,"Platte, WY",3,Per capita personal income (dollars) 2,60167
56033,"Sheridan, WY",1,Personal income (thousands of dollars),2729674
56033,"Sheridan, WY",2,Population (persons) 1,32978
56033,"Sheridan, WY",3,Per capita personal income (dollars) 2,82773
56035,"Sublette, WY",1,Personal income (thousands of dollars),652912
56035,"Sublette, WY",2,Population (persons) 1,8965
56035,"Sublette, WY",3,Per capita personal income (dollars) 2,72829
56037,"Sweetwater, WY",1,Personal income (thousands of dollars),2611916
56037,"Sweetwater, WY",2,Population (persons) 1,41273
56037,"Sweetwater, WY",3,Per capita personal income (dollars) 2,63284
56039,"Teton, WY",1,Personal income (thousands of dollars),12401707
56039,"Teton, WY",2,Population (persons) 1,23272
56039,"Teton, WY",3,Per capita personal income (dollars) 2,532903
56041,"Uinta, WY",1,Personal income (thousands of dollars),1038685
56041,"Uinta, WY",2,Population (persons) 1,20621
56041,"Uinta, WY",3,Per capita personal income (dollars) 2,50370
56043,"Washakie, WY",1,Personal income (thousands of dollars),458334
56043,"Washakie, WY",2,Population (persons) 1,7662
56043,"Washakie, WY",3,Per capita personal income (dollars) 2,59819
56045,"Weston, WY",1,Personal income (thousands of dollars),387634
56045,"Weston, WY",2,Population (persons) 1,6866
56045,"Weston, WY",3,Per capita personal income (dollars) 2,56457

Legend/Footnotes
1. U.S. Census Bureau midyear population estimates.
2. Per capita personal income is total personal income divided by total midyear population.
* Estimates for 1979 forward reflect Alaska Census Areas as defined by the Census Bureau; those for prior years reflect Alaska Census Divisions as defined in the 1970 Decennial Census.
* Estimates from 1988 forward separate Aleutian Islands Census Area (02010) into Aleutians East Borough (02013) and Aleutians West Census Area (02016).
* Estimates for 1991 forward separate Denali Borough (02068) from Yukon-Koyukuk Census Area (02290) and Lake and Peninsula Borough (02164) from Dillingham Census Area (02070).
"* Estimates from 1993 forward separate Skagway-Yakutat-Angoon Census Area (02231) into Skagway-Hoonah-Angoon Census Area (02232) and Yakutat City and Borough (02282). Estimates from 2008 forward separate Skagway-Hoonah-Angoon Census Area (02232) into Skagway Municipality (02230) and Hoonah-Angoon Census Area (02105). Estimates from 2009 forward separate Wrangell-Petersburg Census Area (02280) into Petersburg Census Area and Wrangell City and Borough (02275). In addition, a part of the Prince of Wales-Outer Ketchikan Census Area (02201) was annexed by Ketchikan Gateway Borough (02130) and part (Meyers Chuck Area) was included in the new Wrangell City and Borough (02275). The remainder of the Prince of Wales-Outer Ketchikan Census Area (02201) was renamed Prince of Wales-Hyder Census Area (02198). Petersburg Borough (02195) was created from part of former Petersburg Census Area and part of Hoonah-Angoon Census Area (02105) for 2013 forward. Prince of Wales-Hyder Census Area (02198) added part of the former Petersburg Census Area beginning in 2013. For years 2009-2012, Petersburg Borough (02195) reflects the geographic boundaries of the former Petersburg Census Area."
"* Wade Hampton Census Area was renamed Kusilvak Census Area (02158) on July 1, 2015."
"* On January 2, 2019, two new county equivalents were created from the former Valdez-Cordova Census Area, Alaska (02261): Chugach Census Area (02063) and Copper River Census Area (02066). Estimates for 2020 forward reflect these changes."
"* La Paz County, AZ was separated from Yuma County on January 1, 1983."
"* Broomfield County, CO, was created from parts of Adams, Boulder, Jefferson, and Weld counties effective November 15, 2001. Estimates for Broomfield county begin with 2002."
"* Kalawao County, Hawaii is combined with Maui County. Separate estimates for the jurisdictions making up the combination areas are not available."
"* Cibola, NM was separated from Valencia in June 1981, but in these estimates, Valencia includes Cibola through the end of 1981."
"* Shannon County, SD was renamed to Oglala Lakota County, SD on May 1, 2015."
"* Virginia combination areas consist of one or two independent cities with 1980 populations of less than 100,000 combined with an adjacent county. The county name appears first, followed by the city name(s). Separate estimates for the jurisdictions making up the combination area are not available. Bedford County, VA includes the independent city of Bedford for all years."
"* Shawano, WI and Menominee, WI are combined as Shawano (incl. Menominee), WI for the years prior to 1989."
* Estimates for 2024 forward reflect Connecticut county-level statistics using the state’s nine planning regions.
Note. All dollar estimates are in thousands of current dollars (not adjusted for inflation). Statistics presented in thousands of dollars do not indicate more precision than statistics presented in millions of dollars.
(NA) Not available.
"  Last updated: February 5, 2026-- new statistics for 2024; revised statistics for 2020-2023."
