fips,county,state,per_capita_usd_2024,income_pct,income_index,se_tier,source
13309,Wheeler,GA,26119,0.0,46.6,E,BEA CAINC1 2024
08025,Crowley,CO,27232,0.0,48.6,E,BEA CAINC1 2024
28055,Issaquena,MS,27264,0.1,48.6,E,BEA CAINC1 2024
16065,Madison,ID,29485,0.1,52.6,E,BEA CAINC1 2024
12125,Union,FL,30156,0.1,53.8,E,BEA CAINC1 2024
42053,Forest,PA,30234,0.2,53.9,E,BEA CAINC1 2024
47095,Lake,TN,31572,0.2,56.3,E,BEA CAINC1 2024
21063,Elliott,KY,31817,0.2,56.7,E,BEA CAINC1 2024
46137,Ziebach,SD,32778,0.3,58.5,E,BEA CAINC1 2024
38085,Sioux,ND,33782,0.3,60.3,E,BEA CAINC1 2024
48427,Starr,TX,34180,0.3,61.0,E,BEA CAINC1 2024
46017,Buffalo,SD,34242,0.4,61.1,E,BEA CAINC1 2024
12043,Glades,FL,34547,0.4,61.6,E,BEA CAINC1 2024
48505,Zapata,TX,34617,0.4,61.7,E,BEA CAINC1 2024
13049,Charlton,GA,34702,0.4,61.9,E,BEA CAINC1 2024
39121,Noble,OH,34940,0.5,62.3,E,BEA CAINC1 2024
08011,Bent,CO,34964,0.5,62.4,E,BEA CAINC1 2024
47067,Hancock,TN,35020,0.5,62.5,E,BEA CAINC1 2024
54101,Webster,WV,35039,0.6,62.5,E,BEA CAINC1 2024
48215,Hidalgo,TX,35290,0.6,62.9,E,BEA CAINC1 2024
13271,Telfair,GA,35685,0.6,63.6,E,BEA CAINC1 2024
28041,Greene,MS,35700,0.7,63.7,E,BEA CAINC1 2024
12027,DeSoto,FL,35938,0.7,64.1,E,BEA CAINC1 2024
05079,Lincoln,AR,36032,0.7,64.3,E,BEA CAINC1 2024
13101,Echols,GA,36076,0.8,64.3,E,BEA CAINC1 2024
35006,Cibola,NM*,36397,0.8,64.9,E,BEA CAINC1 2024
13315,Wilcox,GA,36531,0.8,65.2,E,BEA CAINC1 2024
38087,Slope,ND,36609,0.9,65.3,E,BEA CAINC1 2024
13259,Stewart,GA,36667,0.9,65.4,E,BEA CAINC1 2024
22035,East Carroll,LA,36751,0.9,65.5,E,BEA CAINC1 2024
05049,Fulton,AR,36902,1.0,65.8,E,BEA CAINC1 2024
48471,Walker,TX,36921,1.0,65.9,E,BEA CAINC1 2024
13173,Lanier,GA,36976,1.0,66.0,E,BEA CAINC1 2024
13063,Clayton,GA,36987,1.1,66.0,E,BEA CAINC1 2024
12077,Liberty,FL,37008,1.1,66.0,E,BEA CAINC1 2024
05129,Searcy,AR,37061,1.1,66.1,E,BEA CAINC1 2024
35031,McKinley,NM,37085,1.2,66.1,E,BEA CAINC1 2024
48489,Willacy,TX,37182,1.2,66.3,E,BEA CAINC1 2024
05071,Johnson,AR,37274,1.2,66.5,E,BEA CAINC1 2024
13167,Johnson,GA,37441,1.3,66.8,E,BEA CAINC1 2024
30005,Blaine,MT,37554,1.3,67.0,E,BEA CAINC1 2024
12047,Hamilton,FL,37697,1.3,67.2,E,BEA CAINC1 2024
02158,Kusilvak Census Area,AK*,37765,1.3,67.4,E,BEA CAINC1 2024
12029,Dixie,FL,37869,1.4,67.5,E,BEA CAINC1 2024
21147,McCreary,KY,37875,1.4,67.6,E,BEA CAINC1 2024
48025,Bee,TX,37902,1.4,67.6,E,BEA CAINC1 2024
12049,Hardee,FL,37993,1.5,67.8,E,BEA CAINC1 2024
13037,Calhoun,GA,38035,1.5,67.8,E,BEA CAINC1 2024
21175,Morgan,KY,38051,1.5,67.9,E,BEA CAINC1 2024
12067,Lafayette,FL,38129,1.6,68.0,E,BEA CAINC1 2024
21129,Lee,KY,38144,1.6,68.0,E,BEA CAINC1 2024
35059,Union,NM,38255,1.6,68.2,E,BEA CAINC1 2024
05123,St. Francis,AR,38259,1.7,68.2,E,BEA CAINC1 2024
21159,Martin,KY,38274,1.7,68.3,E,BEA CAINC1 2024
12123,Taylor,FL,38496,1.7,68.7,E,BEA CAINC1 2024
47007,Bledsoe,TN,38520,1.8,68.7,E,BEA CAINC1 2024
54047,McDowell,WV,38563,1.8,68.8,E,BEA CAINC1 2024
13025,Brantley,GA,38582,1.8,68.8,E,BEA CAINC1 2024
40005,Atoka,OK,38709,1.9,69.0,E,BEA CAINC1 2024
46102,Oglala Lakota,SD*,38762,1.9,69.1,E,BEA CAINC1 2024
47175,Van Buren,TN,38884,1.9,69.4,E,BEA CAINC1 2024
47069,Hardeman,TN,38952,2.0,69.5,E,BEA CAINC1 2024
13141,Hancock,GA,39071,2.0,69.7,E,BEA CAINC1 2024
49001,Beaver,UT,39179,2.0,69.9,E,BEA CAINC1 2024
05065,Izard,AR,39333,2.1,70.2,E,BEA CAINC1 2024
40141,Tillman,OK,39390,2.1,70.3,E,BEA CAINC1 2024
01011,Bullock,AL,39403,2.1,70.3,E,BEA CAINC1 2024
13055,Chattooga,GA,39446,2.2,70.4,E,BEA CAINC1 2024
26085,Lake,MI,39505,2.2,70.5,E,BEA CAINC1 2024
26095,Luce,MI,39680,2.2,70.8,E,BEA CAINC1 2024
08073,Lincoln,CO,39836,2.2,71.1,E,BEA CAINC1 2024
05137,Stone,AR,39858,2.3,71.1,E,BEA CAINC1 2024
13287,Turner,GA,39907,2.3,71.2,E,BEA CAINC1 2024
30003,Big Horn,MT,39918,2.3,71.2,E,BEA CAINC1 2024
49037,San Juan,UT,39972,2.4,71.3,E,BEA CAINC1 2024
12133,Washington,FL,39973,2.4,71.3,E,BEA CAINC1 2024
48061,Cameron,TX,39990,2.4,71.3,E,BEA CAINC1 2024
48163,Frio,TX,40109,2.5,71.5,E,BEA CAINC1 2024
13165,Jenkins,GA,40142,2.5,71.6,E,BEA CAINC1 2024
13003,Atkinson,GA,40161,2.5,71.6,E,BEA CAINC1 2024
54109,Wyoming,WV,40314,2.6,71.9,E,BEA CAINC1 2024
21169,Metcalfe,KY,40444,2.6,72.1,E,BEA CAINC1 2024
05077,Lee,AR,40453,2.6,72.2,E,BEA CAINC1 2024
21231,Wayne,KY,40460,2.7,72.2,E,BEA CAINC1 2024
29067,Douglas,MO,40515,2.7,72.3,E,BEA CAINC1 2024
46121,Todd,SD,40540,2.7,72.3,E,BEA CAINC1 2024
05089,Marion,AR,40556,2.8,72.3,E,BEA CAINC1 2024
28051,Holmes,MS,40609,2.8,72.4,E,BEA CAINC1 2024
13209,Montgomery,GA,40626,2.8,72.5,E,BEA CAINC1 2024
28017,Chickasaw,MS,40677,2.9,72.6,E,BEA CAINC1 2024
35029,Luna,NM,40780,2.9,72.7,E,BEA CAINC1 2024
37185,Warren,NC,40932,2.9,73.0,E,BEA CAINC1 2024
13197,Marion,GA,40961,3.0,73.1,E,BEA CAINC1 2024
13267,Tattnall,GA,40973,3.0,73.1,E,BEA CAINC1 2024
54043,Lincoln,WV,40995,3.0,73.1,E,BEA CAINC1 2024
29185,St. Clair,MO,40999,3.1,73.1,E,BEA CAINC1 2024
47151,Scott,TN,41001,3.1,73.1,E,BEA CAINC1 2024
48253,Jones,TX,41003,3.1,73.1,E,BEA CAINC1 2024
51183,Sussex,VA,41032,3.1,73.2,E,BEA CAINC1 2024
28117,Prentiss,MS,41034,3.2,73.2,E,BEA CAINC1 2024
21109,Jackson,KY,41040,3.2,73.2,E,BEA CAINC1 2024
48323,Maverick,TX,41075,3.2,73.3,E,BEA CAINC1 2024
48229,Hudspeth,TX,41143,3.3,73.4,E,BEA CAINC1 2024
29215,Texas,MO,41160,3.3,73.4,E,BEA CAINC1 2024
13213,Murray,GA,41169,3.3,73.4,E,BEA CAINC1 2024
48099,Coryell,TX,41184,3.4,73.5,E,BEA CAINC1 2024
22043,Grant,LA,41206,3.4,73.5,E,BEA CAINC1 2024
29001,Adair,MO,41212,3.4,73.5,E,BEA CAINC1 2024
46031,Corson,SD,41246,3.5,73.6,E,BEA CAINC1 2024
40055,Greer,OK,41254,3.5,73.6,E,BEA CAINC1 2024
51029,Buckingham,VA,41269,3.5,73.6,E,BEA CAINC1 2024
05059,Hot Spring,AR,41293,3.6,73.7,E,BEA CAINC1 2024
47135,Perry,TN,41306,3.6,73.7,E,BEA CAINC1 2024
45069,Marlboro,SC,41332,3.6,73.7,E,BEA CAINC1 2024
13161,Jeff Davis,GA,41336,3.7,73.7,E,BEA CAINC1 2024
40107,Okfuskee,OK,41342,3.7,73.7,E,BEA CAINC1 2024
13283,Treutlen,GA,41350,3.7,73.8,E,BEA CAINC1 2024
28157,Wilkinson,MS,41354,3.8,73.8,E,BEA CAINC1 2024
24039,Somerset,MD,41421,3.8,73.9,E,BEA CAINC1 2024
21121,Knox,KY,41424,3.8,73.9,E,BEA CAINC1 2024
13305,Wayne,GA,41453,3.9,73.9,E,BEA CAINC1 2024
54021,Gilmer,WV,41468,3.9,74.0,E,BEA CAINC1 2024
12013,Calhoun,FL,41473,3.9,74.0,E,BEA CAINC1 2024
28133,Sunflower,MS,41489,3.9,74.0,E,BEA CAINC1 2024
13053,Chattahoochee,GA,41513,4.0,74.0,E,BEA CAINC1 2024
13061,Clay,GA,41527,4.0,74.1,E,BEA CAINC1 2024
13091,Dodge,GA,41609,4.0,74.2,E,BEA CAINC1 2024
28069,Kemper,MS,41684,4.1,74.3,E,BEA CAINC1 2024
45025,Chesterfield,SC,41717,4.1,74.4,E,BEA CAINC1 2024
13131,Grady,GA,41748,4.1,74.5,E,BEA CAINC1 2024
13299,Ware,GA,41778,4.2,74.5,E,BEA CAINC1 2024
13239,Quitman,GA,41806,4.2,74.6,E,BEA CAINC1 2024
05101,Newton,AR,41851,4.2,74.6,E,BEA CAINC1 2024
28123,Scott,MS,41946,4.3,74.8,E,BEA CAINC1 2024
01007,Bibb,AL,41951,4.3,74.8,E,BEA CAINC1 2024
29119,McDonald,MO,41951,4.3,74.8,E,BEA CAINC1 2024
13125,Glascock,GA,41976,4.4,74.9,E,BEA CAINC1 2024
54017,Doddridge,WV,41982,4.4,74.9,E,BEA CAINC1 2024
28147,Walthall,MS,42077,4.4,75.0,E,BEA CAINC1 2024
21205,Rowan,KY,42123,4.5,75.1,E,BEA CAINC1 2024
01027,Clay,AL,42162,4.5,75.2,E,BEA CAINC1 2024
47087,Jackson,TN,42169,4.5,75.2,E,BEA CAINC1 2024
06105,Trinity,CA,42191,4.6,75.3,E,BEA CAINC1 2024
13183,Long,GA,42195,4.6,75.3,E,BEA CAINC1 2024
12051,Hendry,FL,42202,4.6,75.3,E,BEA CAINC1 2024
30069,Petroleum,MT,42202,4.7,75.3,E,BEA CAINC1 2024
29221,Washington,MO,42203,4.7,75.3,E,BEA CAINC1 2024
48335,Mitchell,TX,42239,4.7,75.3,E,BEA CAINC1 2024
29039,Cedar,MO,42259,4.8,75.4,E,BEA CAINC1 2024
08033,Dolores,CO,42287,4.8,75.4,E,BEA CAINC1 2024
21011,Bath,KY,42291,4.8,75.4,E,BEA CAINC1 2024
12063,Jackson,FL,42319,4.8,75.5,E,BEA CAINC1 2024
28113,Pike,MS,42327,4.9,75.5,E,BEA CAINC1 2024
47121,Meigs,TN,42410,4.9,75.6,E,BEA CAINC1 2024
13075,Cook,GA,42432,4.9,75.7,E,BEA CAINC1 2024
47097,Lauderdale,TN,42471,5.0,75.8,E,BEA CAINC1 2024
13069,Coffee,GA,42553,5.0,75.9,E,BEA CAINC1 2024
28039,George,MS,42638,5.0,76.0,E,BEA CAINC1 2024
28065,Jefferson Davis,MS,42660,5.1,76.1,E,BEA CAINC1 2024
40077,Latimer,OK,42676,5.1,76.1,E,BEA CAINC1 2024
21135,Lewis,KY,42705,5.1,76.2,E,BEA CAINC1 2024
47129,Morgan,TN,42713,5.2,76.2,E,BEA CAINC1 2024
05141,Van Buren,AR,42757,5.2,76.3,E,BEA CAINC1 2024
47181,Wayne,TN,42777,5.2,76.3,E,BEA CAINC1 2024
22059,LaSalle,LA,42793,5.3,76.3,E,BEA CAINC1 2024
29229,Wright,MO,42813,5.3,76.4,E,BEA CAINC1 2024
21003,Allen,KY,42837,5.3,76.4,E,BEA CAINC1 2024
21061,Edmonson,KY,42848,5.4,76.4,E,BEA CAINC1 2024
21183,Ohio,KY,42868,5.4,76.5,E,BEA CAINC1 2024
20209,Wyandotte,KS,42878,5.4,76.5,E,BEA CAINC1 2024
37079,Greene,NC,42879,5.5,76.5,E,BEA CAINC1 2024
51111,Lunenburg,VA,42935,5.5,76.6,E,BEA CAINC1 2024
47075,Haywood,TN,42941,5.5,76.6,E,BEA CAINC1 2024
28119,Quitman,MS,42946,5.6,76.6,E,BEA CAINC1 2024
41045,Malheur,OR,42974,5.6,76.6,E,BEA CAINC1 2024
29133,Mississippi,MO,42983,5.6,76.7,E,BEA CAINC1 2024
28021,Claiborne,MS,42985,5.7,76.7,E,BEA CAINC1 2024
01063,Greene,AL,43030,5.7,76.7,E,BEA CAINC1 2024
01119,Sumter,AL,43035,5.7,76.8,E,BEA CAINC1 2024
05099,Nevada,AR,43035,5.7,76.8,E,BEA CAINC1 2024
22041,Franklin,LA,43040,5.8,76.8,E,BEA CAINC1 2024
21201,Robertson,KY,43041,5.8,76.8,E,BEA CAINC1 2024
05097,Montgomery,AR,43048,5.8,76.8,E,BEA CAINC1 2024
21051,Clay,KY,43063,5.9,76.8,E,BEA CAINC1 2024
40149,Washita,OK,43130,5.9,76.9,E,BEA CAINC1 2024
45087,Union,SC,43154,5.9,77.0,E,BEA CAINC1 2024
47169,Trousdale,TN,43154,6.0,77.0,E,BEA CAINC1 2024
13027,Brooks,GA,43163,6.0,77.0,E,BEA CAINC1 2024
28111,Perry,MS,43179,6.0,77.0,E,BEA CAINC1 2024
40127,Pushmataha,OK,43180,6.1,77.0,E,BEA CAINC1 2024
51105,Lee,VA,43193,6.1,77.0,E,BEA CAINC1 2024
51077,Grayson,VA,43221,6.1,77.1,E,BEA CAINC1 2024
21187,Owen,KY,43235,6.2,77.1,E,BEA CAINC1 2024
47061,Grundy,TN,43237,6.2,77.1,E,BEA CAINC1 2024
21197,Powell,KY,43268,6.2,77.2,E,BEA CAINC1 2024
51147,Prince Edward,VA,43284,6.3,77.2,E,BEA CAINC1 2024
05121,Randolph,AR,43312,6.3,77.3,E,BEA CAINC1 2024
08023,Costilla,CO,43334,6.3,77.3,E,BEA CAINC1 2024
21069,Fleming,KY,43335,6.4,77.3,E,BEA CAINC1 2024
47109,McNairy,TN,43374,6.4,77.4,E,BEA CAINC1 2024
28131,Stone,MS,43435,6.4,77.5,E,BEA CAINC1 2024
54059,Mingo,WV,43445,6.5,77.5,E,BEA CAINC1 2024
26117,Montcalm,MI,43449,6.5,77.5,E,BEA CAINC1 2024
05075,Lawrence,AR,43454,6.5,77.5,E,BEA CAINC1 2024
45021,Cherokee,SC,43456,6.6,77.5,E,BEA CAINC1 2024
21043,Carter,KY,43472,6.6,77.5,E,BEA CAINC1 2024
29179,Reynolds,MO,43576,6.6,77.7,E,BEA CAINC1 2024
13019,Berrien,GA,43590,6.6,77.7,E,BEA CAINC1 2024
21095,Harlan,KY,43594,6.7,77.8,E,BEA CAINC1 2024
17101,Lawrence,IL,43606,6.7,77.8,E,BEA CAINC1 2024
17151,Pope,IL,43633,6.7,77.8,E,BEA CAINC1 2024
54087,Roane,WV,43640,6.8,77.8,E,BEA CAINC1 2024
45089,Williamsburg,SC,43661,6.8,77.9,E,BEA CAINC1 2024
13079,Crawford,GA,43664,6.8,77.9,E,BEA CAINC1 2024
55078,Menominee,WI*,43696,6.9,77.9,E,BEA CAINC1 2024
08109,Saguache,CO,43701,6.9,77.9,E,BEA CAINC1 2024
13093,Dooly,GA,43718,6.9,78.0,E,BEA CAINC1 2024
45033,Dillon,SC,43733,7.0,78.0,E,BEA CAINC1 2024
13031,Bulloch,GA,43763,7.0,78.1,E,BEA CAINC1 2024
13233,Polk,GA,43771,7.0,78.1,E,BEA CAINC1 2024
29153,Ozark,MO,43798,7.1,78.1,E,BEA CAINC1 2024
01037,Coosa,AL,43813,7.1,78.1,E,BEA CAINC1 2024
13269,Taylor,GA,43829,7.1,78.2,E,BEA CAINC1 2024
13107,Emanuel,GA,43838,7.2,78.2,E,BEA CAINC1 2024
47111,Macon,TN,43881,7.2,78.3,E,BEA CAINC1 2024
28019,Choctaw,MS,43892,7.2,78.3,E,BEA CAINC1 2024
51923,Greensville + Emporia,VA*,43896,7.3,78.3,E,BEA CAINC1 2024
12059,Holmes,FL,43920,7.3,78.3,E,BEA CAINC1 2024
13137,Habersham,GA,43929,7.3,78.4,E,BEA CAINC1 2024
47091,Johnson,TN,43934,7.4,78.4,E,BEA CAINC1 2024
39009,Athens,OH,43940,7.4,78.4,E,BEA CAINC1 2024
01017,Chambers,AL,43944,7.4,78.4,E,BEA CAINC1 2024
12107,Putnam,FL,43968,7.5,78.4,E,BEA CAINC1 2024
01113,Russell,AL,43971,7.5,78.4,E,BEA CAINC1 2024
29109,Lawrence,MO,44004,7.5,78.5,E,BEA CAINC1 2024
12093,Okeechobee,FL,44009,7.5,78.5,E,BEA CAINC1 2024
05113,Polk,AR,44039,7.6,78.5,E,BEA CAINC1 2024
13301,Warren,GA,44044,7.6,78.6,E,BEA CAINC1 2024
13033,Burke,GA,44046,7.6,78.6,E,BEA CAINC1 2024
17087,Johnson,IL,44062,7.7,78.6,E,BEA CAINC1 2024
28105,Oktibbeha,MS,44064,7.7,78.6,E,BEA CAINC1 2024
40009,Beckham,OK,44069,7.7,78.6,E,BEA CAINC1 2024
29061,Daviess,MO,44071,7.8,78.6,E,BEA CAINC1 2024
26135,Oscoda,MI,44109,7.8,78.7,E,BEA CAINC1 2024
40001,Adair,OK,44129,7.8,78.7,E,BEA CAINC1 2024
29059,Dallas,MO,44136,7.9,78.7,E,BEA CAINC1 2024
45011,Barnwell,SC,44155,7.9,78.8,E,BEA CAINC1 2024
28013,Calhoun,MS,44156,7.9,78.8,E,BEA CAINC1 2024
04009,Graham,AZ,44164,8.0,78.8,E,BEA CAINC1 2024
21165,Menifee,KY,44164,8.0,78.8,E,BEA CAINC1 2024
13251,Screven,GA,44167,8.0,78.8,E,BEA CAINC1 2024
28029,Copiah,MS,44171,8.1,78.8,E,BEA CAINC1 2024
21181,Nicholas,KY,44191,8.1,78.8,E,BEA CAINC1 2024
28101,Newton,MS,44194,8.1,78.8,E,BEA CAINC1 2024
48479,Webb,TX,44200,8.2,78.8,E,BEA CAINC1 2024
05069,Jefferson,AR,44232,8.2,78.9,E,BEA CAINC1 2024
48291,Liberty,TX,44266,8.2,79.0,E,BEA CAINC1 2024
13149,Heard,GA,44280,8.3,79.0,E,BEA CAINC1 2024
54015,Clay,WV,44287,8.3,79.0,E,BEA CAINC1 2024
49015,Emery,UT,44291,8.3,79.0,E,BEA CAINC1 2024
28145,Union,MS,44305,8.3,79.0,E,BEA CAINC1 2024
21115,Johnson,KY,44314,8.4,79.0,E,BEA CAINC1 2024
13307,Webster,GA,44321,8.4,79.1,E,BEA CAINC1 2024
28115,Pontotoc,MS,44345,8.4,79.1,E,BEA CAINC1 2024
13071,Colquitt,GA,44346,8.5,79.1,E,BEA CAINC1 2024
21137,Lincoln,KY,44365,8.5,79.1,E,BEA CAINC1 2024
28007,Attala,MS,44371,8.5,79.1,E,BEA CAINC1 2024
21027,Breckinridge,KY,44420,8.6,79.2,E,BEA CAINC1 2024
28053,Humphreys,MS,44425,8.6,79.2,E,BEA CAINC1 2024
51941,Prince George + Hopewell,VA*,44445,8.6,79.3,E,BEA CAINC1 2024
28057,Itawamba,MS,44473,8.7,79.3,E,BEA CAINC1 2024
05127,Scott,AR,44492,8.7,79.4,E,BEA CAINC1 2024
22029,Concordia,LA,44494,8.7,79.4,E,BEA CAINC1 2024
05083,Logan,AR,44503,8.8,79.4,E,BEA CAINC1 2024
01105,Perry,AL,44524,8.8,79.4,E,BEA CAINC1 2024
21127,Lawrence,KY,44526,8.8,79.4,E,BEA CAINC1 2024
35003,Catron,NM,44531,8.9,79.4,E,BEA CAINC1 2024
21045,Casey,KY,44575,8.9,79.5,E,BEA CAINC1 2024
54063,Monroe,WV,44579,8.9,79.5,E,BEA CAINC1 2024
01131,Wilcox,AL,44610,9.0,79.6,E,BEA CAINC1 2024
29129,Mercer,MO,44616,9.0,79.6,E,BEA CAINC1 2024
21203,Rockcastle,KY,44633,9.0,79.6,E,BEA CAINC1 2024
13229,Pierce,GA,44635,9.1,79.6,E,BEA CAINC1 2024
39065,Hardin,OH,44662,9.1,79.7,E,BEA CAINC1 2024
13043,Candler,GA,44664,9.1,79.7,E,BEA CAINC1 2024
35035,Otero,NM,44665,9.2,79.7,E,BEA CAINC1 2024
05055,Greene,AR,44671,9.2,79.7,E,BEA CAINC1 2024
36003,Allegany,NY,44689,9.2,79.7,E,BEA CAINC1 2024
48095,Concho,TX,44706,9.2,79.7,E,BEA CAINC1 2024
54001,Barbour,WV,44716,9.3,79.8,E,BEA CAINC1 2024
54007,Braxton,WV,44745,9.3,79.8,E,BEA CAINC1 2024
01059,Franklin,AL,44751,9.3,79.8,E,BEA CAINC1 2024
12121,Suwannee,FL,44774,9.4,79.9,E,BEA CAINC1 2024
01087,Macon,AL,44788,9.4,79.9,E,BEA CAINC1 2024
13005,Bacon,GA,44797,9.4,79.9,E,BEA CAINC1 2024
13321,Worth,GA,44806,9.5,79.9,E,BEA CAINC1 2024
21125,Laurel,KY,44825,9.5,80.0,E,BEA CAINC1 2024
21065,Estill,KY,44838,9.5,80.0,E,BEA CAINC1 2024
22039,Evangeline,LA,44838,9.6,80.0,E,BEA CAINC1 2024
49047,Uintah,UT,44840,9.6,80.0,E,BEA CAINC1 2024
21133,Letcher,KY,44848,9.6,80.0,E,BEA CAINC1 2024
01075,Lamar,AL,44886,9.7,80.1,E,BEA CAINC1 2024
47083,Houston,TN,44887,9.7,80.1,E,BEA CAINC1 2024
28079,Leake,MS,44888,9.7,80.1,E,BEA CAINC1 2024
01005,Barbour,AL,44906,9.8,80.1,E,BEA CAINC1 2024
13249,Schley,GA,44927,9.8,80.1,E,BEA CAINC1 2024
39163,Vinton,OH,44931,9.8,80.1,E,BEA CAINC1 2024
18103,Miami,IN,44940,9.9,80.2,E,BEA CAINC1 2024
47133,Overton,TN,44960,9.9,80.2,E,BEA CAINC1 2024
29085,Hickory,MO,44968,9.9,80.2,E,BEA CAINC1 2024
05091,Miller,AR,44980,10.0,80.2,E,BEA CAINC1 2024
28063,Jefferson,MS,45002,10.0,80.3,E,BEA CAINC1 2024
13017,Ben Hill,GA,45012,10.0,80.3,E,BEA CAINC1 2024
01107,Pickens,AL,45013,10.1,80.3,E,BEA CAINC1 2024
26067,Ionia,MI,45022,10.1,80.3,E,BEA CAINC1 2024
48189,Hale,TX,45037,10.1,80.3,E,BEA CAINC1 2024
18155,Switzerland,IN,45038,10.1,80.3,E,BEA CAINC1 2024
13023,Bleckley,GA,45045,10.2,80.3,E,BEA CAINC1 2024
21217,Taylor,KY,45058,10.2,80.4,E,BEA CAINC1 2024
51169,Scott,VA,45065,10.2,80.4,E,BEA CAINC1 2024
26119,Montmorency,MI,45102,10.3,80.4,E,BEA CAINC1 2024
37039,Cherokee,NC,45135,10.3,80.5,E,BEA CAINC1 2024
28107,Panola,MS,45138,10.3,80.5,E,BEA CAINC1 2024
01049,DeKalb,AL,45152,10.4,80.5,E,BEA CAINC1 2024
40021,Cherokee,OK,45156,10.4,80.5,E,BEA CAINC1 2024
45001,Abbeville,SC,45157,10.4,80.5,E,BEA CAINC1 2024
28161,Yalobusha,MS,45161,10.5,80.5,E,BEA CAINC1 2024
29079,Grundy,MO,45161,10.5,80.5,E,BEA CAINC1 2024
29147,Nodaway,MO,45161,10.5,80.5,E,BEA CAINC1 2024
13235,Pulaski,GA,45174,10.6,80.6,E,BEA CAINC1 2024
40079,Le Flore,OK,45176,10.6,80.6,E,BEA CAINC1 2024
05095,Monroe,AR,45207,10.6,80.6,E,BEA CAINC1 2024
22021,Caldwell,LA,45207,10.7,80.6,E,BEA CAINC1 2024
48185,Grimes,TX,45217,10.7,80.6,E,BEA CAINC1 2024
28005,Amite,MS,45249,10.7,80.7,E,BEA CAINC1 2024
05015,Carroll,AR,45250,10.8,80.7,E,BEA CAINC1 2024
05033,Crawford,AR,45258,10.8,80.7,E,BEA CAINC1 2024
51167,Russell,VA,45266,10.8,80.7,E,BEA CAINC1 2024
47185,White,TN,45273,10.9,80.7,E,BEA CAINC1 2024
21075,Fulton,KY,45299,10.9,80.8,E,BEA CAINC1 2024
26039,Crawford,MI,45310,10.9,80.8,E,BEA CAINC1 2024
21131,Leslie,KY,45322,11.0,80.8,E,BEA CAINC1 2024
38041,Hettinger,ND,45333,11.0,80.9,E,BEA CAINC1 2024
47173,Union,TN,45355,11.0,80.9,E,BEA CAINC1 2024
29163,Pike,MO,45370,11.0,80.9,E,BEA CAINC1 2024
48047,Brooks,TX,45372,11.1,80.9,E,BEA CAINC1 2024
48075,Childress,TX,45376,11.1,80.9,E,BEA CAINC1 2024
47139,Polk,TN,45397,11.1,81.0,E,BEA CAINC1 2024
28163,Yazoo,MS,45407,11.2,81.0,E,BEA CAINC1 2024
38033,Golden Valley,ND,45409,11.2,81.0,E,BEA CAINC1 2024
01053,Escambia,AL,45432,11.2,81.0,E,BEA CAINC1 2024
13109,Evans,GA,45438,11.3,81.0,E,BEA CAINC1 2024
01111,Randolph,AL,45447,11.3,81.1,E,BEA CAINC1 2024
48271,Kinney,TX,45458,11.3,81.1,E,BEA CAINC1 2024
47019,Carter,TN,45463,11.4,81.1,E,BEA CAINC1 2024
30033,Garfield,MT,45475,11.4,81.1,E,BEA CAINC1 2024
39079,Jackson,OH,45475,11.4,81.1,E,BEA CAINC1 2024
51141,Patrick,VA,45475,11.5,81.1,E,BEA CAINC1 2024
49021,Iron,UT,45498,11.5,81.2,E,BEA CAINC1 2024
47025,Claiborne,TN,45523,11.5,81.2,E,BEA CAINC1 2024
26129,Ogemaw,MI,45525,11.6,81.2,E,BEA CAINC1 2024
48507,Zavala,TX,45538,11.6,81.2,E,BEA CAINC1 2024
13179,Liberty,GA,45546,11.6,81.2,E,BEA CAINC1 2024
05115,Pope,AR,45559,11.7,81.3,E,BEA CAINC1 2024
01057,Fayette,AL,45612,11.7,81.4,E,BEA CAINC1 2024
01035,Conecuh,AL,45620,11.7,81.4,E,BEA CAINC1 2024
26035,Clare,MI,45627,11.8,81.4,E,BEA CAINC1 2024
30055,McCone,MT,45628,11.8,81.4,E,BEA CAINC1 2024
21025,Breathitt,KY,45633,11.8,81.4,E,BEA CAINC1 2024
26013,Baraga,MI,45699,11.8,81.5,E,BEA CAINC1 2024
28097,Montgomery,MS,45706,11.9,81.5,E,BEA CAINC1 2024
21013,Bell,KY,45728,11.9,81.6,E,BEA CAINC1 2024
29203,Shannon,MO,45728,11.9,81.6,E,BEA CAINC1 2024
31097,Johnson,NE,45756,12.0,81.6,E,BEA CAINC1 2024
01121,Talladega,AL,45757,12.0,81.6,E,BEA CAINC1 2024
54067,Nicholas,WV,45763,12.0,81.6,E,BEA CAINC1 2024
18149,Starke,IN,45783,12.1,81.7,E,BEA CAINC1 2024
47023,Chester,TN,45805,12.1,81.7,E,BEA CAINC1 2024
22065,Madison,LA,45843,12.1,81.8,E,BEA CAINC1 2024
48191,Hall,TX,45845,12.2,81.8,E,BEA CAINC1 2024
40003,Alfalfa,OK,45852,12.2,81.8,E,BEA CAINC1 2024
13293,Upson,GA,45901,12.2,81.9,E,BEA CAINC1 2024
47027,Clay,TN,45901,12.3,81.9,E,BEA CAINC1 2024
32027,Pershing,NV,45906,12.3,81.9,E,BEA CAINC1 2024
08043,Fremont,CO,45918,12.3,81.9,E,BEA CAINC1 2024
48247,Jim Hogg,TX,45920,12.4,81.9,E,BEA CAINC1 2024
21177,Muhlenberg,KY,45963,12.4,82.0,E,BEA CAINC1 2024
51955,Wise + Norton,VA*,45976,12.4,82.0,E,BEA CAINC1 2024
29091,Howell,MO,45995,12.5,82.0,E,BEA CAINC1 2024
05037,Cross,AR,46008,12.5,82.1,E,BEA CAINC1 2024
47029,Cocke,TN,46015,12.5,82.1,E,BEA CAINC1 2024
54013,Calhoun,WV,46017,12.6,82.1,E,BEA CAINC1 2024
12041,Gilchrist,FL,46034,12.6,82.1,E,BEA CAINC1 2024
45059,Laurens,SC,46035,12.6,82.1,E,BEA CAINC1 2024
22087,St. Bernard,LA,46043,12.7,82.1,E,BEA CAINC1 2024
29111,Lewis,MO,46049,12.7,82.1,E,BEA CAINC1 2024
26107,Mecosta,MI,46058,12.7,82.1,E,BEA CAINC1 2024
12007,Bradford,FL,46074,12.7,82.2,E,BEA CAINC1 2024
40091,McIntosh,OK,46098,12.8,82.2,E,BEA CAINC1 2024
22003,Allen,LA,46100,12.8,82.2,E,BEA CAINC1 2024
13261,Sumter,GA,46109,12.8,82.2,E,BEA CAINC1 2024
37093,Hoke,NC,46122,12.9,82.3,E,BEA CAINC1 2024
19053,Decatur,IA,46134,12.9,82.3,E,BEA CAINC1 2024
13279,Toombs,GA,46150,12.9,82.3,E,BEA CAINC1 2024
30071,Phillips,MT,46151,13.0,82.3,E,BEA CAINC1 2024
05107,Phillips,AR,46172,13.0,82.4,E,BEA CAINC1 2024
28009,Benton,MS,46176,13.0,82.4,E,BEA CAINC1 2024
21123,Larue,KY,46184,13.1,82.4,E,BEA CAINC1 2024
13217,Newton,GA,46189,13.1,82.4,E,BEA CAINC1 2024
13247,Rockdale,GA,46211,13.1,82.4,E,BEA CAINC1 2024
31049,Deuel,NE,46222,13.2,82.4,E,BEA CAINC1 2024
30085,Roosevelt,MT,46258,13.2,82.5,E,BEA CAINC1 2024
54077,Preston,WV,46260,13.2,82.5,E,BEA CAINC1 2024
12105,Polk,FL,46274,13.3,82.5,E,BEA CAINC1 2024
48055,Caldwell,TX,46291,13.3,82.6,E,BEA CAINC1 2024
22117,Washington,LA,46292,13.3,82.6,E,BEA CAINC1 2024
18025,Crawford,IN,46326,13.4,82.6,E,BEA CAINC1 2024
05109,Pike,AR,46345,13.4,82.7,E,BEA CAINC1 2024
05135,Sharp,AR,46346,13.4,82.7,E,BEA CAINC1 2024
54089,Summers,WV,46401,13.5,82.8,E,BEA CAINC1 2024
21087,Green,KY,46405,13.5,82.8,E,BEA CAINC1 2024
28037,Franklin,MS,46415,13.5,82.8,E,BEA CAINC1 2024
29063,DeKalb,MO,46449,13.6,82.8,E,BEA CAINC1 2024
40067,Jefferson,OK,46470,13.6,82.9,E,BEA CAINC1 2024
29065,Dent,MO,46477,13.6,82.9,E,BEA CAINC1 2024
18153,Sullivan,IN,46497,13.6,82.9,E,BEA CAINC1 2024
12055,Highlands,FL,46499,13.7,82.9,E,BEA CAINC1 2024
13265,Taliaferro,GA,46519,13.7,83.0,E,BEA CAINC1 2024
08003,Alamosa,CO,46523,13.7,83.0,E,BEA CAINC1 2024
28091,Marion,MS,46545,13.8,83.0,E,BEA CAINC1 2024
37155,Robeson,NC,46550,13.8,83.0,E,BEA CAINC1 2024
54005,Boone,WV,46550,13.8,83.0,E,BEA CAINC1 2024
01061,Geneva,AL,46556,13.9,83.0,E,BEA CAINC1 2024
40121,Pittsburg,OK,46560,13.9,83.0,E,BEA CAINC1 2024
13243,Randolph,GA,46575,13.9,83.1,E,BEA CAINC1 2024
04017,Navajo,AZ,46577,14.0,83.1,E,BEA CAINC1 2024
13099,Early,GA,46579,14.0,83.1,E,BEA CAINC1 2024
48001,Anderson,TX,46581,14.0,83.1,E,BEA CAINC1 2024
16087,Washington,ID,46582,14.1,83.1,E,BEA CAINC1 2024
51051,Dickenson,VA,46587,14.1,83.1,E,BEA CAINC1 2024
21009,Barren,KY,46597,14.1,83.1,E,BEA CAINC1 2024
29225,Webster,MO,46598,14.2,83.1,E,BEA CAINC1 2024
13189,McDuffie,GA,46600,14.2,83.1,E,BEA CAINC1 2024
40133,Seminole,OK,46606,14.2,83.1,E,BEA CAINC1 2024
13035,Butts,GA,46615,14.3,83.1,E,BEA CAINC1 2024
21085,Grayson,KY,46616,14.3,83.1,E,BEA CAINC1 2024
05057,Hempstead,AR,46617,14.3,83.1,E,BEA CAINC1 2024
26057,Gratiot,MI,46618,14.4,83.1,E,BEA CAINC1 2024
28043,Grenada,MS,46619,14.4,83.2,E,BEA CAINC1 2024
40111,Okmulgee,OK,46623,14.4,83.2,E,BEA CAINC1 2024
40023,Choctaw,OK,46655,14.5,83.2,E,BEA CAINC1 2024
29123,Madison,MO,46657,14.5,83.2,E,BEA CAINC1 2024
54105,Wirt,WV,46669,14.5,83.2,E,BEA CAINC1 2024
47017,Carroll,TN,46675,14.5,83.3,E,BEA CAINC1 2024
01125,Tuscaloosa,AL,46696,14.6,83.3,E,BEA CAINC1 2024
28095,Monroe,MS,46700,14.6,83.3,E,BEA CAINC1 2024
39031,Coshocton,OH,46704,14.6,83.3,E,BEA CAINC1 2024
40135,Sequoyah,OK,46719,14.7,83.3,E,BEA CAINC1 2024
13059,Clarke,GA,46732,14.7,83.4,E,BEA CAINC1 2024
21055,Crittenden,KY,46735,14.7,83.4,E,BEA CAINC1 2024
29045,Clark,MO,46744,14.8,83.4,E,BEA CAINC1 2024
40153,Woodward,OK,46748,14.8,83.4,E,BEA CAINC1 2024
01099,Monroe,AL,46759,14.8,83.4,E,BEA CAINC1 2024
05019,Clark,AR,46783,14.9,83.4,E,BEA CAINC1 2024
21099,Hart,KY,46784,14.9,83.4,E,BEA CAINC1 2024
36005,Bronx,NY,46787,14.9,83.4,E,BEA CAINC1 2024
29081,Harrison,MO,46803,15.0,83.5,D,BEA CAINC1 2024
05009,Boone,AR,46825,15.0,83.5,D,BEA CAINC1 2024
26059,Hillsdale,MI,46827,15.0,83.5,D,BEA CAINC1 2024
13105,Elbert,GA,46829,15.1,83.5,D,BEA CAINC1 2024
26003,Alger,MI,46833,15.1,83.5,D,BEA CAINC1 2024
47099,Lawrence,TN,46836,15.1,83.5,D,BEA CAINC1 2024
21119,Knott,KY,46865,15.2,83.6,D,BEA CAINC1 2024
48313,Madison,TX,46869,15.2,83.6,D,BEA CAINC1 2024
37117,Martin,NC,46890,15.2,83.6,D,BEA CAINC1 2024
13193,Macon,GA,46899,15.3,83.6,D,BEA CAINC1 2024
21001,Adair,KY,46912,15.3,83.7,D,BEA CAINC1 2024
45061,Lee,SC,46925,15.3,83.7,D,BEA CAINC1 2024
47073,Hawkins,TN,46925,15.4,83.7,D,BEA CAINC1 2024
13163,Jefferson,GA,46959,15.4,83.8,D,BEA CAINC1 2024
13295,Walker,GA,46959,15.4,83.8,D,BEA CAINC1 2024
48457,Tyler,TX,46970,15.4,83.8,D,BEA CAINC1 2024
21031,Butler,KY,46975,15.5,83.8,D,BEA CAINC1 2024
13083,Dade,GA,46983,15.5,83.8,D,BEA CAINC1 2024
37177,Tyrrell,NC,46999,15.5,83.8,D,BEA CAINC1 2024
16009,Benewah,ID,47007,15.6,83.8,D,BEA CAINC1 2024
54099,Wayne,WV,47014,15.6,83.9,D,BEA CAINC1 2024
26023,Branch,MI,47018,15.6,83.9,D,BEA CAINC1 2024
26113,Missaukee,MI,47035,15.7,83.9,D,BEA CAINC1 2024
05081,Little River,AR,47040,15.7,83.9,D,BEA CAINC1 2024
46071,Jackson,SD,47054,15.7,83.9,D,BEA CAINC1 2024
48379,Rains,TX,47070,15.8,84.0,D,BEA CAINC1 2024
40085,Love,OK,47073,15.8,84.0,D,BEA CAINC1 2024
29093,Iron,MO,47085,15.8,84.0,D,BEA CAINC1 2024
29197,Schuyler,MO,47087,15.9,84.0,D,BEA CAINC1 2024
45067,Marion,SC,47091,15.9,84.0,D,BEA CAINC1 2024
21143,Lyon,KY,47096,15.9,84.0,D,BEA CAINC1 2024
16079,Shoshone,ID,47101,16.0,84.0,D,BEA CAINC1 2024
12079,Madison,FL,47115,16.0,84.0,D,BEA CAINC1 2024
29187,St. Francois,MO,47116,16.0,84.0,D,BEA CAINC1 2024
16035,Clearwater,ID,47119,16.1,84.0,D,BEA CAINC1 2024
08089,Otero,CO,47135,16.1,84.1,D,BEA CAINC1 2024
13245,Richmond,GA,47141,16.1,84.1,D,BEA CAINC1 2024
01039,Covington,AL,47143,16.2,84.1,D,BEA CAINC1 2024
13255,Spalding,GA,47149,16.2,84.1,D,BEA CAINC1 2024
05047,Franklin,AR,47157,16.2,84.1,D,BEA CAINC1 2024
39111,Monroe,OH,47158,16.2,84.1,D,BEA CAINC1 2024
29125,Maries,MO,47162,16.3,84.1,D,BEA CAINC1 2024
13119,Franklin,GA,47173,16.3,84.1,D,BEA CAINC1 2024
29167,Polk,MO,47173,16.3,84.1,D,BEA CAINC1 2024
01093,Marion,AL,47179,16.4,84.1,D,BEA CAINC1 2024
01079,Lawrence,AL,47190,16.4,84.2,D,BEA CAINC1 2024
05021,Clay,AR,47192,16.4,84.2,D,BEA CAINC1 2024
28141,Tishomingo,MS,47200,16.5,84.2,D,BEA CAINC1 2024
13319,Wilkinson,GA,47204,16.5,84.2,D,BEA CAINC1 2024
21077,Gallatin,KY,47218,16.5,84.2,D,BEA CAINC1 2024
01029,Cleburne,AL,47223,16.6,84.2,D,BEA CAINC1 2024
49039,Sanpete,UT,47226,16.6,84.2,D,BEA CAINC1 2024
54031,Hardy,WV,47234,16.6,84.2,D,BEA CAINC1 2024
47005,Benton,TN,47241,16.7,84.3,D,BEA CAINC1 2024
16077,Power,ID,47244,16.7,84.3,D,BEA CAINC1 2024
21213,Simpson,KY,47253,16.7,84.3,D,BEA CAINC1 2024
01133,Winston,AL,47281,16.8,84.3,D,BEA CAINC1 2024
13303,Washington,GA,47292,16.8,84.4,D,BEA CAINC1 2024
35053,Socorro,NM,47298,16.8,84.4,D,BEA CAINC1 2024
28143,Tunica,MS,47310,16.9,84.4,D,BEA CAINC1 2024
48145,Falls,TX,47312,16.9,84.4,D,BEA CAINC1 2024
39101,Marion,OH,47315,16.9,84.4,D,BEA CAINC1 2024
01015,Calhoun,AL,47333,17.0,84.4,D,BEA CAINC1 2024
35037,Quay,NM,47343,17.0,84.4,D,BEA CAINC1 2024
47177,Warren,TN,47359,17.0,84.5,D,BEA CAINC1 2024
48351,Newton,TX,47366,17.1,84.5,D,BEA CAINC1 2024
40061,Haskell,OK,47367,17.1,84.5,D,BEA CAINC1 2024
40113,Osage,OK,47372,17.1,84.5,D,BEA CAINC1 2024
29009,Barry,MO,47374,17.1,84.5,D,BEA CAINC1 2024
51159,Richmond,VA,47384,17.2,84.5,D,BEA CAINC1 2024
13065,Clinch,GA,47386,17.2,84.5,D,BEA CAINC1 2024
22027,Claiborne,LA,47386,17.2,84.5,D,BEA CAINC1 2024
22049,Jackson,LA,47417,17.3,84.6,D,BEA CAINC1 2024
47049,Fentress,TN,47421,17.3,84.6,D,BEA CAINC1 2024
08071,Las Animas,CO,47422,17.3,84.6,D,BEA CAINC1 2024
18009,Blackford,IN,47422,17.4,84.6,D,BEA CAINC1 2024
20005,Atchison,KS,47444,17.4,84.6,D,BEA CAINC1 2024
45075,Orangeburg,SC,47455,17.4,84.6,D,BEA CAINC1 2024
22067,Morehouse,LA,47460,17.5,84.7,D,BEA CAINC1 2024
51025,Brunswick,VA,47473,17.5,84.7,D,BEA CAINC1 2024
05035,Crittenden,AR,47489,17.5,84.7,D,BEA CAINC1 2024
37161,Rutherford,NC,47500,17.6,84.7,D,BEA CAINC1 2024
13087,Decatur,GA,47518,17.6,84.8,D,BEA CAINC1 2024
48445,Terry,TX,47519,17.6,84.8,D,BEA CAINC1 2024
05111,Poinsett,AR,47523,17.7,84.8,D,BEA CAINC1 2024
16043,Fremont (includes Yellowstone Park),ID,47561,17.7,84.8,D,BEA CAINC1 2024
04027,Yuma,AZ*,47582,17.7,84.9,D,BEA CAINC1 2024
13097,Douglas,GA,47602,17.8,84.9,D,BEA CAINC1 2024
12003,Baker,FL,47620,17.8,84.9,D,BEA CAINC1 2024
45049,Hampton,SC,47632,17.8,85.0,D,BEA CAINC1 2024
37075,Graham,NC,47641,17.9,85.0,D,BEA CAINC1 2024
16041,Franklin,ID,47659,17.9,85.0,D,BEA CAINC1 2024
47013,Campbell,TN,47677,17.9,85.0,D,BEA CAINC1 2024
40117,Pawnee,OK,47687,18.0,85.1,D,BEA CAINC1 2024
21035,Calloway,KY,47693,18.0,85.1,D,BEA CAINC1 2024
13185,Lowndes,GA,47701,18.0,85.1,D,BEA CAINC1 2024
40089,McCurtain,OK,47713,18.0,85.1,D,BEA CAINC1 2024
06031,Kings,CA,47718,18.1,85.1,D,BEA CAINC1 2024
29011,Barton,MO,47739,18.1,85.1,D,BEA CAINC1 2024
37165,Scotland,NC,47747,18.1,85.2,D,BEA CAINC1 2024
48169,Garza,TX,47763,18.2,85.2,D,BEA CAINC1 2024
29023,Butler,MO,47775,18.2,85.2,D,BEA CAINC1 2024
12037,Franklin,FL,47784,18.2,85.2,D,BEA CAINC1 2024
01055,Etowah,AL,47787,18.3,85.2,D,BEA CAINC1 2024
20049,Elk,KS,47806,18.3,85.3,D,BEA CAINC1 2024
21033,Caldwell,KY,47832,18.3,85.3,D,BEA CAINC1 2024
08021,Conejos,CO,47836,18.4,85.3,D,BEA CAINC1 2024
54053,Mason,WV,47843,18.4,85.3,D,BEA CAINC1 2024
51135,Nottoway,VA,47849,18.4,85.3,D,BEA CAINC1 2024
47123,Monroe,TN,47859,18.5,85.4,D,BEA CAINC1 2024
32023,Nye,NV,47861,18.5,85.4,D,BEA CAINC1 2024
21235,Whitley,KY,47869,18.5,85.4,D,BEA CAINC1 2024
26061,Houghton,MI,47874,18.6,85.4,D,BEA CAINC1 2024
28103,Noxubee,MS,47881,18.6,85.4,D,BEA CAINC1 2024
39105,Meigs,OH,47890,18.6,85.4,D,BEA CAINC1 2024
13047,Catoosa,GA,47893,18.7,85.4,D,BEA CAINC1 2024
21141,Logan,KY,47923,18.7,85.5,D,BEA CAINC1 2024
35045,San Juan,NM,47931,18.7,85.5,D,BEA CAINC1 2024
28035,Forrest,MS,47943,18.8,85.5,D,BEA CAINC1 2024
21071,Floyd,KY,47956,18.8,85.5,D,BEA CAINC1 2024
05117,Prairie,AR,47967,18.8,85.6,D,BEA CAINC1 2024
05003,Ashley,AR,47973,18.9,85.6,D,BEA CAINC1 2024
39071,Highland,OH,47977,18.9,85.6,D,BEA CAINC1 2024
21173,Montgomery,KY,47981,18.9,85.6,D,BEA CAINC1 2024
01019,Cherokee,AL,47994,18.9,85.6,D,BEA CAINC1 2024
29057,Dade,MO,47998,19.0,85.6,D,BEA CAINC1 2024
29217,Vernon,MO,48003,19.0,85.6,D,BEA CAINC1 2024
39001,Adams,OH,48003,19.0,85.6,D,BEA CAINC1 2024
40013,Bryan,OK,48009,19.1,85.6,D,BEA CAINC1 2024
05133,Sevier,AR,48016,19.1,85.6,D,BEA CAINC1 2024
22025,Catahoula,LA,48028,19.1,85.7,D,BEA CAINC1 2024
12023,Columbia,FL,48052,19.2,85.7,D,BEA CAINC1 2024
47143,Rhea,TN,48059,19.2,85.7,D,BEA CAINC1 2024
20035,Cowley,KS,48066,19.2,85.7,D,BEA CAINC1 2024
47081,Hickman,TN,48075,19.3,85.7,D,BEA CAINC1 2024
13171,Lamar,GA,48077,19.3,85.8,D,BEA CAINC1 2024
01071,Jackson,AL,48078,19.3,85.8,D,BEA CAINC1 2024
45009,Bamberg,SC,48120,19.4,85.8,D,BEA CAINC1 2024
28093,Marshall,MS,48141,19.4,85.9,D,BEA CAINC1 2024
26123,Newaygo,MI,48142,19.4,85.9,D,BEA CAINC1 2024
13155,Irwin,GA,48144,19.5,85.9,D,BEA CAINC1 2024
26165,Wexford,MI,48149,19.5,85.9,D,BEA CAINC1 2024
48459,Upshur,TX,48154,19.5,85.9,D,BEA CAINC1 2024
28139,Tippah,MS,48157,19.6,85.9,D,BEA CAINC1 2024
01021,Chilton,AL,48183,19.6,85.9,D,BEA CAINC1 2024
05145,White,AR,48191,19.6,86.0,D,BEA CAINC1 2024
47059,Greene,TN,48197,19.7,86.0,D,BEA CAINC1 2024
37033,Caswell,NC,48203,19.7,86.0,D,BEA CAINC1 2024
01047,Dallas,AL,48214,19.7,86.0,D,BEA CAINC1 2024
22127,Winn,LA,48228,19.7,86.0,D,BEA CAINC1 2024
40029,Coal,OK,48239,19.8,86.0,D,BEA CAINC1 2024
13253,Seminole,GA,48250,19.8,86.1,D,BEA CAINC1 2024
26079,Kalkaska,MI,48253,19.8,86.1,D,BEA CAINC1 2024
48401,Rusk,TX,48268,19.9,86.1,D,BEA CAINC1 2024
05005,Baxter,AR,48272,19.9,86.1,D,BEA CAINC1 2024
21171,Monroe,KY,48281,19.9,86.1,D,BEA CAINC1 2024
13011,Banks,GA,48312,20.0,86.2,D,BEA CAINC1 2024
45005,Allendale,SC,48320,20.0,86.2,D,BEA CAINC1 2024
13169,Jones,GA,48324,20.0,86.2,D,BEA CAINC1 2024
01065,Hale,AL,48326,20.1,86.2,D,BEA CAINC1 2024
20125,Montgomery,KS,48328,20.1,86.2,D,BEA CAINC1 2024
48073,Cherokee,TX,48329,20.1,86.2,D,BEA CAINC1 2024
28015,Carroll,MS,48341,20.2,86.2,D,BEA CAINC1 2024
22123,West Carroll,LA,48350,20.2,86.2,D,BEA CAINC1 2024
13115,Floyd,GA,48360,20.2,86.3,D,BEA CAINC1 2024
29223,Wayne,MO,48370,20.3,86.3,D,BEA CAINC1 2024
21153,Magoffin,KY,48391,20.3,86.3,D,BEA CAINC1 2024
48407,San Jacinto,TX,48408,20.3,86.3,D,BEA CAINC1 2024
05149,Yell,AR,48409,20.4,86.3,D,BEA CAINC1 2024
29101,Johnson,MO,48420,20.4,86.4,D,BEA CAINC1 2024
54097,Upshur,WV,48437,20.4,86.4,D,BEA CAINC1 2024
35019,Guadalupe,NM,48445,20.5,86.4,D,BEA CAINC1 2024
45023,Chester,SC,48449,20.5,86.4,D,BEA CAINC1 2024
31063,Frontier,NE,48453,20.5,86.4,D,BEA CAINC1 2024
35039,Rio Arriba,NM,48455,20.6,86.4,D,BEA CAINC1 2024
28155,Webster,MS,48459,20.6,86.4,D,BEA CAINC1 2024
40035,Craig,OK,48473,20.6,86.5,D,BEA CAINC1 2024
16049,Idaho,ID,48477,20.6,86.5,D,BEA CAINC1 2024
47183,Weakley,TN,48495,20.7,86.5,D,BEA CAINC1 2024
17005,Bond,IL,48500,20.7,86.5,D,BEA CAINC1 2024
40041,Delaware,OK,48500,20.7,86.5,D,BEA CAINC1 2024
21079,Garrard,KY,48533,20.8,86.6,D,BEA CAINC1 2024
26051,Gladwin,MI,48540,20.8,86.6,D,BEA CAINC1 2024
01009,Blount,AL,48543,20.8,86.6,D,BEA CAINC1 2024
40081,Lincoln,OK,48546,20.9,86.6,D,BEA CAINC1 2024
48207,Haskell,TX,48552,20.9,86.6,D,BEA CAINC1 2024
29015,Benton,MO,48570,20.9,86.6,D,BEA CAINC1 2024
28137,Tate,MS,48572,21.0,86.6,D,BEA CAINC1 2024
47101,Lewis,TN,48574,21.0,86.6,D,BEA CAINC1 2024
20175,Seward,KS,48578,21.0,86.6,D,BEA CAINC1 2024
04015,Mohave,AZ,48586,21.1,86.7,D,BEA CAINC1 2024
39115,Morgan,OH,48586,21.1,86.7,D,BEA CAINC1 2024
08121,Washington,CO,48606,21.1,86.7,D,BEA CAINC1 2024
19179,Wapello,IA,48623,21.2,86.7,D,BEA CAINC1 2024
28001,Adams,MS,48640,21.2,86.8,D,BEA CAINC1 2024
21097,Harrison,KY,48659,21.2,86.8,D,BEA CAINC1 2024
28153,Wayne,MS,48666,21.3,86.8,D,BEA CAINC1 2024
27115,Pine,MN,48677,21.3,86.8,D,BEA CAINC1 2024
47107,McMinn,TN,48697,21.3,86.9,D,BEA CAINC1 2024
13225,Peach,GA,48711,21.4,86.9,D,BEA CAINC1 2024
13175,Laurens,GA,48716,21.4,86.9,D,BEA CAINC1 2024
17153,Pulaski,IL,48723,21.4,86.9,D,BEA CAINC1 2024
47057,Grainger,TN,48728,21.5,86.9,D,BEA CAINC1 2024
28003,Alcorn,MS,48741,21.5,86.9,D,BEA CAINC1 2024
47137,Pickett,TN,48749,21.5,86.9,D,BEA CAINC1 2024
54041,Lewis,WV,48756,21.5,87.0,D,BEA CAINC1 2024
42117,Tioga,PA,48758,21.6,87.0,D,BEA CAINC1 2024
29025,Caldwell,MO,48766,21.6,87.0,D,BEA CAINC1 2024
01045,Dale,AL,48767,21.6,87.0,D,BEA CAINC1 2024
13039,Camden,GA,48776,21.7,87.0,D,BEA CAINC1 2024
28159,Winston,MS,48812,21.7,87.1,D,BEA CAINC1 2024
54027,Hampshire,WV,48814,21.7,87.1,D,BEA CAINC1 2024
20057,Ford,KS,48817,21.8,87.1,D,BEA CAINC1 2024
06035,Lassen,CA,48818,21.8,87.1,D,BEA CAINC1 2024
51009,Amherst,VA,48819,21.8,87.1,D,BEA CAINC1 2024
04001,Apache,AZ,48830,21.9,87.1,D,BEA CAINC1 2024
01033,Colbert,AL,48831,21.9,87.1,D,BEA CAINC1 2024
29149,Oregon,MO,48844,21.9,87.1,D,BEA CAINC1 2024
20019,Chautauqua,KS,48845,22.0,87.1,D,BEA CAINC1 2024
39141,Ross,OH,48854,22.0,87.1,D,BEA CAINC1 2024
47171,Unicoi,TN,48861,22.0,87.1,D,BEA CAINC1 2024
35061,Valencia,NM*,48865,22.1,87.2,D,BEA CAINC1 2024
18021,Clay,IN,48881,22.1,87.2,D,BEA CAINC1 2024
13009,Baldwin,GA,48900,22.1,87.2,D,BEA CAINC1 2024
48349,Navarro,TX,48906,22.2,87.2,D,BEA CAINC1 2024
37199,Yancey,NC,48908,22.2,87.2,D,BEA CAINC1 2024
49041,Sevier,UT,48917,22.2,87.2,D,BEA CAINC1 2024
29159,Pettis,MO,48930,22.3,87.3,D,BEA CAINC1 2024
26033,Chippewa,MI,48932,22.3,87.3,D,BEA CAINC1 2024
40119,Payne,OK,48953,22.3,87.3,D,BEA CAINC1 2024
13143,Haralson,GA,48967,22.4,87.3,D,BEA CAINC1 2024
29103,Knox,MO,48985,22.4,87.4,D,BEA CAINC1 2024
37047,Columbus,NC,48989,22.4,87.4,D,BEA CAINC1 2024
13129,Gordon,GA,49001,22.4,87.4,D,BEA CAINC1 2024
54045,Logan,WV,49013,22.5,87.4,D,BEA CAINC1 2024
29007,Audrain,MO,49041,22.5,87.5,D,BEA CAINC1 2024
35057,Torrance,NM,49049,22.5,87.5,D,BEA CAINC1 2024
28109,Pearl River,MS,49050,22.6,87.5,D,BEA CAINC1 2024
21053,Clinton,KY,49059,22.6,87.5,D,BEA CAINC1 2024
18143,Scott,IN,49073,22.6,87.5,D,BEA CAINC1 2024
38037,Grant,ND,49089,22.7,87.6,D,BEA CAINC1 2024
12097,Osceola,FL,49092,22.7,87.6,D,BEA CAINC1 2024
45047,Greenwood,SC,49107,22.7,87.6,D,BEA CAINC1 2024
45029,Colleton,SC,49111,22.8,87.6,D,BEA CAINC1 2024
05087,Madison,AR,49116,22.8,87.6,D,BEA CAINC1 2024
20207,Woodson,KS,49140,22.8,87.6,D,BEA CAINC1 2024
08099,Prowers,CO,49149,22.9,87.7,D,BEA CAINC1 2024
01023,Choctaw,AL,49151,22.9,87.7,D,BEA CAINC1 2024
17051,Fayette,IL,49155,22.9,87.7,D,BEA CAINC1 2024
05063,Independence,AR,49157,23.0,87.7,D,BEA CAINC1 2024
18123,Perry,IN,49159,23.0,87.7,D,BEA CAINC1 2024
16053,Jerome,ID,49185,23.0,87.7,D,BEA CAINC1 2024
30089,Sanders,MT,49189,23.1,87.7,D,BEA CAINC1 2024
51197,Wythe,VA,49194,23.1,87.7,D,BEA CAINC1 2024
29227,Worth,MO,49216,23.1,87.8,D,BEA CAINC1 2024
16021,Boundary,ID,49219,23.2,87.8,D,BEA CAINC1 2024
21023,Bracken,KY,49234,23.2,87.8,D,BEA CAINC1 2024
21155,Marion,KY,49243,23.2,87.8,D,BEA CAINC1 2024
45081,Saluda,SC,49268,23.2,87.9,D,BEA CAINC1 2024
54065,Morgan,WV,49283,23.3,87.9,D,BEA CAINC1 2024
13199,Meriwether,GA,49285,23.3,87.9,D,BEA CAINC1 2024
51037,Charlotte,VA,49287,23.3,87.9,D,BEA CAINC1 2024
12083,Marion,FL,49299,23.4,87.9,D,BEA CAINC1 2024
51083,Halifax,VA,49300,23.4,87.9,D,BEA CAINC1 2024
48141,El Paso,TX,49306,23.4,87.9,D,BEA CAINC1 2024
21193,Perry,KY,49317,23.5,88.0,D,BEA CAINC1 2024
40015,Caddo,OK,49329,23.5,88.0,D,BEA CAINC1 2024
12075,Levy,FL,49341,23.5,88.0,D,BEA CAINC1 2024
30035,Glacier,MT,49371,23.6,88.1,D,BEA CAINC1 2024
55001,Adams,WI,49375,23.6,88.1,D,BEA CAINC1 2024
51011,Appomattox,VA,49384,23.6,88.1,D,BEA CAINC1 2024
18165,Vermillion,IN,49396,23.7,88.1,D,BEA CAINC1 2024
37181,Vance,NC,49403,23.7,88.1,D,BEA CAINC1 2024
48107,Crosby,TX,49417,23.7,88.1,D,BEA CAINC1 2024
29097,Jasper,MO,49427,23.8,88.2,D,BEA CAINC1 2024
21151,Madison,KY,49437,23.8,88.2,D,BEA CAINC1 2024
16003,Adams,ID,49476,23.8,88.2,D,BEA CAINC1 2024
29161,Phelps,MO,49505,23.9,88.3,D,BEA CAINC1 2024
13289,Twiggs,GA,49516,23.9,88.3,D,BEA CAINC1 2024
22083,Richland,LA,49522,23.9,88.3,D,BEA CAINC1 2024
29105,Laclede,MO,49529,24.0,88.3,D,BEA CAINC1 2024
16039,Elmore,ID,49558,24.0,88.4,D,BEA CAINC1 2024
01077,Lauderdale,AL,49560,24.0,88.4,D,BEA CAINC1 2024
28099,Neshoba,MS,49561,24.1,88.4,D,BEA CAINC1 2024
42035,Clinton,PA,49562,24.1,88.4,D,BEA CAINC1 2024
42061,Huntingdon,PA,49576,24.1,88.4,D,BEA CAINC1 2024
48261,Kenedy,TX,49582,24.1,88.4,D,BEA CAINC1 2024
13257,Stephens,GA,49591,24.2,88.5,D,BEA CAINC1 2024
01025,Clarke,AL,49608,24.2,88.5,D,BEA CAINC1 2024
29017,Bollinger,MO,49617,24.2,88.5,D,BEA CAINC1 2024
02013,Aleutians East Borough,AK*,49624,24.3,88.5,D,BEA CAINC1 2024
20011,Bourbon,KS,49629,24.3,88.5,D,BEA CAINC1 2024
48467,Van Zandt,TX,49646,24.3,88.5,D,BEA CAINC1 2024
28027,Coahoma,MS,49673,24.4,88.6,D,BEA CAINC1 2024
21167,Mercer,KY,49680,24.4,88.6,D,BEA CAINC1 2024
40075,Kiowa,OK,49691,24.4,88.6,D,BEA CAINC1 2024
42063,Indiana,PA,49701,24.5,88.6,D,BEA CAINC1 2024
13313,Whitfield,GA,49706,24.5,88.7,D,BEA CAINC1 2024
51021,Bland,VA,49719,24.5,88.7,D,BEA CAINC1 2024
05027,Columbia,AR,49741,24.6,88.7,D,BEA CAINC1 2024
35013,Doña Ana,NM,49742,24.6,88.7,D,BEA CAINC1 2024
21221,Trigg,KY,49748,24.6,88.7,D,BEA CAINC1 2024
54103,Wetzel,WV,49748,24.7,88.7,D,BEA CAINC1 2024
20037,Crawford,KS,49762,24.7,88.8,D,BEA CAINC1 2024
48237,Jack,TX,49763,24.7,88.8,D,BEA CAINC1 2024
40101,Muskogee,OK,49780,24.8,88.8,D,BEA CAINC1 2024
21047,Christian,KY,49795,24.8,88.8,D,BEA CAINC1 2024
29131,Miller,MO,49799,24.8,88.8,D,BEA CAINC1 2024
54023,Grant,WV,49816,24.9,88.9,D,BEA CAINC1 2024
37091,Hertford,NC,49820,24.9,88.9,D,BEA CAINC1 2024
40115,Ottawa,OK,49839,24.9,88.9,D,BEA CAINC1 2024
26157,Tuscola,MI,49841,25.0,88.9,D,BEA CAINC1 2024
48021,Bastrop,TX,49858,25.0,88.9,D,BEA CAINC1 2024
39033,Crawford,OH,49862,25.0,88.9,D,BEA CAINC1 2024
21227,Warren,KY,49863,25.0,88.9,D,BEA CAINC1 2024
37099,Jackson,NC,49869,25.1,88.9,D,BEA CAINC1 2024
17145,Perry,IL,49885,25.1,89.0,D,BEA CAINC1 2024
29207,Stoddard,MO,49889,25.1,89.0,D,BEA CAINC1 2024
05043,Drew,AR,49891,25.2,89.0,D,BEA CAINC1 2024
13181,Lincoln,GA,49898,25.2,89.0,D,BEA CAINC1 2024
13285,Troup,GA,49905,25.2,89.0,D,BEA CAINC1 2024
48403,Sabine,TX,49906,25.3,89.0,D,BEA CAINC1 2024
17009,Brown,IL,49932,25.3,89.1,D,BEA CAINC1 2024
26073,Isabella,MI,49936,25.3,89.1,D,BEA CAINC1 2024
13277,Tift,GA,49962,25.4,89.1,D,BEA CAINC1 2024
18035,Delaware,IN,49965,25.4,89.1,D,BEA CAINC1 2024
16045,Gem,ID,49972,25.4,89.1,D,BEA CAINC1 2024
48297,Live Oak,TX,49981,25.5,89.1,D,BEA CAINC1 2024
21081,Grant,KY,49999,25.5,89.2,D,BEA CAINC1 2024
39139,Richland,OH,50010,25.5,89.2,D,BEA CAINC1 2024
13095,Dougherty,GA,50024,25.6,89.2,D,BEA CAINC1 2024
47153,Sequatchie,TN,50032,25.6,89.2,D,BEA CAINC1 2024
18117,Orange,IN,50046,25.6,89.3,D,BEA CAINC1 2024
41031,Jefferson,OR,50049,25.7,89.3,D,BEA CAINC1 2024
46007,Bennett,SD,50050,25.7,89.3,D,BEA CAINC1 2024
51903,Alleghany + Covington,VA*,50058,25.7,89.3,D,BEA CAINC1 2024
29181,Ripley,MO,50061,25.8,89.3,D,BEA CAINC1 2024
48371,Pecos,TX,50066,25.8,89.3,D,BEA CAINC1 2024
28135,Tallahatchie,MS,50077,25.8,89.3,D,BEA CAINC1 2024
28023,Clarke,MS,50092,25.9,89.3,D,BEA CAINC1 2024
37065,Edgecombe,NC,50111,25.9,89.4,D,BEA CAINC1 2024
47071,Hardin,TN,50125,25.9,89.4,D,BEA CAINC1 2024
37085,Harnett,NC,50128,25.9,89.4,D,BEA CAINC1 2024
48013,Atascosa,TX,50140,26.0,89.4,D,BEA CAINC1 2024
06015,Del Norte,CA,50144,26.0,89.4,D,BEA CAINC1 2024
39015,Brown,OH,50147,26.0,89.4,D,BEA CAINC1 2024
16027,Canyon,ID,50169,26.1,89.5,D,BEA CAINC1 2024
13205,Mitchell,GA,50183,26.1,89.5,D,BEA CAINC1 2024
45053,Jasper,SC,50184,26.1,89.5,D,BEA CAINC1 2024
30053,Lincoln,MT,50196,26.2,89.5,D,BEA CAINC1 2024
37123,Montgomery,NC,50197,26.2,89.5,D,BEA CAINC1 2024
26025,Calhoun,MI,50199,26.2,89.5,D,BEA CAINC1 2024
29145,Newton,MO,50200,26.3,89.5,D,BEA CAINC1 2024
54055,Mercer,WV,50206,26.3,89.5,D,BEA CAINC1 2024
35047,San Miguel,NM,50234,26.3,89.6,D,BEA CAINC1 2024
39073,Hocking,OH,50237,26.4,89.6,D,BEA CAINC1 2024
45037,Edgefield,SC,50250,26.4,89.6,D,BEA CAINC1 2024
16051,Jefferson,ID,50258,26.4,89.6,D,BEA CAINC1 2024
48429,Stephens,TX,50264,26.5,89.7,D,BEA CAINC1 2024
21191,Pendleton,KY,50282,26.5,89.7,D,BEA CAINC1 2024
54083,Randolph,WV,50300,26.5,89.7,D,BEA CAINC1 2024
21041,Carroll,KY,50303,26.6,89.7,D,BEA CAINC1 2024
26041,Delta,MI,50325,26.6,89.8,D,BEA CAINC1 2024
29169,Pulaski,MO,50340,26.6,89.8,D,BEA CAINC1 2024
26143,Roscommon,MI,50345,26.7,89.8,D,BEA CAINC1 2024
20111,Lyon,KS,50360,26.7,89.8,D,BEA CAINC1 2024
22009,Avoyelles,LA,50360,26.7,89.8,D,BEA CAINC1 2024
56041,Uinta,WY,50370,26.8,89.8,D,BEA CAINC1 2024
48283,La Salle,TX,50399,26.8,89.9,D,BEA CAINC1 2024
16063,Lincoln,ID,50400,26.8,89.9,D,BEA CAINC1 2024
19177,Van Buren,IA,50427,26.8,89.9,D,BEA CAINC1 2024
53019,Ferry,WA,50456,26.9,90.0,D,BEA CAINC1 2024
05067,Jackson,AR,50459,26.9,90.0,D,BEA CAINC1 2024
13221,Oglethorpe,GA,50461,26.9,90.0,D,BEA CAINC1 2024
13081,Crisp,GA,50481,27.0,90.0,D,BEA CAINC1 2024
16071,Oneida,ID,50482,27.0,90.0,D,BEA CAINC1 2024
51939,Pittsylvania + Danville,VA*,50485,27.0,90.0,D,BEA CAINC1 2024
28045,Hancock,MS,50489,27.1,90.1,D,BEA CAINC1 2024
37111,McDowell,NC,50502,27.1,90.1,D,BEA CAINC1 2024
37043,Clay,NC,50528,27.1,90.1,D,BEA CAINC1 2024
53021,Franklin,WA,50535,27.2,90.1,D,BEA CAINC1 2024
28059,Jackson,MS,50536,27.2,90.1,D,BEA CAINC1 2024
01129,Washington,AL,50546,27.2,90.2,D,BEA CAINC1 2024
40105,Nowata,OK,50559,27.3,90.2,D,BEA CAINC1 2024
29055,Crawford,MO,50563,27.3,90.2,D,BEA CAINC1 2024
17107,Logan,IL,50572,27.3,90.2,D,BEA CAINC1 2024
51740,Portsmouth (Independent City),VA,50593,27.4,90.2,D,BEA CAINC1 2024
37083,Halifax,NC,50594,27.4,90.2,D,BEA CAINC1 2024
37027,Caldwell,NC,50611,27.4,90.3,D,BEA CAINC1 2024
13001,Appling,GA,50616,27.5,90.3,D,BEA CAINC1 2024
51173,Smyth,VA,50617,27.5,90.3,D,BEA CAINC1 2024
18065,Henry,IN,50630,27.5,90.3,D,BEA CAINC1 2024
18023,Clinton,IN,50632,27.6,90.3,D,BEA CAINC1 2024
06029,Kern,CA,50641,27.6,90.3,D,BEA CAINC1 2024
51913,Carroll + Galax,VA*,50643,27.6,90.3,D,BEA CAINC1 2024
19007,Appanoose,IA,50647,27.6,90.3,D,BEA CAINC1 2024
13291,Union,GA,50654,27.7,90.3,D,BEA CAINC1 2024
40097,Mayes,OK,50654,27.7,90.3,D,BEA CAINC1 2024
21195,Pike,KY,50689,27.7,90.4,D,BEA CAINC1 2024
42105,Potter,PA,50689,27.8,90.4,D,BEA CAINC1 2024
29171,Putnam,MO,50694,27.8,90.4,D,BEA CAINC1 2024
40125,Pottawatomie,OK,50705,27.8,90.4,D,BEA CAINC1 2024
02050,Bethel Census Area,AK*,50706,27.9,90.4,D,BEA CAINC1 2024
50009,Essex,VT,50712,27.9,90.5,D,BEA CAINC1 2024
28085,Lincoln,MS,50714,27.9,90.5,D,BEA CAINC1 2024
51049,Cumberland,VA,50714,28.0,90.5,D,BEA CAINC1 2024
05031,Craighead,AR,50720,28.0,90.5,D,BEA CAINC1 2024
20163,Rooks,KS,50725,28.0,90.5,D,BEA CAINC1 2024
48455,Trinity,TX,50727,28.1,90.5,D,BEA CAINC1 2024
51911,Campbell + Lynchburg,VA*,50729,28.1,90.5,D,BEA CAINC1 2024
12039,Gadsden,FL,50734,28.1,90.5,D,BEA CAINC1 2024
21237,Wolfe,KY,50741,28.2,90.5,D,BEA CAINC1 2024
48273,Kleberg,TX,50745,28.2,90.5,D,BEA CAINC1 2024
54019,Fayette,WV,50745,28.2,90.5,D,BEA CAINC1 2024
39047,Fayette,OH,50746,28.3,90.5,D,BEA CAINC1 2024
22091,St. Helena,LA,50760,28.3,90.5,D,BEA CAINC1 2024
12017,Citrus,FL,50762,28.3,90.5,D,BEA CAINC1 2024
20097,Kiowa,KS,50765,28.4,90.5,D,BEA CAINC1 2024
29115,Linn,MO,50769,28.4,90.6,D,BEA CAINC1 2024
04021,Pinal,AZ,50771,28.4,90.6,D,BEA CAINC1 2024
37121,Mitchell,NC,50776,28.5,90.6,D,BEA CAINC1 2024
37187,Washington,NC,50780,28.5,90.6,D,BEA CAINC1 2024
13147,Hart,GA,50804,28.5,90.6,D,BEA CAINC1 2024
01081,Lee,AL,50811,28.5,90.6,D,BEA CAINC1 2024
21229,Washington,KY,50816,28.6,90.6,D,BEA CAINC1 2024
22053,Jefferson Davis,LA,50817,28.6,90.6,D,BEA CAINC1 2024
42031,Clarion,PA,50839,28.6,90.7,D,BEA CAINC1 2024
37157,Rockingham,NC,50840,28.7,90.7,D,BEA CAINC1 2024
04023,Santa Cruz,AZ,50841,28.7,90.7,D,BEA CAINC1 2024
34011,Cumberland,NJ,50843,28.7,90.7,D,BEA CAINC1 2024
05105,Perry,AR,50849,28.8,90.7,D,BEA CAINC1 2024
21005,Anderson,KY,50855,28.8,90.7,D,BEA CAINC1 2024
20053,Ellsworth,KS,50858,28.8,90.7,D,BEA CAINC1 2024
28151,Washington,MS,50860,28.9,90.7,D,BEA CAINC1 2024
30109,Wibaux,MT,50865,28.9,90.7,D,BEA CAINC1 2024
47055,Giles,TN,50868,28.9,90.7,D,BEA CAINC1 2024
28061,Jasper,MS,50873,29.0,90.7,D,BEA CAINC1 2024
26127,Oceana,MI,50878,29.0,90.7,D,BEA CAINC1 2024
13021,Bibb,GA,50904,29.0,90.8,D,BEA CAINC1 2024
54035,Jackson,WV,50906,29.1,90.8,D,BEA CAINC1 2024
36089,St. Lawrence,NY,50912,29.1,90.8,D,BEA CAINC1 2024
29069,Dunklin,MO,50914,29.1,90.8,D,BEA CAINC1 2024
37115,Madison,NC,50927,29.2,90.8,D,BEA CAINC1 2024
16011,Bingham,ID,50928,29.2,90.8,D,BEA CAINC1 2024
37163,Sampson,NC,50934,29.2,90.8,D,BEA CAINC1 2024
48231,Hunt,TX,50952,29.3,90.9,D,BEA CAINC1 2024
17077,Jackson,IL,50957,29.3,90.9,D,BEA CAINC1 2024
29141,Morgan,MO,50957,29.3,90.9,D,BEA CAINC1 2024
48161,Freestone,TX,50965,29.4,90.9,D,BEA CAINC1 2024
30061,Mineral,MT,50972,29.4,90.9,D,BEA CAINC1 2024
13159,Jasper,GA,50974,29.4,90.9,D,BEA CAINC1 2024
48147,Fannin,TX,50981,29.4,90.9,D,BEA CAINC1 2024
39081,Jefferson,OH,50985,29.5,90.9,D,BEA CAINC1 2024
28047,Harrison,MS,50986,29.5,90.9,D,BEA CAINC1 2024
17157,Randolph,IL,51003,29.5,91.0,D,BEA CAINC1 2024
28077,Lawrence,MS,51006,29.6,91.0,D,BEA CAINC1 2024
28127,Simpson,MS,51041,29.6,91.0,D,BEA CAINC1 2024
40039,Custer,OK,51043,29.6,91.0,D,BEA CAINC1 2024
20117,Marshall,KS,51044,29.7,91.0,D,BEA CAINC1 2024
37023,Burke,NC,51046,29.7,91.0,D,BEA CAINC1 2024
46027,Clay,SD,51050,29.7,91.1,D,BEA CAINC1 2024
47085,Humphreys,TN,51055,29.8,91.1,D,BEA CAINC1 2024
18133,Putnam,IN,51068,29.8,91.1,D,BEA CAINC1 2024
13273,Terrell,GA,51069,29.8,91.1,D,BEA CAINC1 2024
36073,Orleans,NY,51092,29.9,91.1,D,BEA CAINC1 2024
22125,West Feliciana,LA,51097,29.9,91.1,D,BEA CAINC1 2024
18095,Madison,IN,51116,29.9,91.2,D,BEA CAINC1 2024
42087,Mifflin,PA,51124,30.0,91.2,D,BEA CAINC1 2024
47041,DeKalb,TN,51129,30.0,91.2,D,BEA CAINC1 2024
38001,Adams,ND,51135,30.0,91.2,D,BEA CAINC1 2024
53075,Whitman,WA,51136,30.1,91.2,D,BEA CAINC1 2024
48067,Cass,TX,51139,30.1,91.2,D,BEA CAINC1 2024
32021,Mineral,NV,51143,30.1,91.2,D,BEA CAINC1 2024
20107,Linn,KS,51148,30.2,91.2,D,BEA CAINC1 2024
55057,Juneau,WI,51172,30.2,91.3,D,BEA CAINC1 2024
37045,Cleveland,NC,51181,30.2,91.3,D,BEA CAINC1 2024
39039,Defiance,OH,51182,30.3,91.3,D,BEA CAINC1 2024
39029,Columbiana,OH,51183,30.3,91.3,D,BEA CAINC1 2024
48447,Throckmorton,TX,51196,30.3,91.3,D,BEA CAINC1 2024
18017,Cass,IN,51201,30.3,91.3,D,BEA CAINC1 2024
40071,Kay,OK,51201,30.4,91.3,D,BEA CAINC1 2024
01095,Marshall,AL,51209,30.4,91.3,D,BEA CAINC1 2024
06039,Madera,CA,51225,30.4,91.4,D,BEA CAINC1 2024
35021,Harding,NM,51246,30.5,91.4,D,BEA CAINC1 2024
40095,Marshall,OK,51250,30.5,91.4,D,BEA CAINC1 2024
13123,Gilmer,GA,51256,30.5,91.4,D,BEA CAINC1 2024
21021,Boyle,KY,51266,30.6,91.4,D,BEA CAINC1 2024
05029,Conway,AR,51282,30.6,91.5,D,BEA CAINC1 2024
26121,Muskegon,MI,51283,30.6,91.5,D,BEA CAINC1 2024
22097,St. Landry,LA,51290,30.7,91.5,D,BEA CAINC1 2024
13195,Madison,GA,51311,30.7,91.5,D,BEA CAINC1 2024
36009,Cattaraugus,NY,51316,30.7,91.5,D,BEA CAINC1 2024
20133,Neosho,KS,51317,30.8,91.5,D,BEA CAINC1 2024
48153,Floyd,TX,51343,30.8,91.6,D,BEA CAINC1 2024
47089,Jefferson,TN,51358,30.8,91.6,D,BEA CAINC1 2024
29195,Saline,MO,51364,30.9,91.6,D,BEA CAINC1 2024
39127,Perry,OH,51367,30.9,91.6,D,BEA CAINC1 2024
18053,Grant,IN,51373,30.9,91.6,D,BEA CAINC1 2024
17055,Franklin,IL,51381,31.0,91.6,D,BEA CAINC1 2024
17109,McDonough,IL,51383,31.0,91.6,D,BEA CAINC1 2024
55003,Ashland,WI,51395,31.0,91.7,D,BEA CAINC1 2024
20191,Sumner,KS,51402,31.1,91.7,D,BEA CAINC1 2024
51929,Henry + Martinsville,VA*,51414,31.1,91.7,D,BEA CAINC1 2024
22001,Acadia,LA,51423,31.1,91.7,D,BEA CAINC1 2024
26133,Osceola,MI,51435,31.1,91.7,D,BEA CAINC1 2024
46009,Bon Homme,SD,51442,31.2,91.8,D,BEA CAINC1 2024
42111,Somerset,PA,51445,31.2,91.8,D,BEA CAINC1 2024
12053,Hernando,FL,51450,31.2,91.8,D,BEA CAINC1 2024
40049,Garvin,OK,51464,31.3,91.8,D,BEA CAINC1 2024
05017,Chicot,AR,51481,31.3,91.8,D,BEA CAINC1 2024
06047,Merced,CA,51481,31.3,91.8,D,BEA CAINC1 2024
22013,Bienville,LA,51482,31.4,91.8,D,BEA CAINC1 2024
39145,Scioto,OH,51484,31.4,91.8,D,BEA CAINC1 2024
17127,Massac,IL,51487,31.4,91.8,D,BEA CAINC1 2024
51918,"Dinwiddie, Colonial Heights + Petersburg",VA*,51488,31.5,91.8,D,BEA CAINC1 2024
37009,Ashe,NC,51489,31.5,91.8,D,BEA CAINC1 2024
08101,Pueblo,CO,51492,31.5,91.8,D,BEA CAINC1 2024
26109,Menominee,MI,51492,31.6,91.8,D,BEA CAINC1 2024
49045,Tooele,UT,51494,31.6,91.8,D,BEA CAINC1 2024
51710,Norfolk (Independent City),VA,51498,31.6,91.9,D,BEA CAINC1 2024
18167,Vigo,IN,51499,31.7,91.9,D,BEA CAINC1 2024
37153,Richmond,NC,51502,31.7,91.9,D,BEA CAINC1 2024
30075,Powder River,MT,51522,31.7,91.9,D,BEA CAINC1 2024
05131,Sebastian,AR,51559,31.8,92.0,D,BEA CAINC1 2024
55137,Waushara,WI,51567,31.8,92.0,D,BEA CAINC1 2024
26075,Jackson,MI,51569,31.8,92.0,D,BEA CAINC1 2024
42121,Venango,PA,51584,31.9,92.0,D,BEA CAINC1 2024
47015,Cannon,TN,51584,31.9,92.0,D,BEA CAINC1 2024
51185,Tazewell,VA,51592,31.9,92.0,D,BEA CAINC1 2024
27087,Mahnomen,MN,51616,32.0,92.1,D,BEA CAINC1 2024
55041,Forest,WI,51621,32.0,92.1,D,BEA CAINC1 2024
48411,San Saba,TX,51632,32.0,92.1,D,BEA CAINC1 2024
45027,Clarendon,SC,51633,32.0,92.1,D,BEA CAINC1 2024
29117,Livingston,MO,51635,32.1,92.1,D,BEA CAINC1 2024
39131,Pike,OH,51649,32.1,92.1,D,BEA CAINC1 2024
26149,St. Joseph,MI,51660,32.1,92.1,D,BEA CAINC1 2024
28011,Bolivar,MS,51666,32.2,92.2,D,BEA CAINC1 2024
29173,Ralls,MO,51680,32.2,92.2,D,BEA CAINC1 2024
05011,Bradley,AR,51688,32.2,92.2,D,BEA CAINC1 2024
48347,Nacogdoches,TX,51699,32.3,92.2,D,BEA CAINC1 2024
01109,Pike,AL,51706,32.3,92.2,D,BEA CAINC1 2024
20041,Dickinson,KS,51706,32.3,92.2,D,BEA CAINC1 2024
26131,Ontonagon,MI,51710,32.4,92.2,D,BEA CAINC1 2024
37159,Rowan,NC,51712,32.4,92.2,D,BEA CAINC1 2024
26141,Presque Isle,MI,51752,32.4,92.3,D,BEA CAINC1 2024
26151,Sanilac,MI,51754,32.5,92.3,D,BEA CAINC1 2024
48337,Montague,TX,51772,32.5,92.3,D,BEA CAINC1 2024
48049,Brown,TX,51791,32.5,92.4,D,BEA CAINC1 2024
24045,Wicomico,MD,51806,32.6,92.4,D,BEA CAINC1 2024
37005,Alleghany,NC,51809,32.6,92.4,D,BEA CAINC1 2024
48119,Delta,TX,51821,32.6,92.4,D,BEA CAINC1 2024
05039,Dallas,AR,51824,32.7,92.4,D,BEA CAINC1 2024
28067,Jones,MS,51824,32.7,92.4,D,BEA CAINC1 2024
20001,Allen,KS,51828,32.7,92.4,D,BEA CAINC1 2024
46095,Mellette,SD,51842,32.8,92.5,D,BEA CAINC1 2024
42015,Bradford,PA,51843,32.8,92.5,D,BEA CAINC1 2024
42065,Jefferson,PA,51846,32.8,92.5,D,BEA CAINC1 2024
26101,Manistee,MI,51847,32.9,92.5,D,BEA CAINC1 2024
26103,Marquette,MI,51849,32.9,92.5,D,BEA CAINC1 2024
51117,Mecklenburg,VA,51880,32.9,92.5,D,BEA CAINC1 2024
30015,Chouteau,MT,51888,32.9,92.5,D,BEA CAINC1 2024
13013,Barrow,GA,51925,33.0,92.6,D,BEA CAINC1 2024
37151,Randolph,NC,51934,33.0,92.6,D,BEA CAINC1 2024
54025,Greenbrier,WV,51940,33.0,92.6,D,BEA CAINC1 2024
21199,Pulaski,KY,51943,33.1,92.6,D,BEA CAINC1 2024
51933,Montgomery + Radford,VA*,51943,33.1,92.6,D,BEA CAINC1 2024
19127,Marshall,IA,51945,33.1,92.6,D,BEA CAINC1 2024
18041,Fayette,IN,51950,33.2,92.7,D,BEA CAINC1 2024
26011,Arenac,MI,51950,33.2,92.7,D,BEA CAINC1 2024
22073,Ouachita,LA,51953,33.2,92.7,D,BEA CAINC1 2024
29213,Taney,MO,51959,33.3,92.7,D,BEA CAINC1 2024
38083,Sheridan,ND,51968,33.3,92.7,D,BEA CAINC1 2024
42097,Northumberland,PA,51987,33.3,92.7,D,BEA CAINC1 2024
17017,Cass,IL,51995,33.4,92.7,D,BEA CAINC1 2024
17095,Knox,IL,51995,33.4,92.7,D,BEA CAINC1 2024
05013,Calhoun,AR,52035,33.4,92.8,D,BEA CAINC1 2024
48275,Knox,TX,52053,33.5,92.8,D,BEA CAINC1 2024
39147,Seneca,OH,52061,33.5,92.9,D,BEA CAINC1 2024
48465,Val Verde,TX,52067,33.5,92.9,D,BEA CAINC1 2024
21219,Todd,KY,52075,33.6,92.9,D,BEA CAINC1 2024
22085,Sabine,LA,52076,33.6,92.9,D,BEA CAINC1 2024
30065,Musselshell,MT,52084,33.6,92.9,D,BEA CAINC1 2024
53065,Stevens,WA,52086,33.7,92.9,D,BEA CAINC1 2024
45077,Pickens,SC,52091,33.7,92.9,D,BEA CAINC1 2024
21107,Hopkins,KY,52111,33.7,92.9,D,BEA CAINC1 2024
37069,Franklin,NC,52112,33.8,92.9,D,BEA CAINC1 2024
39077,Huron,OH,52114,33.8,93.0,D,BEA CAINC1 2024
20145,Pawnee,KS,52115,33.8,93.0,D,BEA CAINC1 2024
06025,Imperial,CA,52117,33.8,93.0,D,BEA CAINC1 2024
36099,Seneca,NY,52125,33.9,93.0,D,BEA CAINC1 2024
26001,Alcona,MI,52130,33.9,93.0,D,BEA CAINC1 2024
40151,Woods,OK,52135,33.9,93.0,D,BEA CAINC1 2024
49003,Box Elder,UT,52138,34.0,93.0,D,BEA CAINC1 2024
13187,Lumpkin,GA,52148,34.0,93.0,D,BEA CAINC1 2024
42039,Crawford,PA,52158,34.0,93.0,D,BEA CAINC1 2024
22107,Tensas,LA,52162,34.1,93.0,D,BEA CAINC1 2024
47053,Gibson,TN,52194,34.1,93.1,D,BEA CAINC1 2024
20105,Lincoln,KS,52199,34.1,93.1,D,BEA CAINC1 2024
53025,Grant,WA,52210,34.2,93.1,D,BEA CAINC1 2024
45085,Sumter,SC,52221,34.2,93.1,D,BEA CAINC1 2024
22095,St. John the Baptist,LA,52224,34.2,93.1,D,BEA CAINC1 2024
21019,Boyd,KY,52228,34.3,93.2,D,BEA CAINC1 2024
26069,Iosco,MI,52230,34.3,93.2,D,BEA CAINC1 2024
48203,Harrison,TX,52232,34.3,93.2,D,BEA CAINC1 2024
22113,Vermilion,LA,52234,34.4,93.2,D,BEA CAINC1 2024
31091,Hooker,NE,52245,34.4,93.2,D,BEA CAINC1 2024
36013,Chautauqua,NY,52247,34.4,93.2,D,BEA CAINC1 2024
22105,Tangipahoa,LA,52248,34.5,93.2,D,BEA CAINC1 2024
21163,Meade,KY,52259,34.5,93.2,D,BEA CAINC1 2024
32019,Lyon,NV,52262,34.5,93.2,D,BEA CAINC1 2024
28031,Covington,MS,52277,34.6,93.2,D,BEA CAINC1 2024
05061,Howard,AR,52293,34.6,93.3,D,BEA CAINC1 2024
37169,Stokes,NC,52304,34.6,93.3,D,BEA CAINC1 2024
01103,Morgan,AL,52318,34.6,93.3,D,BEA CAINC1 2024
45031,Darlington,SC,52320,34.7,93.3,D,BEA CAINC1 2024
13223,Paulding,GA,52365,34.7,93.4,D,BEA CAINC1 2024
22099,St. Martin,LA,52366,34.7,93.4,D,BEA CAINC1 2024
21139,Livingston,KY,52369,34.8,93.4,D,BEA CAINC1 2024
18157,Tippecanoe,IN,52373,34.8,93.4,D,BEA CAINC1 2024
37051,Cumberland,NC,52382,34.8,93.4,D,BEA CAINC1 2024
32011,Eureka,NV,52387,34.9,93.4,D,BEA CAINC1 2024
29073,Gasconade,MO,52392,34.9,93.4,D,BEA CAINC1 2024
47003,Bedford,TN,52401,34.9,93.5,D,BEA CAINC1 2024
16067,Minidoka,ID,52408,35.0,93.5,C,BEA CAINC1 2024
05023,Cleburne,AR,52409,35.0,93.5,C,BEA CAINC1 2024
46085,Lyman,SD,52419,35.0,93.5,C,BEA CAINC1 2024
48373,Polk,TX,52427,35.1,93.5,C,BEA CAINC1 2024
17057,Fulton,IL,52445,35.1,93.5,C,BEA CAINC1 2024
49023,Juab,UT,52463,35.1,93.6,C,BEA CAINC1 2024
55023,Crawford,WI,52463,35.2,93.6,C,BEA CAINC1 2024
51027,Buchanan,VA,52465,35.2,93.6,C,BEA CAINC1 2024
41069,Wheeler,OR,52470,35.2,93.6,C,BEA CAINC1 2024
36023,Cortland,NY,52477,35.3,93.6,C,BEA CAINC1 2024
39155,Trumbull,OH,52479,35.3,93.6,C,BEA CAINC1 2024
47035,Cumberland,TN,52483,35.3,93.6,C,BEA CAINC1 2024
05041,Desha,AR,52490,35.4,93.6,C,BEA CAINC1 2024
53049,Pacific,WA,52507,35.4,93.7,C,BEA CAINC1 2024
21149,McLean,KY,52510,35.4,93.7,C,BEA CAINC1 2024
48063,Camp,TX,52528,35.5,93.7,C,BEA CAINC1 2024
48307,McCulloch,TX,52532,35.5,93.7,C,BEA CAINC1 2024
13151,Henry,GA,52537,35.5,93.7,C,BEA CAINC1 2024
55119,Taylor,WI,52543,35.5,93.7,C,BEA CAINC1 2024
42123,Warren,PA,52544,35.6,93.7,C,BEA CAINC1 2024
29035,Carter,MO,52549,35.6,93.7,C,BEA CAINC1 2024
05053,Grant,AR,52550,35.6,93.7,C,BEA CAINC1 2024
08063,Kit Carson,CO,52550,35.7,93.7,C,BEA CAINC1 2024
05045,Faulkner,AR,52556,35.7,93.7,C,BEA CAINC1 2024
20115,Marion,KS,52566,35.7,93.8,C,BEA CAINC1 2024
21189,Owsley,KY,52567,35.8,93.8,C,BEA CAINC1 2024
22045,Iberia,LA,52567,35.8,93.8,C,BEA CAINC1 2024
35051,Sierra,NM,52569,35.8,93.8,C,BEA CAINC1 2024
01091,Marengo,AL,52576,35.9,93.8,C,BEA CAINC1 2024
20205,Wilson,KS,52577,35.9,93.8,C,BEA CAINC1 2024
38065,Oliver,ND,52588,35.9,93.8,C,BEA CAINC1 2024
27159,Wadena,MN,52596,36.0,93.8,C,BEA CAINC1 2024
06033,Lake,CA,52606,36.0,93.8,C,BEA CAINC1 2024
35007,Colfax,NM,52638,36.0,93.9,C,BEA CAINC1 2024
26153,Schoolcraft,MI,52654,36.1,93.9,C,BEA CAINC1 2024
36075,Oswego,NY,52675,36.1,94.0,C,BEA CAINC1 2024
40069,Johnston,OK,52678,36.1,94.0,C,BEA CAINC1 2024
16007,Bear Lake,ID,52688,36.2,94.0,C,BEA CAINC1 2024
13153,Houston,GA,52696,36.2,94.0,C,BEA CAINC1 2024
42057,Fulton,PA,52697,36.2,94.0,C,BEA CAINC1 2024
26145,Saginaw,MI,52699,36.3,94.0,C,BEA CAINC1 2024
24001,Allegany,MD,52707,36.3,94.0,C,BEA CAINC1 2024
16073,Owyhee,ID,52712,36.3,94.0,C,BEA CAINC1 2024
51045,Craig,VA,52712,36.4,94.0,C,BEA CAINC1 2024
48079,Cochran,TX,52714,36.4,94.0,C,BEA CAINC1 2024
18125,Pike,IN,52716,36.4,94.0,C,BEA CAINC1 2024
23007,Franklin,ME,52725,36.4,94.0,C,BEA CAINC1 2024
26137,Otsego,MI,52732,36.5,94.1,C,BEA CAINC1 2024
39059,Guernsey,OH,52739,36.5,94.1,C,BEA CAINC1 2024
51139,Page,VA,52748,36.5,94.1,C,BEA CAINC1 2024
28083,Leflore,MS,52765,36.6,94.1,C,BEA CAINC1 2024
37145,Person,NC,52765,36.6,94.1,C,BEA CAINC1 2024
48343,Morris,TX,52766,36.6,94.1,C,BEA CAINC1 2024
48327,Menard,TX,52790,36.7,94.2,C,BEA CAINC1 2024
42021,Cambria,PA,52794,36.7,94.2,C,BEA CAINC1 2024
40051,Grady,OK,52795,36.7,94.2,C,BEA CAINC1 2024
29013,Bates,MO,52804,36.8,94.2,C,BEA CAINC1 2024
16033,Clark,ID,52819,36.8,94.2,C,BEA CAINC1 2024
17183,Vermilion,IL,52819,36.8,94.2,C,BEA CAINC1 2024
23017,Oxford,ME,52819,36.9,94.2,C,BEA CAINC1 2024
37131,Northampton,NC,52819,36.9,94.2,C,BEA CAINC1 2024
18161,Union,IN,52843,36.9,94.3,C,BEA CAINC1 2024
29211,Sullivan,MO,52864,37.0,94.3,C,BEA CAINC1 2024
39023,Clark,OH,52869,37.0,94.3,C,BEA CAINC1 2024
48131,Duval,TX,52871,37.0,94.3,C,BEA CAINC1 2024
05093,Mississippi,AR,52873,37.1,94.3,C,BEA CAINC1 2024
26155,Shiawassee,MI,52873,37.1,94.3,C,BEA CAINC1 2024
29027,Callaway,MO,52873,37.1,94.3,C,BEA CAINC1 2024
48331,Milam,TX,52877,37.2,94.3,C,BEA CAINC1 2024
37193,Wilkes,NC,52892,37.2,94.3,C,BEA CAINC1 2024
17081,Jefferson,IL,52893,37.2,94.3,C,BEA CAINC1 2024
13007,Baker,GA,52904,37.3,94.4,C,BEA CAINC1 2024
16075,Payette,ID,52912,37.3,94.4,C,BEA CAINC1 2024
47063,Hamblen,TN,52916,37.3,94.4,C,BEA CAINC1 2024
47077,Henderson,TN,52917,37.3,94.4,C,BEA CAINC1 2024
28129,Smith,MS,52922,37.4,94.4,C,BEA CAINC1 2024
39171,Williams,OH,52928,37.4,94.4,C,BEA CAINC1 2024
42051,Fayette,PA,52939,37.4,94.4,C,BEA CAINC1 2024
47011,Bradley,TN,52951,37.5,94.4,C,BEA CAINC1 2024
17191,Wayne,IL,52956,37.5,94.5,C,BEA CAINC1 2024
01041,Crenshaw,AL,52962,37.5,94.5,C,BEA CAINC1 2024
29121,Macon,MO,52966,37.6,94.5,C,BEA CAINC1 2024
40083,Logan,OK,52968,37.6,94.5,C,BEA CAINC1 2024
48041,Brazos,TX,52970,37.6,94.5,C,BEA CAINC1 2024
41037,Lake,OR,53014,37.7,94.6,C,BEA CAINC1 2024
48115,Dawson,TX,53016,37.7,94.6,C,BEA CAINC1 2024
45007,Anderson,SC,53021,37.7,94.6,C,BEA CAINC1 2024
53027,Grays Harbor,WA,53029,37.8,94.6,C,BEA CAINC1 2024
26091,Lenawee,MI,53030,37.8,94.6,C,BEA CAINC1 2024
42107,Schuylkill,PA,53043,37.8,94.6,C,BEA CAINC1 2024
26105,Mason,MI,53069,37.9,94.7,C,BEA CAINC1 2024
48249,Jim Wells,TX,53073,37.9,94.7,C,BEA CAINC1 2024
05103,Ouachita,AR,53075,37.9,94.7,C,BEA CAINC1 2024
06107,Tulare,CA,53098,38.0,94.7,C,BEA CAINC1 2024
39143,Sandusky,OH,53099,38.0,94.7,C,BEA CAINC1 2024
48245,Jefferson,TX,53111,38.0,94.7,C,BEA CAINC1 2024
47159,Smith,TN,53117,38.1,94.7,C,BEA CAINC1 2024
48499,Wood,TX,53117,38.1,94.7,C,BEA CAINC1 2024
55053,Jackson,WI,53121,38.1,94.7,C,BEA CAINC1 2024
42085,Mercer,PA,53129,38.2,94.8,C,BEA CAINC1 2024
47031,Coffee,TN,53153,38.2,94.8,C,BEA CAINC1 2024
08029,Delta,CO,53170,38.2,94.8,C,BEA CAINC1 2024
19039,Clarke,IA,53184,38.2,94.9,C,BEA CAINC1 2024
18067,Howard,IN,53185,38.3,94.9,C,BEA CAINC1 2024
42083,McKean,PA,53193,38.3,94.9,C,BEA CAINC1 2024
54057,Mineral,WV,53207,38.3,94.9,C,BEA CAINC1 2024
17047,Edwards,IL,53227,38.4,94.9,C,BEA CAINC1 2024
39005,Ashland,OH,53234,38.4,94.9,C,BEA CAINC1 2024
18001,Adams,IN,53240,38.4,95.0,C,BEA CAINC1 2024
47051,Franklin,TN,53240,38.5,95.0,C,BEA CAINC1 2024
20155,Reno,KS,53245,38.5,95.0,C,BEA CAINC1 2024
21223,Trimble,KY,53257,38.5,95.0,C,BEA CAINC1 2024
39007,Ashtabula,OH,53259,38.6,95.0,C,BEA CAINC1 2024
28075,Lauderdale,MS,53272,38.6,95.0,C,BEA CAINC1 2024
40037,Creek,OK,53272,38.6,95.0,C,BEA CAINC1 2024
40063,Hughes,OK,53297,38.7,95.1,C,BEA CAINC1 2024
54051,Marshall,WV,53299,38.7,95.1,C,BEA CAINC1 2024
40099,Murray,OK,53313,38.7,95.1,C,BEA CAINC1 2024
01013,Butler,AL,53320,38.8,95.1,C,BEA CAINC1 2024
51700,Newport News (Independent City),VA,53320,38.8,95.1,C,BEA CAINC1 2024
48483,Wheeler,TX,53330,38.8,95.1,C,BEA CAINC1 2024
22101,St. Mary,LA,53332,38.9,95.1,C,BEA CAINC1 2024
30011,Carter,MT,53344,38.9,95.1,C,BEA CAINC1 2024
22111,Union,LA,53356,38.9,95.2,C,BEA CAINC1 2024
13015,Bartow,GA,53357,39.0,95.2,C,BEA CAINC1 2024
21233,Webster,KY,53393,39.0,95.2,C,BEA CAINC1 2024
06103,Tehama,CA,53402,39.0,95.2,C,BEA CAINC1 2024
29205,Shelby,MO,53410,39.0,95.3,C,BEA CAINC1 2024
40093,Major,OK,53411,39.1,95.3,C,BEA CAINC1 2024
23025,Somerset,ME,53415,39.1,95.3,C,BEA CAINC1 2024
39053,Gallia,OH,53417,39.1,95.3,C,BEA CAINC1 2024
48165,Gaines,TX,53425,39.2,95.3,C,BEA CAINC1 2024
08009,Baca,CO,53426,39.2,95.3,C,BEA CAINC1 2024
40145,Wagoner,OK,53428,39.2,95.3,C,BEA CAINC1 2024
13263,Talbot,GA,53431,39.3,95.3,C,BEA CAINC1 2024
48257,Kaufman,TX,53448,39.3,95.3,C,BEA CAINC1 2024
35055,Taos,NM,53449,39.3,95.3,C,BEA CAINC1 2024
31045,Dawes,NE,53452,39.4,95.3,C,BEA CAINC1 2024
37003,Alexander,NC,53459,39.4,95.4,C,BEA CAINC1 2024
39019,Carroll,OH,53476,39.4,95.4,C,BEA CAINC1 2024
08055,Huerfano,CO,53491,39.5,95.4,C,BEA CAINC1 2024
26071,Iron,MI,53507,39.5,95.4,C,BEA CAINC1 2024
20059,Franklin,KS,53518,39.5,95.5,C,BEA CAINC1 2024
21161,Mason,KY,53520,39.6,95.5,C,BEA CAINC1 2024
18107,Montgomery,IN,53534,39.6,95.5,C,BEA CAINC1 2024
55033,Dunn,WI,53534,39.6,95.5,C,BEA CAINC1 2024
39117,Morrow,OH,53536,39.7,95.5,C,BEA CAINC1 2024
20099,Labette,KS,53557,39.7,95.5,C,BEA CAINC1 2024
21049,Clark,KY,53557,39.7,95.5,C,BEA CAINC1 2024
48277,Lamar,TX,53557,39.8,95.5,C,BEA CAINC1 2024
48005,Angelina,TX,53573,39.8,95.6,C,BEA CAINC1 2024
01043,Cullman,AL,53577,39.8,95.6,C,BEA CAINC1 2024
49007,Carbon,UT,53578,39.9,95.6,C,BEA CAINC1 2024
36121,Wyoming,NY,53586,39.9,95.6,C,BEA CAINC1 2024
26053,Gogebic,MI,53587,39.9,95.6,C,BEA CAINC1 2024
36025,Delaware,NY,53587,39.9,95.6,C,BEA CAINC1 2024
22063,Livingston,LA,53590,40.0,95.6,C,BEA CAINC1 2024
26049,Genesee,MI,53595,40.0,95.6,C,BEA CAINC1 2024
13311,White,GA,53597,40.0,95.6,C,BEA CAINC1 2024
19087,Henry,IA,53599,40.1,95.6,C,BEA CAINC1 2024
30023,Deer Lodge,MT,53613,40.1,95.6,C,BEA CAINC1 2024
13103,Effingham,GA,53626,40.1,95.6,C,BEA CAINC1 2024
05051,Garland,AR,53635,40.2,95.7,C,BEA CAINC1 2024
22061,Lincoln,LA,53652,40.2,95.7,C,BEA CAINC1 2024
51949,Southampton + Franklin,VA*,53653,40.2,95.7,C,BEA CAINC1 2024
19117,Lucas,IA,53668,40.3,95.7,C,BEA CAINC1 2024
45065,McCormick,SC,53670,40.3,95.7,C,BEA CAINC1 2024
51947,Rockingham + Harrisonburg,VA*,53670,40.3,95.7,C,BEA CAINC1 2024
49017,Garfield,UT,53671,40.4,95.7,C,BEA CAINC1 2024
06005,Amador,CA,53703,40.4,95.8,C,BEA CAINC1 2024
21083,Graves,KY,53707,40.4,95.8,C,BEA CAINC1 2024
16005,Bannock,ID,53711,40.5,95.8,C,BEA CAINC1 2024
27001,Aitkin,MN,53713,40.5,95.8,C,BEA CAINC1 2024
47161,Stewart,TN,53742,40.5,95.9,C,BEA CAINC1 2024
05085,Lonoke,AR,53746,40.6,95.9,C,BEA CAINC1 2024
17181,Union,IL,53748,40.6,95.9,C,BEA CAINC1 2024
47167,Tipton,TN,53752,40.6,95.9,C,BEA CAINC1 2024
39135,Preble,OH,53761,40.7,95.9,C,BEA CAINC1 2024
16083,Twin Falls,ID,53767,40.7,95.9,C,BEA CAINC1 2024
30047,Lake,MT,53778,40.7,95.9,C,BEA CAINC1 2024
13191,McIntosh,GA,53779,40.8,95.9,C,BEA CAINC1 2024
45071,Newberry,SC,53782,40.8,95.9,C,BEA CAINC1 2024
18045,Fountain,IN,53785,40.8,95.9,C,BEA CAINC1 2024
31125,Nance,NE,53804,40.8,96.0,C,BEA CAINC1 2024
19175,Union,IA,53805,40.9,96.0,C,BEA CAINC1 2024
17137,Morgan,IL,53806,40.9,96.0,C,BEA CAINC1 2024
29177,Ray,MO,53809,40.9,96.0,C,BEA CAINC1 2024
18111,Newton,IN,53822,41.0,96.0,C,BEA CAINC1 2024
20029,Cloud,KS,53830,41.0,96.0,C,BEA CAINC1 2024
36115,Washington,NY,53847,41.0,96.0,C,BEA CAINC1 2024
37015,Bertie,NC,53853,41.1,96.1,C,BEA CAINC1 2024
54049,Marion,WV,53855,41.1,96.1,C,BEA CAINC1 2024
13045,Carroll,GA,53858,41.1,96.1,C,BEA CAINC1 2024
19099,Jasper,IA,53859,41.2,96.1,C,BEA CAINC1 2024
51155,Pulaski,VA,53872,41.2,96.1,C,BEA CAINC1 2024
20043,Doniphan,KS,53873,41.2,96.1,C,BEA CAINC1 2024
36057,Montgomery,NY,53879,41.3,96.1,C,BEA CAINC1 2024
49005,Cache,UT,53880,41.3,96.1,C,BEA CAINC1 2024
37197,Yadkin,NC,53881,41.3,96.1,C,BEA CAINC1 2024
47033,Crockett,TN,53889,41.4,96.1,C,BEA CAINC1 2024
42009,Bedford,PA,53893,41.4,96.1,C,BEA CAINC1 2024
29155,Pemiscot,MO,53894,41.4,96.1,C,BEA CAINC1 2024
37011,Avery,NC,53895,41.5,96.1,C,BEA CAINC1 2024
01097,Mobile,AL,53901,41.5,96.1,C,BEA CAINC1 2024
18119,Owen,IN,53904,41.5,96.1,C,BEA CAINC1 2024
39129,Pickaway,OH,53904,41.6,96.1,C,BEA CAINC1 2024
45051,Horry,SC,53905,41.6,96.1,C,BEA CAINC1 2024
29005,Atchison,MO,53911,41.6,96.2,C,BEA CAINC1 2024
12045,Gulf,FL,53917,41.7,96.2,C,BEA CAINC1 2024
48037,Bowie,TX,53921,41.7,96.2,C,BEA CAINC1 2024
22115,Vernon,LA,53923,41.7,96.2,C,BEA CAINC1 2024
47131,Obion,TN,53927,41.7,96.2,C,BEA CAINC1 2024
37139,Pasquotank,NC,53928,41.8,96.2,C,BEA CAINC1 2024
17021,Christian,IL,53948,41.8,96.2,C,BEA CAINC1 2024
37191,Wayne,NC,53955,41.8,96.2,C,BEA CAINC1 2024
47115,Marion,TN,53958,41.9,96.2,C,BEA CAINC1 2024
37103,Jones,NC,53974,41.9,96.3,C,BEA CAINC1 2024
06071,San Bernardino,CA,53991,41.9,96.3,C,BEA CAINC1 2024
53017,Douglas,WA,53994,42.0,96.3,C,BEA CAINC1 2024
37057,Davidson,NC,53998,42.0,96.3,C,BEA CAINC1 2024
27065,Kanabec,MN,54003,42.0,96.3,C,BEA CAINC1 2024
17171,Scott,IL,54010,42.1,96.3,C,BEA CAINC1 2024
18175,Washington,IN,54025,42.1,96.4,C,BEA CAINC1 2024
08115,Sedgwick,CO,54027,42.1,96.4,C,BEA CAINC1 2024
35005,Chaves,NM,54036,42.2,96.4,C,BEA CAINC1 2024
26031,Cheboygan,MI,54043,42.2,96.4,C,BEA CAINC1 2024
18121,Parke,IN,54051,42.2,96.4,C,BEA CAINC1 2024
17161,Rock Island,IL,54067,42.3,96.4,C,BEA CAINC1 2024
29113,Lincoln,MO,54071,42.3,96.4,C,BEA CAINC1 2024
48345,Motley,TX,54089,42.3,96.5,C,BEA CAINC1 2024
40047,Garfield,OK,54091,42.4,96.5,C,BEA CAINC1 2024
19137,Montgomery,IA,54103,42.4,96.5,C,BEA CAINC1 2024
28087,Lowndes,MS,54109,42.4,96.5,C,BEA CAINC1 2024
26065,Ingham,MI,54120,42.5,96.5,C,BEA CAINC1 2024
23021,Piscataquis,ME,54143,42.5,96.6,C,BEA CAINC1 2024
21089,Greenup,KY,54155,42.5,96.6,C,BEA CAINC1 2024
08081,Moffat,CO,54160,42.5,96.6,C,BEA CAINC1 2024
17015,Carroll,IL,54171,42.6,96.6,C,BEA CAINC1 2024
26007,Alpena,MI,54180,42.6,96.6,C,BEA CAINC1 2024
28025,Clay,MS,54186,42.6,96.6,C,BEA CAINC1 2024
22037,East Feliciana,LA,54192,42.7,96.7,C,BEA CAINC1 2024
18007,Benton,IN,54199,42.7,96.7,C,BEA CAINC1 2024
40129,Roger Mills,OK,54199,42.7,96.7,C,BEA CAINC1 2024
55123,Vernon,WI,54211,42.8,96.7,C,BEA CAINC1 2024
53069,Wahkiakum,WA,54216,42.8,96.7,C,BEA CAINC1 2024
29201,Scott,MO,54217,42.8,96.7,C,BEA CAINC1 2024
37001,Alamance,NC,54218,42.9,96.7,C,BEA CAINC1 2024
37167,Stanly,NC,54224,42.9,96.7,C,BEA CAINC1 2024
39161,Van Wert,OH,54247,42.9,96.8,C,BEA CAINC1 2024
29127,Marion,MO,54254,43.0,96.8,C,BEA CAINC1 2024
18113,Noble,IN,54257,43.0,96.8,C,BEA CAINC1 2024
29143,New Madrid,MO,54259,43.0,96.8,C,BEA CAINC1 2024
18115,Ohio,IN,54266,43.1,96.8,C,BEA CAINC1 2024
37171,Surry,NC,54267,43.1,96.8,C,BEA CAINC1 2024
18071,Jackson,IN,54272,43.1,96.8,C,BEA CAINC1 2024
21225,Union,KY,54276,43.2,96.8,C,BEA CAINC1 2024
29135,Moniteau,MO,54284,43.2,96.8,C,BEA CAINC1 2024
08095,Phillips,CO,54291,43.2,96.8,C,BEA CAINC1 2024
48129,Donley,TX,54293,43.3,96.8,C,BEA CAINC1 2024
28149,Warren,MS,54294,43.3,96.8,C,BEA CAINC1 2024
51953,Washington + Bristol,VA*,54297,43.3,96.8,C,BEA CAINC1 2024
55115,Shawano,WI*,54304,43.4,96.9,C,BEA CAINC1 2024
29021,Buchanan,MO,54306,43.4,96.9,C,BEA CAINC1 2024
18049,Fulton,IN,54315,43.4,96.9,C,BEA CAINC1 2024
54091,Taylor,WV,54335,43.4,96.9,C,BEA CAINC1 2024
17003,Alexander,IL,54342,43.5,96.9,C,BEA CAINC1 2024
55043,Grant,WI,54345,43.5,96.9,C,BEA CAINC1 2024
42037,Columbia,PA,54347,43.5,96.9,C,BEA CAINC1 2024
47125,Montgomery,TN,54347,43.6,96.9,C,BEA CAINC1 2024
37017,Bladen,NC,54352,43.6,96.9,C,BEA CAINC1 2024
56003,Big Horn,WY,54365,43.6,97.0,C,BEA CAINC1 2024
20073,Greenwood,KS,54372,43.7,97.0,C,BEA CAINC1 2024
16029,Caribou,ID,54388,43.7,97.0,C,BEA CAINC1 2024
29089,Howard,MO,54398,43.7,97.0,C,BEA CAINC1 2024
39087,Lawrence,OH,54447,43.8,97.1,C,BEA CAINC1 2024
28049,Hinds,MS,54448,43.8,97.1,C,BEA CAINC1 2024
48219,Hockley,TX,54453,43.8,97.1,C,BEA CAINC1 2024
28073,Lamar,MS,54455,43.9,97.1,C,BEA CAINC1 2024
29137,Monroe,MO,54457,43.9,97.1,C,BEA CAINC1 2024
20143,Ottawa,KS,54471,43.9,97.2,C,BEA CAINC1 2024
41035,Klamath,OR,54476,44.0,97.2,C,BEA CAINC1 2024
51109,Louisa,VA,54482,44.0,97.2,C,BEA CAINC1 2024
18079,Jennings,IN,54501,44.0,97.2,C,BEA CAINC1 2024
38005,Benson,ND,54516,44.1,97.2,C,BEA CAINC1 2024
55013,Burnett,WI,54560,44.1,97.3,C,BEA CAINC1 2024
35041,Roosevelt,NM,54570,44.1,97.3,C,BEA CAINC1 2024
20027,Clay,KS,54572,44.2,97.3,C,BEA CAINC1 2024
12065,Jefferson,FL,54573,44.2,97.3,C,BEA CAINC1 2024
48325,Medina,TX,54573,44.2,97.3,C,BEA CAINC1 2024
29075,Gentry,MO,54580,44.3,97.3,C,BEA CAINC1 2024
47141,Putnam,TN,54582,44.3,97.4,C,BEA CAINC1 2024
47117,Marshall,TN,54587,44.3,97.4,C,BEA CAINC1 2024
18177,Wayne,IN,54628,44.3,97.4,C,BEA CAINC1 2024
39021,Champaign,OH,54645,44.4,97.5,C,BEA CAINC1 2024
36123,Yates,NY,54652,44.4,97.5,C,BEA CAINC1 2024
48409,San Patricio,TX,54668,44.4,97.5,C,BEA CAINC1 2024
45035,Dorchester,SC,54669,44.5,97.5,C,BEA CAINC1 2024
17011,Bureau,IL,54671,44.5,97.5,C,BEA CAINC1 2024
29049,Clinton,MO,54672,44.5,97.5,C,BEA CAINC1 2024
55019,Clark,WI,54674,44.6,97.5,C,BEA CAINC1 2024
48449,Titus,TX,54678,44.6,97.5,C,BEA CAINC1 2024
51063,Floyd,VA,54710,44.6,97.6,C,BEA CAINC1 2024
53077,Yakima,WA,54713,44.7,97.6,C,BEA CAINC1 2024
29186,Ste. Genevieve,MO,54731,44.7,97.6,C,BEA CAINC1 2024
06115,Yuba,CA,54741,44.7,97.6,C,BEA CAINC1 2024
05143,Washington,AR,54752,44.8,97.7,C,BEA CAINC1 2024
17061,Greene,IL,54758,44.8,97.7,C,BEA CAINC1 2024
21059,Daviess,KY,54758,44.8,97.7,C,BEA CAINC1 2024
35017,Grant,NM,54768,44.9,97.7,C,BEA CAINC1 2024
53047,Okanogan,WA,54775,44.9,97.7,C,BEA CAINC1 2024
48315,Marion,TX,54796,44.9,97.7,C,BEA CAINC1 2024
01127,Walker,AL,54820,45.0,97.8,C,BEA CAINC1 2024
20085,Jackson,KS,54826,45.0,97.8,C,BEA CAINC1 2024
37077,Granville,NC,54829,45.0,97.8,C,BEA CAINC1 2024
22069,Natchitoches,LA,54837,45.1,97.8,C,BEA CAINC1 2024
29199,Scotland,MO,54845,45.1,97.8,C,BEA CAINC1 2024
51650,Hampton (Independent City),VA,54848,45.1,97.8,C,BEA CAINC1 2024
20055,Finney,KS,54867,45.2,97.9,C,BEA CAINC1 2024
01115,St. Clair,AL,54878,45.2,97.9,C,BEA CAINC1 2024
39119,Muskingum,OH,54878,45.2,97.9,C,BEA CAINC1 2024
51945,"Rockbridge, Buena Vista + Lexington",VA*,54881,45.2,97.9,C,BEA CAINC1 2024
08125,Yuma,CO,54895,45.3,97.9,C,BEA CAINC1 2024
48293,Limestone,TX,54906,45.3,97.9,C,BEA CAINC1 2024
26159,Van Buren,MI,54912,45.3,97.9,C,BEA CAINC1 2024
48361,Orange,TX,54912,45.4,97.9,C,BEA CAINC1 2024
55077,Marquette,WI,54913,45.4,97.9,C,BEA CAINC1 2024
37195,Wilson,NC,54929,45.4,98.0,C,BEA CAINC1 2024
17025,Clay,IL,54942,45.5,98.0,C,BEA CAINC1 2024
40031,Comanche,OK,54944,45.5,98.0,C,BEA CAINC1 2024
20139,Osage,KS,54945,45.5,98.0,C,BEA CAINC1 2024
30107,Wheatland,MT,54956,45.6,98.0,C,BEA CAINC1 2024
27107,Norman,MN,54965,45.6,98.0,C,BEA CAINC1 2024
39013,Belmont,OH,54976,45.6,98.1,C,BEA CAINC1 2024
48213,Henderson,TX,54981,45.7,98.1,C,BEA CAINC1 2024
36043,Herkimer,NY,54996,45.7,98.1,C,BEA CAINC1 2024
48133,Eastland,TX,54997,45.7,98.1,C,BEA CAINC1 2024
17037,DeKalb,IL,55006,45.8,98.1,C,BEA CAINC1 2024
18159,Tipton,IN,55023,45.8,98.1,C,BEA CAINC1 2024
48473,Waller,TX,55028,45.8,98.1,C,BEA CAINC1 2024
53043,Lincoln,WA,55034,45.9,98.2,C,BEA CAINC1 2024
08087,Morgan,CO,55065,45.9,98.2,C,BEA CAINC1 2024
48179,Gray,TX,55066,45.9,98.2,C,BEA CAINC1 2024
42059,Greene,PA,55068,46.0,98.2,C,BEA CAINC1 2024
17091,Kankakee,IL,55091,46.0,98.3,C,BEA CAINC1 2024
18015,Carroll,IN,55111,46.0,98.3,C,BEA CAINC1 2024
42079,Luzerne,PA,55115,46.1,98.3,C,BEA CAINC1 2024
27097,Morrison,MN,55116,46.1,98.3,C,BEA CAINC1 2024
01123,Tallapoosa,AL,55117,46.1,98.3,C,BEA CAINC1 2024
18069,Huntington,IN,55118,46.1,98.3,C,BEA CAINC1 2024
42023,Cameron,PA,55122,46.2,98.3,C,BEA CAINC1 2024
17071,Henderson,IL,55143,46.2,98.4,C,BEA CAINC1 2024
27095,Mille Lacs,MN,55146,46.2,98.4,C,BEA CAINC1 2024
51071,Giles,VA,55152,46.3,98.4,C,BEA CAINC1 2024
31133,Pawnee,NE,55154,46.3,98.4,C,BEA CAINC1 2024
53051,Pend Oreille,WA,55156,46.3,98.4,C,BEA CAINC1 2024
19185,Wayne,IA,55173,46.4,98.4,C,BEA CAINC1 2024
17201,Winnebago,IL,55188,46.4,98.4,C,BEA CAINC1 2024
31047,Dawson,NE,55197,46.4,98.5,C,BEA CAINC1 2024
54073,Pleasants,WV,55197,46.5,98.5,C,BEA CAINC1 2024
40137,Stephens,OK,55200,46.5,98.5,C,BEA CAINC1 2024
48217,Hill,TX,55204,46.5,98.5,C,BEA CAINC1 2024
31179,Wayne,NE,55210,46.6,98.5,C,BEA CAINC1 2024
48027,Bell,TX,55214,46.6,98.5,C,BEA CAINC1 2024
12129,Wakulla,FL,55224,46.6,98.5,C,BEA CAINC1 2024
31033,Cheyenne,NE,55224,46.7,98.5,C,BEA CAINC1 2024
51091,Highland,VA,55224,46.7,98.5,C,BEA CAINC1 2024
05073,Lafayette,AR,55234,46.7,98.5,C,BEA CAINC1 2024
18055,Greene,IN,55238,46.8,98.5,C,BEA CAINC1 2024
30021,Dawson,MT,55246,46.8,98.5,C,BEA CAINC1 2024
39091,Logan,OH,55250,46.8,98.5,C,BEA CAINC1 2024
18179,Wells,IN,55251,46.9,98.5,C,BEA CAINC1 2024
29031,Cape Girardeau,MO,55279,46.9,98.6,C,BEA CAINC1 2024
19111,Lee,IA,55286,46.9,98.6,C,BEA CAINC1 2024
04003,Cochise,AZ,55303,46.9,98.6,C,BEA CAINC1 2024
19115,Louisa,IA,55311,47.0,98.7,C,BEA CAINC1 2024
49027,Millard,UT,55316,47.0,98.7,C,BEA CAINC1 2024
29209,Stone,MO,55320,47.0,98.7,C,BEA CAINC1 2024
55031,Douglas,WI,55321,47.1,98.7,C,BEA CAINC1 2024
55081,Monroe,WI,55324,47.1,98.7,C,BEA CAINC1 2024
37101,Johnston,NC,55335,47.1,98.7,C,BEA CAINC1 2024
36007,Broome,NY,55337,47.2,98.7,C,BEA CAINC1 2024
19193,Woodbury,IA,55344,47.2,98.7,C,BEA CAINC1 2024
20103,Leavenworth,KS,55369,47.2,98.8,C,BEA CAINC1 2024
13231,Pike,GA,55389,47.3,98.8,C,BEA CAINC1 2024
29107,Lafayette,MO,55390,47.3,98.8,C,BEA CAINC1 2024
29157,Perry,MO,55392,47.3,98.8,C,BEA CAINC1 2024
37071,Gaston,NC,55398,47.4,98.8,C,BEA CAINC1 2024
39067,Harrison,OH,55401,47.4,98.8,C,BEA CAINC1 2024
13177,Lee,GA,55402,47.4,98.8,C,BEA CAINC1 2024
13297,Walton,GA,55403,47.5,98.8,C,BEA CAINC1 2024
18099,Marshall,IN,55404,47.5,98.8,C,BEA CAINC1 2024
18137,Ripley,IN,55410,47.5,98.8,C,BEA CAINC1 2024
49013,Duchesne,UT,55422,47.6,98.9,C,BEA CAINC1 2024
08083,Montezuma,CO,55437,47.6,98.9,C,BEA CAINC1 2024
54009,Brooke,WV,55439,47.6,98.9,C,BEA CAINC1 2024
17187,Warren,IL,55441,47.7,98.9,C,BEA CAINC1 2024
37007,Anson,NC,55451,47.7,98.9,C,BEA CAINC1 2024
28071,Lafayette,MS,55457,47.7,98.9,C,BEA CAINC1 2024
19187,Webster,IA,55465,47.8,98.9,C,BEA CAINC1 2024
48233,Hutchinson,TX,55473,47.8,98.9,C,BEA CAINC1 2024
10001,Kent,DE,55474,47.8,98.9,C,BEA CAINC1 2024
01051,Elmore,AL,55485,47.8,99.0,C,BEA CAINC1 2024
17103,Lee,IL,55487,47.9,99.0,C,BEA CAINC1 2024
27017,Carlton,MN,55497,47.9,99.0,C,BEA CAINC1 2024
29083,Henry,MO,55500,47.9,99.0,C,BEA CAINC1 2024
13215,Muscogee,GA,55517,48.0,99.0,C,BEA CAINC1 2024
27027,Clay,MN,55518,48.0,99.0,C,BEA CAINC1 2024
55121,Trempealeau,WI,55519,48.0,99.0,C,BEA CAINC1 2024
48239,Jackson,TX,55527,48.1,99.0,C,BEA CAINC1 2024
17023,Clark,IL,55544,48.1,99.1,C,BEA CAINC1 2024
19045,Clinton,IA,55587,48.1,99.1,C,BEA CAINC1 2024
36051,Livingston,NY,55589,48.2,99.1,C,BEA CAINC1 2024
40019,Carter,OK,55594,48.2,99.2,C,BEA CAINC1 2024
36097,Schuyler,NY,55595,48.2,99.2,C,BEA CAINC1 2024
26017,Bay,MI,55627,48.3,99.2,C,BEA CAINC1 2024
29053,Cooper,MO,55627,48.3,99.2,C,BEA CAINC1 2024
46019,Butte,SD,55658,48.3,99.3,C,BEA CAINC1 2024
55075,Marinette,WI,55670,48.4,99.3,C,BEA CAINC1 2024
20021,Cherokee,KS,55679,48.4,99.3,C,BEA CAINC1 2024
22011,Beauregard,LA,55690,48.4,99.3,C,BEA CAINC1 2024
28125,Sharkey,MS,55707,48.5,99.4,C,BEA CAINC1 2024
01001,Autauga,AL,55710,48.5,99.4,C,BEA CAINC1 2024
26163,Wayne,MI,55715,48.5,99.4,C,BEA CAINC1 2024
36033,Franklin,NY,55720,48.6,99.4,C,BEA CAINC1 2024
17165,Saline,IL,55721,48.6,99.4,C,BEA CAINC1 2024
31151,Saline,NE,55745,48.6,99.4,C,BEA CAINC1 2024
41019,Douglas,OR,55747,48.7,99.4,C,BEA CAINC1 2024
42073,Lawrence,PA,55747,48.7,99.4,C,BEA CAINC1 2024
42081,Lycoming,PA,55751,48.7,99.4,C,BEA CAINC1 2024
39125,Paulding,OH,55783,48.7,99.5,C,BEA CAINC1 2024
18091,LaPorte,IN,55790,48.8,99.5,C,BEA CAINC1 2024
42119,Union,PA,55791,48.8,99.5,C,BEA CAINC1 2024
48303,Lubbock,TX,55804,48.8,99.5,C,BEA CAINC1 2024
19145,Page,IA,55807,48.9,99.5,C,BEA CAINC1 2024
47039,Decatur,TN,55814,48.9,99.6,C,BEA CAINC1 2024
48321,Matagorda,TX,55823,48.9,99.6,C,BEA CAINC1 2024
42109,Snyder,PA,55828,49.0,99.6,C,BEA CAINC1 2024
20161,Riley,KS,55837,49.0,99.6,C,BEA CAINC1 2024
29041,Chariton,MO,55848,49.0,99.6,C,BEA CAINC1 2024
56015,Goshen,WY,55849,49.1,99.6,C,BEA CAINC1 2024
47127,Moore,TN,55854,49.1,99.6,C,BEA CAINC1 2024
39027,Clinton,OH,55867,49.1,99.6,C,BEA CAINC1 2024
54075,Pocahontas,WV,55868,49.2,99.6,C,BEA CAINC1 2024
48241,Jasper,TX,55870,49.2,99.7,C,BEA CAINC1 2024
45083,Spartanburg,SC,55886,49.2,99.7,C,BEA CAINC1 2024
21073,Franklin,KY,55891,49.3,99.7,C,BEA CAINC1 2024
40065,Jackson,OK,55896,49.3,99.7,C,BEA CAINC1 2024
36037,Genesee,NY,55898,49.3,99.7,C,BEA CAINC1 2024
18087,Lagrange,IN,55899,49.4,99.7,C,BEA CAINC1 2024
13281,Towns,GA,55900,49.4,99.7,C,BEA CAINC1 2024
17169,Schuyler,IL,55900,49.4,99.7,C,BEA CAINC1 2024
17069,Hardin,IL,55913,49.5,99.7,C,BEA CAINC1 2024
37073,Gates,NC,55934,49.5,99.8,C,BEA CAINC1 2024
40103,Noble,OK,55953,49.5,99.8,C,BEA CAINC1 2024
54081,Raleigh,WV,55961,49.6,99.8,C,BEA CAINC1 2024
37113,Macon,NC,55969,49.6,99.8,C,BEA CAINC1 2024
39097,Madison,OH,55980,49.6,99.8,C,BEA CAINC1 2024
16057,Latah,ID,55988,49.6,99.9,C,BEA CAINC1 2024
23029,Washington,ME,55990,49.7,99.9,C,BEA CAINC1 2024
41059,Umatilla,OR,55991,49.7,99.9,C,BEA CAINC1 2024
51001,Accomack,VA,55998,49.7,99.9,C,BEA CAINC1 2024
36095,Schoharie,NY,56002,49.8,99.9,C,BEA CAINC1 2024
55099,Price,WI,56024,49.8,99.9,C,BEA CAINC1 2024
21103,Henry,KY,56028,49.8,99.9,C,BEA CAINC1 2024
13201,Miller,GA,56029,49.9,99.9,C,BEA CAINC1 2024
29139,Montgomery,MO,56036,49.9,99.9,C,BEA CAINC1 2024
22109,Terrebonne,LA,56037,49.9,99.9,C,BEA CAINC1 2024
39069,Henry,OH,56051,50.0,100.0,C,BEA CAINC1 2024
17121,Marion,IL,56066,50.0,100.0,C,BEA CAINC1 2024
39003,Allen,OH,56066,50.0,100.0,C,BEA CAINC1 2024
21157,Marshall,KY,56075,50.1,100.0,C,BEA CAINC1 2024
05125,Saline,AR,56086,50.1,100.0,C,BEA CAINC1 2024
22019,Calcasieu,LA,56113,50.1,100.1,C,BEA CAINC1 2024
29043,Christian,MO,56118,50.2,100.1,C,BEA CAINC1 2024
46003,Aurora,SD,56122,50.2,100.1,C,BEA CAINC1 2024
37127,Nash,NC,56141,50.2,100.1,C,BEA CAINC1 2024
36015,Chemung,NY,56156,50.3,100.2,C,BEA CAINC1 2024
48225,Houston,TX,56177,50.3,100.2,C,BEA CAINC1 2024
42047,Elk,PA,56186,50.3,100.2,C,BEA CAINC1 2024
20003,Anderson,KS,56187,50.4,100.2,C,BEA CAINC1 2024
27007,Beltrami,MN,56194,50.4,100.2,C,BEA CAINC1 2024
41061,Union,OR,56198,50.4,100.2,C,BEA CAINC1 2024
19047,Crawford,IA,56214,50.4,100.3,C,BEA CAINC1 2024
40011,Blaine,OK,56243,50.5,100.3,C,BEA CAINC1 2024
17117,Macoupin,IL,56247,50.5,100.3,C,BEA CAINC1 2024
53001,Adams,WA,56262,50.5,100.3,C,BEA CAINC1 2024
54029,Hancock,WV,56263,50.6,100.4,C,BEA CAINC1 2024
51193,Westmoreland,VA,56273,50.6,100.4,C,BEA CAINC1 2024
46023,Charles Mix,SD,56278,50.6,100.4,C,BEA CAINC1 2024
18075,Jay,IN,56292,50.7,100.4,C,BEA CAINC1 2024
48463,Uvalde,TX,56292,50.7,100.4,C,BEA CAINC1 2024
26045,Eaton,MI,56293,50.7,100.4,C,BEA CAINC1 2024
48059,Callahan,TX,56294,50.8,100.4,C,BEA CAINC1 2024
53023,Garfield,WA,56298,50.8,100.4,C,BEA CAINC1 2024
20061,Geary,KS,56303,50.8,100.4,C,BEA CAINC1 2024
28081,Lee,MS,56315,50.9,100.4,C,BEA CAINC1 2024
48363,Palo Pinto,TX,56315,50.9,100.4,C,BEA CAINC1 2024
20079,Harvey,KS,56321,50.9,100.5,C,BEA CAINC1 2024
29219,Warren,MO,56344,51.0,100.5,C,BEA CAINC1 2024
20033,Comanche,KS,56354,51.0,100.5,C,BEA CAINC1 2024
55067,Langlade,WI,56356,51.0,100.5,C,BEA CAINC1 2024
21029,Bullitt,KY,56382,51.1,100.6,C,BEA CAINC1 2024
36077,Otsego,NY,56383,51.1,100.6,C,BEA CAINC1 2024
19169,Story,IA,56392,51.1,100.6,C,BEA CAINC1 2024
06065,Riverside,CA,56404,51.2,100.6,C,BEA CAINC1 2024
47145,Roane,TN,56431,51.2,100.7,C,BEA CAINC1 2024
41001,Baker,OR,56435,51.2,100.7,C,BEA CAINC1 2024
37189,Watauga,NC,56442,51.3,100.7,C,BEA CAINC1 2024
05147,Woodruff,AR,56453,51.3,100.7,C,BEA CAINC1 2024
17135,Montgomery,IL,56457,51.3,100.7,C,BEA CAINC1 2024
56045,Weston,WY,56457,51.3,100.7,C,BEA CAINC1 2024
20127,Morris,KS,56467,51.4,100.7,C,BEA CAINC1 2024
17065,Hamilton,IL,56469,51.4,100.7,C,BEA CAINC1 2024
23001,Androscoggin,ME,56487,51.4,100.8,C,BEA CAINC1 2024
51007,Amelia,VA,56488,51.5,100.8,C,BEA CAINC1 2024
36109,Tompkins,NY,56490,51.5,100.8,C,BEA CAINC1 2024
19063,Emmet,IA,56492,51.5,100.8,C,BEA CAINC1 2024
21007,Ballard,KY,56514,51.6,100.8,C,BEA CAINC1 2024
30077,Powell,MT,56516,51.6,100.8,C,BEA CAINC1 2024
17173,Shelby,IL,56517,51.6,100.8,C,BEA CAINC1 2024
47103,Lincoln,TN,56519,51.7,100.8,C,BEA CAINC1 2024
19105,Jones,IA,56539,51.7,100.8,C,BEA CAINC1 2024
17083,Jersey,IL,56565,51.7,100.9,C,BEA CAINC1 2024
42049,Erie,PA,56568,51.8,100.9,C,BEA CAINC1 2024
45017,Calhoun,SC,56579,51.8,100.9,C,BEA CAINC1 2024
42089,Monroe,PA,56584,51.8,100.9,C,BEA CAINC1 2024
26087,Lapeer,MI,56585,51.9,100.9,C,BEA CAINC1 2024
29003,Andrew,MO,56586,51.9,100.9,C,BEA CAINC1 2024
37141,Pender,NC,56586,51.9,100.9,C,BEA CAINC1 2024
23019,Penobscot,ME,56593,52.0,100.9,C,BEA CAINC1 2024
27165,Watonwan,MN,56598,52.0,100.9,C,BEA CAINC1 2024
55047,Green Lake,WI,56649,52.0,101.0,C,BEA CAINC1 2024
01067,Henry,AL,56661,52.1,101.1,C,BEA CAINC1 2024
06091,Sierra,CA,56704,52.1,101.1,C,BEA CAINC1 2024
35023,Hidalgo,NM,56723,52.1,101.2,C,BEA CAINC1 2024
45003,Aiken,SC,56728,52.2,101.2,C,BEA CAINC1 2024
29175,Randolph,MO,56731,52.2,101.2,C,BEA CAINC1 2024
06099,Stanislaus,CA,56741,52.2,101.2,C,BEA CAINC1 2024
27059,Isanti,MN,56741,52.2,101.2,C,BEA CAINC1 2024
55113,Sawyer,WI,56759,52.3,101.2,C,BEA CAINC1 2024
37095,Hyde,NC,56767,52.3,101.3,C,BEA CAINC1 2024
40017,Canadian,OK,56786,52.3,101.3,C,BEA CAINC1 2024
05025,Cleveland,AR,56794,52.4,101.3,C,BEA CAINC1 2024
30027,Fergus,MT,56801,52.4,101.3,C,BEA CAINC1 2024
48387,Red River,TX,56814,52.4,101.3,C,BEA CAINC1 2024
01031,Coffee,AL,56824,52.5,101.4,C,BEA CAINC1 2024
40033,Cotton,OK,56825,52.5,101.4,C,BEA CAINC1 2024
54011,Cabell,WV,56843,52.5,101.4,C,BEA CAINC1 2024
51033,Caroline,VA,56845,52.6,101.4,C,BEA CAINC1 2024
36035,Fulton,NY,56848,52.6,101.4,C,BEA CAINC1 2024
48309,McLennan,TX,56851,52.6,101.4,C,BEA CAINC1 2024
55065,Lafayette,WI,56858,52.7,101.4,C,BEA CAINC1 2024
18171,Warren,IN,56864,52.7,101.4,C,BEA CAINC1 2024
27013,Blue Earth,MN,56864,52.7,101.4,C,BEA CAINC1 2024
48251,Johnson,TX,56879,52.8,101.5,C,BEA CAINC1 2024
29099,Jefferson,MO,56907,52.8,101.5,C,BEA CAINC1 2024
55103,Richland,WI,56908,52.8,101.5,C,BEA CAINC1 2024
46105,Perkins,SD,56935,52.9,101.5,C,BEA CAINC1 2024
48305,Lynn,TX,56947,52.9,101.6,C,BEA CAINC1 2024
12111,St. Lucie,FL,56971,52.9,101.6,C,BEA CAINC1 2024
20181,Sherman,KS,56980,53.0,101.6,C,BEA CAINC1 2024
19013,Black Hawk,IA,56987,53.0,101.6,C,BEA CAINC1 2024
02198,Prince of Wales-Hyder Census Area,AK*,56996,53.0,101.7,C,BEA CAINC1 2024
37107,Lenoir,NC,56998,53.1,101.7,C,BEA CAINC1 2024
30007,Broadwater,MT,57021,53.1,101.7,C,BEA CAINC1 2024
36011,Cayuga,NY,57027,53.1,101.7,C,BEA CAINC1 2024
47045,Dyer,TN,57057,53.1,101.8,C,BEA CAINC1 2024
16023,Butte,ID,57063,53.2,101.8,C,BEA CAINC1 2024
19021,Buena Vista,IA,57087,53.2,101.8,C,BEA CAINC1 2024
04007,Gila,AZ,57097,53.2,101.8,C,BEA CAINC1 2024
46041,Dewey,SD,57103,53.3,101.8,C,BEA CAINC1 2024
48143,Erath,TX,57112,53.3,101.9,C,BEA CAINC1 2024
18093,Lawrence,IN,57129,53.3,101.9,C,BEA CAINC1 2024
54071,Pendleton,WV,57145,53.4,101.9,C,BEA CAINC1 2024
17185,Wabash,IL,57146,53.4,101.9,C,BEA CAINC1 2024
30041,Hill,MT,57147,53.4,101.9,C,BEA CAINC1 2024
31037,Colfax,NE,57157,53.5,101.9,C,BEA CAINC1 2024
27131,Rice,MN,57160,53.5,102.0,C,BEA CAINC1 2024
53045,Mason,WA,57184,53.5,102.0,C,BEA CAINC1 2024
17059,Gallatin,IL,57193,53.6,102.0,C,BEA CAINC1 2024
19051,Davis,IA,57202,53.6,102.0,C,BEA CAINC1 2024
54003,Berkeley,WV,57203,53.6,102.0,C,BEA CAINC1 2024
41033,Josephine,OR,57206,53.7,102.0,C,BEA CAINC1 2024
30091,Sheridan,MT,57210,53.7,102.0,C,BEA CAINC1 2024
18101,Martin,IN,57214,53.7,102.0,C,BEA CAINC1 2024
48415,Scurry,TX,57217,53.8,102.1,C,BEA CAINC1 2024
50005,Caledonia,VT,57231,53.8,102.1,C,BEA CAINC1 2024
48045,Briscoe,TX,57246,53.8,102.1,C,BEA CAINC1 2024
41053,Polk,OR,57251,53.9,102.1,C,BEA CAINC1 2024
35027,Lincoln,NM,57253,53.9,102.1,C,BEA CAINC1 2024
01101,Montgomery,AL,57265,53.9,102.1,C,BEA CAINC1 2024
38023,Divide,ND,57287,53.9,102.2,C,BEA CAINC1 2024
13135,Gwinnett,GA,57291,54.0,102.2,C,BEA CAINC1 2024
19065,Fayette,IA,57293,54.0,102.2,C,BEA CAINC1 2024
56001,Albany,WY,57293,54.0,102.2,C,BEA CAINC1 2024
08085,Montrose,CO,57305,54.1,102.2,C,BEA CAINC1 2024
28033,DeSoto,MS,57305,54.1,102.2,C,BEA CAINC1 2024
36019,Clinton,NY,57305,54.1,102.2,C,BEA CAINC1 2024
31065,Furnas,NE,57331,54.2,102.3,C,BEA CAINC1 2024
19173,Taylor,IA,57333,54.2,102.3,C,BEA CAINC1 2024
49025,Kane,UT,57334,54.2,102.3,C,BEA CAINC1 2024
55083,Oconto,WI,57341,54.3,102.3,C,BEA CAINC1 2024
40027,Cleveland,OK,57355,54.3,102.3,C,BEA CAINC1 2024
45039,Fairfield,SC,57356,54.3,102.3,C,BEA CAINC1 2024
47079,Henry,TN,57360,54.4,102.3,C,BEA CAINC1 2024
16037,Custer,ID,57363,54.4,102.3,C,BEA CAINC1 2024
42033,Clearfield,PA,57366,54.4,102.3,C,BEA CAINC1 2024
41025,Harney,OR,57367,54.5,102.3,C,BEA CAINC1 2024
22119,Webster,LA,57370,54.5,102.3,C,BEA CAINC1 2024
32017,Lincoln,NV,57373,54.5,102.3,C,BEA CAINC1 2024
18077,Jefferson,IN,57391,54.6,102.4,C,BEA CAINC1 2024
37105,Lee,NC,57393,54.6,102.4,C,BEA CAINC1 2024
16061,Lewis,ID,57419,54.6,102.4,C,BEA CAINC1 2024
17159,Richland,IL,57427,54.7,102.4,C,BEA CAINC1 2024
20013,Brown,KS,57431,54.7,102.4,C,BEA CAINC1 2024
19171,Tama,IA,57444,54.7,102.5,C,BEA CAINC1 2024
37133,Onslow,NC,57450,54.8,102.5,C,BEA CAINC1 2024
04012,La Paz,AZ*,57451,54.8,102.5,C,BEA CAINC1 2024
39167,Washington,OH,57485,54.8,102.5,C,BEA CAINC1 2024
19123,Mahaska,IA,57491,54.8,102.5,C,BEA CAINC1 2024
55107,Rusk,WI,57504,54.9,102.6,C,BEA CAINC1 2024
17099,LaSalle,IL,57510,54.9,102.6,C,BEA CAINC1 2024
17195,Whiteside,IL,57536,54.9,102.6,C,BEA CAINC1 2024
20137,Norton,KS,57539,55.0,102.6,C,BEA CAINC1 2024
20157,Republic,KS,57540,55.0,102.6,C,BEA CAINC1 2024
27099,Mower,MN,57577,55.0,102.7,C,BEA CAINC1 2024
17125,Mason,IL,57582,55.1,102.7,C,BEA CAINC1 2024
06019,Fresno,CA,57584,55.1,102.7,C,BEA CAINC1 2024
27071,Koochiching,MN,57605,55.1,102.7,C,BEA CAINC1 2024
17177,Stephenson,IL,57610,55.2,102.8,C,BEA CAINC1 2024
39149,Shelby,OH,57615,55.2,102.8,C,BEA CAINC1 2024
48127,Dimmit,TX,57629,55.2,102.8,C,BEA CAINC1 2024
18135,Randolph,IN,57646,55.3,102.8,C,BEA CAINC1 2024
08075,Logan,CO,57669,55.3,102.9,C,BEA CAINC1 2024
27061,Itasca,MN,57669,55.3,102.9,C,BEA CAINC1 2024
27043,Faribault,MN,57682,55.4,102.9,C,BEA CAINC1 2024
48125,Dickens,TX,57692,55.4,102.9,C,BEA CAINC1 2024
15001,Hawaii,HI,57694,55.4,102.9,C,BEA CAINC1 2024
37041,Chowan,NC,57700,55.5,102.9,C,BEA CAINC1 2024
20007,Barber,KS,57704,55.5,102.9,C,BEA CAINC1 2024
16017,Bonner,ID,57706,55.5,102.9,C,BEA CAINC1 2024
01069,Houston,AL,57714,55.6,102.9,C,BEA CAINC1 2024
48399,Runnels,TX,57795,55.6,103.1,C,BEA CAINC1 2024
55027,Dodge,WI,57801,55.6,103.1,C,BEA CAINC1 2024
36107,Tioga,NY,57815,55.7,103.1,C,BEA CAINC1 2024
05139,Union,AR,57817,55.7,103.1,C,BEA CAINC1 2024
06101,Sutter,CA,57844,55.7,103.2,C,BEA CAINC1 2024
17029,Coles,IL,57854,55.7,103.2,C,BEA CAINC1 2024
48087,Collingsworth,TX,57854,55.8,103.2,C,BEA CAINC1 2024
48485,Wichita,TX,57855,55.8,103.2,C,BEA CAINC1 2024
54085,Ritchie,WV,57879,55.8,103.2,C,BEA CAINC1 2024
20141,Osborne,KS,57882,55.9,103.2,C,BEA CAINC1 2024
20201,Washington,KS,57933,55.9,103.3,C,BEA CAINC1 2024
26147,St. Clair,MI,57943,55.9,103.3,C,BEA CAINC1 2024
48181,Grayson,TX,57952,56.0,103.4,C,BEA CAINC1 2024
13241,Rabun,GA,57966,56.0,103.4,C,BEA CAINC1 2024
48065,Carson,TX,57997,56.0,103.4,C,BEA CAINC1 2024
13111,Fannin,GA,58012,56.1,103.5,C,BEA CAINC1 2024
29077,Greene,MO,58023,56.1,103.5,C,BEA CAINC1 2024
30087,Rosebud,MT,58043,56.1,103.5,C,BEA CAINC1 2024
49053,Washington,UT,58047,56.2,103.5,C,BEA CAINC1 2024
18031,Decatur,IN,58061,56.2,103.6,C,BEA CAINC1 2024
27029,Clearwater,MN,58083,56.2,103.6,C,BEA CAINC1 2024
17123,Marshall,IL,58087,56.3,103.6,C,BEA CAINC1 2024
48355,Nueces,TX,58091,56.3,103.6,C,BEA CAINC1 2024
12005,Bay,FL,58101,56.3,103.6,C,BEA CAINC1 2024
19195,Worth,IA,58108,56.4,103.6,C,BEA CAINC1 2024
18145,Shelby,IN,58109,56.4,103.6,C,BEA CAINC1 2024
38079,Rolette,ND,58110,56.4,103.6,C,BEA CAINC1 2024
01085,Lowndes,AL,58121,56.5,103.7,C,BEA CAINC1 2024
29029,Camden,MO,58128,56.5,103.7,C,BEA CAINC1 2024
47163,Sullivan,TN,58128,56.5,103.7,C,BEA CAINC1 2024
36045,Jefferson,NY,58150,56.6,103.7,C,BEA CAINC1 2024
45041,Florence,SC,58159,56.6,103.7,C,BEA CAINC1 2024
12069,Lake,FL,58161,56.6,103.7,C,BEA CAINC1 2024
23003,Aroostook,ME,58192,56.6,103.8,C,BEA CAINC1 2024
51181,Surry,VA,58212,56.7,103.8,C,BEA CAINC1 2024
08065,Lake,CO,58221,56.7,103.8,C,BEA CAINC1 2024
51067,Franklin,VA,58252,56.7,103.9,C,BEA CAINC1 2024
30039,Granite,MT,58258,56.8,103.9,C,BEA CAINC1 2024
39083,Knox,OH,58293,56.8,104.0,C,BEA CAINC1 2024
48081,Coke,TX,58295,56.8,104.0,C,BEA CAINC1 2024
06021,Glenn,CA,58305,56.9,104.0,C,BEA CAINC1 2024
37061,Duplin,NC,58319,56.9,104.0,C,BEA CAINC1 2024
36065,Oneida,NY,58323,56.9,104.0,C,BEA CAINC1 2024
20051,Ellis,KS,58325,57.0,104.0,C,BEA CAINC1 2024
49009,Daggett,UT,58327,57.0,104.0,C,BEA CAINC1 2024
47149,Rutherford,TN,58345,57.0,104.1,C,BEA CAINC1 2024
30025,Fallon,MT,58363,57.1,104.1,C,BEA CAINC1 2024
27009,Benton,MN,58371,57.1,104.1,C,BEA CAINC1 2024
39099,Mahoning,OH,58371,57.1,104.1,C,BEA CAINC1 2024
19189,Winnebago,IA,58376,57.2,104.1,C,BEA CAINC1 2024
17199,Williamson,IL,58380,57.2,104.1,C,BEA CAINC1 2024
20095,Kingman,KS,58387,57.2,104.1,C,BEA CAINC1 2024
42099,Perry,PA,58394,57.3,104.2,C,BEA CAINC1 2024
45015,Berkeley,SC,58397,57.3,104.2,C,BEA CAINC1 2024
19107,Keokuk,IA,58399,57.3,104.2,C,BEA CAINC1 2024
48077,Clay,TX,58415,57.4,104.2,C,BEA CAINC1 2024
18089,Lake,IN,58423,57.4,104.2,C,BEA CAINC1 2024
16019,Bonneville,ID,58435,57.4,104.2,C,BEA CAINC1 2024
48481,Wharton,TX,58445,57.5,104.2,C,BEA CAINC1 2024
18019,Clark,IN,58451,57.5,104.3,C,BEA CAINC1 2024
51907,"Augusta, Staunton + Waynesboro",VA*,58462,57.5,104.3,C,BEA CAINC1 2024
37087,Haywood,NC,58464,57.5,104.3,C,BEA CAINC1 2024
39051,Fulton,OH,58475,57.6,104.3,C,BEA CAINC1 2024
18181,White,IN,58476,57.6,104.3,C,BEA CAINC1 2024
48093,Comanche,TX,58488,57.6,104.3,C,BEA CAINC1 2024
27023,Chippewa,MN,58539,57.7,104.4,C,BEA CAINC1 2024
41023,Grant,OR,58548,57.7,104.4,C,BEA CAINC1 2024
55141,Wood,WI,58549,57.7,104.4,C,BEA CAINC1 2024
20031,Coffey,KS,58553,57.8,104.4,C,BEA CAINC1 2024
17045,Edgar,IL,58558,57.8,104.4,C,BEA CAINC1 2024
21057,Cumberland,KY,58561,57.8,104.5,C,BEA CAINC1 2024
19015,Boone,IA,58564,57.9,104.5,C,BEA CAINC1 2024
04011,Greenlee,AZ,58574,57.9,104.5,C,BEA CAINC1 2024
49057,Weber,UT,58582,57.9,104.5,C,BEA CAINC1 2024
46109,Roberts,SD,58604,58.0,104.5,C,BEA CAINC1 2024
21179,Nelson,KY,58611,58.0,104.5,C,BEA CAINC1 2024
18147,Spencer,IN,58648,58.0,104.6,C,BEA CAINC1 2024
27045,Fillmore,MN,58652,58.1,104.6,C,BEA CAINC1 2024
21093,Hardin,KY,58679,58.1,104.7,C,BEA CAINC1 2024
20045,Douglas,KS,58698,58.1,104.7,C,BEA CAINC1 2024
38029,Emmons,ND,58700,58.2,104.7,C,BEA CAINC1 2024
19005,Allamakee,IA,58705,58.2,104.7,C,BEA CAINC1 2024
53041,Lewis,WA,58706,58.2,104.7,C,BEA CAINC1 2024
31163,Sherman,NE,58718,58.3,104.7,C,BEA CAINC1 2024
42069,Lackawanna,PA,58756,58.3,104.8,C,BEA CAINC1 2024
37147,Pitt,NC,58766,58.3,104.8,C,BEA CAINC1 2024
48139,Ellis,TX,58766,58.3,104.8,C,BEA CAINC1 2024
22079,Rapides,LA,58789,58.4,104.9,C,BEA CAINC1 2024
55007,Bayfield,WI,58806,58.4,104.9,C,BEA CAINC1 2024
08027,Custer,CO,58809,58.4,104.9,C,BEA CAINC1 2024
51079,Greene,VA,58821,58.5,104.9,C,BEA CAINC1 2024
55105,Rock,WI,58844,58.5,105.0,C,BEA CAINC1 2024
21209,Scott,KY,58861,58.5,105.0,C,BEA CAINC1 2024
51057,Essex,VA,58862,58.6,105.0,C,BEA CAINC1 2024
48057,Calhoun,TX,58872,58.6,105.0,C,BEA CAINC1 2024
12001,Alachua,FL,58873,58.6,105.0,C,BEA CAINC1 2024
47113,Madison,TN,58880,58.7,105.0,C,BEA CAINC1 2024
40131,Rogers,OK,58885,58.7,105.0,C,BEA CAINC1 2024
48223,Hopkins,TX,58893,58.7,105.0,C,BEA CAINC1 2024
36049,Lewis,NY,58899,58.8,105.1,C,BEA CAINC1 2024
50019,Orleans,VT,58908,58.8,105.1,C,BEA CAINC1 2024
19101,Jefferson,IA,58917,58.8,105.1,C,BEA CAINC1 2024
32007,Elko,NV,58930,58.9,105.1,C,BEA CAINC1 2024
37143,Perquimans,NC,58932,58.9,105.1,C,BEA CAINC1 2024
21101,Henderson,KY,58936,58.9,105.1,C,BEA CAINC1 2024
30017,Custer,MT,58945,59.0,105.1,C,BEA CAINC1 2024
35009,Curry,NM,58959,59.0,105.2,C,BEA CAINC1 2024
13317,Wilkes,GA,58980,59.0,105.2,C,BEA CAINC1 2024
17141,Ogle,IL,58984,59.1,105.2,C,BEA CAINC1 2024
53071,Walla Walla,WA,58985,59.1,105.2,C,BEA CAINC1 2024
36017,Chenango,NY,59001,59.1,105.2,C,BEA CAINC1 2024
42131,Wyoming,PA,59010,59.2,105.3,C,BEA CAINC1 2024
18141,St. Joseph,IN,59030,59.2,105.3,C,BEA CAINC1 2024
51770,Roanoke (Independent City),VA,59053,59.2,105.3,C,BEA CAINC1 2024
46093,Meade,SD,59066,59.2,105.4,C,BEA CAINC1 2024
42027,Centre,PA,59070,59.3,105.4,C,BEA CAINC1 2024
29071,Franklin,MO,59071,59.3,105.4,C,BEA CAINC1 2024
18151,Steuben,IN,59084,59.3,105.4,C,BEA CAINC1 2024
13207,Monroe,GA,59086,59.4,105.4,C,BEA CAINC1 2024
42025,Carbon,PA,59095,59.4,105.4,C,BEA CAINC1 2024
21105,Hickman,KY,59100,59.4,105.4,C,BEA CAINC1 2024
27047,Freeborn,MN,59108,59.5,105.4,C,BEA CAINC1 2024
30045,Judith Basin,MT,59113,59.5,105.4,C,BEA CAINC1 2024
08111,San Juan,CO,59114,59.5,105.4,C,BEA CAINC1 2024
12101,Pasco,FL,59136,59.6,105.5,C,BEA CAINC1 2024
22015,Bossier,LA,59143,59.6,105.5,C,BEA CAINC1 2024
48017,Bailey,TX,59187,59.6,105.6,C,BEA CAINC1 2024
13275,Thomas,GA,59191,59.7,105.6,C,BEA CAINC1 2024
48375,Potter,TX,59196,59.7,105.6,C,BEA CAINC1 2024
26043,Dickinson,MI,59204,59.7,105.6,C,BEA CAINC1 2024
12033,Escambia,FL,59212,59.8,105.6,C,BEA CAINC1 2024
36101,Steuben,NY,59218,59.8,105.6,C,BEA CAINC1 2024
18083,Knox,IN,59222,59.8,105.6,C,BEA CAINC1 2024
56013,Fremont,WY,59227,59.9,105.6,C,BEA CAINC1 2024
36063,Niagara,NY,59228,59.9,105.6,C,BEA CAINC1 2024
30037,Golden Valley,MT,59238,59.9,105.7,C,BEA CAINC1 2024
55051,Iron,WI,59251,60.0,105.7,B,BEA CAINC1 2024
12127,Volusia,FL,59259,60.0,105.7,B,BEA CAINC1 2024
17149,Pike,IL,59267,60.0,105.7,B,BEA CAINC1 2024
12019,Clay,FL,59301,60.1,105.8,B,BEA CAINC1 2024
18169,Wabash,IN,59305,60.1,105.8,B,BEA CAINC1 2024
41055,Sherman,OR,59314,60.1,105.8,B,BEA CAINC1 2024
55011,Buffalo,WI,59353,60.1,105.9,B,BEA CAINC1 2024
39133,Portage,OH,59373,60.2,105.9,B,BEA CAINC1 2024
35025,Lea,NM,59387,60.2,105.9,B,BEA CAINC1 2024
42127,Wayne,PA,59395,60.2,105.9,B,BEA CAINC1 2024
17105,Livingston,IL,59404,60.3,106.0,B,BEA CAINC1 2024
16031,Cassia,ID,59434,60.3,106.0,B,BEA CAINC1 2024
48391,Refugio,TX,59471,60.3,106.1,B,BEA CAINC1 2024
29151,Osage,MO,59475,60.4,106.1,B,BEA CAINC1 2024
17175,Stark,IL,59494,60.4,106.1,B,BEA CAINC1 2024
23027,Waldo,ME,59514,60.4,106.1,B,BEA CAINC1 2024
31087,Hitchcock,NE,59521,60.5,106.2,B,BEA CAINC1 2024
55069,Lincoln,WI,59521,60.5,106.2,B,BEA CAINC1 2024
17075,Iroquois,IL,59524,60.5,106.2,B,BEA CAINC1 2024
31101,Keith,NE,59533,60.6,106.2,B,BEA CAINC1 2024
24043,Washington,MD,59536,60.6,106.2,B,BEA CAINC1 2024
22047,Iberville,LA,59552,60.6,106.2,B,BEA CAINC1 2024
26027,Cass,MI,59552,60.7,106.2,B,BEA CAINC1 2024
48501,Yoakum,TX,59553,60.7,106.2,B,BEA CAINC1 2024
55097,Portage,WI,59559,60.7,106.2,B,BEA CAINC1 2024
20195,Trego,KS,59565,60.8,106.2,B,BEA CAINC1 2024
53037,Kittitas,WA,59577,60.8,106.3,B,BEA CAINC1 2024
40087,McClain,OK,59598,60.8,106.3,B,BEA CAINC1 2024
01083,Limestone,AL,59614,60.9,106.3,B,BEA CAINC1 2024
47043,Dickson,TN,59620,60.9,106.3,B,BEA CAINC1 2024
37137,Pamlico,NC,59634,60.9,106.4,B,BEA CAINC1 2024
49049,Utah,UT,59651,61.0,106.4,B,BEA CAINC1 2024
17079,Jasper,IL,59658,61.0,106.4,B,BEA CAINC1 2024
37173,Swain,NC,59665,61.0,106.4,B,BEA CAINC1 2024
53015,Cowlitz,WA,59669,61.0,106.4,B,BEA CAINC1 2024
18033,DeKalb,IN,59675,61.1,106.4,B,BEA CAINC1 2024
24033,Prince George's,MD,59684,61.1,106.5,B,BEA CAINC1 2024
18109,Morgan,IN,59692,61.1,106.5,B,BEA CAINC1 2024
24011,Caroline,MD,59692,61.2,106.5,B,BEA CAINC1 2024
17007,Boone,IL,59708,61.2,106.5,B,BEA CAINC1 2024
20159,Rice,KS,59723,61.2,106.5,B,BEA CAINC1 2024
55017,Chippewa,WI,59758,61.3,106.6,B,BEA CAINC1 2024
27093,Meeker,MN,59767,61.3,106.6,B,BEA CAINC1 2024
16069,Nez Perce,ID,59776,61.3,106.6,B,BEA CAINC1 2024
26097,Mackinac,MI,59779,61.4,106.6,B,BEA CAINC1 2024
48199,Hardin,TX,59804,61.4,106.7,B,BEA CAINC1 2024
19097,Jackson,IA,59805,61.4,106.7,B,BEA CAINC1 2024
56043,Washakie,WY,59819,61.5,106.7,B,BEA CAINC1 2024
55135,Waupaca,WI,59826,61.5,106.7,B,BEA CAINC1 2024
51171,Shenandoah,VA,59843,61.5,106.7,B,BEA CAINC1 2024
17019,Champaign,IL,59853,61.6,106.8,B,BEA CAINC1 2024
40053,Grant,OK,59871,61.6,106.8,B,BEA CAINC1 2024
31173,Thurston,NE,59883,61.6,106.8,B,BEA CAINC1 2024
42007,Beaver,PA,59900,61.7,106.8,B,BEA CAINC1 2024
32001,Churchill,NV,59901,61.7,106.8,B,BEA CAINC1 2024
20015,Butler,KS,59909,61.7,106.9,B,BEA CAINC1 2024
39037,Darke,OH,59915,61.8,106.9,B,BEA CAINC1 2024
08077,Mesa,CO,59925,61.8,106.9,B,BEA CAINC1 2024
30105,Valley,MT,59938,61.8,106.9,B,BEA CAINC1 2024
53005,Benton,WA,59950,61.8,106.9,B,BEA CAINC1 2024
13157,Jackson,GA,59952,61.9,106.9,B,BEA CAINC1 2024
28121,Rankin,MS,59953,61.9,106.9,B,BEA CAINC1 2024
16059,Lemhi,ID,59954,61.9,106.9,B,BEA CAINC1 2024
39151,Stark,OH,59959,62.0,106.9,B,BEA CAINC1 2024
48197,Hardeman,TX,59961,62.0,106.9,B,BEA CAINC1 2024
20151,Pratt,KS,59974,62.0,107.0,B,BEA CAINC1 2024
41043,Linn,OR,59976,62.1,107.0,B,BEA CAINC1 2024
31127,Nemaha,NE,59994,62.1,107.0,B,BEA CAINC1 2024
12015,Charlotte,FL,59995,62.1,107.0,B,BEA CAINC1 2024
47001,Anderson,TN,59997,62.2,107.0,B,BEA CAINC1 2024
34033,Salem,NJ,60000,62.2,107.0,B,BEA CAINC1 2024
35043,Sandoval,NM,60016,62.2,107.0,B,BEA CAINC1 2024
48267,Kimble,TX,60025,62.3,107.1,B,BEA CAINC1 2024
55095,Polk,WI,60035,62.3,107.1,B,BEA CAINC1 2024
39017,Butler,OH,60037,62.3,107.1,B,BEA CAINC1 2024
48333,Mills,TX,60045,62.4,107.1,B,BEA CAINC1 2024
17073,Henry,IL,60048,62.4,107.1,B,BEA CAINC1 2024
51019,Bedford,VA*,60072,62.4,107.1,B,BEA CAINC1 2024
55071,Manitowoc,WI,60076,62.5,107.2,B,BEA CAINC1 2024
49033,Rich,UT,60081,62.5,107.2,B,BEA CAINC1 2024
31145,Red Willow,NE,60087,62.5,107.2,B,BEA CAINC1 2024
48497,Wise,TX,60091,62.6,107.2,B,BEA CAINC1 2024
16015,Boise,ID,60093,62.6,107.2,B,BEA CAINC1 2024
41049,Morrow,OR,60097,62.6,107.2,B,BEA CAINC1 2024
42113,Sullivan,PA,60098,62.7,107.2,B,BEA CAINC1 2024
31093,Howard,NE,60107,62.7,107.2,B,BEA CAINC1 2024
41065,Wasco,OR,60127,62.7,107.2,B,BEA CAINC1 2024
47147,Robertson,TN,60128,62.7,107.2,B,BEA CAINC1 2024
29095,Jackson,MO,60129,62.8,107.2,B,BEA CAINC1 2024
41047,Marion,OR,60135,62.8,107.3,B,BEA CAINC1 2024
18061,Harrison,IN,60148,62.8,107.3,B,BEA CAINC1 2024
22031,De Soto,LA,60156,62.9,107.3,B,BEA CAINC1 2024
56031,Platte,WY,60167,62.9,107.3,B,BEA CAINC1 2024
40123,Pontotoc,OK,60182,62.9,107.3,B,BEA CAINC1 2024
19091,Humboldt,IA,60188,63.0,107.4,B,BEA CAINC1 2024
42055,Franklin,PA,60189,63.0,107.4,B,BEA CAINC1 2024
27035,Crow Wing,MN,60191,63.0,107.4,B,BEA CAINC1 2024
42013,Blair,PA,60198,63.1,107.4,B,BEA CAINC1 2024
31157,Scotts Bluff,NE,60200,63.1,107.4,B,BEA CAINC1 2024
48003,Andrews,TX,60201,63.1,107.4,B,BEA CAINC1 2024
18073,Jasper,IN,60209,63.2,107.4,B,BEA CAINC1 2024
18139,Rush,IN,60209,63.2,107.4,B,BEA CAINC1 2024
27033,Cottonwood,MN,60231,63.2,107.4,B,BEA CAINC1 2024
42001,Adams,PA,60234,63.3,107.4,B,BEA CAINC1 2024
48353,Nolan,TX,60236,63.3,107.4,B,BEA CAINC1 2024
53039,Klickitat,WA,60242,63.3,107.4,B,BEA CAINC1 2024
20167,Russell,KS,60243,63.4,107.5,B,BEA CAINC1 2024
24019,Dorchester,MD,60255,63.4,107.5,B,BEA CAINC1 2024
22121,West Baton Rouge,LA,60268,63.4,107.5,B,BEA CAINC1 2024
08001,Adams,CO*,60273,63.5,107.5,B,BEA CAINC1 2024
39095,Lucas,OH,60288,63.5,107.5,B,BEA CAINC1 2024
19133,Monona,IA,60306,63.5,107.6,B,BEA CAINC1 2024
19139,Muscatine,IA,60332,63.6,107.6,B,BEA CAINC1 2024
18039,Elkhart,IN,60348,63.6,107.6,B,BEA CAINC1 2024
32013,Humboldt,NV,60358,63.6,107.7,B,BEA CAINC1 2024
37035,Catawba,NC,60366,63.6,107.7,B,BEA CAINC1 2024
26015,Barry,MI,60378,63.7,107.7,B,BEA CAINC1 2024
18105,Monroe,IN,60402,63.7,107.7,B,BEA CAINC1 2024
49055,Wayne,UT,60423,63.7,107.8,B,BEA CAINC1 2024
04019,Pima,AZ,60425,63.8,107.8,B,BEA CAINC1 2024
47179,Washington,TN,60449,63.8,107.8,B,BEA CAINC1 2024
31051,Dixon,NE,60465,63.8,107.8,B,BEA CAINC1 2024
31095,Jefferson,NE,60466,63.9,107.8,B,BEA CAINC1 2024
19157,Poweshiek,IA,60476,63.9,107.9,B,BEA CAINC1 2024
36117,Wayne,NY,60489,63.9,107.9,B,BEA CAINC1 2024
48395,Robertson,TX,60506,64.0,107.9,B,BEA CAINC1 2024
27081,Lincoln,MN,60508,64.0,107.9,B,BEA CAINC1 2024
26005,Allegan,MI,60514,64.0,107.9,B,BEA CAINC1 2024
17013,Calhoun,IL,60531,64.1,108.0,B,BEA CAINC1 2024
54107,Wood,WV,60570,64.1,108.0,B,BEA CAINC1 2024
48151,Fisher,TX,60573,64.1,108.0,B,BEA CAINC1 2024
38069,Pierce,ND,60578,64.2,108.0,B,BEA CAINC1 2024
45079,Richland,SC,60580,64.2,108.1,B,BEA CAINC1 2024
30099,Teton,MT,60585,64.2,108.1,B,BEA CAINC1 2024
21091,Hancock,KY,60598,64.3,108.1,B,BEA CAINC1 2024
54061,Monongalia,WV,60600,64.3,108.1,B,BEA CAINC1 2024
18051,Gibson,IN,60627,64.3,108.1,B,BEA CAINC1 2024
36105,Sullivan,NY,60628,64.4,108.1,B,BEA CAINC1 2024
50011,Franklin,VT,60629,64.4,108.1,B,BEA CAINC1 2024
55129,Washburn,WI,60638,64.4,108.2,B,BEA CAINC1 2024
51065,Fluvanna,VA,60650,64.5,108.2,B,BEA CAINC1 2024
33007,Coos,NH,60657,64.5,108.2,B,BEA CAINC1 2024
53003,Asotin,WA,60675,64.5,108.2,B,BEA CAINC1 2024
27075,Lake,MN,60682,64.5,108.2,B,BEA CAINC1 2024
19135,Monroe,IA,60691,64.6,108.2,B,BEA CAINC1 2024
48039,Brazoria,TX,60700,64.6,108.3,B,BEA CAINC1 2024
17067,Hancock,IL,60715,64.6,108.3,B,BEA CAINC1 2024
31071,Garfield,NE,60716,64.7,108.3,B,BEA CAINC1 2024
18047,Franklin,IN,60727,64.7,108.3,B,BEA CAINC1 2024
18131,Pulaski,IN,60731,64.7,108.3,B,BEA CAINC1 2024
45055,Kershaw,SC,60737,64.8,108.3,B,BEA CAINC1 2024
30059,Meagher,MT,60748,64.8,108.4,B,BEA CAINC1 2024
42005,Armstrong,PA,60754,64.8,108.4,B,BEA CAINC1 2024
26099,Macomb,MI,60760,64.9,108.4,B,BEA CAINC1 2024
31013,Box Butte,NE,60772,64.9,108.4,B,BEA CAINC1 2024
42067,Juniata,PA,60776,64.9,108.4,B,BEA CAINC1 2024
48103,Crane,TX,60776,65.0,108.4,B,BEA CAINC1 2024
39113,Montgomery,OH,60796,65.0,108.4,B,BEA CAINC1 2024
20087,Jefferson,KS,60812,65.0,108.5,B,BEA CAINC1 2024
48035,Bosque,TX,60828,65.1,108.5,B,BEA CAINC1 2024
18085,Kosciusko,IN,60847,65.1,108.5,B,BEA CAINC1 2024
04025,Yavapai,AZ,60854,65.1,108.5,B,BEA CAINC1 2024
41009,Columbia,OR,60858,65.2,108.5,B,BEA CAINC1 2024
27149,Stevens,MN,60874,65.2,108.6,B,BEA CAINC1 2024
42075,Lebanon,PA,60884,65.2,108.6,B,BEA CAINC1 2024
18183,Whitley,IN,60895,65.3,108.6,B,BEA CAINC1 2024
47119,Maury,TN,60899,65.3,108.6,B,BEA CAINC1 2024
55055,Jefferson,WI,60938,65.3,108.7,B,BEA CAINC1 2024
27169,Winona,MN,60968,65.4,108.7,B,BEA CAINC1 2024
19151,Pocahontas,IA,60976,65.4,108.8,B,BEA CAINC1 2024
48469,Victoria,TX,60988,65.4,108.8,B,BEA CAINC1 2024
27021,Cass,MN,60994,65.4,108.8,B,BEA CAINC1 2024
39169,Wayne,OH,61004,65.5,108.8,B,BEA CAINC1 2024
17033,Crawford,IL,61038,65.5,108.9,B,BEA CAINC1 2024
27147,Steele,MN,61040,65.5,108.9,B,BEA CAINC1 2024
44007,Providence,RI,61040,65.6,108.9,B,BEA CAINC1 2024
45057,Lancaster,SC,61082,65.6,108.9,B,BEA CAINC1 2024
31147,Richardson,NE,61085,65.6,109.0,B,BEA CAINC1 2024
37025,Cabarrus,NC,61113,65.7,109.0,B,BEA CAINC1 2024
21207,Russell,KY,61122,65.7,109.0,B,BEA CAINC1 2024
42103,Pike,PA,61127,65.7,109.0,B,BEA CAINC1 2024
19159,Ringgold,IA,61132,65.8,109.0,B,BEA CAINC1 2024
48083,Coleman,TX,61133,65.8,109.0,B,BEA CAINC1 2024
20009,Barton,KS,61145,65.8,109.1,B,BEA CAINC1 2024
48029,Bexar,TX,61160,65.9,109.1,B,BEA CAINC1 2024
06093,Siskiyou,CA,61164,65.9,109.1,B,BEA CAINC1 2024
17131,Mercer,IL,61164,65.9,109.1,B,BEA CAINC1 2024
23011,Kennebec,ME,61181,66.0,109.1,B,BEA CAINC1 2024
39045,Fairfield,OH,61185,66.0,109.1,B,BEA CAINC1 2024
06007,Butte,CA,61191,66.0,109.1,B,BEA CAINC1 2024
42101,Philadelphia,PA,61193,66.1,109.1,B,BEA CAINC1 2024
27105,Nobles,MN,61203,66.1,109.2,B,BEA CAINC1 2024
24015,Cecil,MD,61236,66.1,109.2,B,BEA CAINC1 2024
38047,Logan,ND,61240,66.2,109.2,B,BEA CAINC1 2024
35033,Mora,NM,61259,66.2,109.3,B,BEA CAINC1 2024
21215,Spencer,KY,61267,66.2,109.3,B,BEA CAINC1 2024
41015,Curry,OR,61282,66.2,109.3,B,BEA CAINC1 2024
45073,Oconee,SC,61307,66.3,109.3,B,BEA CAINC1 2024
19023,Butler,IA,61312,66.3,109.4,B,BEA CAINC1 2024
20023,Cheyenne,KS,61331,66.3,109.4,B,BEA CAINC1 2024
36053,Madison,NY,61338,66.4,109.4,B,BEA CAINC1 2024
27057,Hubbard,MN,61342,66.4,109.4,B,BEA CAINC1 2024
30019,Daniels,MT,61349,66.4,109.4,B,BEA CAINC1 2024
48493,Wilson,TX,61373,66.5,109.5,B,BEA CAINC1 2024
17115,Macon,IL,61375,66.5,109.5,B,BEA CAINC1 2024
39175,Wyandot,OH,61381,66.5,109.5,B,BEA CAINC1 2024
19073,Greene,IA,61396,66.6,109.5,B,BEA CAINC1 2024
46063,Harding,SD,61402,66.6,109.5,B,BEA CAINC1 2024
48405,San Augustine,TX,61402,66.6,109.5,B,BEA CAINC1 2024
54079,Putnam,WV,61402,66.7,109.5,B,BEA CAINC1 2024
27051,Grant,MN,61403,66.7,109.5,B,BEA CAINC1 2024
19085,Harrison,IA,61419,66.7,109.5,B,BEA CAINC1 2024
39089,Licking,OH,61466,66.8,109.6,B,BEA CAINC1 2024
31141,Platte,NE,61482,66.8,109.7,B,BEA CAINC1 2024
31021,Burt,NE,61483,66.8,109.7,B,BEA CAINC1 2024
31075,Grant,NE,61485,66.9,109.7,B,BEA CAINC1 2024
36041,Hamilton,NY,61486,66.9,109.7,B,BEA CAINC1 2024
20177,Shawnee,KS,61542,66.9,109.8,B,BEA CAINC1 2024
48159,Franklin,TX,61557,67.0,109.8,B,BEA CAINC1 2024
31079,Hall,NE,61566,67.0,109.8,B,BEA CAINC1 2024
30079,Prairie,MT,61586,67.0,109.8,B,BEA CAINC1 2024
06109,Tuolumne,CA,61604,67.1,109.9,B,BEA CAINC1 2024
48187,Guadalupe,TX,61610,67.1,109.9,B,BEA CAINC1 2024
22081,Red River,LA,61634,67.1,109.9,B,BEA CAINC1 2024
06011,Colusa,CA,61656,67.1,110.0,B,BEA CAINC1 2024
27141,Sherburne,MN,61662,67.2,110.0,B,BEA CAINC1 2024
48441,Taylor,TX,61692,67.2,110.0,B,BEA CAINC1 2024
26115,Monroe,MI,61697,67.2,110.0,B,BEA CAINC1 2024
17163,St. Clair,IL,61712,67.3,110.1,B,BEA CAINC1 2024
17039,De Witt,IL,61727,67.3,110.1,B,BEA CAINC1 2024
51101,King William,VA,61754,67.3,110.1,B,BEA CAINC1 2024
06089,Shasta,CA,61769,67.4,110.2,B,BEA CAINC1 2024
39093,Lorain,OH,61782,67.4,110.2,B,BEA CAINC1 2024
17129,Menard,IL,61789,67.4,110.2,B,BEA CAINC1 2024
53063,Spokane,WA,61810,67.5,110.2,B,BEA CAINC1 2024
39157,Tuscarawas,OH,61815,67.5,110.3,B,BEA CAINC1 2024
40043,Dewey,OK,61823,67.5,110.3,B,BEA CAINC1 2024
27137,St. Louis,MN,61867,67.6,110.3,B,BEA CAINC1 2024
48365,Panola,TX,61883,67.6,110.4,B,BEA CAINC1 2024
12073,Leon,FL,61912,67.6,110.4,B,BEA CAINC1 2024
37049,Craven,NC,61929,67.7,110.5,B,BEA CAINC1 2024
41041,Lincoln,OR,61973,67.7,110.5,B,BEA CAINC1 2024
05001,Arkansas,AR,61998,67.7,110.6,B,BEA CAINC1 2024
48341,Moore,TX,62001,67.8,110.6,B,BEA CAINC1 2024
31167,Stanton,NE,62006,67.8,110.6,B,BEA CAINC1 2024
37013,Beaufort,NC,62010,67.8,110.6,B,BEA CAINC1 2024
06023,Humboldt,CA,62031,67.9,110.6,B,BEA CAINC1 2024
48051,Burleson,TX,62042,67.9,110.7,B,BEA CAINC1 2024
27111,Otter Tail,MN,62053,67.9,110.7,B,BEA CAINC1 2024
27119,Polk,MN,62060,68.0,110.7,B,BEA CAINC1 2024
30001,Beaverhead,MT,62086,68.0,110.7,B,BEA CAINC1 2024
51187,Warren,VA,62100,68.0,110.8,B,BEA CAINC1 2024
29019,Boone,MO,62123,68.0,110.8,B,BEA CAINC1 2024
29033,Carroll,MO,62123,68.1,110.8,B,BEA CAINC1 2024
41013,Crook,OR,62128,68.1,110.8,B,BEA CAINC1 2024
29047,Clay,MO,62130,68.1,110.8,B,BEA CAINC1 2024
31069,Garden,NE,62150,68.2,110.9,B,BEA CAINC1 2024
55079,Milwaukee,WI,62166,68.2,110.9,B,BEA CAINC1 2024
20189,Stevens,KS,62214,68.2,111.0,B,BEA CAINC1 2024
20197,Wabaunsee,KS,62250,68.3,111.0,B,BEA CAINC1 2024
30093,Silver Bow,MT,62254,68.3,111.0,B,BEA CAINC1 2024
48287,Lee,TX,62259,68.3,111.0,B,BEA CAINC1 2024
55059,Kenosha,WI,62267,68.4,111.1,B,BEA CAINC1 2024
48183,Gregg,TX,62285,68.4,111.1,B,BEA CAINC1 2024
55139,Winnebago,WI,62289,68.4,111.1,B,BEA CAINC1 2024
39109,Miami,OH,62303,68.5,111.1,B,BEA CAINC1 2024
26083,Keweenaw,MI,62316,68.5,111.1,B,BEA CAINC1 2024
13139,Hall,GA,62317,68.5,111.1,B,BEA CAINC1 2024
20183,Smith,KS,62319,68.6,111.2,B,BEA CAINC1 2024
55039,Fond du Lac,WI,62319,68.6,111.2,B,BEA CAINC1 2024
48135,Ector,TX,62325,68.6,111.2,B,BEA CAINC1 2024
36081,Queens,NY,62343,68.7,111.2,B,BEA CAINC1 2024
27083,Lyon,MN,62366,68.7,111.2,B,BEA CAINC1 2024
17001,Adams,IL,62377,68.7,111.3,B,BEA CAINC1 2024
34031,Passaic,NJ,62380,68.8,111.3,B,BEA CAINC1 2024
42043,Dauphin,PA,62394,68.8,111.3,B,BEA CAINC1 2024
55061,Kewaunee,WI,62402,68.8,111.3,B,BEA CAINC1 2024
30103,Treasure,MT,62413,68.9,111.3,B,BEA CAINC1 2024
06045,Mendocino,CA,62438,68.9,111.4,B,BEA CAINC1 2024
19071,Fremont,IA,62457,68.9,111.4,B,BEA CAINC1 2024
31053,Dodge,NE,62469,68.9,111.4,B,BEA CAINC1 2024
41003,Benton,OR,62473,69.0,111.4,B,BEA CAINC1 2024
20169,Saline,KS,62527,69.0,111.5,B,BEA CAINC1 2024
37029,Camden,NC,62549,69.0,111.6,B,BEA CAINC1 2024
54093,Tucker,WV,62559,69.1,111.6,B,BEA CAINC1 2024
08007,Archuleta,CO,62563,69.1,111.6,B,BEA CAINC1 2024
27143,Sibley,MN,62578,69.1,111.6,B,BEA CAINC1 2024
31131,Otoe,NE,62582,69.2,111.6,B,BEA CAINC1 2024
39173,Wood,OH,62600,69.2,111.7,B,BEA CAINC1 2024
42115,Susquehanna,PA,62648,69.2,111.7,B,BEA CAINC1 2024
17179,Tazewell,IL,62652,69.3,111.7,B,BEA CAINC1 2024
20077,Harper,KS,62662,69.3,111.8,B,BEA CAINC1 2024
27039,Dodge,MN,62663,69.3,111.8,B,BEA CAINC1 2024
41011,Coos,OR,62682,69.4,111.8,B,BEA CAINC1 2024
17119,Madison,IL,62684,69.4,111.8,B,BEA CAINC1 2024
24023,Garrett,MD,62692,69.4,111.8,B,BEA CAINC1 2024
29037,Cass,MO,62709,69.5,111.8,B,BEA CAINC1 2024
18003,Allen,IN,62717,69.5,111.9,B,BEA CAINC1 2024
46111,Sanborn,SD,62718,69.5,111.9,B,BEA CAINC1 2024
19017,Bremer,IA,62726,69.6,111.9,B,BEA CAINC1 2024
12031,Duval,FL,62750,69.6,111.9,B,BEA CAINC1 2024
51047,Culpeper,VA,62786,69.6,112.0,B,BEA CAINC1 2024
55035,Eau Claire,WI,62830,69.7,112.1,B,BEA CAINC1 2024
19155,Pottawattamie,IA,62836,69.7,112.1,B,BEA CAINC1 2024
35001,Bernalillo,NM,62836,69.7,112.1,B,BEA CAINC1 2024
48425,Somervell,TX,62852,69.7,112.1,B,BEA CAINC1 2024
12095,Orange,FL,62855,69.8,112.1,B,BEA CAINC1 2024
36031,Essex,NY,62868,69.8,112.1,B,BEA CAINC1 2024
55093,Pierce,WI,62869,69.8,112.1,B,BEA CAINC1 2024
02188,Northwest Arctic Borough,AK,62888,69.9,112.2,B,BEA CAINC1 2024
42133,York,PA,62892,69.9,112.2,B,BEA CAINC1 2024
12113,Santa Rosa,FL,62893,69.9,112.2,B,BEA CAINC1 2024
46053,Gregory,SD,62902,70.0,112.2,B,BEA CAINC1 2024
13237,Putnam,GA,62928,70.0,112.2,B,BEA CAINC1 2024
19019,Buchanan,IA,62929,70.0,112.2,B,BEA CAINC1 2024
31181,Webster,NE,62936,70.1,112.3,B,BEA CAINC1 2024
42011,Berks,PA,62942,70.1,112.3,B,BEA CAINC1 2024
20089,Jewell,KS,62948,70.1,112.3,B,BEA CAINC1 2024
13051,Chatham,GA,62976,70.2,112.3,B,BEA CAINC1 2024
19055,Delaware,IA,62983,70.2,112.3,B,BEA CAINC1 2024
18027,Daviess,IN,62997,70.2,112.4,B,BEA CAINC1 2024
18163,Vanderburgh,IN,62998,70.3,112.4,B,BEA CAINC1 2024
08105,Rio Grande,CO,63008,70.3,112.4,B,BEA CAINC1 2024
06077,San Joaquin,CA,63017,70.3,112.4,B,BEA CAINC1 2024
19025,Calhoun,IA,63019,70.4,112.4,B,BEA CAINC1 2024
26063,Huron,MI,63026,70.4,112.4,B,BEA CAINC1 2024
17093,Kendall,IL,63048,70.4,112.5,B,BEA CAINC1 2024
26037,Clinton,MI,63057,70.5,112.5,B,BEA CAINC1 2024
56027,Niobrara,WY,63095,70.5,112.5,B,BEA CAINC1 2024
26009,Antrim,MI,63131,70.5,112.6,B,BEA CAINC1 2024
36071,Orange,NY,63155,70.6,112.6,B,BEA CAINC1 2024
50017,Orange,VT,63172,70.6,112.7,B,BEA CAINC1 2024
34001,Atlantic,NJ,63187,70.6,112.7,B,BEA CAINC1 2024
54095,Tyler,WV,63194,70.6,112.7,B,BEA CAINC1 2024
13073,Columbia,GA,63204,70.7,112.7,B,BEA CAINC1 2024
27135,Roseau,MN,63246,70.7,112.8,B,BEA CAINC1 2024
47009,Blount,TN,63260,70.7,112.8,B,BEA CAINC1 2024
31113,Logan,NE,63269,70.8,112.8,B,BEA CAINC1 2024
56037,Sweetwater,WY,63284,70.8,112.9,B,BEA CAINC1 2024
41007,Clatsop,OR,63292,70.8,112.9,B,BEA CAINC1 2024
20173,Sedgwick,KS,63303,70.9,112.9,B,BEA CAINC1 2024
21039,Carlisle,KY,63307,70.9,112.9,B,BEA CAINC1 2024
27069,Kittson,MN,63321,70.9,112.9,B,BEA CAINC1 2024
50025,Windham,VT,63331,71.0,113.0,B,BEA CAINC1 2024
39011,Auglaize,OH,63340,71.0,113.0,B,BEA CAINC1 2024
48381,Randall,TX,63345,71.0,113.0,B,BEA CAINC1 2024
39043,Erie,OH,63347,71.1,113.0,B,BEA CAINC1 2024
27063,Jackson,MN,63364,71.1,113.0,B,BEA CAINC1 2024
27005,Becker,MN,63369,71.1,113.0,B,BEA CAINC1 2024
17189,Washington,IL,63450,71.2,113.2,B,BEA CAINC1 2024
19095,Iowa,IA,63456,71.2,113.2,B,BEA CAINC1 2024
30101,Toole,MT,63456,71.2,113.2,B,BEA CAINC1 2024
53009,Clallam,WA,63495,71.3,113.3,B,BEA CAINC1 2024
48279,Lamb,TX,63498,71.3,113.3,B,BEA CAINC1 2024
18029,Dearborn,IN,63515,71.3,113.3,B,BEA CAINC1 2024
48175,Goliad,TX,63546,71.4,113.3,B,BEA CAINC1 2024
13145,Harris,GA,63579,71.4,113.4,B,BEA CAINC1 2024
17167,Sangamon,IL,63581,71.4,113.4,B,BEA CAINC1 2024
31043,Dakota,NE,63590,71.5,113.4,B,BEA CAINC1 2024
26019,Benzie,MI,63595,71.5,113.4,B,BEA CAINC1 2024
36093,Schenectady,NY,63635,71.5,113.5,B,BEA CAINC1 2024
54039,Kanawha,WV,63654,71.5,113.5,B,BEA CAINC1 2024
17085,Jo Daviess,IL,63662,71.6,113.5,B,BEA CAINC1 2024
37081,Guilford,NC,63665,71.6,113.6,B,BEA CAINC1 2024
37089,Henderson,NC,63668,71.6,113.6,B,BEA CAINC1 2024
08123,Weld,CO*,63672,71.7,113.6,B,BEA CAINC1 2024
27103,Nicollet,MN,63673,71.7,113.6,B,BEA CAINC1 2024
53013,Columbia,WA,63677,71.7,113.6,B,BEA CAINC1 2024
31183,Wheeler,NE,63688,71.8,113.6,B,BEA CAINC1 2024
22075,Plaquemines,LA,63703,71.8,113.6,B,BEA CAINC1 2024
18129,Posey,IN,63772,71.8,113.7,B,BEA CAINC1 2024
51113,Madison,VA,63787,71.9,113.8,B,BEA CAINC1 2024
19003,Adams,IA,63791,71.9,113.8,B,BEA CAINC1 2024
31041,Custer,NE,63791,71.9,113.8,B,BEA CAINC1 2024
04005,Coconino,AZ,63794,72.0,113.8,B,BEA CAINC1 2024
17063,Grundy,IL,63824,72.0,113.8,B,BEA CAINC1 2024
47155,Sevier,TN,63846,72.0,113.9,B,BEA CAINC1 2024
30013,Cascade,MT,63865,72.1,113.9,B,BEA CAINC1 2024
55005,Barron,WI,63871,72.1,113.9,B,BEA CAINC1 2024
39075,Holmes,OH,63888,72.1,114.0,B,BEA CAINC1 2024
01003,Baldwin,AL,63905,72.2,114.0,B,BEA CAINC1 2024
27085,McLeod,MN,63908,72.2,114.0,B,BEA CAINC1 2024
48023,Baylor,TX,63915,72.2,114.0,B,BEA CAINC1 2024
20193,Thomas,KS,63921,72.3,114.0,B,BEA CAINC1 2024
48319,Mason,TX,63988,72.3,114.1,B,BEA CAINC1 2024
37067,Forsyth,NC,63989,72.3,114.1,B,BEA CAINC1 2024
02170,Matanuska-Susitna Borough,AK,63994,72.4,114.1,B,BEA CAINC1 2024
29087,Holt,MO,64008,72.4,114.2,B,BEA CAINC1 2024
06009,Calaveras,CA,64051,72.4,114.2,B,BEA CAINC1 2024
19121,Madison,IA,64051,72.4,114.2,B,BEA CAINC1 2024
31105,Kimball,NE,64056,72.5,114.3,B,BEA CAINC1 2024
02282,Yakutat City and Borough,AK*,64065,72.5,114.3,B,BEA CAINC1 2024
45063,Lexington,SC,64070,72.5,114.3,B,BEA CAINC1 2024
26021,Berrien,MI,64094,72.6,114.3,B,BEA CAINC1 2024
34029,Ocean,NJ,64097,72.6,114.3,B,BEA CAINC1 2024
45045,Greenville,SC,64100,72.6,114.3,B,BEA CAINC1 2024
27025,Chisago,MN,64153,72.7,114.4,B,BEA CAINC1 2024
12009,Brevard,FL,64167,72.7,114.4,B,BEA CAINC1 2024
41071,Yamhill,OR,64182,72.7,114.5,B,BEA CAINC1 2024
13029,Bryan,GA,64186,72.8,114.5,B,BEA CAINC1 2024
21015,Boone,KY,64196,72.8,114.5,B,BEA CAINC1 2024
20025,Clark,KS,64211,72.8,114.5,B,BEA CAINC1 2024
20185,Stafford,KS,64215,72.9,114.5,B,BEA CAINC1 2024
48043,Brewster,TX,64232,72.9,114.6,B,BEA CAINC1 2024
02066,Copper River Census Area,AK*,64258,72.9,114.6,B,BEA CAINC1 2024
37019,Brunswick,NC,64262,73.0,114.6,B,BEA CAINC1 2024
31061,Franklin,NE,64303,73.0,114.7,B,BEA CAINC1 2024
21113,Jessamine,KY,64325,73.0,114.7,B,BEA CAINC1 2024
19057,Des Moines,IA,64329,73.1,114.7,B,BEA CAINC1 2024
20093,Kearny,KS,64338,73.1,114.8,B,BEA CAINC1 2024
22089,St. Charles,LA,64344,73.1,114.8,B,BEA CAINC1 2024
27079,Le Sueur,MN,64366,73.2,114.8,B,BEA CAINC1 2024
56005,Campbell,WY,64369,73.2,114.8,B,BEA CAINC1 2024
55015,Calumet,WI,64371,73.2,114.8,B,BEA CAINC1 2024
46005,Beadle,SD,64412,73.2,114.9,B,BEA CAINC1 2024
21211,Shelby,KY,64459,73.3,115.0,B,BEA CAINC1 2024
48393,Roberts,TX,64459,73.3,115.0,B,BEA CAINC1 2024
38059,Morton,ND,64468,73.3,115.0,B,BEA CAINC1 2024
36083,Rensselaer,NY,64491,73.4,115.0,B,BEA CAINC1 2024
20067,Grant,KS,64528,73.4,115.1,B,BEA CAINC1 2024
27153,Todd,MN,64541,73.4,115.1,B,BEA CAINC1 2024
22057,Lafourche,LA,64579,73.5,115.2,B,BEA CAINC1 2024
48413,Schleicher,TX,64587,73.5,115.2,B,BEA CAINC1 2024
29051,Cole,MO,64594,73.5,115.2,B,BEA CAINC1 2024
47021,Cheatham,TN,64605,73.6,115.2,B,BEA CAINC1 2024
18081,Johnson,IN,64637,73.6,115.3,B,BEA CAINC1 2024
37175,Transylvania,NC,64641,73.6,115.3,B,BEA CAINC1 2024
35011,De Baca,NM,64660,73.7,115.3,B,BEA CAINC1 2024
41057,Tillamook,OR,64662,73.7,115.3,B,BEA CAINC1 2024
51073,Gloucester,VA,64683,73.7,115.4,B,BEA CAINC1 2024
13085,Dawson,GA,64684,73.8,115.4,B,BEA CAINC1 2024
21017,Bourbon,KY,64704,73.8,115.4,B,BEA CAINC1 2024
17143,Peoria,IL,64705,73.8,115.4,B,BEA CAINC1 2024
46047,Fall River,SD,64712,73.9,115.4,B,BEA CAINC1 2024
17027,Clinton,IL,64744,73.9,115.5,B,BEA CAINC1 2024
32009,Esmeralda,NV,64756,73.9,115.5,B,BEA CAINC1 2024
19075,Grundy,IA,64774,74.0,115.5,B,BEA CAINC1 2024
36029,Erie,NY,64801,74.0,115.6,B,BEA CAINC1 2024
31107,Knox,NE,64815,74.0,115.6,B,BEA CAINC1 2024
55085,Oneida,WI,64819,74.1,115.6,B,BEA CAINC1 2024
37109,Lincoln,NC,64836,74.1,115.6,B,BEA CAINC1 2024
09180,Southeastern Connecticut,CT*,64845,74.1,115.7,B,BEA CAINC1 2024
19067,Floyd,IA,64852,74.1,115.7,B,BEA CAINC1 2024
51097,King and Queen,VA,64881,74.2,115.7,B,BEA CAINC1 2024
27003,Anoka,MN,64906,74.2,115.8,B,BEA CAINC1 2024
31121,Merrick,NE,64908,74.2,115.8,B,BEA CAINC1 2024
31103,Keya Paha,NE,64926,74.3,115.8,B,BEA CAINC1 2024
48097,Cooke,TX,64928,74.3,115.8,B,BEA CAINC1 2024
27145,Stearns,MN,64935,74.3,115.8,B,BEA CAINC1 2024
48385,Real,TX,65001,74.4,115.9,B,BEA CAINC1 2024
37053,Currituck,NC,65005,74.4,115.9,B,BEA CAINC1 2024
41039,Lane,OR,65010,74.4,116.0,B,BEA CAINC1 2024
18063,Hendricks,IN,65043,74.5,116.0,B,BEA CAINC1 2024
13077,Coweta,GA,65062,74.5,116.0,B,BEA CAINC1 2024
27091,Martin,MN,65079,74.5,116.1,B,BEA CAINC1 2024
08103,Rio Blanco,CO,65123,74.6,116.2,B,BEA CAINC1 2024
48443,Terrell,TX,65159,74.6,116.2,B,BEA CAINC1 2024
19079,Hamilton,IA,65171,74.6,116.2,B,BEA CAINC1 2024
49011,Davis,UT,65234,74.7,116.4,B,BEA CAINC1 2024
55049,Iowa,WI,65244,74.7,116.4,B,BEA CAINC1 2024
19029,Cass,IA,65270,74.7,116.4,B,BEA CAINC1 2024
46107,Potter,SD,65306,74.8,116.5,B,BEA CAINC1 2024
36039,Greene,NY,65365,74.8,116.6,B,BEA CAINC1 2024
20121,Miami,KS,65388,74.8,116.6,B,BEA CAINC1 2024
39137,Putnam,OH,65403,74.9,116.7,B,BEA CAINC1 2024
55063,La Crosse,WI,65407,74.9,116.7,B,BEA CAINC1 2024
25015,Hampshire,MA,65432,74.9,116.7,B,BEA CAINC1 2024
27077,Lake of the Woods,MN,65442,75.0,116.7,B,BEA CAINC1 2024
47157,Shelby,TN,65448,75.0,116.7,B,BEA CAINC1 2024
17193,White,IL,65452,75.0,116.7,B,BEA CAINC1 2024
16025,Camas,ID,65454,75.0,116.7,B,BEA CAINC1 2024
38071,Ramsey,ND,65460,75.1,116.8,B,BEA CAINC1 2024
20065,Graham,KS,65483,75.1,116.8,B,BEA CAINC1 2024
20149,Pottawatomie,KS,65498,75.1,116.8,B,BEA CAINC1 2024
19147,Palo Alto,IA,65535,75.2,116.9,B,BEA CAINC1 2024
38003,Barnes,ND,65538,75.2,116.9,B,BEA CAINC1 2024
19069,Franklin,IA,65571,75.2,117.0,B,BEA CAINC1 2024
55073,Marathon,WI,65589,75.3,117.0,B,BEA CAINC1 2024
48089,Colorado,TX,65601,75.3,117.0,B,BEA CAINC1 2024
53073,Whatcom,WA,65622,75.3,117.0,B,BEA CAINC1 2024
20113,McPherson,KS,65632,75.4,117.1,B,BEA CAINC1 2024
22051,Jefferson,LA,65691,75.4,117.2,B,BEA CAINC1 2024
48281,Lampasas,TX,65695,75.4,117.2,B,BEA CAINC1 2024
27157,Wabasha,MN,65696,75.5,117.2,B,BEA CAINC1 2024
55091,Pepin,WI,65720,75.5,117.2,B,BEA CAINC1 2024
12117,Seminole,FL,65730,75.5,117.2,B,BEA CAINC1 2024
08093,Park,CO,65741,75.6,117.3,B,BEA CAINC1 2024
51550,Chesapeake (Independent City),VA,65771,75.6,117.3,B,BEA CAINC1 2024
41029,Jackson,OR,65802,75.6,117.4,B,BEA CAINC1 2024
26077,Kalamazoo,MI,65811,75.7,117.4,B,BEA CAINC1 2024
22077,Pointe Coupee,LA,65840,75.7,117.4,B,BEA CAINC1 2024
56011,Crook,WY,65854,75.7,117.5,B,BEA CAINC1 2024
27129,Renville,MN,65878,75.8,117.5,B,BEA CAINC1 2024
54033,Harrison,WV,65896,75.8,117.5,B,BEA CAINC1 2024
48019,Bandera,TX,65926,75.8,117.6,B,BEA CAINC1 2024
55101,Racine,WI,65942,75.9,117.6,B,BEA CAINC1 2024
56021,Laramie,WY,66012,75.9,117.7,B,BEA CAINC1 2024
31185,York,NE,66019,75.9,117.8,B,BEA CAINC1 2024
30073,Pondera,MT,66020,75.9,117.8,B,BEA CAINC1 2024
19103,Johnson,IA,66028,76.0,117.8,B,BEA CAINC1 2024
48263,Kent,TX,66060,76.0,117.8,B,BEA CAINC1 2024
17113,McLean,IL,66091,76.0,117.9,B,BEA CAINC1 2024
42129,Westmoreland,PA,66110,76.1,117.9,B,BEA CAINC1 2024
19011,Benton,IA,66113,76.1,117.9,B,BEA CAINC1 2024
27067,Kandiyohi,MN,66147,76.1,118.0,B,BEA CAINC1 2024
12091,Okaloosa,FL,66226,76.2,118.1,B,BEA CAINC1 2024
39025,Clermont,OH,66235,76.2,118.1,B,BEA CAINC1 2024
25013,Hampden,MA,66238,76.2,118.1,B,BEA CAINC1 2024
51137,Orange,VA,66250,76.3,118.2,B,BEA CAINC1 2024
22005,Ascension,LA,66285,76.3,118.2,B,BEA CAINC1 2024
31017,Brown,NE,66288,76.3,118.2,B,BEA CAINC1 2024
38093,Stutsman,ND,66311,76.4,118.3,B,BEA CAINC1 2024
40057,Harmon,OK,66311,76.4,118.3,B,BEA CAINC1 2024
02070,Dillingham Census Area,AK*,66350,76.4,118.3,B,BEA CAINC1 2024
50021,Rutland,VT,66361,76.5,118.4,B,BEA CAINC1 2024
19061,Dubuque,IA,66392,76.5,118.4,B,BEA CAINC1 2024
27133,Rock,MN,66397,76.5,118.4,B,BEA CAINC1 2024
48155,Foard,TX,66401,76.6,118.4,B,BEA CAINC1 2024
18013,Brown,IN,66407,76.6,118.4,B,BEA CAINC1 2024
38035,Grand Forks,ND,66422,76.6,118.5,B,BEA CAINC1 2024
31027,Cedar,NE,66441,76.7,118.5,B,BEA CAINC1 2024
48289,Leon,TX,66456,76.7,118.5,B,BEA CAINC1 2024
45091,York,SC,66502,76.7,118.6,B,BEA CAINC1 2024
20039,Decatur,KS,66503,76.8,118.6,B,BEA CAINC1 2024
19113,Linn,IA,66525,76.8,118.7,B,BEA CAINC1 2024
30097,Sweet Grass,MT,66533,76.8,118.7,B,BEA CAINC1 2024
19191,Winneshiek,IA,66544,76.8,118.7,B,BEA CAINC1 2024
27171,Wright,MN,66574,76.9,118.7,B,BEA CAINC1 2024
51944,Roanoke + Salem,VA*,66590,76.9,118.8,B,BEA CAINC1 2024
29510,St. Louis (Independent City),MO,66606,76.9,118.8,B,BEA CAINC1 2024
39085,Lake,OH,66609,77.0,118.8,B,BEA CAINC1 2024
19181,Warren,IA,66638,77.0,118.9,B,BEA CAINC1 2024
26139,Ottawa,MI,66678,77.0,118.9,B,BEA CAINC1 2024
13227,Pickens,GA,66680,77.1,118.9,B,BEA CAINC1 2024
20017,Chase,KS,66680,77.1,118.9,B,BEA CAINC1 2024
39049,Franklin,OH,66705,77.1,119.0,B,BEA CAINC1 2024
12035,Flagler,FL,66716,77.2,119.0,B,BEA CAINC1 2024
20179,Sheridan,KS,66737,77.2,119.0,B,BEA CAINC1 2024
27015,Brown,MN,66759,77.2,119.1,B,BEA CAINC1 2024
46011,Brookings,SD,66775,77.3,119.1,B,BEA CAINC1 2024
51023,Botetourt,VA,66799,77.3,119.1,B,BEA CAINC1 2024
19089,Howard,IA,66810,77.3,119.2,B,BEA CAINC1 2024
16055,Kootenai,ID,66815,77.4,119.2,B,BEA CAINC1 2024
20129,Morton,KS,66821,77.4,119.2,B,BEA CAINC1 2024
48071,Chambers,TX,66866,77.4,119.3,B,BEA CAINC1 2024
42077,Lehigh,PA,66913,77.5,119.3,B,BEA CAINC1 2024
19125,Marion,IA,66929,77.5,119.4,B,BEA CAINC1 2024
32003,Clark,NV,66952,77.5,119.4,B,BEA CAINC1 2024
27121,Pope,MN,66989,77.6,119.5,B,BEA CAINC1 2024
31035,Clay,NE,66993,77.6,119.5,B,BEA CAINC1 2024
45043,Georgetown,SC,67003,77.6,119.5,B,BEA CAINC1 2024
31089,Holt,NE,67010,77.6,119.5,B,BEA CAINC1 2024
09150,Northeastern Connecticut,CT*,67025,77.7,119.5,B,BEA CAINC1 2024
36067,Onondaga,NY,67066,77.7,119.6,B,BEA CAINC1 2024
19083,Hardin,IA,67117,77.7,119.7,B,BEA CAINC1 2024
26111,Midland,MI,67162,77.8,119.8,B,BEA CAINC1 2024
15007,Kauai,HI,67170,77.8,119.8,B,BEA CAINC1 2024
36055,Monroe,NY,67184,77.8,119.8,B,BEA CAINC1 2024
19165,Shelby,IA,67220,77.9,119.9,B,BEA CAINC1 2024
55117,Sheboygan,WI,67247,77.9,119.9,B,BEA CAINC1 2024
51800,Suffolk (Independent City),VA,67250,77.9,119.9,B,BEA CAINC1 2024
55087,Outagamie,WI,67258,78.0,120.0,B,BEA CAINC1 2024
39057,Greene,OH,67273,78.0,120.0,B,BEA CAINC1 2024
51921,Frederick + Winchester,VA*,67354,78.0,120.1,B,BEA CAINC1 2024
30049,Lewis and Clark,MT,67391,78.1,120.2,B,BEA CAINC1 2024
48015,Austin,TX,67423,78.1,120.3,B,BEA CAINC1 2024
02122,Kenai Peninsula Borough,AK*,67429,78.1,120.3,B,BEA CAINC1 2024
19143,Osceola,IA,67433,78.2,120.3,B,BEA CAINC1 2024
19141,O'Brien,IA,67449,78.2,120.3,B,BEA CAINC1 2024
13211,Morgan,GA,67463,78.2,120.3,B,BEA CAINC1 2024
15901,Maui + Kalawao,HI*,67489,78.3,120.4,B,BEA CAINC1 2024
48209,Hays,TX,67490,78.3,120.4,B,BEA CAINC1 2024
48451,Tom Green,TX,67584,78.3,120.5,B,BEA CAINC1 2024
40045,Ellis,OK,67585,78.4,120.5,B,BEA CAINC1 2024
13127,Glynn,GA,67614,78.4,120.6,B,BEA CAINC1 2024
22017,Caddo,LA,67649,78.4,120.7,B,BEA CAINC1 2024
38051,McIntosh,ND,67664,78.5,120.7,B,BEA CAINC1 2024
46129,Walworth,SD,67680,78.5,120.7,B,BEA CAINC1 2024
41063,Wallowa,OR,67705,78.5,120.8,B,BEA CAINC1 2024
39153,Summit,OH,67711,78.5,120.8,B,BEA CAINC1 2024
12057,Hillsborough,FL,67712,78.6,120.8,B,BEA CAINC1 2024
02275,Wrangell City and Borough,AK*,67715,78.6,120.8,B,BEA CAINC1 2024
05119,Pulaski,AR,67740,78.6,120.8,B,BEA CAINC1 2024
06095,Solano,CA,67744,78.7,120.8,B,BEA CAINC1 2024
37059,Davie,NC,67760,78.7,120.9,B,BEA CAINC1 2024
48167,Galveston,TX,67777,78.7,120.9,B,BEA CAINC1 2024
34007,Camden,NJ,67784,78.8,120.9,B,BEA CAINC1 2024
31153,Sarpy,NE,67847,78.8,121.0,B,BEA CAINC1 2024
48487,Wilbarger,TX,67853,78.8,121.0,B,BEA CAINC1 2024
27055,Houston,MN,67879,78.9,121.1,B,BEA CAINC1 2024
19009,Audubon,IA,67931,78.9,121.2,B,BEA CAINC1 2024
51951,Spotsylvania + Fredericksburg,VA*,67935,78.9,121.2,B,BEA CAINC1 2024
31003,Antelope,NE,67936,79.0,121.2,B,BEA CAINC1 2024
30051,Liberty,MT,68039,79.0,121.4,B,BEA CAINC1 2024
38049,McHenry,ND,68058,79.0,121.4,B,BEA CAINC1 2024
32510,Carson City (Independent City),NV,68076,79.1,121.4,B,BEA CAINC1 2024
55045,Green,WI,68126,79.1,121.5,B,BEA CAINC1 2024
19043,Clayton,IA,68155,79.1,121.6,B,BEA CAINC1 2024
19081,Hancock,IA,68162,79.2,121.6,B,BEA CAINC1 2024
31119,Madison,NE,68225,79.2,121.7,B,BEA CAINC1 2024
02180,Nome Census Area,AK,68245,79.2,121.7,B,BEA CAINC1 2024
31109,Lancaster,NE,68273,79.3,121.8,B,BEA CAINC1 2024
27073,Lac qui Parle,MN,68276,79.3,121.8,B,BEA CAINC1 2024
30043,Jefferson,MT,68296,79.3,121.8,B,BEA CAINC1 2024
31025,Cass,NE,68296,79.4,121.8,B,BEA CAINC1 2024
55009,Brown,WI,68296,79.4,121.8,B,BEA CAINC1 2024
27161,Waseca,MN,68308,79.4,121.8,B,BEA CAINC1 2024
18059,Hancock,IN,68345,79.4,121.9,B,BEA CAINC1 2024
06049,Modoc,CA,68353,79.5,121.9,B,BEA CAINC1 2024
30081,Ravalli,MT,68354,79.5,121.9,B,BEA CAINC1 2024
34015,Gloucester,NJ,68394,79.5,122.0,B,BEA CAINC1 2024
46123,Tripp,SD,68414,79.6,122.0,B,BEA CAINC1 2024
53053,Pierce,WA,68414,79.6,122.0,B,BEA CAINC1 2024
48357,Ochiltree,TX,68476,79.6,122.1,B,BEA CAINC1 2024
36069,Ontario,NY,68480,79.7,122.1,B,BEA CAINC1 2024
12081,Manatee,FL,68505,79.7,122.2,B,BEA CAINC1 2024
38077,Richland,ND,68548,79.7,122.3,B,BEA CAINC1 2024
51036,Charles City,VA,68549,79.8,122.3,B,BEA CAINC1 2024
50001,Addison,VT,68558,79.8,122.3,B,BEA CAINC1 2024
40139,Texas,OK,68570,79.8,122.3,B,BEA CAINC1 2024
48053,Burnet,TX,68613,79.9,122.4,B,BEA CAINC1 2024
42071,Lancaster,PA,68628,79.9,122.4,B,BEA CAINC1 2024
19109,Kossuth,IA,68674,79.9,122.5,B,BEA CAINC1 2024
31031,Cherry,NE,68685,80.0,122.5,A,BEA CAINC1 2024
36085,Richmond,NY,68753,80.0,122.6,A,BEA CAINC1 2024
39123,Ottawa,OH,68759,80.0,122.6,A,BEA CAINC1 2024
46021,Campbell,SD,68765,80.1,122.7,A,BEA CAINC1 2024
55037,Florence,WI,68779,80.1,122.7,A,BEA CAINC1 2024
02240,Southeast Fairbanks Census Area,AK*,68784,80.1,122.7,A,BEA CAINC1 2024
19129,Mills,IA,68784,80.2,122.7,A,BEA CAINC1 2024
38101,Ward,ND,68835,80.2,122.8,A,BEA CAINC1 2024
31159,Seward,NE,68884,80.2,122.9,A,BEA CAINC1 2024
32033,White Pine,NV,68891,80.3,122.9,A,BEA CAINC1 2024
08041,El Paso,CO,68934,80.3,123.0,A,BEA CAINC1 2024
48435,Sutton,TX,68978,80.3,123.0,A,BEA CAINC1 2024
31001,Adams,NE,69000,80.3,123.1,A,BEA CAINC1 2024
31161,Sheridan,NE,69010,80.4,123.1,A,BEA CAINC1 2024
01089,Madison,AL,69038,80.4,123.1,A,BEA CAINC1 2024
47065,Hamilton,TN,69042,80.4,123.1,A,BEA CAINC1 2024
48227,Howard,TX,69048,80.5,123.2,A,BEA CAINC1 2024
21067,Fayette,KY,69065,80.5,123.2,A,BEA CAINC1 2024
25005,Bristol,MA,69073,80.5,123.2,A,BEA CAINC1 2024
37063,Durham,NC,69077,80.6,123.2,A,BEA CAINC1 2024
36111,Ulster,NY,69090,80.6,123.2,A,BEA CAINC1 2024
48221,Hood,TX,69107,80.6,123.3,A,BEA CAINC1 2024
31007,Banner,NE,69174,80.7,123.4,A,BEA CAINC1 2024
19031,Cedar,IA,69212,80.7,123.4,A,BEA CAINC1 2024
21239,Woodford,KY,69234,80.7,123.5,A,BEA CAINC1 2024
20199,Wallace,KS,69247,80.8,123.5,A,BEA CAINC1 2024
27041,Douglas,MN,69260,80.8,123.5,A,BEA CAINC1 2024
19093,Ida,IA,69265,80.8,123.5,A,BEA CAINC1 2024
27031,Cook,MN,69271,80.9,123.6,A,BEA CAINC1 2024
53067,Thurston,WA,69277,80.9,123.6,A,BEA CAINC1 2024
33017,Strafford,NH,69278,80.9,123.6,A,BEA CAINC1 2024
18127,Porter,IN,69285,81.0,123.6,A,BEA CAINC1 2024
17203,Woodford,IL,69291,81.0,123.6,A,BEA CAINC1 2024
19041,Clay,IA,69323,81.0,123.6,A,BEA CAINC1 2024
42095,Northampton,PA,69350,81.1,123.7,A,BEA CAINC1 2024
51041,Chesterfield,VA,69378,81.1,123.7,A,BEA CAINC1 2024
53059,Skamania,WA,69396,81.1,123.8,A,BEA CAINC1 2024
31073,Gosper,NE,69420,81.1,123.8,A,BEA CAINC1 2024
17053,Ford,IL,69422,81.2,123.8,A,BEA CAINC1 2024
36047,Kings,NY,69427,81.2,123.8,A,BEA CAINC1 2024
20109,Logan,KS,69501,81.2,124.0,A,BEA CAINC1 2024
22055,Lafayette,LA,69524,81.3,124.0,A,BEA CAINC1 2024
48009,Archer,TX,69559,81.3,124.1,A,BEA CAINC1 2024
24510,Baltimore (Independent City),MD,69564,81.3,124.1,A,BEA CAINC1 2024
10003,New Castle,DE,69609,81.4,124.2,A,BEA CAINC1 2024
51099,King George,VA,69622,81.4,124.2,A,BEA CAINC1 2024
34041,Warren,NJ,69633,81.4,124.2,A,BEA CAINC1 2024
22007,Assumption,LA,69639,81.5,124.2,A,BEA CAINC1 2024
37129,New Hanover,NC,69666,81.5,124.3,A,BEA CAINC1 2024
02016,Aleutians West Census Area,AK*,69676,81.5,124.3,A,BEA CAINC1 2024
06067,Sacramento,CA,69693,81.6,124.3,A,BEA CAINC1 2024
19027,Carroll,IA,69790,81.6,124.5,A,BEA CAINC1 2024
19153,Polk,IA,69800,81.6,124.5,A,BEA CAINC1 2024
18043,Floyd,IN,69813,81.7,124.5,A,BEA CAINC1 2024
51133,Northumberland,VA,69818,81.7,124.5,A,BEA CAINC1 2024
56017,Hot Springs,WY,69840,81.7,124.6,A,BEA CAINC1 2024
38031,Foster,ND,69847,81.8,124.6,A,BEA CAINC1 2024
19149,Plymouth,IA,69887,81.8,124.7,A,BEA CAINC1 2024
48423,Smith,TX,69908,81.8,124.7,A,BEA CAINC1 2024
17089,Kane,IL,69927,81.9,124.7,A,BEA CAINC1 2024
22023,Cameron,LA,69929,81.9,124.7,A,BEA CAINC1 2024
27101,Murray,MN,69933,81.9,124.7,A,BEA CAINC1 2024
38057,Mercer,ND,69934,82.0,124.7,A,BEA CAINC1 2024
48439,Tarrant,TX,69936,82.0,124.7,A,BEA CAINC1 2024
21037,Campbell,KY,69948,82.0,124.8,A,BEA CAINC1 2024
06069,San Benito,CA,69967,82.0,124.8,A,BEA CAINC1 2024
55111,Sauk,WI,69974,82.1,124.8,A,BEA CAINC1 2024
40007,Beaver,OK,69985,82.1,124.8,A,BEA CAINC1 2024
19163,Scott,IA,70007,82.1,124.9,A,BEA CAINC1 2024
17041,Douglas,IL,70031,82.2,124.9,A,BEA CAINC1 2024
31169,Thayer,NE,70092,82.2,125.0,A,BEA CAINC1 2024
48105,Crockett,TX,70106,82.2,125.0,A,BEA CAINC1 2024
37097,Iredell,NC,70112,82.3,125.1,A,BEA CAINC1 2024
39063,Hancock,OH,70136,82.3,125.1,A,BEA CAINC1 2024
27089,Marshall,MN,70172,82.3,125.2,A,BEA CAINC1 2024
24017,Charles,MD,70211,82.4,125.2,A,BEA CAINC1 2024
36113,Warren,NY,70235,82.4,125.3,A,BEA CAINC1 2024
27125,Red Lake,MN,70258,82.4,125.3,A,BEA CAINC1 2024
18005,Bartholomew,IN,70262,82.5,125.3,A,BEA CAINC1 2024
27011,Big Stone,MN,70271,82.5,125.3,A,BEA CAINC1 2024
51179,Stafford,VA,70313,82.5,125.4,A,BEA CAINC1 2024
54069,Ohio,WV,70326,82.6,125.4,A,BEA CAINC1 2024
12071,Lee,FL,70329,82.6,125.4,A,BEA CAINC1 2024
48419,Shelby,TX,70341,82.6,125.5,A,BEA CAINC1 2024
20135,Ness,KS,70371,82.7,125.5,A,BEA CAINC1 2024
27049,Goodhue,MN,70391,82.7,125.6,A,BEA CAINC1 2024
25011,Franklin,MA,70392,82.7,125.6,A,BEA CAINC1 2024
38055,McLean,ND,70392,82.8,125.6,A,BEA CAINC1 2024
17197,Will,IL,70456,82.8,125.7,A,BEA CAINC1 2024
51131,Northampton,VA,70479,82.8,125.7,A,BEA CAINC1 2024
33005,Cheshire,NH,70499,82.9,125.7,A,BEA CAINC1 2024
46057,Hamlin,SD,70519,82.9,125.8,A,BEA CAINC1 2024
54037,Jefferson,WV,70542,82.9,125.8,A,BEA CAINC1 2024
48007,Aransas,TX,70565,82.9,125.9,A,BEA CAINC1 2024
37021,Buncombe,NC,70623,83.0,126.0,A,BEA CAINC1 2024
21111,Jefferson,KY,70646,83.0,126.0,A,BEA CAINC1 2024
50003,Bennington,VT,70649,83.0,126.0,A,BEA CAINC1 2024
08119,Teller,CO,70651,83.1,126.0,A,BEA CAINC1 2024
48503,Young,TX,70700,83.1,126.1,A,BEA CAINC1 2024
51093,Isle of Wight,VA,70714,83.1,126.1,A,BEA CAINC1 2024
48011,Armstrong,TX,70719,83.2,126.1,A,BEA CAINC1 2024
51119,Middlesex,VA,70772,83.2,126.2,A,BEA CAINC1 2024
22033,East Baton Rouge,LA,70775,83.2,126.2,A,BEA CAINC1 2024
55127,Walworth,WI,70814,83.3,126.3,A,BEA CAINC1 2024
31023,Butler,NE,70817,83.3,126.3,A,BEA CAINC1 2024
06043,Mariposa,CA,70855,83.3,126.4,A,BEA CAINC1 2024
51942,"Prince William, Manassas + Manassas Park",VA*,70956,83.4,126.6,A,BEA CAINC1 2024
17147,Piatt,IL,70960,83.4,126.6,A,BEA CAINC1 2024
16047,Gooding,ID,70962,83.4,126.6,A,BEA CAINC1 2024
21145,McCracken,KY,70969,83.5,126.6,A,BEA CAINC1 2024
23015,Lincoln,ME,71007,83.5,126.6,A,BEA CAINC1 2024
06113,Yolo,CA,71044,83.5,126.7,A,BEA CAINC1 2024
30067,Park,MT,71155,83.6,126.9,A,BEA CAINC1 2024
38097,Traill,ND,71172,83.6,126.9,A,BEA CAINC1 2024
30009,Carbon,MT,71349,83.6,127.3,A,BEA CAINC1 2024
13089,DeKalb,GA,71376,83.7,127.3,A,BEA CAINC1 2024
53057,Skagit,WA,71399,83.7,127.3,A,BEA CAINC1 2024
31175,Valley,NE,71405,83.7,127.4,A,BEA CAINC1 2024
08015,Chaffee,CO,71431,83.8,127.4,A,BEA CAINC1 2024
48177,Gonzales,TX,71447,83.8,127.4,A,BEA CAINC1 2024
23023,Sagadahoc,ME,71499,83.8,127.5,A,BEA CAINC1 2024
46055,Haakon,SD,71499,83.8,127.5,A,BEA CAINC1 2024
55125,Vilas,WI,71506,83.9,127.5,A,BEA CAINC1 2024
23013,Knox,ME,71509,83.9,127.5,A,BEA CAINC1 2024
22071,Orleans,LA,71513,83.9,127.6,A,BEA CAINC1 2024
20165,Rush,KS,71514,84.0,127.6,A,BEA CAINC1 2024
42041,Cumberland,PA,71515,84.0,127.6,A,BEA CAINC1 2024
31005,Arthur,NE,71520,84.0,127.6,A,BEA CAINC1 2024
06063,Plumas,CA,71569,84.1,127.7,A,BEA CAINC1 2024
27113,Pennington,MN,71610,84.1,127.7,A,BEA CAINC1 2024
31137,Phelps,NE,71624,84.1,127.7,A,BEA CAINC1 2024
50015,Lamoille,VT,71627,84.2,127.8,A,BEA CAINC1 2024
26055,Grand Traverse,MI,71687,84.2,127.9,A,BEA CAINC1 2024
31171,Thomas,NE,71703,84.2,127.9,A,BEA CAINC1 2024
56007,Carbon,WY,71711,84.3,127.9,A,BEA CAINC1 2024
30095,Stillwater,MT,71714,84.3,127.9,A,BEA CAINC1 2024
38043,Kidder,ND,71747,84.3,128.0,A,BEA CAINC1 2024
27123,Ramsey,MN,71769,84.4,128.0,A,BEA CAINC1 2024
51125,Nelson,VA,71776,84.4,128.0,A,BEA CAINC1 2024
46029,Codington,SD,71817,84.4,128.1,A,BEA CAINC1 2024
31011,Boone,NE,71845,84.5,128.1,A,BEA CAINC1 2024
46101,Moody,SD,71846,84.5,128.1,A,BEA CAINC1 2024
31111,Lincoln,NE,71847,84.5,128.1,A,BEA CAINC1 2024
16085,Valley,ID,71881,84.6,128.2,A,BEA CAINC1 2024
25027,Worcester,MA,71909,84.6,128.3,A,BEA CAINC1 2024
29183,St. Charles,MO,71954,84.6,128.3,A,BEA CAINC1 2024
31155,Saunders,NE,71982,84.6,128.4,A,BEA CAINC1 2024
53011,Clark,WA,72024,84.7,128.5,A,BEA CAINC1 2024
17111,McHenry,IL,72162,84.7,128.7,A,BEA CAINC1 2024
25003,Berkshire,MA,72172,84.7,128.7,A,BEA CAINC1 2024
04013,Maricopa,AZ,72176,84.8,128.7,A,BEA CAINC1 2024
17049,Effingham,IL,72180,84.8,128.7,A,BEA CAINC1 2024
47189,Wilson,TN,72229,84.8,128.8,A,BEA CAINC1 2024
37149,Polk,NC,72236,84.9,128.8,A,BEA CAINC1 2024
42093,Montour,PA,72291,84.9,128.9,A,BEA CAINC1 2024
31015,Boyd,NE,72329,84.9,129.0,A,BEA CAINC1 2024
23009,Hancock,ME,72341,85.0,129.0,A,BEA CAINC1 2024
38073,Ransom,ND,72353,85.0,129.0,A,BEA CAINC1 2024
46037,Day,SD,72389,85.0,129.1,A,BEA CAINC1 2024
16081,Teton,ID,72444,85.1,129.2,A,BEA CAINC1 2024
09140,Naugatuck Valley,CT*,72474,85.1,129.3,A,BEA CAINC1 2024
46069,Hyde,SD,72554,85.1,129.4,A,BEA CAINC1 2024
33019,Sullivan,NH,72612,85.2,129.5,A,BEA CAINC1 2024
46035,Davison,SD,72648,85.2,129.6,A,BEA CAINC1 2024
46033,Custer,SD,72654,85.2,129.6,A,BEA CAINC1 2024
48477,Washington,TX,72659,85.3,129.6,A,BEA CAINC1 2024
39107,Mercer,OH,72667,85.3,129.6,A,BEA CAINC1 2024
31019,Buffalo,NE,72681,85.3,129.6,A,BEA CAINC1 2024
48285,Lavaca,TX,72688,85.4,129.6,A,BEA CAINC1 2024
31085,Hayes,NE,72707,85.4,129.7,A,BEA CAINC1 2024
31081,Hamilton,NE,72727,85.4,129.7,A,BEA CAINC1 2024
53007,Chelan,WA,72749,85.5,129.8,A,BEA CAINC1 2024
19167,Sioux,IA,72752,85.5,129.8,A,BEA CAINC1 2024
48377,Presidio,TX,72762,85.5,129.8,A,BEA CAINC1 2024
06027,Inyo,CA,72766,85.5,129.8,A,BEA CAINC1 2024
39035,Cuyahoga,OH,72797,85.6,129.8,A,BEA CAINC1 2024
18037,Dubois,IN,72806,85.6,129.9,A,BEA CAINC1 2024
56035,Sublette,WY,72829,85.6,129.9,A,BEA CAINC1 2024
47093,Knox,TN,72840,85.7,129.9,A,BEA CAINC1 2024
19077,Guthrie,IA,72853,85.7,129.9,A,BEA CAINC1 2024
53031,Jefferson,WA,72897,85.7,130.0,A,BEA CAINC1 2024
20147,Phillips,KS,72919,85.8,130.1,A,BEA CAINC1 2024
37125,Moore,NC,72920,85.8,130.1,A,BEA CAINC1 2024
36087,Rockland,NY,72930,85.8,130.1,A,BEA CAINC1 2024
30111,Yellowstone,MT,72985,85.9,130.2,A,BEA CAINC1 2024
20171,Scott,KS,73097,85.9,130.4,A,BEA CAINC1 2024
08047,Gilpin,CO,73129,85.9,130.4,A,BEA CAINC1 2024
17155,Putnam,IL,73151,86.0,130.5,A,BEA CAINC1 2024
20047,Edwards,KS,73173,86.0,130.5,A,BEA CAINC1 2024
38089,Stark,ND,73173,86.0,130.5,A,BEA CAINC1 2024
46043,Douglas,SD,73191,86.1,130.5,A,BEA CAINC1 2024
55109,St. Croix,WI,73222,86.1,130.6,A,BEA CAINC1 2024
46015,Brule,SD,73229,86.1,130.6,A,BEA CAINC1 2024
56019,Johnson,WY,73246,86.2,130.6,A,BEA CAINC1 2024
24037,St. Mary's,MD,73314,86.2,130.8,A,BEA CAINC1 2024
27167,Wilkin,MN,73320,86.2,130.8,A,BEA CAINC1 2024
46073,Jerauld,SD,73322,86.3,130.8,A,BEA CAINC1 2024
47165,Sumner,TN,73326,86.3,130.8,A,BEA CAINC1 2024
31129,Nuckolls,NE,73365,86.3,130.9,A,BEA CAINC1 2024
31083,Harlan,NE,73374,86.4,130.9,A,BEA CAINC1 2024
26081,Kent,MI,73492,86.4,131.1,A,BEA CAINC1 2024
38011,Bowman,ND,73567,86.4,131.2,A,BEA CAINC1 2024
24047,Worcester,MD,73572,86.4,131.2,A,BEA CAINC1 2024
02290,Yukon-Koyukuk Census Area,AK*,73588,86.5,131.3,A,BEA CAINC1 2024
47105,Loudon,TN,73616,86.5,131.3,A,BEA CAINC1 2024
40059,Harper,OK,73644,86.5,131.4,A,BEA CAINC1 2024
10005,Sussex,DE,73647,86.6,131.4,A,BEA CAINC1 2024
46067,Hutchinson,SD,73663,86.6,131.4,A,BEA CAINC1 2024
39103,Medina,OH,73709,86.6,131.5,A,BEA CAINC1 2024
20123,Mitchell,KS,73731,86.7,131.5,A,BEA CAINC1 2024
48265,Kerr,TX,73735,86.7,131.5,A,BEA CAINC1 2024
41021,Gilliam,OR,73757,86.7,131.6,A,BEA CAINC1 2024
48137,Edwards,TX,73782,86.8,131.6,A,BEA CAINC1 2024
46097,Miner,SD,73798,86.8,131.6,A,BEA CAINC1 2024
30029,Flathead,MT,73843,86.8,131.7,A,BEA CAINC1 2024
08069,Larimer,CO,73894,86.9,131.8,A,BEA CAINC1 2024
09170,South Central Connecticut,CT*,73967,86.9,131.9,A,BEA CAINC1 2024
53029,Island,WA,74079,86.9,132.1,A,BEA CAINC1 2024
08053,Hinsdale,CO,74083,87.0,132.1,A,BEA CAINC1 2024
20131,Nemaha,KS,74093,87.0,132.2,A,BEA CAINC1 2024
38017,Cass,ND,74118,87.0,132.2,A,BEA CAINC1 2024
06053,Monterey,CA,74175,87.1,132.3,A,BEA CAINC1 2024
37031,Carteret,NC,74177,87.1,132.3,A,BEA CAINC1 2024
30063,Missoula,MT,74223,87.1,132.4,A,BEA CAINC1 2024
46135,Yankton,SD,74264,87.2,132.5,A,BEA CAINC1 2024
18173,Warrick,IN,74288,87.2,132.5,A,BEA CAINC1 2024
49029,Morgan,UT,74288,87.2,132.5,A,BEA CAINC1 2024
38099,Walsh,ND,74307,87.3,132.5,A,BEA CAINC1 2024
08061,Kiowa,CO,74364,87.3,132.6,A,BEA CAINC1 2024
48431,Sterling,TX,74366,87.3,132.6,A,BEA CAINC1 2024
31143,Polk,NE,74391,87.3,132.7,A,BEA CAINC1 2024
02063,Chugach Census Area,AK*,74430,87.4,132.8,A,BEA CAINC1 2024
38039,Griggs,ND,74455,87.4,132.8,A,BEA CAINC1 2024
48193,Hamilton,TX,74459,87.4,132.8,A,BEA CAINC1 2024
12011,Broward,FL,74506,87.5,132.9,A,BEA CAINC1 2024
01117,Shelby,AL,74513,87.5,132.9,A,BEA CAINC1 2024
31117,McPherson,NE,74524,87.5,132.9,A,BEA CAINC1 2024
15003,Honolulu,HI,74681,87.6,133.2,A,BEA CAINC1 2024
23031,York,ME,74683,87.6,133.2,A,BEA CAINC1 2024
46065,Hughes,SD,74747,87.6,133.3,A,BEA CAINC1 2024
08045,Garfield,CO,74757,87.7,133.3,A,BEA CAINC1 2024
13057,Cherokee,GA,74826,87.7,133.5,A,BEA CAINC1 2024
41027,Hood River,OR,74839,87.7,133.5,A,BEA CAINC1 2024
27151,Swift,MN,74868,87.8,133.5,A,BEA CAINC1 2024
27109,Olmsted,MN,74873,87.8,133.5,A,BEA CAINC1 2024
24025,Harford,MD,74919,87.8,133.6,A,BEA CAINC1 2024
31077,Greeley,NE,74981,87.9,133.7,A,BEA CAINC1 2024
18097,Marion,IN,75002,87.9,133.8,A,BEA CAINC1 2024
31029,Chase,NE,75006,87.9,133.8,A,BEA CAINC1 2024
06051,Mono,CA,75036,88.0,133.8,A,BEA CAINC1 2024
44003,Kent,RI,75126,88.0,134.0,A,BEA CAINC1 2024
08051,Gunnison,CO,75184,88.0,134.1,A,BEA CAINC1 2024
36027,Dutchess,NY,75190,88.1,134.1,A,BEA CAINC1 2024
02090,Fairbanks North Star Borough,AK,75191,88.1,134.1,A,BEA CAINC1 2024
19119,Lyon,IA,75203,88.1,134.1,A,BEA CAINC1 2024
20153,Rawlins,KS,75228,88.2,134.2,A,BEA CAINC1 2024
27117,Pipestone,MN,75271,88.2,134.3,A,BEA CAINC1 2024
19161,Sac,IA,75296,88.2,134.3,A,BEA CAINC1 2024
01073,Jefferson,AL,75312,88.2,134.3,A,BEA CAINC1 2024
48367,Parker,TX,75334,88.3,134.4,A,BEA CAINC1 2024
56009,Converse,WY,75339,88.3,134.4,A,BEA CAINC1 2024
20203,Wichita,KS,75354,88.3,134.4,A,BEA CAINC1 2024
31115,Loup,NE,75431,88.4,134.5,A,BEA CAINC1 2024
49035,Salt Lake,UT,75434,88.4,134.5,A,BEA CAINC1 2024
51145,Powhatan,VA,75461,88.4,134.6,A,BEA CAINC1 2024
49031,Piute,UT,75547,88.5,134.7,A,BEA CAINC1 2024
48123,DeWitt,TX,75556,88.5,134.8,A,BEA CAINC1 2024
48299,Llano,TX,75561,88.5,134.8,A,BEA CAINC1 2024
29165,Platte,MO,75607,88.6,134.9,A,BEA CAINC1 2024
31177,Washington,NE,75612,88.6,134.9,A,BEA CAINC1 2024
39159,Union,OH,75616,88.6,134.9,A,BEA CAINC1 2024
38045,LaMoure,ND,75679,88.7,135.0,A,BEA CAINC1 2024
48157,Fort Bend,TX,75721,88.7,135.1,A,BEA CAINC1 2024
38015,Burleigh,ND,75724,88.7,135.1,A,BEA CAINC1 2024
40073,Kingfisher,OK,75724,88.8,135.1,A,BEA CAINC1 2024
26093,Livingston,MI,75839,88.8,135.3,A,BEA CAINC1 2024
46087,McCook,SD,75927,88.8,135.4,A,BEA CAINC1 2024
48117,Deaf Smith,TX,75979,88.9,135.5,A,BEA CAINC1 2024
55021,Columbia,WI,75993,88.9,135.5,A,BEA CAINC1 2024
19197,Wright,IA,76026,88.9,135.6,A,BEA CAINC1 2024
48475,Ward,TX,76133,89.0,135.8,A,BEA CAINC1 2024
20187,Stanton,KS,76141,89.0,135.8,A,BEA CAINC1 2024
51958,York + Poquoson,VA*,76155,89.0,135.8,A,BEA CAINC1 2024
48491,Williamson,TX,76156,89.0,135.8,A,BEA CAINC1 2024
46089,McPherson,SD,76160,89.1,135.8,A,BEA CAINC1 2024
38105,Williams,ND,76176,89.1,135.9,A,BEA CAINC1 2024
38009,Bottineau,ND,76250,89.1,136.0,A,BEA CAINC1 2024
48383,Reagan,TX,76277,89.2,136.0,A,BEA CAINC1 2024
02150,Kodiak Island Borough,AK,76286,89.2,136.1,A,BEA CAINC1 2024
55131,Washington,WI,76329,89.2,136.1,A,BEA CAINC1 2024
51810,Virginia Beach (Independent City),VA,76347,89.3,136.2,A,BEA CAINC1 2024
12119,Sumter,FL,76421,89.3,136.3,A,BEA CAINC1 2024
30083,Richland,MT,76508,89.3,136.5,A,BEA CAINC1 2024
26029,Charlevoix,MI,76513,89.4,136.5,A,BEA CAINC1 2024
37179,Union,NC,76528,89.4,136.5,A,BEA CAINC1 2024
02164,Lake and Peninsula Borough,AK*,76538,89.4,136.5,A,BEA CAINC1 2024
51115,Mathews,VA,76569,89.5,136.6,A,BEA CAINC1 2024
42019,Butler,PA,76582,89.5,136.6,A,BEA CAINC1 2024
46077,Kingsbury,SD,76703,89.5,136.8,A,BEA CAINC1 2024
20083,Hodgeman,KS,76736,89.6,136.9,A,BEA CAINC1 2024
40109,Oklahoma,OK,76758,89.6,136.9,A,BEA CAINC1 2024
42125,Washington,PA,76764,89.6,136.9,A,BEA CAINC1 2024
16001,Ada,ID,76921,89.7,137.2,A,BEA CAINC1 2024
19001,Adair,IA,76983,89.7,137.3,A,BEA CAINC1 2024
48243,Jeff Davis,TX,77026,89.7,137.4,A,BEA CAINC1 2024
50027,Windsor,VT,77039,89.8,137.4,A,BEA CAINC1 2024
46051,Grant,SD,77092,89.8,137.5,A,BEA CAINC1 2024
22093,St. James,LA,77150,89.8,137.6,A,BEA CAINC1 2024
34023,Middlesex,NJ,77293,89.9,137.9,A,BEA CAINC1 2024
56023,Lincoln,WY,77487,89.9,138.2,A,BEA CAINC1 2024
17139,Moultrie,IL,77504,89.9,138.2,A,BEA CAINC1 2024
38027,Eddy,ND,77543,89.9,138.3,A,BEA CAINC1 2024
38063,Nelson,ND,77562,90.0,138.3,A,BEA CAINC1 2024
06079,San Luis Obispo,CA,77564,90.0,138.3,A,BEA CAINC1 2024
53035,Kitsap,WA,77564,90.0,138.3,A,BEA CAINC1 2024
34037,Sussex,NJ,77661,90.1,138.5,A,BEA CAINC1 2024
42003,Allegheny,PA,77685,90.1,138.6,A,BEA CAINC1 2024
20119,Meade,KS,77805,90.1,138.8,A,BEA CAINC1 2024
17133,Monroe,IL,77807,90.2,138.8,A,BEA CAINC1 2024
48369,Parmer,TX,77881,90.2,138.9,A,BEA CAINC1 2024
27037,Dakota,MN,77886,90.2,138.9,A,BEA CAINC1 2024
02105,Hoonah-Angoon Census Area,AK*,77925,90.3,139.0,A,BEA CAINC1 2024
08057,Jackson,CO,77936,90.3,139.0,A,BEA CAINC1 2024
31009,Blaine,NE,78081,90.3,139.3,A,BEA CAINC1 2024
21117,Kenton,KY,78130,90.4,139.4,A,BEA CAINC1 2024
33013,Merrimack,NH,78153,90.4,139.4,A,BEA CAINC1 2024
27173,Yellow Medicine,MN,78156,90.4,139.4,A,BEA CAINC1 2024
46075,Jones,SD,78186,90.5,139.5,A,BEA CAINC1 2024
34005,Burlington,NJ,78221,90.5,139.5,A,BEA CAINC1 2024
12103,Pinellas,FL,78288,90.5,139.6,A,BEA CAINC1 2024
35015,Eddy,NM,78406,90.6,139.8,A,BEA CAINC1 2024
53061,Snohomish,WA,78447,90.6,139.9,A,BEA CAINC1 2024
38091,Steele,ND,78457,90.6,139.9,A,BEA CAINC1 2024
46103,Pennington,SD,78464,90.7,139.9,A,BEA CAINC1 2024
12086,Miami-Dade,FL,78567,90.7,140.1,A,BEA CAINC1 2024
46081,Lawrence,SD,78616,90.7,140.2,A,BEA CAINC1 2024
48149,Fayette,TX,78628,90.8,140.2,A,BEA CAINC1 2024
46099,Minnehaha,SD,78658,90.8,140.3,A,BEA CAINC1 2024
24013,Carroll,MD,78696,90.8,140.4,A,BEA CAINC1 2024
48397,Rockwall,TX,78787,90.8,140.5,A,BEA CAINC1 2024
30057,Madison,MT,78911,90.9,140.7,A,BEA CAINC1 2024
24021,Frederick,MD,78929,90.9,140.8,A,BEA CAINC1 2024
24005,Baltimore,MD,78953,90.9,140.8,A,BEA CAINC1 2024
41051,Multnomah,OR,78973,91.0,140.9,A,BEA CAINC1 2024
39061,Hamilton,OH,78987,91.0,140.9,A,BEA CAINC1 2024
08017,Cheyenne,CO,79060,91.0,141.0,A,BEA CAINC1 2024
31059,Fillmore,NE,79223,91.1,141.3,A,BEA CAINC1 2024
08039,Elbert,CO,79244,91.1,141.3,A,BEA CAINC1 2024
50013,Grand Isle,VT,79333,91.1,141.5,A,BEA CAINC1 2024
36021,Columbia,NY,79389,91.2,141.6,A,BEA CAINC1 2024
48091,Comal,TX,79451,91.2,141.7,A,BEA CAINC1 2024
50023,Washington,VT,79488,91.2,141.8,A,BEA CAINC1 2024
40025,Cimarron,OK,79566,91.3,141.9,A,BEA CAINC1 2024
13067,Cobb,GA,79583,91.3,141.9,A,BEA CAINC1 2024
24009,Calvert,MD,79588,91.3,142.0,A,BEA CAINC1 2024
38061,Mountrail,ND,79698,91.4,142.2,A,BEA CAINC1 2024
26161,Washtenaw,MI,79736,91.4,142.2,A,BEA CAINC1 2024
46061,Hanson,SD,79756,91.4,142.3,A,BEA CAINC1 2024
31123,Morrill,NE,79808,91.5,142.3,A,BEA CAINC1 2024
38075,Renville,ND,79894,91.5,142.5,A,BEA CAINC1 2024
46039,Deuel,SD,79895,91.5,142.5,A,BEA CAINC1 2024
56025,Natrona,WY,79903,91.6,142.5,A,BEA CAINC1 2024
17031,Cook,IL,79964,91.6,142.6,A,BEA CAINC1 2024
46013,Brown,SD,79984,91.6,142.7,A,BEA CAINC1 2024
48201,Harris,TX,79991,91.7,142.7,A,BEA CAINC1 2024
26047,Emmet,MI,80004,91.7,142.7,A,BEA CAINC1 2024
51760,Richmond (Independent City),VA,80007,91.7,142.7,A,BEA CAINC1 2024
19033,Cerro Gordo,IA,80093,91.7,142.9,A,BEA CAINC1 2024
48121,Denton,TX,80108,91.8,142.9,A,BEA CAINC1 2024
06057,Nevada,CA,80346,91.8,143.3,A,BEA CAINC1 2024
31039,Cuming,NE,80462,91.8,143.5,A,BEA CAINC1 2024
33011,Hillsborough,NH,80473,91.9,143.5,A,BEA CAINC1 2024
48339,Montgomery,TX,80512,91.9,143.6,A,BEA CAINC1 2024
50007,Chittenden,VT,80533,91.9,143.6,A,BEA CAINC1 2024
38095,Towner,ND,80670,92.0,143.9,A,BEA CAINC1 2024
24029,Kent,MD,80878,92.0,144.3,A,BEA CAINC1 2024
56029,Park,WY,80914,92.0,144.3,A,BEA CAINC1 2024
08079,Mineral,CO,80926,92.1,144.3,A,BEA CAINC1 2024
31067,Gage,NE,80959,92.1,144.4,A,BEA CAINC1 2024
39165,Warren,OH,81022,92.1,144.5,A,BEA CAINC1 2024
08067,La Plata,CO,81031,92.2,144.5,A,BEA CAINC1 2024
51087,Henrico,VA,81054,92.2,144.6,A,BEA CAINC1 2024
13113,Fayette,GA,81159,92.2,144.8,A,BEA CAINC1 2024
55025,Dane,WI,81203,92.3,144.8,A,BEA CAINC1 2024
38081,Sargent,ND,81208,92.3,144.8,A,BEA CAINC1 2024
46091,Marshall,SD,81293,92.3,145.0,A,BEA CAINC1 2024
08049,Grand,CO,81305,92.4,145.0,A,BEA CAINC1 2024
41067,Washington,OR,81349,92.4,145.1,A,BEA CAINC1 2024
49019,Grand,UT,81380,92.4,145.2,A,BEA CAINC1 2024
51085,Hanover,VA,81533,92.5,145.4,A,BEA CAINC1 2024
48437,Swisher,TX,81571,92.5,145.5,A,BEA CAINC1 2024
46059,Hand,SD,81841,92.5,146.0,A,BEA CAINC1 2024
48111,Dallam,TX,81925,92.5,146.1,A,BEA CAINC1 2024
27155,Traverse,MN,82108,92.6,146.4,A,BEA CAINC1 2024
38103,Wells,ND,82133,92.6,146.5,A,BEA CAINC1 2024
55029,Door,WI,82172,92.6,146.6,A,BEA CAINC1 2024
22103,St. Tammany,LA,82398,92.7,147.0,A,BEA CAINC1 2024
34009,Cape May,NJ,82400,92.7,147.0,A,BEA CAINC1 2024
31135,Perkins,NE,82462,92.7,147.1,A,BEA CAINC1 2024
35049,Santa Fe,NM,82474,92.8,147.1,A,BEA CAINC1 2024
48031,Blanco,TX,82501,92.8,147.1,A,BEA CAINC1 2024
06111,Ventura,CA,82558,92.8,147.3,A,BEA CAINC1 2024
09110,Capitol,CT*,82719,92.9,147.5,A,BEA CAINC1 2024
56033,Sheridan,WY,82773,92.9,147.6,A,BEA CAINC1 2024
02195,Petersburg Borough,AK*,82785,92.9,147.7,A,BEA CAINC1 2024
34017,Hudson,NJ,82814,93.0,147.7,A,BEA CAINC1 2024
34013,Essex,NJ,82871,93.0,147.8,A,BEA CAINC1 2024
27127,Redwood,MN,82908,93.0,147.9,A,BEA CAINC1 2024
38053,McKenzie,ND,83041,93.1,148.1,A,BEA CAINC1 2024
38007,Billings,ND,83173,93.1,148.3,A,BEA CAINC1 2024
38013,Burke,ND,83248,93.1,148.5,A,BEA CAINC1 2024
48255,Karnes,TX,83316,93.2,148.6,A,BEA CAINC1 2024
36001,Albany,NY,83395,93.2,148.7,A,BEA CAINC1 2024
09160,Northwest Hills,CT*,83433,93.2,148.8,A,BEA CAINC1 2024
12089,Nassau,FL,83469,93.3,148.9,A,BEA CAINC1 2024
32015,Lander,NV,83490,93.3,148.9,A,BEA CAINC1 2024
32029,Storey,NV,83495,93.3,148.9,A,BEA CAINC1 2024
47047,Fayette,TN,83543,93.4,149.0,A,BEA CAINC1 2024
37055,Dare,NC,83613,93.4,149.1,A,BEA CAINC1 2024
40143,Tulsa,OK,83844,93.4,149.5,A,BEA CAINC1 2024
06037,Los Angeles,CA,83888,93.4,149.6,A,BEA CAINC1 2024
41005,Clackamas,OR,84035,93.5,149.9,A,BEA CAINC1 2024
08005,Arapahoe,CO,84131,93.5,150.1,A,BEA CAINC1 2024
19059,Dickinson,IA,84249,93.5,150.3,A,BEA CAINC1 2024
06073,San Diego,CA,84312,93.6,150.4,A,BEA CAINC1 2024
02020,Anchorage Municipality,AK,84370,93.6,150.5,A,BEA CAINC1 2024
51931,James City + Williamsburg,VA*,84453,93.6,150.6,A,BEA CAINC1 2024
46117,Stanley,SD,84536,93.7,150.8,A,BEA CAINC1 2024
19183,Washington,IA,84539,93.7,150.8,A,BEA CAINC1 2024
20069,Gray,KS,84604,93.7,150.9,A,BEA CAINC1 2024
51017,Bath,VA,84722,93.8,151.1,A,BEA CAINC1 2024
27139,Scott,MN,84901,93.8,151.4,A,BEA CAINC1 2024
48113,Dallas,TX,84975,93.8,151.6,A,BEA CAINC1 2024
48389,Reeves,TX,85037,93.9,151.7,A,BEA CAINC1 2024
42045,Delaware,PA,85094,93.9,151.8,A,BEA CAINC1 2024
19049,Dallas,IA,85124,93.9,151.8,A,BEA CAINC1 2024
08019,Clear Creek,CO,85137,94.0,151.9,A,BEA CAINC1 2024
34039,Union,NJ,85152,94.0,151.9,A,BEA CAINC1 2024
02130,Ketchikan Gateway Borough,AK*,85247,94.0,152.0,A,BEA CAINC1 2024
33001,Belknap,NH,85305,94.1,152.2,A,BEA CAINC1 2024
45013,Beaufort,SC,85327,94.1,152.2,A,BEA CAINC1 2024
33003,Carroll,NH,85364,94.1,152.3,A,BEA CAINC1 2024
51103,Lancaster,VA,85487,94.2,152.5,A,BEA CAINC1 2024
31165,Sioux,NE,85546,94.2,152.6,A,BEA CAINC1 2024
37183,Wake,NC,85573,94.2,152.6,A,BEA CAINC1 2024
48495,Winkler,TX,85774,94.3,153.0,A,BEA CAINC1 2024
31055,Douglas,NE,85842,94.3,153.1,A,BEA CAINC1 2024
46119,Sully,SD,85843,94.3,153.1,A,BEA CAINC1 2024
33009,Grafton,NH,85873,94.3,153.2,A,BEA CAINC1 2024
46049,Faulk,SD,86022,94.4,153.4,A,BEA CAINC1 2024
37119,Mecklenburg,NC,86098,94.4,153.6,A,BEA CAINC1 2024
41017,Deschutes,OR,86176,94.4,153.7,A,BEA CAINC1 2024
51043,Clarke,VA,86201,94.5,153.7,A,BEA CAINC1 2024
46045,Edmunds,SD,86216,94.5,153.8,A,BEA CAINC1 2024
27163,Washington,MN,86217,94.5,153.8,A,BEA CAINC1 2024
24035,Queen Anne's,MD,86365,94.6,154.0,A,BEA CAINC1 2024
32031,Washoe,NV,86639,94.6,154.5,A,BEA CAINC1 2024
36091,Saratoga,NY,86833,94.6,154.9,A,BEA CAINC1 2024
25009,Essex,MA,86852,94.7,154.9,A,BEA CAINC1 2024
19035,Cherokee,IA,86904,94.7,155.0,A,BEA CAINC1 2024
38067,Pembina,ND,87020,94.7,155.2,A,BEA CAINC1 2024
34021,Mercer,NJ,87068,94.8,155.3,A,BEA CAINC1 2024
21185,Oldham,KY,87137,94.8,155.4,A,BEA CAINC1 2024
48235,Irion,TX,87236,94.8,155.6,A,BEA CAINC1 2024
09130,Lower Connecticut River Valley,CT*,87273,94.9,155.7,A,BEA CAINC1 2024
46025,Clark,SD,87398,94.9,155.9,A,BEA CAINC1 2024
44009,Washington,RI,87451,94.9,156.0,A,BEA CAINC1 2024
24003,Anne Arundel,MD,87614,95.0,156.3,A,BEA CAINC1 2024
13117,Forsyth,GA,87730,95.0,156.5,A,BEA CAINC1 2024
06061,Placer,CA,87751,95.0,156.5,A,BEA CAINC1 2024
37135,Orange,NC,87778,95.1,156.6,A,BEA CAINC1 2024
25023,Plymouth,MA,87818,95.1,156.6,A,BEA CAINC1 2024
13133,Greene,GA,87841,95.1,156.7,A,BEA CAINC1 2024
06003,Alpine,CA,88146,95.2,157.2,A,BEA CAINC1 2024
06083,Santa Barbara,CA,88347,95.2,157.6,A,BEA CAINC1 2024
36079,Putnam,NY,88460,95.2,157.8,A,BEA CAINC1 2024
20101,Lane,KS,88578,95.2,158.0,A,BEA CAINC1 2024
08059,Jefferson,CO*,88698,95.3,158.2,A,BEA CAINC1 2024
06097,Sonoma,CA,88832,95.3,158.4,A,BEA CAINC1 2024
02110,Juneau City and Borough,AK,88889,95.3,158.5,A,BEA CAINC1 2024
48359,Oldham,TX,89391,95.4,159.4,A,BEA CAINC1 2024
48085,Collin,TX,89488,95.4,159.6,A,BEA CAINC1 2024
06017,El Dorado,CA,89554,95.4,159.7,A,BEA CAINC1 2024
20081,Haskell,KS,89909,95.5,160.4,A,BEA CAINC1 2024
23005,Cumberland,ME,90142,95.5,160.8,A,BEA CAINC1 2024
45019,Charleston,SC,90550,95.5,161.5,A,BEA CAINC1 2024
51061,Fauquier,VA,90597,95.6,161.6,A,BEA CAINC1 2024
28089,Madison,MS,90668,95.6,161.7,A,BEA CAINC1 2024
13219,Oconee,GA,91363,95.6,163.0,A,BEA CAINC1 2024
02220,Sitka City and Borough,AK*,91448,95.7,163.1,A,BEA CAINC1 2024
08091,Ouray,CO,91554,95.7,163.3,A,BEA CAINC1 2024
37037,Chatham,NC,91638,95.7,163.4,A,BEA CAINC1 2024
46125,Turner,SD,91710,95.8,163.6,A,BEA CAINC1 2024
46083,Lincoln,SD,91853,95.8,163.8,A,BEA CAINC1 2024
36103,Suffolk,NY,92113,95.8,164.3,A,BEA CAINC1 2024
39055,Geauga,OH,92155,95.9,164.4,A,BEA CAINC1 2024
26089,Leelanau,MI,92189,95.9,164.4,A,BEA CAINC1 2024
31149,Rock,NE,92199,95.9,164.4,A,BEA CAINC1 2024
02185,North Slope Borough,AK*,92214,96.0,164.5,A,BEA CAINC1 2024
48211,Hemphill,TX,92501,96.0,165.0,A,BEA CAINC1 2024
48433,Stonewall,TX,92904,96.0,165.7,A,BEA CAINC1 2024
08014,Broomfield,CO*,93044,96.1,166.0,A,BEA CAINC1 2024
12109,St. Johns,FL,93079,96.1,166.0,A,BEA CAINC1 2024
26125,Oakland,MI,93579,96.1,166.9,A,BEA CAINC1 2024
06087,Santa Cruz,CA,93580,96.1,166.9,A,BEA CAINC1 2024
06059,Orange,CA,94034,96.2,167.7,A,BEA CAINC1 2024
12115,Sarasota,FL,94099,96.2,167.8,A,BEA CAINC1 2024
38019,Cavalier,ND,94299,96.2,168.2,A,BEA CAINC1 2024
30031,Gallatin,MT,94573,96.3,168.7,A,BEA CAINC1 2024
12131,Walton,FL,94582,96.3,168.7,A,BEA CAINC1 2024
55133,Waukesha,WI,94831,96.3,169.1,A,BEA CAINC1 2024
44005,Newport,RI,95033,96.4,169.5,A,BEA CAINC1 2024
51157,Rappahannock,VA,95139,96.4,169.7,A,BEA CAINC1 2024
20091,Johnson,KS,95419,96.4,170.2,A,BEA CAINC1 2024
38021,Dickey,ND,95638,96.5,170.6,A,BEA CAINC1 2024
48461,Upton,TX,96021,96.5,171.3,A,BEA CAINC1 2024
27019,Carver,MN,96114,96.5,171.4,A,BEA CAINC1 2024
39041,Delaware,OH,96573,96.6,172.2,A,BEA CAINC1 2024
19037,Chickasaw,IA,96643,96.6,172.4,A,BEA CAINC1 2024
42017,Bucks,PA,96664,96.6,172.4,A,BEA CAINC1 2024
25001,Barnstable,MA,96768,96.7,172.6,A,BEA CAINC1 2024
48195,Hansford,TX,96833,96.7,172.7,A,BEA CAINC1 2024
49051,Wasatch,UT,97428,96.7,173.8,A,BEA CAINC1 2024
48171,Gillespie,TX,97669,96.8,174.2,A,BEA CAINC1 2024
19131,Mitchell,IA,98211,96.8,175.2,A,BEA CAINC1 2024
35028,Los Alamos,NM,98378,96.8,175.5,A,BEA CAINC1 2024
17043,DuPage,IL,98481,96.9,175.7,A,BEA CAINC1 2024
31057,Dundy,NE,98564,96.9,175.8,A,BEA CAINC1 2024
20063,Gove,KS,98901,96.9,176.4,A,BEA CAINC1 2024
48453,Travis,TX,98944,96.9,176.5,A,BEA CAINC1 2024
48417,Shackelford,TX,99639,97.0,177.7,A,BEA CAINC1 2024
47037,Davidson,TN,99647,97.0,177.7,A,BEA CAINC1 2024
31099,Kearney,NE,99676,97.0,177.8,A,BEA CAINC1 2024
24027,Howard,MD,99767,97.1,177.9,A,BEA CAINC1 2024
38025,Dunn,ND,99793,97.1,178.0,A,BEA CAINC1 2024
02230,Skagway Municipality,AK*,99837,97.1,178.1,A,BEA CAINC1 2024
44001,Bristol,RI,99923,97.2,178.2,A,BEA CAINC1 2024
53055,San Juan,WA,99983,97.2,178.3,A,BEA CAINC1 2024
33015,Rockingham,NH,100216,97.2,178.7,A,BEA CAINC1 2024
48109,Culberson,TX,100342,97.3,179.0,A,BEA CAINC1 2024
27053,Hennepin,MN,100352,97.3,179.0,A,BEA CAINC1 2024
02100,Haines Borough,AK*,100738,97.3,179.7,A,BEA CAINC1 2024
46115,Spink,SD,100787,97.4,179.8,A,BEA CAINC1 2024
18011,Boone,IN,101485,97.4,181.0,A,BEA CAINC1 2024
20075,Hamilton,KS,101962,97.4,181.9,A,BEA CAINC1 2024
25007,Dukes,MA,102176,97.5,182.2,A,BEA CAINC1 2024
24041,Talbot,MD,102548,97.5,182.9,A,BEA CAINC1 2024
06055,Napa,CA,103017,97.5,183.7,A,BEA CAINC1 2024
17097,Lake,IL,103546,97.6,184.7,A,BEA CAINC1 2024
46079,Lake,SD,103883,97.6,185.3,A,BEA CAINC1 2024
18057,Hamilton,IN,104283,97.6,186.0,A,BEA CAINC1 2024
42091,Montgomery,PA,104380,97.7,186.2,A,BEA CAINC1 2024
29189,St. Louis,MO,104775,97.7,186.9,A,BEA CAINC1 2024
08013,Boulder,CO*,104808,97.7,186.9,A,BEA CAINC1 2024
24031,Montgomery,MD,104882,97.8,187.1,A,BEA CAINC1 2024
34025,Monmouth,NJ,104887,97.8,187.1,A,BEA CAINC1 2024
17035,Cumberland,IL,104890,97.8,187.1,A,BEA CAINC1 2024
34003,Bergen,NJ,106211,97.8,189.4,A,BEA CAINC1 2024
51107,Loudoun,VA,106510,97.9,190.0,A,BEA CAINC1 2024
09120,Greater Bridgeport,CT*,106897,97.9,190.7,A,BEA CAINC1 2024
08035,Douglas,CO,107204,97.9,191.2,A,BEA CAINC1 2024
48069,Castro,TX,107286,98.0,191.4,A,BEA CAINC1 2024
06013,Contra Costa,CA,108259,98.0,193.1,A,BEA CAINC1 2024
36059,Nassau,NY,109400,98.0,195.1,A,BEA CAINC1 2024
25025,Suffolk,MA,109447,98.1,195.2,A,BEA CAINC1 2024
32005,Douglas,NV,109486,98.1,195.3,A,BEA CAINC1 2024
55089,Ozaukee,WI,109947,98.1,196.1,A,BEA CAINC1 2024
34019,Hunterdon,NJ,109998,98.2,196.2,A,BEA CAINC1 2024
51901,Albemarle + Charlottesville,VA*,110137,98.2,196.4,A,BEA CAINC1 2024
48317,Martin,TX,110411,98.2,196.9,A,BEA CAINC1 2024
42029,Chester,PA,110883,98.3,197.8,A,BEA CAINC1 2024
11001,District of Columbia,DC,111185,98.3,198.3,A,BEA CAINC1 2024
13121,Fulton,GA,111238,98.3,198.4,A,BEA CAINC1 2024
06001,Alameda,CA,111268,98.4,198.5,A,BEA CAINC1 2024
25017,Middlesex,MA,112011,98.4,199.8,A,BEA CAINC1 2024
31139,Pierce,NE,112729,98.4,201.1,A,BEA CAINC1 2024
08117,Summit,CO,112809,98.5,201.2,A,BEA CAINC1 2024
51919,"Fairfax, Fairfax City + Falls Church",VA*,114330,98.5,203.9,A,BEA CAINC1 2024
48259,Kendall,TX,114424,98.5,204.1,A,BEA CAINC1 2024
12061,Indian River,FL,115408,98.6,205.8,A,BEA CAINC1 2024
48101,Cottle,TX,116487,98.6,207.8,A,BEA CAINC1 2024
48311,McMullen,TX,118742,98.6,211.8,A,BEA CAINC1 2024
08031,Denver,CO,119263,98.7,212.7,A,BEA CAINC1 2024
25021,Norfolk,MA,119680,98.7,213.5,A,BEA CAINC1 2024
34027,Morris,NJ,119713,98.7,213.5,A,BEA CAINC1 2024
05007,Benton,AR,120594,98.7,215.1,A,BEA CAINC1 2024
51510,Alexandria (Independent City),VA,120602,98.8,215.1,A,BEA CAINC1 2024
34035,Somerset,NJ,121042,98.8,215.9,A,BEA CAINC1 2024
48205,Hartley,TX,123445,98.8,220.2,A,BEA CAINC1 2024
12085,Martin,FL,124697,98.9,222.4,A,BEA CAINC1 2024
40147,Washington,OK,126749,98.9,226.1,A,BEA CAINC1 2024
12099,Palm Beach,FL,126852,98.9,226.3,A,BEA CAINC1 2024
51127,New Kent,VA,128544,99.0,229.3,A,BEA CAINC1 2024
53033,King,WA,128684,99.0,229.5,A,BEA CAINC1 2024
25019,Nantucket,MA,129250,99.0,230.5,A,BEA CAINC1 2024
51075,Goochland,VA,130571,99.1,232.9,A,BEA CAINC1 2024
51013,Arlington,VA,131624,99.1,234.8,A,BEA CAINC1 2024
02068,Denali Borough,AK*,134417,99.1,239.7,A,BEA CAINC1 2024
48269,King,TX,134670,99.2,240.2,A,BEA CAINC1 2024
20071,Greeley,KS,134780,99.2,240.4,A,BEA CAINC1 2024
48033,Borden,TX,136068,99.2,242.7,A,BEA CAINC1 2024
08107,Routt,CO,136239,99.3,243.0,A,BEA CAINC1 2024
36119,Westchester,NY,136419,99.3,243.3,A,BEA CAINC1 2024
08037,Eagle,CO,137706,99.3,245.6,A,BEA CAINC1 2024
48295,Lipscomb,TX,139667,99.4,249.1,A,BEA CAINC1 2024
47187,Williamson,TN,139704,99.4,249.2,A,BEA CAINC1 2024
48173,Glasscock,TX,140602,99.4,250.8,A,BEA CAINC1 2024
48329,Midland,TX,146414,99.5,261.1,A,BEA CAINC1 2024
46127,Union,SD,146712,99.5,261.7,A,BEA CAINC1 2024
12087,Monroe,FL,147760,99.5,263.5,A,BEA CAINC1 2024
12021,Collier,FL,150140,99.6,267.8,A,BEA CAINC1 2024
48421,Sherman,TX,155835,99.6,277.9,A,BEA CAINC1 2024
06085,Santa Clara,CA,157620,99.6,281.1,A,BEA CAINC1 2024
02060,Bristol Bay Borough,AK,158406,99.6,282.5,A,BEA CAINC1 2024
08113,San Miguel,CO,160783,99.7,286.8,A,BEA CAINC1 2024
09190,Western Connecticut,CT*,165513,99.7,295.2,A,BEA CAINC1 2024
06075,San Francisco,CA,171497,99.7,305.9,A,BEA CAINC1 2024
06081,San Mateo,CA,179656,99.8,320.4,A,BEA CAINC1 2024
06041,Marin,CA,190891,99.8,340.5,A,BEA CAINC1 2024
16013,Blaine,ID,202612,99.8,361.4,A,BEA CAINC1 2024
36061,New York,NY,217075,99.9,387.2,A,BEA CAINC1 2024
48301,Loving,TX,220625,99.9,393.5,A,BEA CAINC1 2024
08097,Pitkin,CO,275044,99.9,490.6,A,BEA CAINC1 2024
49043,Summit,UT,280510,100.0,500.3,A,BEA CAINC1 2024
56039,Teton,WY,532903,100.0,950.5,A,BEA CAINC1 2024
