admin_code,occupation_category,occupation_code,occupation_level,wage_value,wage_type,currency,wage_period,wage_measure,year,classification_system,data_availability,source,last_updated,country_iso
SG-NAT,Total,,major,5775,gross_incl_employer_cpf,SGD,monthly,median_gross_monthly_income_incl_employer_cpf,2025,SSOC_2024_MAJOR_9CAT,national_only,https://stats.mom.gov.sg/iMAS_Tables1/LabourForce/LabourForce_2025/LFR2025_SectionC.xlsx,2026-01-01,SG
SG-NAT,PMETs,,major,7605,gross_incl_employer_cpf,SGD,monthly,median_gross_monthly_income_incl_employer_cpf,2025,SSOC_2024_MAJOR_9CAT,national_only,https://stats.mom.gov.sg/iMAS_Tables1/LabourForce/LabourForce_2025/LFR2025_SectionC.xlsx,2026-01-01,SG
SG-NAT,Managers & Administrators (incl. working proprietors),,major,11445,gross_incl_employer_cpf,SGD,monthly,median_gross_monthly_income_incl_employer_cpf,2025,SSOC_2024_MAJOR_9CAT,national_only,https://stats.mom.gov.sg/iMAS_Tables1/LabourForce/LabourForce_2025/LFR2025_SectionC.xlsx,2026-01-01,SG
SG-NAT,Professionals,,major,8758,gross_incl_employer_cpf,SGD,monthly,median_gross_monthly_income_incl_employer_cpf,2025,SSOC_2024_MAJOR_9CAT,national_only,https://stats.mom.gov.sg/iMAS_Tables1/LabourForce/LabourForce_2025/LFR2025_SectionC.xlsx,2026-01-01,SG
SG-NAT,Associate Professionals & Technicians,,major,4853,gross_incl_employer_cpf,SGD,monthly,median_gross_monthly_income_incl_employer_cpf,2025,SSOC_2024_MAJOR_9CAT,national_only,https://stats.mom.gov.sg/iMAS_Tables1/LabourForce/LabourForce_2025/LFR2025_SectionC.xlsx,2026-01-01,SG
SG-NAT,Non-PMETs,,major,3113,gross_incl_employer_cpf,SGD,monthly,median_gross_monthly_income_incl_employer_cpf,2025,SSOC_2024_MAJOR_9CAT,national_only,https://stats.mom.gov.sg/iMAS_Tables1/LabourForce/LabourForce_2025/LFR2025_SectionC.xlsx,2026-01-01,SG
SG-NAT,Clerical Support Workers,,major,3510,gross_incl_employer_cpf,SGD,monthly,median_gross_monthly_income_incl_employer_cpf,2025,SSOC_2024_MAJOR_9CAT,national_only,https://stats.mom.gov.sg/iMAS_Tables1/LabourForce/LabourForce_2025/LFR2025_SectionC.xlsx,2026-01-01,SG
SG-NAT,Service & Sales Workers,,major,3315,gross_incl_employer_cpf,SGD,monthly,median_gross_monthly_income_incl_employer_cpf,2025,SSOC_2024_MAJOR_9CAT,national_only,https://stats.mom.gov.sg/iMAS_Tables1/LabourForce/LabourForce_2025/LFR2025_SectionC.xlsx,2026-01-01,SG
SG-NAT,Craftsmen & Related Trades Workers,,major,3270,gross_incl_employer_cpf,SGD,monthly,median_gross_monthly_income_incl_employer_cpf,2025,SSOC_2024_MAJOR_9CAT,national_only,https://stats.mom.gov.sg/iMAS_Tables1/LabourForce/LabourForce_2025/LFR2025_SectionC.xlsx,2026-01-01,SG
SG-NAT,Plant & Machine Operators & Assemblers,,major,2993,gross_incl_employer_cpf,SGD,monthly,median_gross_monthly_income_incl_employer_cpf,2025,SSOC_2024_MAJOR_9CAT,national_only,https://stats.mom.gov.sg/iMAS_Tables1/LabourForce/LabourForce_2025/LFR2025_SectionC.xlsx,2026-01-01,SG
SG-NAT,"Cleaners, Labourers & Related Workers",,major,2239,gross_incl_employer_cpf,SGD,monthly,median_gross_monthly_income_incl_employer_cpf,2025,SSOC_2024_MAJOR_9CAT,national_only,https://stats.mom.gov.sg/iMAS_Tables1/LabourForce/LabourForce_2025/LFR2025_SectionC.xlsx,2026-01-01,SG
SG-NAT,Administration manager,12112,detailed,7970,basic,SGD,monthly,median_basic_monthly_wage,2025,SSOC_2024_DETAILED,national_only,https://stats.mom.gov.sg/iMAS_Tables1/Wages/Wages_2025/mrsd_2025Wages_table1.xlsx,2026-06-30,SG
SG-NAT,Administration manager,12112,detailed,8050,gross,SGD,monthly,median_gross_monthly_wage,2025,SSOC_2024_DETAILED,national_only,https://stats.mom.gov.sg/iMAS_Tables1/Wages/Wages_2025/mrsd_2025Wages_table1.xlsx,2026-06-30,SG
SG-NAT,Advertising/Public relations manager,12221,detailed,7546,basic,SGD,monthly,median_basic_monthly_wage,2025,SSOC_2024_DETAILED,national_only,https://stats.mom.gov.sg/iMAS_Tables1/Wages/Wages_2025/mrsd_2025Wages_table1.xlsx,2026-06-30,SG
SG-NAT,Advertising/Public relations manager,12221,detailed,7711,gross,SGD,monthly,median_gross_monthly_wage,2025,SSOC_2024_DETAILED,national_only,https://stats.mom.gov.sg/iMAS_Tables1/Wages/Wages_2025/mrsd_2025Wages_table1.xlsx,2026-06-30,SG
SG-NAT,Aged care services manager,13430,detailed,6962,basic,SGD,monthly,median_basic_monthly_wage,2025,SSOC_2024_DETAILED,national_only,https://stats.mom.gov.sg/iMAS_Tables1/Wages/Wages_2025/mrsd_2025Wages_table1.xlsx,2026-06-30,SG
SG-NAT,Aged care services manager,13430,detailed,7149,gross,SGD,monthly,median_gross_monthly_wage,2025,SSOC_2024_DETAILED,national_only,https://stats.mom.gov.sg/iMAS_Tables1/Wages/Wages_2025/mrsd_2025Wages_table1.xlsx,2026-06-30,SG
SG-NAT,Attractions manager,14322,detailed,5556,basic,SGD,monthly,median_basic_monthly_wage,2025,SSOC_2024_DETAILED,national_only,https://stats.mom.gov.sg/iMAS_Tables1/Wages/Wages_2025/mrsd_2025Wages_table1.xlsx,2026-06-30,SG
SG-NAT,Attractions manager,14322,detailed,5558,gross,SGD,monthly,median_gross_monthly_wage,2025,SSOC_2024_DETAILED,national_only,https://stats.mom.gov.sg/iMAS_Tables1/Wages/Wages_2025/mrsd_2025Wages_table1.xlsx,2026-06-30,SG
SG-NAT,Audit manager,12113,detailed,10514,basic,SGD,monthly,median_basic_monthly_wage,2025,SSOC_2024_DETAILED,national_only,https://stats.mom.gov.sg/iMAS_Tables1/Wages/Wages_2025/mrsd_2025Wages_table1.xlsx,2026-06-30,SG
SG-NAT,Audit manager,12113,detailed,10650,gross,SGD,monthly,median_gross_monthly_wage,2025,SSOC_2024_DETAILED,national_only,https://stats.mom.gov.sg/iMAS_Tables1/Wages/Wages_2025/mrsd_2025Wages_table1.xlsx,2026-06-30,SG
SG-NAT,Budgeting/Financial accounting manager,12111,detailed,9957,basic,SGD,monthly,median_basic_monthly_wage,2025,SSOC_2024_DETAILED,national_only,https://stats.mom.gov.sg/iMAS_Tables1/Wages/Wages_2025/mrsd_2025Wages_table1.xlsx,2026-06-30,SG
SG-NAT,Budgeting/Financial accounting manager,12111,detailed,10136,gross,SGD,monthly,median_gross_monthly_wage,2025,SSOC_2024_DETAILED,national_only,https://stats.mom.gov.sg/iMAS_Tables1/Wages/Wages_2025/mrsd_2025Wages_table1.xlsx,2026-06-30,SG
SG-NAT,Business development manager,12212,detailed,9716,basic,SGD,monthly,median_basic_monthly_wage,2025,SSOC_2024_DETAILED,national_only,https://stats.mom.gov.sg/iMAS_Tables1/Wages/Wages_2025/mrsd_2025Wages_table1.xlsx,2026-06-30,SG
SG-NAT,Business development manager,12212,detailed,10000,gross,SGD,monthly,median_gross_monthly_wage,2025,SSOC_2024_DETAILED,national_only,https://stats.mom.gov.sg/iMAS_Tables1/Wages/Wages_2025/mrsd_2025Wages_table1.xlsx,2026-06-30,SG
SG-NAT,Call centre manager,12242,detailed,6400,basic,SGD,monthly,median_basic_monthly_wage,2025,SSOC_2024_DETAILED,national_only,https://stats.mom.gov.sg/iMAS_Tables1/Wages/Wages_2025/mrsd_2025Wages_table1.xlsx,2026-06-30,SG
SG-NAT,Call centre manager,12242,detailed,6428,gross,SGD,monthly,median_gross_monthly_wage,2025,SSOC_2024_DETAILED,national_only,https://stats.mom.gov.sg/iMAS_Tables1/Wages/Wages_2025/mrsd_2025Wages_table1.xlsx,2026-06-30,SG
SG-NAT,Casino operations manager,14321,detailed,7918,basic,SGD,monthly,median_basic_monthly_wage,2025,SSOC_2024_DETAILED,national_only,https://stats.mom.gov.sg/iMAS_Tables1/Wages/Wages_2025/mrsd_2025Wages_table1.xlsx,2026-06-30,SG
SG-NAT,Casino operations manager,14321,detailed,7918,gross,SGD,monthly,median_gross_monthly_wage,2025,SSOC_2024_DETAILED,national_only,https://stats.mom.gov.sg/iMAS_Tables1/Wages/Wages_2025/mrsd_2025Wages_table1.xlsx,2026-06-30,SG
SG-NAT,Catering manager,14122,detailed,4874,basic,SGD,monthly,median_basic_monthly_wage,2025,SSOC_2024_DETAILED,national_only,https://stats.mom.gov.sg/iMAS_Tables1/Wages/Wages_2025/mrsd_2025Wages_table1.xlsx,2026-06-30,SG
SG-NAT,Catering manager,14122,detailed,4884,gross,SGD,monthly,median_gross_monthly_wage,2025,SSOC_2024_DETAILED,national_only,https://stats.mom.gov.sg/iMAS_Tables1/Wages/Wages_2025/mrsd_2025Wages_table1.xlsx,2026-06-30,SG
SG-NAT,Chief information officer/Chief technology officer/Chief information security officer,13301,detailed,17500,basic,SGD,monthly,median_basic_monthly_wage,2025,SSOC_2024_DETAILED,national_only,https://stats.mom.gov.sg/iMAS_Tables1/Wages/Wages_2025/mrsd_2025Wages_table1.xlsx,2026-06-30,SG
SG-NAT,Chief information officer/Chief technology officer/Chief information security officer,13301,detailed,17812,gross,SGD,monthly,median_gross_monthly_wage,2025,SSOC_2024_DETAILED,national_only,https://stats.mom.gov.sg/iMAS_Tables1/Wages/Wages_2025/mrsd_2025Wages_table1.xlsx,2026-06-30,SG
SG-NAT,Chief operating officer/General manager,11203,detailed,13500,basic,SGD,monthly,median_basic_monthly_wage,2025,SSOC_2024_DETAILED,national_only,https://stats.mom.gov.sg/iMAS_Tables1/Wages/Wages_2025/mrsd_2025Wages_table1.xlsx,2026-06-30,SG
SG-NAT,Chief operating officer/General manager,11203,detailed,13750,gross,SGD,monthly,median_gross_monthly_wage,2025,SSOC_2024_DETAILED,national_only,https://stats.mom.gov.sg/iMAS_Tables1/Wages/Wages_2025/mrsd_2025Wages_table1.xlsx,2026-06-30,SG
SG-NAT,Cleaning operations manager,12193,detailed,3600,basic,SGD,monthly,median_basic_monthly_wage,2025,SSOC_2024_DETAILED,national_only,https://stats.mom.gov.sg/iMAS_Tables1/Wages/Wages_2025/mrsd_2025Wages_table1.xlsx,2026-06-30,SG
SG-NAT,Cleaning operations manager,12193,detailed,4925,gross,SGD,monthly,median_gross_monthly_wage,2025,SSOC_2024_DETAILED,national_only,https://stats.mom.gov.sg/iMAS_Tables1/Wages/Wages_2025/mrsd_2025Wages_table1.xlsx,2026-06-30,SG
SG-NAT,Community partnership/relations manager,13492,detailed,7382,basic,SGD,monthly,median_basic_monthly_wage,2025,SSOC_2024_DETAILED,national_only,https://stats.mom.gov.sg/iMAS_Tables1/Wages/Wages_2025/mrsd_2025Wages_table1.xlsx,2026-06-30,SG
SG-NAT,Community partnership/relations manager,13492,detailed,7600,gross,SGD,monthly,median_gross_monthly_wage,2025,SSOC_2024_DETAILED,national_only,https://stats.mom.gov.sg/iMAS_Tables1/Wages/Wages_2025/mrsd_2025Wages_table1.xlsx,2026-06-30,SG
SG-NAT,Company director,11202,detailed,13562,basic,SGD,monthly,median_basic_monthly_wage,2025,SSOC_2024_DETAILED,national_only,https://stats.mom.gov.sg/iMAS_Tables1/Wages/Wages_2025/mrsd_2025Wages_table1.xlsx,2026-06-30,SG
SG-NAT,Company director,11202,detailed,13839,gross,SGD,monthly,median_gross_monthly_wage,2025,SSOC_2024_DETAILED,national_only,https://stats.mom.gov.sg/iMAS_Tables1/Wages/Wages_2025/mrsd_2025Wages_table1.xlsx,2026-06-30,SG
SG-NAT,Construction manager,13230,detailed,5821,basic,SGD,monthly,median_basic_monthly_wage,2025,SSOC_2024_DETAILED,national_only,https://stats.mom.gov.sg/iMAS_Tables1/Wages/Wages_2025/mrsd_2025Wages_table1.xlsx,2026-06-30,SG
SG-NAT,Construction manager,13230,detailed,6000,gross,SGD,monthly,median_gross_monthly_wage,2025,SSOC_2024_DETAILED,national_only,https://stats.mom.gov.sg/iMAS_Tables1/Wages/Wages_2025/mrsd_2025Wages_table1.xlsx,2026-06-30,SG
SG-NAT,Customer service manager,12241,detailed,8461,basic,SGD,monthly,median_basic_monthly_wage,2025,SSOC_2024_DETAILED,national_only,https://stats.mom.gov.sg/iMAS_Tables1/Wages/Wages_2025/mrsd_2025Wages_table1.xlsx,2026-06-30,SG
SG-NAT,Customer service manager,12241,detailed,8700,gross,SGD,monthly,median_gross_monthly_wage,2025,SSOC_2024_DETAILED,national_only,https://stats.mom.gov.sg/iMAS_Tables1/Wages/Wages_2025/mrsd_2025Wages_table1.xlsx,2026-06-30,SG
SG-NAT,Event manager,14391,detailed,6230,basic,SGD,monthly,median_basic_monthly_wage,2025,SSOC_2024_DETAILED,national_only,https://stats.mom.gov.sg/iMAS_Tables1/Wages/Wages_2025/mrsd_2025Wages_table1.xlsx,2026-06-30,SG
SG-NAT,Event manager,14391,detailed,6240,gross,SGD,monthly,median_gross_monthly_wage,2025,SSOC_2024_DETAILED,national_only,https://stats.mom.gov.sg/iMAS_Tables1/Wages/Wages_2025/mrsd_2025Wages_table1.xlsx,2026-06-30,SG
SG-NAT,Financial risk manager,13463,detailed,12815,basic,SGD,monthly,median_basic_monthly_wage,2025,SSOC_2024_DETAILED,national_only,https://stats.mom.gov.sg/iMAS_Tables1/Wages/Wages_2025/mrsd_2025Wages_table1.xlsx,2026-06-30,SG
SG-NAT,Financial risk manager,13463,detailed,13058,gross,SGD,monthly,median_gross_monthly_wage,2025,SSOC_2024_DETAILED,national_only,https://stats.mom.gov.sg/iMAS_Tables1/Wages/Wages_2025/mrsd_2025Wages_table1.xlsx,2026-06-30,SG
SG-NAT,Financial services manager,13461,detailed,11208,basic,SGD,monthly,median_basic_monthly_wage,2025,SSOC_2024_DETAILED,national_only,https://stats.mom.gov.sg/iMAS_Tables1/Wages/Wages_2025/mrsd_2025Wages_table1.xlsx,2026-06-30,SG
SG-NAT,Financial services manager,13461,detailed,11600,gross,SGD,monthly,median_gross_monthly_wage,2025,SSOC_2024_DETAILED,national_only,https://stats.mom.gov.sg/iMAS_Tables1/Wages/Wages_2025/mrsd_2025Wages_table1.xlsx,2026-06-30,SG
SG-NAT,Food and beverage operations manager,14123,detailed,3776,basic,SGD,monthly,median_basic_monthly_wage,2025,SSOC_2024_DETAILED,national_only,https://stats.mom.gov.sg/iMAS_Tables1/Wages/Wages_2025/mrsd_2025Wages_table1.xlsx,2026-06-30,SG
SG-NAT,Food and beverage operations manager,14123,detailed,3980,gross,SGD,monthly,median_gross_monthly_wage,2025,SSOC_2024_DETAILED,national_only,https://stats.mom.gov.sg/iMAS_Tables1/Wages/Wages_2025/mrsd_2025Wages_table1.xlsx,2026-06-30,SG
SG-NAT,Health services manager,13420,detailed,8643,basic,SGD,monthly,median_basic_monthly_wage,2025,SSOC_2024_DETAILED,national_only,https://stats.mom.gov.sg/iMAS_Tables1/Wages/Wages_2025/mrsd_2025Wages_table1.xlsx,2026-06-30,SG
SG-NAT,Health services manager,13420,detailed,8709,gross,SGD,monthly,median_gross_monthly_wage,2025,SSOC_2024_DETAILED,national_only,https://stats.mom.gov.sg/iMAS_Tables1/Wages/Wages_2025/mrsd_2025Wages_table1.xlsx,2026-06-30,SG
SG-NAT,Hotel operations/Lodging services manager,14110,detailed,5000,basic,SGD,monthly,median_basic_monthly_wage,2025,SSOC_2024_DETAILED,national_only,https://stats.mom.gov.sg/iMAS_Tables1/Wages/Wages_2025/mrsd_2025Wages_table1.xlsx,2026-06-30,SG
SG-NAT,Hotel operations/Lodging services manager,14110,detailed,5143,gross,SGD,monthly,median_gross_monthly_wage,2025,SSOC_2024_DETAILED,national_only,https://stats.mom.gov.sg/iMAS_Tables1/Wages/Wages_2025/mrsd_2025Wages_table1.xlsx,2026-06-30,SG
SG-NAT,ICT service manager,13304,detailed,9398,basic,SGD,monthly,median_basic_monthly_wage,2025,SSOC_2024_DETAILED,national_only,https://stats.mom.gov.sg/iMAS_Tables1/Wages/Wages_2025/mrsd_2025Wages_table1.xlsx,2026-06-30,SG
SG-NAT,ICT service manager,13304,detailed,9510,gross,SGD,monthly,median_gross_monthly_wage,2025,SSOC_2024_DETAILED,national_only,https://stats.mom.gov.sg/iMAS_Tables1/Wages/Wages_2025/mrsd_2025Wages_table1.xlsx,2026-06-30,SG
SG-NAT,Industrial relations manager,12122,detailed,6833,basic,SGD,monthly,median_basic_monthly_wage,2025,SSOC_2024_DETAILED,national_only,https://stats.mom.gov.sg/iMAS_Tables1/Wages/Wages_2025/mrsd_2025Wages_table1.xlsx,2026-06-30,SG
SG-NAT,Industrial relations manager,12122,detailed,7804,gross,SGD,monthly,median_gross_monthly_wage,2025,SSOC_2024_DETAILED,national_only,https://stats.mom.gov.sg/iMAS_Tables1/Wages/Wages_2025/mrsd_2025Wages_table1.xlsx,2026-06-30,SG
SG-NAT,Insurance services manager,13462,detailed,11139,basic,SGD,monthly,median_basic_monthly_wage,2025,SSOC_2024_DETAILED,national_only,https://stats.mom.gov.sg/iMAS_Tables1/Wages/Wages_2025/mrsd_2025Wages_table1.xlsx,2026-06-30,SG
SG-NAT,Insurance services manager,13462,detailed,11450,gross,SGD,monthly,median_gross_monthly_wage,2025,SSOC_2024_DETAILED,national_only,https://stats.mom.gov.sg/iMAS_Tables1/Wages/Wages_2025/mrsd_2025Wages_table1.xlsx,2026-06-30,SG
SG-NAT,Landscape manager,12192,detailed,4580,basic,SGD,monthly,median_basic_monthly_wage,2025,SSOC_2024_DETAILED,national_only,https://stats.mom.gov.sg/iMAS_Tables1/Wages/Wages_2025/mrsd_2025Wages_table1.xlsx,2026-06-30,SG
SG-NAT,Landscape manager,12192,detailed,4826,gross,SGD,monthly,median_gross_monthly_wage,2025,SSOC_2024_DETAILED,national_only,https://stats.mom.gov.sg/iMAS_Tables1/Wages/Wages_2025/mrsd_2025Wages_table1.xlsx,2026-06-30,SG
SG-NAT,Managing director/Chief executive officer,11201,detailed,12378,basic,SGD,monthly,median_basic_monthly_wage,2025,SSOC_2024_DETAILED,national_only,https://stats.mom.gov.sg/iMAS_Tables1/Wages/Wages_2025/mrsd_2025Wages_table1.xlsx,2026-06-30,SG
SG-NAT,Managing director/Chief executive officer,11201,detailed,13000,gross,SGD,monthly,median_gross_monthly_wage,2025,SSOC_2024_DETAILED,national_only,https://stats.mom.gov.sg/iMAS_Tables1/Wages/Wages_2025/mrsd_2025Wages_table1.xlsx,2026-06-30,SG
SG-NAT,Manufacturing manager,13210,detailed,6864,basic,SGD,monthly,median_basic_monthly_wage,2025,SSOC_2024_DETAILED,national_only,https://stats.mom.gov.sg/iMAS_Tables1/Wages/Wages_2025/mrsd_2025Wages_table1.xlsx,2026-06-30,SG
SG-NAT,Manufacturing manager,13210,detailed,7315,gross,SGD,monthly,median_gross_monthly_wage,2025,SSOC_2024_DETAILED,national_only,https://stats.mom.gov.sg/iMAS_Tables1/Wages/Wages_2025/mrsd_2025Wages_table1.xlsx,2026-06-30,SG
SG-NAT,Marketing manager,12222,detailed,9856,basic,SGD,monthly,median_basic_monthly_wage,2025,SSOC_2024_DETAILED,national_only,https://stats.mom.gov.sg/iMAS_Tables1/Wages/Wages_2025/mrsd_2025Wages_table1.xlsx,2026-06-30,SG
SG-NAT,Marketing manager,12222,detailed,10069,gross,SGD,monthly,median_gross_monthly_wage,2025,SSOC_2024_DETAILED,national_only,https://stats.mom.gov.sg/iMAS_Tables1/Wages/Wages_2025/mrsd_2025Wages_table1.xlsx,2026-06-30,SG
SG-NAT,Media/Broadcast manager,13493,detailed,8553,basic,SGD,monthly,median_basic_monthly_wage,2025,SSOC_2024_DETAILED,national_only,https://stats.mom.gov.sg/iMAS_Tables1/Wages/Wages_2025/mrsd_2025Wages_table1.xlsx,2026-06-30,SG
SG-NAT,Media/Broadcast manager,13493,detailed,8561,gross,SGD,monthly,median_gross_monthly_wage,2025,SSOC_2024_DETAILED,national_only,https://stats.mom.gov.sg/iMAS_Tables1/Wages/Wages_2025/mrsd_2025Wages_table1.xlsx,2026-06-30,SG
SG-NAT,Merchandising/Category manager,12214,detailed,8508,basic,SGD,monthly,median_basic_monthly_wage,2025,SSOC_2024_DETAILED,national_only,https://stats.mom.gov.sg/iMAS_Tables1/Wages/Wages_2025/mrsd_2025Wages_table1.xlsx,2026-06-30,SG
SG-NAT,Merchandising/Category manager,12214,detailed,8670,gross,SGD,monthly,median_gross_monthly_wage,2025,SSOC_2024_DETAILED,national_only,https://stats.mom.gov.sg/iMAS_Tables1/Wages/Wages_2025/mrsd_2025Wages_table1.xlsx,2026-06-30,SG
SG-NAT,Network/Communications/Infrastructure manager,13303,detailed,10680,basic,SGD,monthly,median_basic_monthly_wage,2025,SSOC_2024_DETAILED,national_only,https://stats.mom.gov.sg/iMAS_Tables1/Wages/Wages_2025/mrsd_2025Wages_table1.xlsx,2026-06-30,SG
SG-NAT,Network/Communications/Infrastructure manager,13303,detailed,10911,gross,SGD,monthly,median_gross_monthly_wage,2025,SSOC_2024_DETAILED,national_only,https://stats.mom.gov.sg/iMAS_Tables1/Wages/Wages_2025/mrsd_2025Wages_table1.xlsx,2026-06-30,SG
SG-NAT,Online sales channel manager,12215,detailed,10393,basic,SGD,monthly,median_basic_monthly_wage,2025,SSOC_2024_DETAILED,national_only,https://stats.mom.gov.sg/iMAS_Tables1/Wages/Wages_2025/mrsd_2025Wages_table1.xlsx,2026-06-30,SG
SG-NAT,Online sales channel manager,12215,detailed,10405,gross,SGD,monthly,median_gross_monthly_wage,2025,SSOC_2024_DETAILED,national_only,https://stats.mom.gov.sg/iMAS_Tables1/Wages/Wages_2025/mrsd_2025Wages_table1.xlsx,2026-06-30,SG
SG-NAT,Personnel/Human resource manager,12121,detailed,8588,basic,SGD,monthly,median_basic_monthly_wage,2025,SSOC_2024_DETAILED,national_only,https://stats.mom.gov.sg/iMAS_Tables1/Wages/Wages_2025/mrsd_2025Wages_table1.xlsx,2026-06-30,SG
SG-NAT,Personnel/Human resource manager,12121,detailed,8759,gross,SGD,monthly,median_gross_monthly_wage,2025,SSOC_2024_DETAILED,national_only,https://stats.mom.gov.sg/iMAS_Tables1/Wages/Wages_2025/mrsd_2025Wages_table1.xlsx,2026-06-30,SG
SG-NAT,Policy manager,12131,detailed,12208,basic,SGD,monthly,median_basic_monthly_wage,2025,SSOC_2024_DETAILED,national_only,https://stats.mom.gov.sg/iMAS_Tables1/Wages/Wages_2025/mrsd_2025Wages_table1.xlsx,2026-06-30,SG
SG-NAT,Policy manager,12131,detailed,12512,gross,SGD,monthly,median_gross_monthly_wage,2025,SSOC_2024_DETAILED,national_only,https://stats.mom.gov.sg/iMAS_Tables1/Wages/Wages_2025/mrsd_2025Wages_table1.xlsx,2026-06-30,SG
SG-NAT,Port/Shipping operations manager,13245,detailed,9518,basic,SGD,monthly,median_basic_monthly_wage,2025,SSOC_2024_DETAILED,national_only,https://stats.mom.gov.sg/iMAS_Tables1/Wages/Wages_2025/mrsd_2025Wages_table1.xlsx,2026-06-30,SG
SG-NAT,Port/Shipping operations manager,13245,detailed,9681,gross,SGD,monthly,median_gross_monthly_wage,2025,SSOC_2024_DETAILED,national_only,https://stats.mom.gov.sg/iMAS_Tables1/Wages/Wages_2025/mrsd_2025Wages_table1.xlsx,2026-06-30,SG
SG-NAT,Postal service manager,13244,detailed,9832,basic,SGD,monthly,median_basic_monthly_wage,2025,SSOC_2024_DETAILED,national_only,https://stats.mom.gov.sg/iMAS_Tables1/Wages/Wages_2025/mrsd_2025Wages_table1.xlsx,2026-06-30,SG
SG-NAT,Postal service manager,13244,detailed,10878,gross,SGD,monthly,median_gross_monthly_wage,2025,SSOC_2024_DETAILED,national_only,https://stats.mom.gov.sg/iMAS_Tables1/Wages/Wages_2025/mrsd_2025Wages_table1.xlsx,2026-06-30,SG
SG-NAT,Premises/Facilities maintenance manager (excluding building security),12191,detailed,7922,basic,SGD,monthly,median_basic_monthly_wage,2025,SSOC_2024_DETAILED,national_only,https://stats.mom.gov.sg/iMAS_Tables1/Wages/Wages_2025/mrsd_2025Wages_table1.xlsx,2026-06-30,SG
SG-NAT,Premises/Facilities maintenance manager (excluding building security),12191,detailed,8070,gross,SGD,monthly,median_gross_monthly_wage,2025,SSOC_2024_DETAILED,national_only,https://stats.mom.gov.sg/iMAS_Tables1/Wages/Wages_2025/mrsd_2025Wages_table1.xlsx,2026-06-30,SG
SG-NAT,Preschool education/Early intervention centre manager,13410,detailed,8105,basic,SGD,monthly,median_basic_monthly_wage,2025,SSOC_2024_DETAILED,national_only,https://stats.mom.gov.sg/iMAS_Tables1/Wages/Wages_2025/mrsd_2025Wages_table1.xlsx,2026-06-30,SG
SG-NAT,Preschool education/Early intervention centre manager,13410,detailed,8242,gross,SGD,monthly,median_gross_monthly_wage,2025,SSOC_2024_DETAILED,national_only,https://stats.mom.gov.sg/iMAS_Tables1/Wages/Wages_2025/mrsd_2025Wages_table1.xlsx,2026-06-30,SG
SG-NAT,Procurement/Purchasing manager,13242,detailed,8495,basic,SGD,monthly,median_basic_monthly_wage,2025,SSOC_2024_DETAILED,national_only,https://stats.mom.gov.sg/iMAS_Tables1/Wages/Wages_2025/mrsd_2025Wages_table1.xlsx,2026-06-30,SG
SG-NAT,Procurement/Purchasing manager,13242,detailed,8644,gross,SGD,monthly,median_gross_monthly_wage,2025,SSOC_2024_DETAILED,national_only,https://stats.mom.gov.sg/iMAS_Tables1/Wages/Wages_2025/mrsd_2025Wages_table1.xlsx,2026-06-30,SG
SG-NAT,Quality control/assurance manager,13292,detailed,9057,basic,SGD,monthly,median_basic_monthly_wage,2025,SSOC_2024_DETAILED,national_only,https://stats.mom.gov.sg/iMAS_Tables1/Wages/Wages_2025/mrsd_2025Wages_table1.xlsx,2026-06-30,SG
SG-NAT,Quality control/assurance manager,13292,detailed,9500,gross,SGD,monthly,median_gross_monthly_wage,2025,SSOC_2024_DETAILED,national_only,https://stats.mom.gov.sg/iMAS_Tables1/Wages/Wages_2025/mrsd_2025Wages_table1.xlsx,2026-06-30,SG
SG-NAT,Regional sales manager,12213,detailed,12213,basic,SGD,monthly,median_basic_monthly_wage,2025,SSOC_2024_DETAILED,national_only,https://stats.mom.gov.sg/iMAS_Tables1/Wages/Wages_2025/mrsd_2025Wages_table1.xlsx,2026-06-30,SG
SG-NAT,Regional sales manager,12213,detailed,12457,gross,SGD,monthly,median_gross_monthly_wage,2025,SSOC_2024_DETAILED,national_only,https://stats.mom.gov.sg/iMAS_Tables1/Wages/Wages_2025/mrsd_2025Wages_table1.xlsx,2026-06-30,SG
SG-NAT,Research and development manager,12230,detailed,11859,basic,SGD,monthly,median_basic_monthly_wage,2025,SSOC_2024_DETAILED,national_only,https://stats.mom.gov.sg/iMAS_Tables1/Wages/Wages_2025/mrsd_2025Wages_table1.xlsx,2026-06-30,SG
SG-NAT,Research and development manager,12230,detailed,12000,gross,SGD,monthly,median_gross_monthly_wage,2025,SSOC_2024_DETAILED,national_only,https://stats.mom.gov.sg/iMAS_Tables1/Wages/Wages_2025/mrsd_2025Wages_table1.xlsx,2026-06-30,SG
SG-NAT,Restaurant manager,14121,detailed,3500,basic,SGD,monthly,median_basic_monthly_wage,2025,SSOC_2024_DETAILED,national_only,https://stats.mom.gov.sg/iMAS_Tables1/Wages/Wages_2025/mrsd_2025Wages_table1.xlsx,2026-06-30,SG
SG-NAT,Restaurant manager,14121,detailed,3900,gross,SGD,monthly,median_gross_monthly_wage,2025,SSOC_2024_DETAILED,national_only,https://stats.mom.gov.sg/iMAS_Tables1/Wages/Wages_2025/mrsd_2025Wages_table1.xlsx,2026-06-30,SG
SG-NAT,Retail manager,14201,detailed,5000,basic,SGD,monthly,median_basic_monthly_wage,2025,SSOC_2024_DETAILED,national_only,https://stats.mom.gov.sg/iMAS_Tables1/Wages/Wages_2025/mrsd_2025Wages_table1.xlsx,2026-06-30,SG
SG-NAT,Retail manager,14201,detailed,5270,gross,SGD,monthly,median_gross_monthly_wage,2025,SSOC_2024_DETAILED,national_only,https://stats.mom.gov.sg/iMAS_Tables1/Wages/Wages_2025/mrsd_2025Wages_table1.xlsx,2026-06-30,SG
SG-NAT,Risk management manager,12133,detailed,16833,basic,SGD,monthly,median_basic_monthly_wage,2025,SSOC_2024_DETAILED,national_only,https://stats.mom.gov.sg/iMAS_Tables1/Wages/Wages_2025/mrsd_2025Wages_table1.xlsx,2026-06-30,SG
SG-NAT,Risk management manager,12133,detailed,17077,gross,SGD,monthly,median_gross_monthly_wage,2025,SSOC_2024_DETAILED,national_only,https://stats.mom.gov.sg/iMAS_Tables1/Wages/Wages_2025/mrsd_2025Wages_table1.xlsx,2026-06-30,SG
SG-NAT,Sales manager,12211,detailed,8145,basic,SGD,monthly,median_basic_monthly_wage,2025,SSOC_2024_DETAILED,national_only,https://stats.mom.gov.sg/iMAS_Tables1/Wages/Wages_2025/mrsd_2025Wages_table1.xlsx,2026-06-30,SG
SG-NAT,Sales manager,12211,detailed,8559,gross,SGD,monthly,median_gross_monthly_wage,2025,SSOC_2024_DETAILED,national_only,https://stats.mom.gov.sg/iMAS_Tables1/Wages/Wages_2025/mrsd_2025Wages_table1.xlsx,2026-06-30,SG
SG-NAT,School principal,13451,detailed,6601,basic,SGD,monthly,median_basic_monthly_wage,2025,SSOC_2024_DETAILED,national_only,https://stats.mom.gov.sg/iMAS_Tables1/Wages/Wages_2025/mrsd_2025Wages_table1.xlsx,2026-06-30,SG
SG-NAT,School principal,13451,detailed,6828,gross,SGD,monthly,median_gross_monthly_wage,2025,SSOC_2024_DETAILED,national_only,https://stats.mom.gov.sg/iMAS_Tables1/Wages/Wages_2025/mrsd_2025Wages_table1.xlsx,2026-06-30,SG
SG-NAT,Security manager,12194,detailed,7737,basic,SGD,monthly,median_basic_monthly_wage,2025,SSOC_2024_DETAILED,national_only,https://stats.mom.gov.sg/iMAS_Tables1/Wages/Wages_2025/mrsd_2025Wages_table1.xlsx,2026-06-30,SG
SG-NAT,Security manager,12194,detailed,7838,gross,SGD,monthly,median_gross_monthly_wage,2025,SSOC_2024_DETAILED,national_only,https://stats.mom.gov.sg/iMAS_Tables1/Wages/Wages_2025/mrsd_2025Wages_table1.xlsx,2026-06-30,SG
SG-NAT,Social services manager,13441,detailed,6517,basic,SGD,monthly,median_basic_monthly_wage,2025,SSOC_2024_DETAILED,national_only,https://stats.mom.gov.sg/iMAS_Tables1/Wages/Wages_2025/mrsd_2025Wages_table1.xlsx,2026-06-30,SG
SG-NAT,Social services manager,13441,detailed,6580,gross,SGD,monthly,median_gross_monthly_wage,2025,SSOC_2024_DETAILED,national_only,https://stats.mom.gov.sg/iMAS_Tables1/Wages/Wages_2025/mrsd_2025Wages_table1.xlsx,2026-06-30,SG
SG-NAT,Software and applications manager,13302,detailed,12000,basic,SGD,monthly,median_basic_monthly_wage,2025,SSOC_2024_DETAILED,national_only,https://stats.mom.gov.sg/iMAS_Tables1/Wages/Wages_2025/mrsd_2025Wages_table1.xlsx,2026-06-30,SG
SG-NAT,Software and applications manager,13302,detailed,12500,gross,SGD,monthly,median_gross_monthly_wage,2025,SSOC_2024_DETAILED,national_only,https://stats.mom.gov.sg/iMAS_Tables1/Wages/Wages_2025/mrsd_2025Wages_table1.xlsx,2026-06-30,SG
SG-NAT,Sports centre manager,14310,detailed,5205,basic,SGD,monthly,median_basic_monthly_wage,2025,SSOC_2024_DETAILED,national_only,https://stats.mom.gov.sg/iMAS_Tables1/Wages/Wages_2025/mrsd_2025Wages_table1.xlsx,2026-06-30,SG
SG-NAT,Sports centre manager,14310,detailed,6402,gross,SGD,monthly,median_gross_monthly_wage,2025,SSOC_2024_DETAILED,national_only,https://stats.mom.gov.sg/iMAS_Tables1/Wages/Wages_2025/mrsd_2025Wages_table1.xlsx,2026-06-30,SG
SG-NAT,Strategic planning manager,12132,detailed,10937,basic,SGD,monthly,median_basic_monthly_wage,2025,SSOC_2024_DETAILED,national_only,https://stats.mom.gov.sg/iMAS_Tables1/Wages/Wages_2025/mrsd_2025Wages_table1.xlsx,2026-06-30,SG
SG-NAT,Strategic planning manager,12132,detailed,11150,gross,SGD,monthly,median_gross_monthly_wage,2025,SSOC_2024_DETAILED,national_only,https://stats.mom.gov.sg/iMAS_Tables1/Wages/Wages_2025/mrsd_2025Wages_table1.xlsx,2026-06-30,SG
SG-NAT,Supply and distribution/Logistics/Warehousing manager,13241,detailed,8205,basic,SGD,monthly,median_basic_monthly_wage,2025,SSOC_2024_DETAILED,national_only,https://stats.mom.gov.sg/iMAS_Tables1/Wages/Wages_2025/mrsd_2025Wages_table1.xlsx,2026-06-30,SG
SG-NAT,Supply and distribution/Logistics/Warehousing manager,13241,detailed,8500,gross,SGD,monthly,median_gross_monthly_wage,2025,SSOC_2024_DETAILED,national_only,https://stats.mom.gov.sg/iMAS_Tables1/Wages/Wages_2025/mrsd_2025Wages_table1.xlsx,2026-06-30,SG
SG-NAT,Technical/Engineering services manager (excluding transport),13291,detailed,9940,basic,SGD,monthly,median_basic_monthly_wage,2025,SSOC_2024_DETAILED,national_only,https://stats.mom.gov.sg/iMAS_Tables1/Wages/Wages_2025/mrsd_2025Wages_table1.xlsx,2026-06-30,SG
SG-NAT,Technical/Engineering services manager (excluding transport),13291,detailed,10112,gross,SGD,monthly,median_gross_monthly_wage,2025,SSOC_2024_DETAILED,national_only,https://stats.mom.gov.sg/iMAS_Tables1/Wages/Wages_2025/mrsd_2025Wages_table1.xlsx,2026-06-30,SG
SG-NAT,Training manager,12123,detailed,8000,basic,SGD,monthly,median_basic_monthly_wage,2025,SSOC_2024_DETAILED,national_only,https://stats.mom.gov.sg/iMAS_Tables1/Wages/Wages_2025/mrsd_2025Wages_table1.xlsx,2026-06-30,SG
SG-NAT,Training manager,12123,detailed,8082,gross,SGD,monthly,median_gross_monthly_wage,2025,SSOC_2024_DETAILED,national_only,https://stats.mom.gov.sg/iMAS_Tables1/Wages/Wages_2025/mrsd_2025Wages_table1.xlsx,2026-06-30,SG
SG-NAT,Transport/Technical operations manager (excluding port and shipping operations),13243,detailed,6121,basic,SGD,monthly,median_basic_monthly_wage,2025,SSOC_2024_DETAILED,national_only,https://stats.mom.gov.sg/iMAS_Tables1/Wages/Wages_2025/mrsd_2025Wages_table1.xlsx,2026-06-30,SG
SG-NAT,Transport/Technical operations manager (excluding port and shipping operations),13243,detailed,6297,gross,SGD,monthly,median_gross_monthly_wage,2025,SSOC_2024_DETAILED,national_only,https://stats.mom.gov.sg/iMAS_Tables1/Wages/Wages_2025/mrsd_2025Wages_table1.xlsx,2026-06-30,SG
SG-NAT,Travel agency manager,14392,detailed,7240,basic,SGD,monthly,median_basic_monthly_wage,2025,SSOC_2024_DETAILED,national_only,https://stats.mom.gov.sg/iMAS_Tables1/Wages/Wages_2025/mrsd_2025Wages_table1.xlsx,2026-06-30,SG
SG-NAT,Travel agency manager,14392,detailed,7240,gross,SGD,monthly,median_gross_monthly_wage,2025,SSOC_2024_DETAILED,national_only,https://stats.mom.gov.sg/iMAS_Tables1/Wages/Wages_2025/mrsd_2025Wages_table1.xlsx,2026-06-30,SG
SG-NAT,Wellness centre manager,14324,detailed,4000,basic,SGD,monthly,median_basic_monthly_wage,2025,SSOC_2024_DETAILED,national_only,https://stats.mom.gov.sg/iMAS_Tables1/Wages/Wages_2025/mrsd_2025Wages_table1.xlsx,2026-06-30,SG
SG-NAT,Wellness centre manager,14324,detailed,6000,gross,SGD,monthly,median_gross_monthly_wage,2025,SSOC_2024_DETAILED,national_only,https://stats.mom.gov.sg/iMAS_Tables1/Wages/Wages_2025/mrsd_2025Wages_table1.xlsx,2026-06-30,SG
SG-NAT,Wholesale trade manager,14202,detailed,10323,basic,SGD,monthly,median_basic_monthly_wage,2025,SSOC_2024_DETAILED,national_only,https://stats.mom.gov.sg/iMAS_Tables1/Wages/Wages_2025/mrsd_2025Wages_table1.xlsx,2026-06-30,SG
SG-NAT,Wholesale trade manager,14202,detailed,10650,gross,SGD,monthly,median_gross_monthly_wage,2025,SSOC_2024_DETAILED,national_only,https://stats.mom.gov.sg/iMAS_Tables1/Wages/Wages_2025/mrsd_2025Wages_table1.xlsx,2026-06-30,SG
SG-NAT,Accountant (excluding tax accountant),24111,detailed,5833,basic,SGD,monthly,median_basic_monthly_wage,2025,SSOC_2024_DETAILED,national_only,https://stats.mom.gov.sg/iMAS_Tables1/Wages/Wages_2025/mrsd_2025Wages_table1.xlsx,2026-06-30,SG
SG-NAT,Accountant (excluding tax accountant),24111,detailed,5968,gross,SGD,monthly,median_gross_monthly_wage,2025,SSOC_2024_DETAILED,national_only,https://stats.mom.gov.sg/iMAS_Tables1/Wages/Wages_2025/mrsd_2025Wages_table1.xlsx,2026-06-30,SG
SG-NAT,Actuary,21213,detailed,7814,basic,SGD,monthly,median_basic_monthly_wage,2025,SSOC_2024_DETAILED,national_only,https://stats.mom.gov.sg/iMAS_Tables1/Wages/Wages_2025/mrsd_2025Wages_table1.xlsx,2026-06-30,SG
SG-NAT,Actuary,21213,detailed,7953,gross,SGD,monthly,median_gross_monthly_wage,2025,SSOC_2024_DETAILED,national_only,https://stats.mom.gov.sg/iMAS_Tables1/Wages/Wages_2025/mrsd_2025Wages_table1.xlsx,2026-06-30,SG
SG-NAT,Advocate/Solicitor (practising),26111,detailed,8300,basic,SGD,monthly,median_basic_monthly_wage,2025,SSOC_2024_DETAILED,national_only,https://stats.mom.gov.sg/iMAS_Tables1/Wages/Wages_2025/mrsd_2025Wages_table1.xlsx,2026-06-30,SG
SG-NAT,Advocate/Solicitor (practising),26111,detailed,10000,gross,SGD,monthly,median_gross_monthly_wage,2025,SSOC_2024_DETAILED,national_only,https://stats.mom.gov.sg/iMAS_Tables1/Wages/Wages_2025/mrsd_2025Wages_table1.xlsx,2026-06-30,SG
SG-NAT,Aeronautical engineer,21471,detailed,6311,basic,SGD,monthly,median_basic_monthly_wage,2025,SSOC_2024_DETAILED,national_only,https://stats.mom.gov.sg/iMAS_Tables1/Wages/Wages_2025/mrsd_2025Wages_table1.xlsx,2026-06-30,SG
SG-NAT,Aeronautical engineer,21471,detailed,6329,gross,SGD,monthly,median_gross_monthly_wage,2025,SSOC_2024_DETAILED,national_only,https://stats.mom.gov.sg/iMAS_Tables1/Wages/Wages_2025/mrsd_2025Wages_table1.xlsx,2026-06-30,SG
SG-NAT,Air-conditioning/Refrigeration engineer,21443,detailed,6441,basic,SGD,monthly,median_basic_monthly_wage,2025,SSOC_2024_DETAILED,national_only,https://stats.mom.gov.sg/iMAS_Tables1/Wages/Wages_2025/mrsd_2025Wages_table1.xlsx,2026-06-30,SG
SG-NAT,Air-conditioning/Refrigeration engineer,21443,detailed,6497,gross,SGD,monthly,median_gross_monthly_wage,2025,SSOC_2024_DETAILED,national_only,https://stats.mom.gov.sg/iMAS_Tables1/Wages/Wages_2025/mrsd_2025Wages_table1.xlsx,2026-06-30,SG
SG-NAT,Applications/Systems programmer,25141,detailed,8021,basic,SGD,monthly,median_basic_monthly_wage,2025,SSOC_2024_DETAILED,national_only,https://stats.mom.gov.sg/iMAS_Tables1/Wages/Wages_2025/mrsd_2025Wages_table1.xlsx,2026-06-30,SG
SG-NAT,Applications/Systems programmer,25141,detailed,8209,gross,SGD,monthly,median_gross_monthly_wage,2025,SSOC_2024_DETAILED,national_only,https://stats.mom.gov.sg/iMAS_Tables1/Wages/Wages_2025/mrsd_2025Wages_table1.xlsx,2026-06-30,SG
SG-NAT,Artificial intelligence/Machine learning engineer,25143,detailed,10300,basic,SGD,monthly,median_basic_monthly_wage,2025,SSOC_2024_DETAILED,national_only,https://stats.mom.gov.sg/iMAS_Tables1/Wages/Wages_2025/mrsd_2025Wages_table1.xlsx,2026-06-30,SG
SG-NAT,Artificial intelligence/Machine learning engineer,25143,detailed,10700,gross,SGD,monthly,median_gross_monthly_wage,2025,SSOC_2024_DETAILED,national_only,https://stats.mom.gov.sg/iMAS_Tables1/Wages/Wages_2025/mrsd_2025Wages_table1.xlsx,2026-06-30,SG
SG-NAT,Artistic director (stage/film/television/commercial/video/radio),26543,detailed,5500,basic,SGD,monthly,median_basic_monthly_wage,2025,SSOC_2024_DETAILED,national_only,https://stats.mom.gov.sg/iMAS_Tables1/Wages/Wages_2025/mrsd_2025Wages_table1.xlsx,2026-06-30,SG
SG-NAT,Artistic director (stage/film/television/commercial/video/radio),26543,detailed,5500,gross,SGD,monthly,median_gross_monthly_wage,2025,SSOC_2024_DETAILED,national_only,https://stats.mom.gov.sg/iMAS_Tables1/Wages/Wages_2025/mrsd_2025Wages_table1.xlsx,2026-06-30,SG
SG-NAT,Audio/Video equipment engineer,21524,detailed,4869,basic,SGD,monthly,median_basic_monthly_wage,2025,SSOC_2024_DETAILED,national_only,https://stats.mom.gov.sg/iMAS_Tables1/Wages/Wages_2025/mrsd_2025Wages_table1.xlsx,2026-06-30,SG
SG-NAT,Audio/Video equipment engineer,21524,detailed,4911,gross,SGD,monthly,median_gross_monthly_wage,2025,SSOC_2024_DETAILED,national_only,https://stats.mom.gov.sg/iMAS_Tables1/Wages/Wages_2025/mrsd_2025Wages_table1.xlsx,2026-06-30,SG
SG-NAT,Audiologist,22661,detailed,5457,basic,SGD,monthly,median_basic_monthly_wage,2025,SSOC_2024_DETAILED,national_only,https://stats.mom.gov.sg/iMAS_Tables1/Wages/Wages_2025/mrsd_2025Wages_table1.xlsx,2026-06-30,SG
SG-NAT,Audiologist,22661,detailed,5457,gross,SGD,monthly,median_gross_monthly_wage,2025,SSOC_2024_DETAILED,national_only,https://stats.mom.gov.sg/iMAS_Tables1/Wages/Wages_2025/mrsd_2025Wages_table1.xlsx,2026-06-30,SG
SG-NAT,Auditor (accounting),24112,detailed,5750,basic,SGD,monthly,median_basic_monthly_wage,2025,SSOC_2024_DETAILED,national_only,https://stats.mom.gov.sg/iMAS_Tables1/Wages/Wages_2025/mrsd_2025Wages_table1.xlsx,2026-06-30,SG
SG-NAT,Auditor (accounting),24112,detailed,5750,gross,SGD,monthly,median_gross_monthly_wage,2025,SSOC_2024_DETAILED,national_only,https://stats.mom.gov.sg/iMAS_Tables1/Wages/Wages_2025/mrsd_2025Wages_table1.xlsx,2026-06-30,SG
SG-NAT,Automation engineer,21413,detailed,9972,basic,SGD,monthly,median_basic_monthly_wage,2025,SSOC_2024_DETAILED,national_only,https://stats.mom.gov.sg/iMAS_Tables1/Wages/Wages_2025/mrsd_2025Wages_table1.xlsx,2026-06-30,SG
SG-NAT,Automation engineer,21413,detailed,10019,gross,SGD,monthly,median_gross_monthly_wage,2025,SSOC_2024_DETAILED,national_only,https://stats.mom.gov.sg/iMAS_Tables1/Wages/Wages_2025/mrsd_2025Wages_table1.xlsx,2026-06-30,SG
SG-NAT,Automotive engineer,21472,detailed,4212,basic,SGD,monthly,median_basic_monthly_wage,2025,SSOC_2024_DETAILED,national_only,https://stats.mom.gov.sg/iMAS_Tables1/Wages/Wages_2025/mrsd_2025Wages_table1.xlsx,2026-06-30,SG
SG-NAT,Automotive engineer,21472,detailed,4796,gross,SGD,monthly,median_gross_monthly_wage,2025,SSOC_2024_DETAILED,national_only,https://stats.mom.gov.sg/iMAS_Tables1/Wages/Wages_2025/mrsd_2025Wages_table1.xlsx,2026-06-30,SG
SG-NAT,Biochemist,21343,detailed,9226,basic,SGD,monthly,median_basic_monthly_wage,2025,SSOC_2024_DETAILED,national_only,https://stats.mom.gov.sg/iMAS_Tables1/Wages/Wages_2025/mrsd_2025Wages_table1.xlsx,2026-06-30,SG
SG-NAT,Biochemist,21343,detailed,9226,gross,SGD,monthly,median_gross_monthly_wage,2025,SSOC_2024_DETAILED,national_only,https://stats.mom.gov.sg/iMAS_Tables1/Wages/Wages_2025/mrsd_2025Wages_table1.xlsx,2026-06-30,SG
SG-NAT,Biologist,21311,detailed,5896,basic,SGD,monthly,median_basic_monthly_wage,2025,SSOC_2024_DETAILED,national_only,https://stats.mom.gov.sg/iMAS_Tables1/Wages/Wages_2025/mrsd_2025Wages_table1.xlsx,2026-06-30,SG
SG-NAT,Biologist,21311,detailed,7320,gross,SGD,monthly,median_gross_monthly_wage,2025,SSOC_2024_DETAILED,national_only,https://stats.mom.gov.sg/iMAS_Tables1/Wages/Wages_2025/mrsd_2025Wages_table1.xlsx,2026-06-30,SG
SG-NAT,Biomedical engineer,21491,detailed,8562,basic,SGD,monthly,median_basic_monthly_wage,2025,SSOC_2024_DETAILED,national_only,https://stats.mom.gov.sg/iMAS_Tables1/Wages/Wages_2025/mrsd_2025Wages_table1.xlsx,2026-06-30,SG
SG-NAT,Biomedical engineer,21491,detailed,8625,gross,SGD,monthly,median_gross_monthly_wage,2025,SSOC_2024_DETAILED,national_only,https://stats.mom.gov.sg/iMAS_Tables1/Wages/Wages_2025/mrsd_2025Wages_table1.xlsx,2026-06-30,SG
SG-NAT,Building architect,21610,detailed,5961,basic,SGD,monthly,median_basic_monthly_wage,2025,SSOC_2024_DETAILED,national_only,https://stats.mom.gov.sg/iMAS_Tables1/Wages/Wages_2025/mrsd_2025Wages_table1.xlsx,2026-06-30,SG
SG-NAT,Building architect,21610,detailed,6051,gross,SGD,monthly,median_gross_monthly_wage,2025,SSOC_2024_DETAILED,national_only,https://stats.mom.gov.sg/iMAS_Tables1/Wages/Wages_2025/mrsd_2025Wages_table1.xlsx,2026-06-30,SG
SG-NAT,Building construction engineer,21422,detailed,5328,basic,SGD,monthly,median_basic_monthly_wage,2025,SSOC_2024_DETAILED,national_only,https://stats.mom.gov.sg/iMAS_Tables1/Wages/Wages_2025/mrsd_2025Wages_table1.xlsx,2026-06-30,SG
SG-NAT,Building construction engineer,21422,detailed,5743,gross,SGD,monthly,median_gross_monthly_wage,2025,SSOC_2024_DETAILED,national_only,https://stats.mom.gov.sg/iMAS_Tables1/Wages/Wages_2025/mrsd_2025Wages_table1.xlsx,2026-06-30,SG
SG-NAT,Business consultant,24212,detailed,6897,basic,SGD,monthly,median_basic_monthly_wage,2025,SSOC_2024_DETAILED,national_only,https://stats.mom.gov.sg/iMAS_Tables1/Wages/Wages_2025/mrsd_2025Wages_table1.xlsx,2026-06-30,SG
SG-NAT,Business consultant,24212,detailed,7000,gross,SGD,monthly,median_gross_monthly_wage,2025,SSOC_2024_DETAILED,national_only,https://stats.mom.gov.sg/iMAS_Tables1/Wages/Wages_2025/mrsd_2025Wages_table1.xlsx,2026-06-30,SG
SG-NAT,Business valuer,24122,detailed,9319,basic,SGD,monthly,median_basic_monthly_wage,2025,SSOC_2024_DETAILED,national_only,https://stats.mom.gov.sg/iMAS_Tables1/Wages/Wages_2025/mrsd_2025Wages_table1.xlsx,2026-06-30,SG
SG-NAT,Business valuer,24122,detailed,10080,gross,SGD,monthly,median_gross_monthly_wage,2025,SSOC_2024_DETAILED,national_only,https://stats.mom.gov.sg/iMAS_Tables1/Wages/Wages_2025/mrsd_2025Wages_table1.xlsx,2026-06-30,SG
SG-NAT,Business/Financial project management professional,24213,detailed,7350,basic,SGD,monthly,median_basic_monthly_wage,2025,SSOC_2024_DETAILED,national_only,https://stats.mom.gov.sg/iMAS_Tables1/Wages/Wages_2025/mrsd_2025Wages_table1.xlsx,2026-06-30,SG
SG-NAT,Business/Financial project management professional,24213,detailed,7670,gross,SGD,monthly,median_gross_monthly_wage,2025,SSOC_2024_DETAILED,national_only,https://stats.mom.gov.sg/iMAS_Tables1/Wages/Wages_2025/mrsd_2025Wages_table1.xlsx,2026-06-30,SG
SG-NAT,Chemical engineer (excluding petroleum and petrochemical),21451,detailed,5953,basic,SGD,monthly,median_basic_monthly_wage,2025,SSOC_2024_DETAILED,national_only,https://stats.mom.gov.sg/iMAS_Tables1/Wages/Wages_2025/mrsd_2025Wages_table1.xlsx,2026-06-30,SG
SG-NAT,Chemical engineer (excluding petroleum and petrochemical),21451,detailed,6400,gross,SGD,monthly,median_gross_monthly_wage,2025,SSOC_2024_DETAILED,national_only,https://stats.mom.gov.sg/iMAS_Tables1/Wages/Wages_2025/mrsd_2025Wages_table1.xlsx,2026-06-30,SG
SG-NAT,Chemical engineer (petroleum),21452,detailed,9678,basic,SGD,monthly,median_basic_monthly_wage,2025,SSOC_2024_DETAILED,national_only,https://stats.mom.gov.sg/iMAS_Tables1/Wages/Wages_2025/mrsd_2025Wages_table1.xlsx,2026-06-30,SG
SG-NAT,Chemical engineer (petroleum),21452,detailed,9730,gross,SGD,monthly,median_gross_monthly_wage,2025,SSOC_2024_DETAILED,national_only,https://stats.mom.gov.sg/iMAS_Tables1/Wages/Wages_2025/mrsd_2025Wages_table1.xlsx,2026-06-30,SG
SG-NAT,Chemist,21130,detailed,6150,basic,SGD,monthly,median_basic_monthly_wage,2025,SSOC_2024_DETAILED,national_only,https://stats.mom.gov.sg/iMAS_Tables1/Wages/Wages_2025/mrsd_2025Wages_table1.xlsx,2026-06-30,SG
SG-NAT,Chemist,21130,detailed,6770,gross,SGD,monthly,median_gross_monthly_wage,2025,SSOC_2024_DETAILED,national_only,https://stats.mom.gov.sg/iMAS_Tables1/Wages/Wages_2025/mrsd_2025Wages_table1.xlsx,2026-06-30,SG
SG-NAT,Civil engineer,21421,detailed,5767,basic,SGD,monthly,median_basic_monthly_wage,2025,SSOC_2024_DETAILED,national_only,https://stats.mom.gov.sg/iMAS_Tables1/Wages/Wages_2025/mrsd_2025Wages_table1.xlsx,2026-06-30,SG
SG-NAT,Civil engineer,21421,detailed,5974,gross,SGD,monthly,median_gross_monthly_wage,2025,SSOC_2024_DETAILED,national_only,https://stats.mom.gov.sg/iMAS_Tables1/Wages/Wages_2025/mrsd_2025Wages_table1.xlsx,2026-06-30,SG
SG-NAT,Clinical psychologist,26611,detailed,4715,basic,SGD,monthly,median_basic_monthly_wage,2025,SSOC_2024_DETAILED,national_only,https://stats.mom.gov.sg/iMAS_Tables1/Wages/Wages_2025/mrsd_2025Wages_table1.xlsx,2026-06-30,SG
SG-NAT,Clinical psychologist,26611,detailed,4715,gross,SGD,monthly,median_gross_monthly_wage,2025,SSOC_2024_DETAILED,national_only,https://stats.mom.gov.sg/iMAS_Tables1/Wages/Wages_2025/mrsd_2025Wages_table1.xlsx,2026-06-30,SG
SG-NAT,Clinical research professional,21347,detailed,8273,basic,SGD,monthly,median_basic_monthly_wage,2025,SSOC_2024_DETAILED,national_only,https://stats.mom.gov.sg/iMAS_Tables1/Wages/Wages_2025/mrsd_2025Wages_table1.xlsx,2026-06-30,SG
SG-NAT,Clinical research professional,21347,detailed,8342,gross,SGD,monthly,median_gross_monthly_wage,2025,SSOC_2024_DETAILED,national_only,https://stats.mom.gov.sg/iMAS_Tables1/Wages/Wages_2025/mrsd_2025Wages_table1.xlsx,2026-06-30,SG
SG-NAT,Cloud specialist,25231,detailed,9332,basic,SGD,monthly,median_basic_monthly_wage,2025,SSOC_2024_DETAILED,national_only,https://stats.mom.gov.sg/iMAS_Tables1/Wages/Wages_2025/mrsd_2025Wages_table1.xlsx,2026-06-30,SG
SG-NAT,Cloud specialist,25231,detailed,10169,gross,SGD,monthly,median_gross_monthly_wage,2025,SSOC_2024_DETAILED,national_only,https://stats.mom.gov.sg/iMAS_Tables1/Wages/Wages_2025/mrsd_2025Wages_table1.xlsx,2026-06-30,SG
SG-NAT,Commercial airline pilot,21721,detailed,17053,basic,SGD,monthly,median_basic_monthly_wage,2025,SSOC_2024_DETAILED,national_only,https://stats.mom.gov.sg/iMAS_Tables1/Wages/Wages_2025/mrsd_2025Wages_table1.xlsx,2026-06-30,SG
SG-NAT,Commercial airline pilot,21721,detailed,17053,gross,SGD,monthly,median_gross_monthly_wage,2025,SSOC_2024_DETAILED,national_only,https://stats.mom.gov.sg/iMAS_Tables1/Wages/Wages_2025/mrsd_2025Wages_table1.xlsx,2026-06-30,SG
SG-NAT,"Commodities trader (excluding oil, bunker and environmental commodities)",24351,detailed,9509,basic,SGD,monthly,median_basic_monthly_wage,2025,SSOC_2024_DETAILED,national_only,https://stats.mom.gov.sg/iMAS_Tables1/Wages/Wages_2025/mrsd_2025Wages_table1.xlsx,2026-06-30,SG
SG-NAT,"Commodities trader (excluding oil, bunker and environmental commodities)",24351,detailed,9509,gross,SGD,monthly,median_gross_monthly_wage,2025,SSOC_2024_DETAILED,national_only,https://stats.mom.gov.sg/iMAS_Tables1/Wages/Wages_2025/mrsd_2025Wages_table1.xlsx,2026-06-30,SG
SG-NAT,Commodities/Freight derivatives broker,24154,detailed,10002,basic,SGD,monthly,median_basic_monthly_wage,2025,SSOC_2024_DETAILED,national_only,https://stats.mom.gov.sg/iMAS_Tables1/Wages/Wages_2025/mrsd_2025Wages_table1.xlsx,2026-06-30,SG
SG-NAT,Commodities/Freight derivatives broker,24154,detailed,10174,gross,SGD,monthly,median_gross_monthly_wage,2025,SSOC_2024_DETAILED,national_only,https://stats.mom.gov.sg/iMAS_Tables1/Wages/Wages_2025/mrsd_2025Wages_table1.xlsx,2026-06-30,SG
SG-NAT,Compliance officer/Risk analyst (financial),24132,detailed,8995,basic,SGD,monthly,median_basic_monthly_wage,2025,SSOC_2024_DETAILED,national_only,https://stats.mom.gov.sg/iMAS_Tables1/Wages/Wages_2025/mrsd_2025Wages_table1.xlsx,2026-06-30,SG
SG-NAT,Compliance officer/Risk analyst (financial),24132,detailed,9500,gross,SGD,monthly,median_gross_monthly_wage,2025,SSOC_2024_DETAILED,national_only,https://stats.mom.gov.sg/iMAS_Tables1/Wages/Wages_2025/mrsd_2025Wages_table1.xlsx,2026-06-30,SG
SG-NAT,Computer engineer,21522,detailed,6143,basic,SGD,monthly,median_basic_monthly_wage,2025,SSOC_2024_DETAILED,national_only,https://stats.mom.gov.sg/iMAS_Tables1/Wages/Wages_2025/mrsd_2025Wages_table1.xlsx,2026-06-30,SG
SG-NAT,Computer engineer,21522,detailed,6385,gross,SGD,monthly,median_gross_monthly_wage,2025,SSOC_2024_DETAILED,national_only,https://stats.mom.gov.sg/iMAS_Tables1/Wages/Wages_2025/mrsd_2025Wages_table1.xlsx,2026-06-30,SG
SG-NAT,Content writer,26413,detailed,6480,basic,SGD,monthly,median_basic_monthly_wage,2025,SSOC_2024_DETAILED,national_only,https://stats.mom.gov.sg/iMAS_Tables1/Wages/Wages_2025/mrsd_2025Wages_table1.xlsx,2026-06-30,SG
SG-NAT,Content writer,26413,detailed,6669,gross,SGD,monthly,median_gross_monthly_wage,2025,SSOC_2024_DETAILED,national_only,https://stats.mom.gov.sg/iMAS_Tables1/Wages/Wages_2025/mrsd_2025Wages_table1.xlsx,2026-06-30,SG
SG-NAT,Counsellor (family),26633,detailed,4786,basic,SGD,monthly,median_basic_monthly_wage,2025,SSOC_2024_DETAILED,national_only,https://stats.mom.gov.sg/iMAS_Tables1/Wages/Wages_2025/mrsd_2025Wages_table1.xlsx,2026-06-30,SG
SG-NAT,Counsellor (family),26633,detailed,4800,gross,SGD,monthly,median_gross_monthly_wage,2025,SSOC_2024_DETAILED,national_only,https://stats.mom.gov.sg/iMAS_Tables1/Wages/Wages_2025/mrsd_2025Wages_table1.xlsx,2026-06-30,SG
SG-NAT,Creative advertising professional,24311,detailed,7050,basic,SGD,monthly,median_basic_monthly_wage,2025,SSOC_2024_DETAILED,national_only,https://stats.mom.gov.sg/iMAS_Tables1/Wages/Wages_2025/mrsd_2025Wages_table1.xlsx,2026-06-30,SG
SG-NAT,Creative advertising professional,24311,detailed,7135,gross,SGD,monthly,median_gross_monthly_wage,2025,SSOC_2024_DETAILED,national_only,https://stats.mom.gov.sg/iMAS_Tables1/Wages/Wages_2025/mrsd_2025Wages_table1.xlsx,2026-06-30,SG
SG-NAT,Curator,26212,detailed,5936,basic,SGD,monthly,median_basic_monthly_wage,2025,SSOC_2024_DETAILED,national_only,https://stats.mom.gov.sg/iMAS_Tables1/Wages/Wages_2025/mrsd_2025Wages_table1.xlsx,2026-06-30,SG
SG-NAT,Curator,26212,detailed,5938,gross,SGD,monthly,median_gross_monthly_wage,2025,SSOC_2024_DETAILED,national_only,https://stats.mom.gov.sg/iMAS_Tables1/Wages/Wages_2025/mrsd_2025Wages_table1.xlsx,2026-06-30,SG
SG-NAT,Cyber risk specialist,25241,detailed,10247,basic,SGD,monthly,median_basic_monthly_wage,2025,SSOC_2024_DETAILED,national_only,https://stats.mom.gov.sg/iMAS_Tables1/Wages/Wages_2025/mrsd_2025Wages_table1.xlsx,2026-06-30,SG
SG-NAT,Cyber risk specialist,25241,detailed,10495,gross,SGD,monthly,median_gross_monthly_wage,2025,SSOC_2024_DETAILED,national_only,https://stats.mom.gov.sg/iMAS_Tables1/Wages/Wages_2025/mrsd_2025Wages_table1.xlsx,2026-06-30,SG
SG-NAT,Cybersecurity architect,25245,detailed,9622,basic,SGD,monthly,median_basic_monthly_wage,2025,SSOC_2024_DETAILED,national_only,https://stats.mom.gov.sg/iMAS_Tables1/Wages/Wages_2025/mrsd_2025Wages_table1.xlsx,2026-06-30,SG
SG-NAT,Cybersecurity architect,25245,detailed,9820,gross,SGD,monthly,median_gross_monthly_wage,2025,SSOC_2024_DETAILED,national_only,https://stats.mom.gov.sg/iMAS_Tables1/Wages/Wages_2025/mrsd_2025Wages_table1.xlsx,2026-06-30,SG
SG-NAT,Data centre engineer,25291,detailed,7020,basic,SGD,monthly,median_basic_monthly_wage,2025,SSOC_2024_DETAILED,national_only,https://stats.mom.gov.sg/iMAS_Tables1/Wages/Wages_2025/mrsd_2025Wages_table1.xlsx,2026-06-30,SG
SG-NAT,Data centre engineer,25291,detailed,7175,gross,SGD,monthly,median_gross_monthly_wage,2025,SSOC_2024_DETAILED,national_only,https://stats.mom.gov.sg/iMAS_Tables1/Wages/Wages_2025/mrsd_2025Wages_table1.xlsx,2026-06-30,SG
SG-NAT,Data engineer,25213,detailed,8551,basic,SGD,monthly,median_basic_monthly_wage,2025,SSOC_2024_DETAILED,national_only,https://stats.mom.gov.sg/iMAS_Tables1/Wages/Wages_2025/mrsd_2025Wages_table1.xlsx,2026-06-30,SG
SG-NAT,Data engineer,25213,detailed,8721,gross,SGD,monthly,median_gross_monthly_wage,2025,SSOC_2024_DETAILED,national_only,https://stats.mom.gov.sg/iMAS_Tables1/Wages/Wages_2025/mrsd_2025Wages_table1.xlsx,2026-06-30,SG
SG-NAT,Data scientist,21222,detailed,9522,basic,SGD,monthly,median_basic_monthly_wage,2025,SSOC_2024_DETAILED,national_only,https://stats.mom.gov.sg/iMAS_Tables1/Wages/Wages_2025/mrsd_2025Wages_table1.xlsx,2026-06-30,SG
SG-NAT,Data scientist,21222,detailed,10110,gross,SGD,monthly,median_gross_monthly_wage,2025,SSOC_2024_DETAILED,national_only,https://stats.mom.gov.sg/iMAS_Tables1/Wages/Wages_2025/mrsd_2025Wages_table1.xlsx,2026-06-30,SG
SG-NAT,Data/Database administrator,25211,detailed,8115,basic,SGD,monthly,median_basic_monthly_wage,2025,SSOC_2024_DETAILED,national_only,https://stats.mom.gov.sg/iMAS_Tables1/Wages/Wages_2025/mrsd_2025Wages_table1.xlsx,2026-06-30,SG
SG-NAT,Data/Database administrator,25211,detailed,8470,gross,SGD,monthly,median_gross_monthly_wage,2025,SSOC_2024_DETAILED,national_only,https://stats.mom.gov.sg/iMAS_Tables1/Wages/Wages_2025/mrsd_2025Wages_table1.xlsx,2026-06-30,SG
SG-NAT,Data/Database architect,25212,detailed,10486,basic,SGD,monthly,median_basic_monthly_wage,2025,SSOC_2024_DETAILED,national_only,https://stats.mom.gov.sg/iMAS_Tables1/Wages/Wages_2025/mrsd_2025Wages_table1.xlsx,2026-06-30,SG
SG-NAT,Data/Database architect,25212,detailed,10500,gross,SGD,monthly,median_gross_monthly_wage,2025,SSOC_2024_DETAILED,national_only,https://stats.mom.gov.sg/iMAS_Tables1/Wages/Wages_2025/mrsd_2025Wages_table1.xlsx,2026-06-30,SG
SG-NAT,DevOps engineer,25125,detailed,6450,basic,SGD,monthly,median_basic_monthly_wage,2025,SSOC_2024_DETAILED,national_only,https://stats.mom.gov.sg/iMAS_Tables1/Wages/Wages_2025/mrsd_2025Wages_table1.xlsx,2026-06-30,SG
SG-NAT,DevOps engineer,25125,detailed,6561,gross,SGD,monthly,median_gross_monthly_wage,2025,SSOC_2024_DETAILED,national_only,https://stats.mom.gov.sg/iMAS_Tables1/Wages/Wages_2025/mrsd_2025Wages_table1.xlsx,2026-06-30,SG
SG-NAT,Diagnostic radiographer,22693,detailed,5775,basic,SGD,monthly,median_basic_monthly_wage,2025,SSOC_2024_DETAILED,national_only,https://stats.mom.gov.sg/iMAS_Tables1/Wages/Wages_2025/mrsd_2025Wages_table1.xlsx,2026-06-30,SG
SG-NAT,Diagnostic radiographer,22693,detailed,6031,gross,SGD,monthly,median_gross_monthly_wage,2025,SSOC_2024_DETAILED,national_only,https://stats.mom.gov.sg/iMAS_Tables1/Wages/Wages_2025/mrsd_2025Wages_table1.xlsx,2026-06-30,SG
SG-NAT,Diagnostic radiologist,22142,detailed,20000,basic,SGD,monthly,median_basic_monthly_wage,2025,SSOC_2024_DETAILED,national_only,https://stats.mom.gov.sg/iMAS_Tables1/Wages/Wages_2025/mrsd_2025Wages_table1.xlsx,2026-06-30,SG
SG-NAT,Diagnostic radiologist,22142,detailed,20000,gross,SGD,monthly,median_gross_monthly_wage,2025,SSOC_2024_DETAILED,national_only,https://stats.mom.gov.sg/iMAS_Tables1/Wages/Wages_2025/mrsd_2025Wages_table1.xlsx,2026-06-30,SG
SG-NAT,Dietitian,22651,detailed,5095,basic,SGD,monthly,median_basic_monthly_wage,2025,SSOC_2024_DETAILED,national_only,https://stats.mom.gov.sg/iMAS_Tables1/Wages/Wages_2025/mrsd_2025Wages_table1.xlsx,2026-06-30,SG
SG-NAT,Dietitian,22651,detailed,5125,gross,SGD,monthly,median_gross_monthly_wage,2025,SSOC_2024_DETAILED,national_only,https://stats.mom.gov.sg/iMAS_Tables1/Wages/Wages_2025/mrsd_2025Wages_table1.xlsx,2026-06-30,SG
SG-NAT,Digital marketing professional,24314,detailed,5513,basic,SGD,monthly,median_basic_monthly_wage,2025,SSOC_2024_DETAILED,national_only,https://stats.mom.gov.sg/iMAS_Tables1/Wages/Wages_2025/mrsd_2025Wages_table1.xlsx,2026-06-30,SG
SG-NAT,Digital marketing professional,24314,detailed,5623,gross,SGD,monthly,median_gross_monthly_wage,2025,SSOC_2024_DETAILED,national_only,https://stats.mom.gov.sg/iMAS_Tables1/Wages/Wages_2025/mrsd_2025Wages_table1.xlsx,2026-06-30,SG
SG-NAT,Director (stage/film/television/commercial/video/radio),26542,detailed,6900,basic,SGD,monthly,median_basic_monthly_wage,2025,SSOC_2024_DETAILED,national_only,https://stats.mom.gov.sg/iMAS_Tables1/Wages/Wages_2025/mrsd_2025Wages_table1.xlsx,2026-06-30,SG
SG-NAT,Director (stage/film/television/commercial/video/radio),26542,detailed,6900,gross,SGD,monthly,median_gross_monthly_wage,2025,SSOC_2024_DETAILED,national_only,https://stats.mom.gov.sg/iMAS_Tables1/Wages/Wages_2025/mrsd_2025Wages_table1.xlsx,2026-06-30,SG
SG-NAT,Early intervention teacher for infants and children,23622,detailed,3772,basic,SGD,monthly,median_basic_monthly_wage,2025,SSOC_2024_DETAILED,national_only,https://stats.mom.gov.sg/iMAS_Tables1/Wages/Wages_2025/mrsd_2025Wages_table1.xlsx,2026-06-30,SG
SG-NAT,Early intervention teacher for infants and children,23622,detailed,3772,gross,SGD,monthly,median_gross_monthly_wage,2025,SSOC_2024_DETAILED,national_only,https://stats.mom.gov.sg/iMAS_Tables1/Wages/Wages_2025/mrsd_2025Wages_table1.xlsx,2026-06-30,SG
SG-NAT,Economist,26310,detailed,12959,basic,SGD,monthly,median_basic_monthly_wage,2025,SSOC_2024_DETAILED,national_only,https://stats.mom.gov.sg/iMAS_Tables1/Wages/Wages_2025/mrsd_2025Wages_table1.xlsx,2026-06-30,SG
SG-NAT,Economist,26310,detailed,12995,gross,SGD,monthly,median_gross_monthly_wage,2025,SSOC_2024_DETAILED,national_only,https://stats.mom.gov.sg/iMAS_Tables1/Wages/Wages_2025/mrsd_2025Wages_table1.xlsx,2026-06-30,SG
SG-NAT,Editor (news/periodicals),26422,detailed,10250,basic,SGD,monthly,median_basic_monthly_wage,2025,SSOC_2024_DETAILED,national_only,https://stats.mom.gov.sg/iMAS_Tables1/Wages/Wages_2025/mrsd_2025Wages_table1.xlsx,2026-06-30,SG
SG-NAT,Editor (news/periodicals),26422,detailed,10369,gross,SGD,monthly,median_gross_monthly_wage,2025,SSOC_2024_DETAILED,national_only,https://stats.mom.gov.sg/iMAS_Tables1/Wages/Wages_2025/mrsd_2025Wages_table1.xlsx,2026-06-30,SG
SG-NAT,Editor (radio/television/video),26544,detailed,5618,basic,SGD,monthly,median_basic_monthly_wage,2025,SSOC_2024_DETAILED,national_only,https://stats.mom.gov.sg/iMAS_Tables1/Wages/Wages_2025/mrsd_2025Wages_table1.xlsx,2026-06-30,SG
SG-NAT,Editor (radio/television/video),26544,detailed,5618,gross,SGD,monthly,median_gross_monthly_wage,2025,SSOC_2024_DETAILED,national_only,https://stats.mom.gov.sg/iMAS_Tables1/Wages/Wages_2025/mrsd_2025Wages_table1.xlsx,2026-06-30,SG
SG-NAT,Electrical engineer,21511,detailed,5638,basic,SGD,monthly,median_basic_monthly_wage,2025,SSOC_2024_DETAILED,national_only,https://stats.mom.gov.sg/iMAS_Tables1/Wages/Wages_2025/mrsd_2025Wages_table1.xlsx,2026-06-30,SG
SG-NAT,Electrical engineer,21511,detailed,6042,gross,SGD,monthly,median_gross_monthly_wage,2025,SSOC_2024_DETAILED,national_only,https://stats.mom.gov.sg/iMAS_Tables1/Wages/Wages_2025/mrsd_2025Wages_table1.xlsx,2026-06-30,SG
SG-NAT,Electronics engineer,21521,detailed,7765,basic,SGD,monthly,median_basic_monthly_wage,2025,SSOC_2024_DETAILED,national_only,https://stats.mom.gov.sg/iMAS_Tables1/Wages/Wages_2025/mrsd_2025Wages_table1.xlsx,2026-06-30,SG
SG-NAT,Electronics engineer,21521,detailed,8200,gross,SGD,monthly,median_gross_monthly_wage,2025,SSOC_2024_DETAILED,national_only,https://stats.mom.gov.sg/iMAS_Tables1/Wages/Wages_2025/mrsd_2025Wages_table1.xlsx,2026-06-30,SG
SG-NAT,Embedded systems engineer,21526,detailed,7620,basic,SGD,monthly,median_basic_monthly_wage,2025,SSOC_2024_DETAILED,national_only,https://stats.mom.gov.sg/iMAS_Tables1/Wages/Wages_2025/mrsd_2025Wages_table1.xlsx,2026-06-30,SG
SG-NAT,Embedded systems engineer,21526,detailed,7656,gross,SGD,monthly,median_gross_monthly_wage,2025,SSOC_2024_DETAILED,national_only,https://stats.mom.gov.sg/iMAS_Tables1/Wages/Wages_2025/mrsd_2025Wages_table1.xlsx,2026-06-30,SG
SG-NAT,Enterprise/Solution/Software architect,25113,detailed,12971,basic,SGD,monthly,median_basic_monthly_wage,2025,SSOC_2024_DETAILED,national_only,https://stats.mom.gov.sg/iMAS_Tables1/Wages/Wages_2025/mrsd_2025Wages_table1.xlsx,2026-06-30,SG
SG-NAT,Enterprise/Solution/Software architect,25113,detailed,13614,gross,SGD,monthly,median_gross_monthly_wage,2025,SSOC_2024_DETAILED,national_only,https://stats.mom.gov.sg/iMAS_Tables1/Wages/Wages_2025/mrsd_2025Wages_table1.xlsx,2026-06-30,SG
SG-NAT,Environmental engineer,21430,detailed,5723,basic,SGD,monthly,median_basic_monthly_wage,2025,SSOC_2024_DETAILED,national_only,https://stats.mom.gov.sg/iMAS_Tables1/Wages/Wages_2025/mrsd_2025Wages_table1.xlsx,2026-06-30,SG
SG-NAT,Environmental engineer,21430,detailed,5743,gross,SGD,monthly,median_gross_monthly_wage,2025,SSOC_2024_DETAILED,national_only,https://stats.mom.gov.sg/iMAS_Tables1/Wages/Wages_2025/mrsd_2025Wages_table1.xlsx,2026-06-30,SG
SG-NAT,Environmental officer (environmental protection),21331,detailed,5072,basic,SGD,monthly,median_basic_monthly_wage,2025,SSOC_2024_DETAILED,national_only,https://stats.mom.gov.sg/iMAS_Tables1/Wages/Wages_2025/mrsd_2025Wages_table1.xlsx,2026-06-30,SG
SG-NAT,Environmental officer (environmental protection),21331,detailed,5072,gross,SGD,monthly,median_gross_monthly_wage,2025,SSOC_2024_DETAILED,national_only,https://stats.mom.gov.sg/iMAS_Tables1/Wages/Wages_2025/mrsd_2025Wages_table1.xlsx,2026-06-30,SG
SG-NAT,Executive search consultant,24232,detailed,3662,basic,SGD,monthly,median_basic_monthly_wage,2025,SSOC_2024_DETAILED,national_only,https://stats.mom.gov.sg/iMAS_Tables1/Wages/Wages_2025/mrsd_2025Wages_table1.xlsx,2026-06-30,SG
SG-NAT,Executive search consultant,24232,detailed,3900,gross,SGD,monthly,median_gross_monthly_wage,2025,SSOC_2024_DETAILED,national_only,https://stats.mom.gov.sg/iMAS_Tables1/Wages/Wages_2025/mrsd_2025Wages_table1.xlsx,2026-06-30,SG
SG-NAT,Fashion designer,21631,detailed,4150,basic,SGD,monthly,median_basic_monthly_wage,2025,SSOC_2024_DETAILED,national_only,https://stats.mom.gov.sg/iMAS_Tables1/Wages/Wages_2025/mrsd_2025Wages_table1.xlsx,2026-06-30,SG
SG-NAT,Fashion designer,21631,detailed,4175,gross,SGD,monthly,median_gross_monthly_wage,2025,SSOC_2024_DETAILED,national_only,https://stats.mom.gov.sg/iMAS_Tables1/Wages/Wages_2025/mrsd_2025Wages_table1.xlsx,2026-06-30,SG
SG-NAT,Financial analyst,24131,detailed,8150,basic,SGD,monthly,median_basic_monthly_wage,2025,SSOC_2024_DETAILED,national_only,https://stats.mom.gov.sg/iMAS_Tables1/Wages/Wages_2025/mrsd_2025Wages_table1.xlsx,2026-06-30,SG
SG-NAT,Financial analyst,24131,detailed,8365,gross,SGD,monthly,median_gross_monthly_wage,2025,SSOC_2024_DETAILED,national_only,https://stats.mom.gov.sg/iMAS_Tables1/Wages/Wages_2025/mrsd_2025Wages_table1.xlsx,2026-06-30,SG
SG-NAT,Financial derivatives dealer,24143,detailed,19895,basic,SGD,monthly,median_basic_monthly_wage,2025,SSOC_2024_DETAILED,national_only,https://stats.mom.gov.sg/iMAS_Tables1/Wages/Wages_2025/mrsd_2025Wages_table1.xlsx,2026-06-30,SG
SG-NAT,Financial derivatives dealer,24143,detailed,20000,gross,SGD,monthly,median_gross_monthly_wage,2025,SSOC_2024_DETAILED,national_only,https://stats.mom.gov.sg/iMAS_Tables1/Wages/Wages_2025/mrsd_2025Wages_table1.xlsx,2026-06-30,SG
SG-NAT,Financial product structurer,24135,detailed,9178,basic,SGD,monthly,median_basic_monthly_wage,2025,SSOC_2024_DETAILED,national_only,https://stats.mom.gov.sg/iMAS_Tables1/Wages/Wages_2025/mrsd_2025Wages_table1.xlsx,2026-06-30,SG
SG-NAT,Financial product structurer,24135,detailed,9987,gross,SGD,monthly,median_gross_monthly_wage,2025,SSOC_2024_DETAILED,national_only,https://stats.mom.gov.sg/iMAS_Tables1/Wages/Wages_2025/mrsd_2025Wages_table1.xlsx,2026-06-30,SG
SG-NAT,Financial/Investment adviser,24121,detailed,7882,basic,SGD,monthly,median_basic_monthly_wage,2025,SSOC_2024_DETAILED,national_only,https://stats.mom.gov.sg/iMAS_Tables1/Wages/Wages_2025/mrsd_2025Wages_table1.xlsx,2026-06-30,SG
SG-NAT,Financial/Investment adviser,24121,detailed,8050,gross,SGD,monthly,median_gross_monthly_wage,2025,SSOC_2024_DETAILED,national_only,https://stats.mom.gov.sg/iMAS_Tables1/Wages/Wages_2025/mrsd_2025Wages_table1.xlsx,2026-06-30,SG
SG-NAT,Flying instructor (excluding air force),21723,detailed,20000,basic,SGD,monthly,median_basic_monthly_wage,2025,SSOC_2024_DETAILED,national_only,https://stats.mom.gov.sg/iMAS_Tables1/Wages/Wages_2025/mrsd_2025Wages_table1.xlsx,2026-06-30,SG
SG-NAT,Flying instructor (excluding air force),21723,detailed,20000,gross,SGD,monthly,median_gross_monthly_wage,2025,SSOC_2024_DETAILED,national_only,https://stats.mom.gov.sg/iMAS_Tables1/Wages/Wages_2025/mrsd_2025Wages_table1.xlsx,2026-06-30,SG
SG-NAT,Food/Drink technologist,21454,detailed,4581,basic,SGD,monthly,median_basic_monthly_wage,2025,SSOC_2024_DETAILED,national_only,https://stats.mom.gov.sg/iMAS_Tables1/Wages/Wages_2025/mrsd_2025Wages_table1.xlsx,2026-06-30,SG
SG-NAT,Food/Drink technologist,21454,detailed,4635,gross,SGD,monthly,median_gross_monthly_wage,2025,SSOC_2024_DETAILED,national_only,https://stats.mom.gov.sg/iMAS_Tables1/Wages/Wages_2025/mrsd_2025Wages_table1.xlsx,2026-06-30,SG
SG-NAT,Foreign exchange dealer,24142,detailed,10775,basic,SGD,monthly,median_basic_monthly_wage,2025,SSOC_2024_DETAILED,national_only,https://stats.mom.gov.sg/iMAS_Tables1/Wages/Wages_2025/mrsd_2025Wages_table1.xlsx,2026-06-30,SG
SG-NAT,Foreign exchange dealer,24142,detailed,13500,gross,SGD,monthly,median_gross_monthly_wage,2025,SSOC_2024_DETAILED,national_only,https://stats.mom.gov.sg/iMAS_Tables1/Wages/Wages_2025/mrsd_2025Wages_table1.xlsx,2026-06-30,SG
SG-NAT,Fund/Portfolio manager,24133,detailed,15431,basic,SGD,monthly,median_basic_monthly_wage,2025,SSOC_2024_DETAILED,national_only,https://stats.mom.gov.sg/iMAS_Tables1/Wages/Wages_2025/mrsd_2025Wages_table1.xlsx,2026-06-30,SG
SG-NAT,Fund/Portfolio manager,24133,detailed,15750,gross,SGD,monthly,median_gross_monthly_wage,2025,SSOC_2024_DETAILED,national_only,https://stats.mom.gov.sg/iMAS_Tables1/Wages/Wages_2025/mrsd_2025Wages_table1.xlsx,2026-06-30,SG
SG-NAT,General dental practitioner,22611,detailed,4984,basic,SGD,monthly,median_basic_monthly_wage,2025,SSOC_2024_DETAILED,national_only,https://stats.mom.gov.sg/iMAS_Tables1/Wages/Wages_2025/mrsd_2025Wages_table1.xlsx,2026-06-30,SG
SG-NAT,General dental practitioner,22611,detailed,5007,gross,SGD,monthly,median_gross_monthly_wage,2025,SSOC_2024_DETAILED,national_only,https://stats.mom.gov.sg/iMAS_Tables1/Wages/Wages_2025/mrsd_2025Wages_table1.xlsx,2026-06-30,SG
SG-NAT,General practitioner/Physician,22110,detailed,7128,basic,SGD,monthly,median_basic_monthly_wage,2025,SSOC_2024_DETAILED,national_only,https://stats.mom.gov.sg/iMAS_Tables1/Wages/Wages_2025/mrsd_2025Wages_table1.xlsx,2026-06-30,SG
SG-NAT,General practitioner/Physician,22110,detailed,7165,gross,SGD,monthly,median_gross_monthly_wage,2025,SSOC_2024_DETAILED,national_only,https://stats.mom.gov.sg/iMAS_Tables1/Wages/Wages_2025/mrsd_2025Wages_table1.xlsx,2026-06-30,SG
SG-NAT,Graphic designer,21661,detailed,4188,basic,SGD,monthly,median_basic_monthly_wage,2025,SSOC_2024_DETAILED,national_only,https://stats.mom.gov.sg/iMAS_Tables1/Wages/Wages_2025/mrsd_2025Wages_table1.xlsx,2026-06-30,SG
SG-NAT,Graphic designer,21661,detailed,4225,gross,SGD,monthly,median_gross_monthly_wage,2025,SSOC_2024_DETAILED,national_only,https://stats.mom.gov.sg/iMAS_Tables1/Wages/Wages_2025/mrsd_2025Wages_table1.xlsx,2026-06-30,SG
SG-NAT,Horticulturist/Arborist,21321,detailed,4200,basic,SGD,monthly,median_basic_monthly_wage,2025,SSOC_2024_DETAILED,national_only,https://stats.mom.gov.sg/iMAS_Tables1/Wages/Wages_2025/mrsd_2025Wages_table1.xlsx,2026-06-30,SG
SG-NAT,Horticulturist/Arborist,21321,detailed,4216,gross,SGD,monthly,median_gross_monthly_wage,2025,SSOC_2024_DETAILED,national_only,https://stats.mom.gov.sg/iMAS_Tables1/Wages/Wages_2025/mrsd_2025Wages_table1.xlsx,2026-06-30,SG
SG-NAT,Human resource consultant (excluding executive search consultant),24231,detailed,6760,basic,SGD,monthly,median_basic_monthly_wage,2025,SSOC_2024_DETAILED,national_only,https://stats.mom.gov.sg/iMAS_Tables1/Wages/Wages_2025/mrsd_2025Wages_table1.xlsx,2026-06-30,SG
SG-NAT,Human resource consultant (excluding executive search consultant),24231,detailed,6894,gross,SGD,monthly,median_gross_monthly_wage,2025,SSOC_2024_DETAILED,national_only,https://stats.mom.gov.sg/iMAS_Tables1/Wages/Wages_2025/mrsd_2025Wages_table1.xlsx,2026-06-30,SG
SG-NAT,ICT auditor,25152,detailed,10742,basic,SGD,monthly,median_basic_monthly_wage,2025,SSOC_2024_DETAILED,national_only,https://stats.mom.gov.sg/iMAS_Tables1/Wages/Wages_2025/mrsd_2025Wages_table1.xlsx,2026-06-30,SG
SG-NAT,ICT auditor,25152,detailed,12125,gross,SGD,monthly,median_gross_monthly_wage,2025,SSOC_2024_DETAILED,national_only,https://stats.mom.gov.sg/iMAS_Tables1/Wages/Wages_2025/mrsd_2025Wages_table1.xlsx,2026-06-30,SG
SG-NAT,ICT business process consultant/Business analyst,25112,detailed,8242,basic,SGD,monthly,median_basic_monthly_wage,2025,SSOC_2024_DETAILED,national_only,https://stats.mom.gov.sg/iMAS_Tables1/Wages/Wages_2025/mrsd_2025Wages_table1.xlsx,2026-06-30,SG
SG-NAT,ICT business process consultant/Business analyst,25112,detailed,8445,gross,SGD,monthly,median_gross_monthly_wage,2025,SSOC_2024_DETAILED,national_only,https://stats.mom.gov.sg/iMAS_Tables1/Wages/Wages_2025/mrsd_2025Wages_table1.xlsx,2026-06-30,SG
SG-NAT,ICT quality assurance specialist,25151,detailed,6966,basic,SGD,monthly,median_basic_monthly_wage,2025,SSOC_2024_DETAILED,national_only,https://stats.mom.gov.sg/iMAS_Tables1/Wages/Wages_2025/mrsd_2025Wages_table1.xlsx,2026-06-30,SG
SG-NAT,ICT quality assurance specialist,25151,detailed,7022,gross,SGD,monthly,median_gross_monthly_wage,2025,SSOC_2024_DETAILED,national_only,https://stats.mom.gov.sg/iMAS_Tables1/Wages/Wages_2025/mrsd_2025Wages_table1.xlsx,2026-06-30,SG
SG-NAT,ICT sales and services professional,24333,detailed,14246,basic,SGD,monthly,median_basic_monthly_wage,2025,SSOC_2024_DETAILED,national_only,https://stats.mom.gov.sg/iMAS_Tables1/Wages/Wages_2025/mrsd_2025Wages_table1.xlsx,2026-06-30,SG
SG-NAT,ICT sales and services professional,24333,detailed,15841,gross,SGD,monthly,median_gross_monthly_wage,2025,SSOC_2024_DETAILED,national_only,https://stats.mom.gov.sg/iMAS_Tables1/Wages/Wages_2025/mrsd_2025Wages_table1.xlsx,2026-06-30,SG
SG-NAT,Industrial machinery/tools engineer,21442,detailed,5602,basic,SGD,monthly,median_basic_monthly_wage,2025,SSOC_2024_DETAILED,national_only,https://stats.mom.gov.sg/iMAS_Tables1/Wages/Wages_2025/mrsd_2025Wages_table1.xlsx,2026-06-30,SG
SG-NAT,Industrial machinery/tools engineer,21442,detailed,5969,gross,SGD,monthly,median_gross_monthly_wage,2025,SSOC_2024_DETAILED,national_only,https://stats.mom.gov.sg/iMAS_Tables1/Wages/Wages_2025/mrsd_2025Wages_table1.xlsx,2026-06-30,SG
SG-NAT,Industrial relations officer,24234,detailed,4944,basic,SGD,monthly,median_basic_monthly_wage,2025,SSOC_2024_DETAILED,national_only,https://stats.mom.gov.sg/iMAS_Tables1/Wages/Wages_2025/mrsd_2025Wages_table1.xlsx,2026-06-30,SG
SG-NAT,Industrial relations officer,24234,detailed,5843,gross,SGD,monthly,median_gross_monthly_wage,2025,SSOC_2024_DETAILED,national_only,https://stats.mom.gov.sg/iMAS_Tables1/Wages/Wages_2025/mrsd_2025Wages_table1.xlsx,2026-06-30,SG
SG-NAT,Industrial safety engineer,21493,detailed,6604,basic,SGD,monthly,median_basic_monthly_wage,2025,SSOC_2024_DETAILED,national_only,https://stats.mom.gov.sg/iMAS_Tables1/Wages/Wages_2025/mrsd_2025Wages_table1.xlsx,2026-06-30,SG
SG-NAT,Industrial safety engineer,21493,detailed,6936,gross,SGD,monthly,median_gross_monthly_wage,2025,SSOC_2024_DETAILED,national_only,https://stats.mom.gov.sg/iMAS_Tables1/Wages/Wages_2025/mrsd_2025Wages_table1.xlsx,2026-06-30,SG
SG-NAT,"In-house legal counsel (excluding judiciary, ministries and statutory boards)",26112,detailed,12423,basic,SGD,monthly,median_basic_monthly_wage,2025,SSOC_2024_DETAILED,national_only,https://stats.mom.gov.sg/iMAS_Tables1/Wages/Wages_2025/mrsd_2025Wages_table1.xlsx,2026-06-30,SG
SG-NAT,"In-house legal counsel (excluding judiciary, ministries and statutory boards)",26112,detailed,13000,gross,SGD,monthly,median_gross_monthly_wage,2025,SSOC_2024_DETAILED,national_only,https://stats.mom.gov.sg/iMAS_Tables1/Wages/Wages_2025/mrsd_2025Wages_table1.xlsx,2026-06-30,SG
SG-NAT,Instrumentalist,26521,detailed,7463,basic,SGD,monthly,median_basic_monthly_wage,2025,SSOC_2024_DETAILED,national_only,https://stats.mom.gov.sg/iMAS_Tables1/Wages/Wages_2025/mrsd_2025Wages_table1.xlsx,2026-06-30,SG
SG-NAT,Instrumentalist,26521,detailed,7599,gross,SGD,monthly,median_gross_monthly_wage,2025,SSOC_2024_DETAILED,national_only,https://stats.mom.gov.sg/iMAS_Tables1/Wages/Wages_2025/mrsd_2025Wages_table1.xlsx,2026-06-30,SG
SG-NAT,Instrumentation engineer,21525,detailed,6702,basic,SGD,monthly,median_basic_monthly_wage,2025,SSOC_2024_DETAILED,national_only,https://stats.mom.gov.sg/iMAS_Tables1/Wages/Wages_2025/mrsd_2025Wages_table1.xlsx,2026-06-30,SG
SG-NAT,Instrumentation engineer,21525,detailed,6976,gross,SGD,monthly,median_gross_monthly_wage,2025,SSOC_2024_DETAILED,national_only,https://stats.mom.gov.sg/iMAS_Tables1/Wages/Wages_2025/mrsd_2025Wages_table1.xlsx,2026-06-30,SG
SG-NAT,Insurance underwriter,24160,detailed,9544,basic,SGD,monthly,median_basic_monthly_wage,2025,SSOC_2024_DETAILED,national_only,https://stats.mom.gov.sg/iMAS_Tables1/Wages/Wages_2025/mrsd_2025Wages_table1.xlsx,2026-06-30,SG
SG-NAT,Insurance underwriter,24160,detailed,9566,gross,SGD,monthly,median_gross_monthly_wage,2025,SSOC_2024_DETAILED,national_only,https://stats.mom.gov.sg/iMAS_Tables1/Wages/Wages_2025/mrsd_2025Wages_table1.xlsx,2026-06-30,SG
SG-NAT,Interaction designer,25124,detailed,9804,basic,SGD,monthly,median_basic_monthly_wage,2025,SSOC_2024_DETAILED,national_only,https://stats.mom.gov.sg/iMAS_Tables1/Wages/Wages_2025/mrsd_2025Wages_table1.xlsx,2026-06-30,SG
SG-NAT,Interaction designer,25124,detailed,10477,gross,SGD,monthly,median_gross_monthly_wage,2025,SSOC_2024_DETAILED,national_only,https://stats.mom.gov.sg/iMAS_Tables1/Wages/Wages_2025/mrsd_2025Wages_table1.xlsx,2026-06-30,SG
SG-NAT,Internal medicine physician,22124,detailed,7877,basic,SGD,monthly,median_basic_monthly_wage,2025,SSOC_2024_DETAILED,national_only,https://stats.mom.gov.sg/iMAS_Tables1/Wages/Wages_2025/mrsd_2025Wages_table1.xlsx,2026-06-30,SG
SG-NAT,Internal medicine physician,22124,detailed,8883,gross,SGD,monthly,median_gross_monthly_wage,2025,SSOC_2024_DETAILED,national_only,https://stats.mom.gov.sg/iMAS_Tables1/Wages/Wages_2025/mrsd_2025Wages_table1.xlsx,2026-06-30,SG
SG-NAT,IT infrastructure specialist,25232,detailed,7776,basic,SGD,monthly,median_basic_monthly_wage,2025,SSOC_2024_DETAILED,national_only,https://stats.mom.gov.sg/iMAS_Tables1/Wages/Wages_2025/mrsd_2025Wages_table1.xlsx,2026-06-30,SG
SG-NAT,IT infrastructure specialist,25232,detailed,7836,gross,SGD,monthly,median_gross_monthly_wage,2025,SSOC_2024_DETAILED,national_only,https://stats.mom.gov.sg/iMAS_Tables1/Wages/Wages_2025/mrsd_2025Wages_table1.xlsx,2026-06-30,SG
SG-NAT,Journalist,26421,detailed,6220,basic,SGD,monthly,median_basic_monthly_wage,2025,SSOC_2024_DETAILED,national_only,https://stats.mom.gov.sg/iMAS_Tables1/Wages/Wages_2025/mrsd_2025Wages_table1.xlsx,2026-06-30,SG
SG-NAT,Journalist,26421,detailed,6222,gross,SGD,monthly,median_gross_monthly_wage,2025,SSOC_2024_DETAILED,national_only,https://stats.mom.gov.sg/iMAS_Tables1/Wages/Wages_2025/mrsd_2025Wages_table1.xlsx,2026-06-30,SG
SG-NAT,Land surveyor,21651,detailed,5000,basic,SGD,monthly,median_basic_monthly_wage,2025,SSOC_2024_DETAILED,national_only,https://stats.mom.gov.sg/iMAS_Tables1/Wages/Wages_2025/mrsd_2025Wages_table1.xlsx,2026-06-30,SG
SG-NAT,Land surveyor,21651,detailed,5183,gross,SGD,monthly,median_gross_monthly_wage,2025,SSOC_2024_DETAILED,national_only,https://stats.mom.gov.sg/iMAS_Tables1/Wages/Wages_2025/mrsd_2025Wages_table1.xlsx,2026-06-30,SG
SG-NAT,Librarian,26221,detailed,5463,basic,SGD,monthly,median_basic_monthly_wage,2025,SSOC_2024_DETAILED,national_only,https://stats.mom.gov.sg/iMAS_Tables1/Wages/Wages_2025/mrsd_2025Wages_table1.xlsx,2026-06-30,SG
SG-NAT,Librarian,26221,detailed,5472,gross,SGD,monthly,median_gross_monthly_wage,2025,SSOC_2024_DETAILED,national_only,https://stats.mom.gov.sg/iMAS_Tables1/Wages/Wages_2025/mrsd_2025Wages_table1.xlsx,2026-06-30,SG
SG-NAT,Lift engineer,21513,detailed,4989,basic,SGD,monthly,median_basic_monthly_wage,2025,SSOC_2024_DETAILED,national_only,https://stats.mom.gov.sg/iMAS_Tables1/Wages/Wages_2025/mrsd_2025Wages_table1.xlsx,2026-06-30,SG
SG-NAT,Lift engineer,21513,detailed,5220,gross,SGD,monthly,median_gross_monthly_wage,2025,SSOC_2024_DETAILED,national_only,https://stats.mom.gov.sg/iMAS_Tables1/Wages/Wages_2025/mrsd_2025Wages_table1.xlsx,2026-06-30,SG
SG-NAT,Management consultant,24211,detailed,9340,basic,SGD,monthly,median_basic_monthly_wage,2025,SSOC_2024_DETAILED,national_only,https://stats.mom.gov.sg/iMAS_Tables1/Wages/Wages_2025/mrsd_2025Wages_table1.xlsx,2026-06-30,SG
SG-NAT,Management consultant,24211,detailed,9701,gross,SGD,monthly,median_gross_monthly_wage,2025,SSOC_2024_DETAILED,national_only,https://stats.mom.gov.sg/iMAS_Tables1/Wages/Wages_2025/mrsd_2025Wages_table1.xlsx,2026-06-30,SG
SG-NAT,Manufacturing engineer,21411,detailed,5988,basic,SGD,monthly,median_basic_monthly_wage,2025,SSOC_2024_DETAILED,national_only,https://stats.mom.gov.sg/iMAS_Tables1/Wages/Wages_2025/mrsd_2025Wages_table1.xlsx,2026-06-30,SG
SG-NAT,Manufacturing engineer,21411,detailed,6476,gross,SGD,monthly,median_gross_monthly_wage,2025,SSOC_2024_DETAILED,national_only,https://stats.mom.gov.sg/iMAS_Tables1/Wages/Wages_2025/mrsd_2025Wages_table1.xlsx,2026-06-30,SG
SG-NAT,Marine engineer,21473,detailed,5733,basic,SGD,monthly,median_basic_monthly_wage,2025,SSOC_2024_DETAILED,national_only,https://stats.mom.gov.sg/iMAS_Tables1/Wages/Wages_2025/mrsd_2025Wages_table1.xlsx,2026-06-30,SG
SG-NAT,Marine engineer,21473,detailed,6200,gross,SGD,monthly,median_gross_monthly_wage,2025,SSOC_2024_DETAILED,national_only,https://stats.mom.gov.sg/iMAS_Tables1/Wages/Wages_2025/mrsd_2025Wages_table1.xlsx,2026-06-30,SG
SG-NAT,Marine superintendent,21714,detailed,11878,basic,SGD,monthly,median_basic_monthly_wage,2025,SSOC_2024_DETAILED,national_only,https://stats.mom.gov.sg/iMAS_Tables1/Wages/Wages_2025/mrsd_2025Wages_table1.xlsx,2026-06-30,SG
SG-NAT,Marine superintendent,21714,detailed,12000,gross,SGD,monthly,median_gross_monthly_wage,2025,SSOC_2024_DETAILED,national_only,https://stats.mom.gov.sg/iMAS_Tables1/Wages/Wages_2025/mrsd_2025Wages_table1.xlsx,2026-06-30,SG
SG-NAT,Market research professional,24312,detailed,7066,basic,SGD,monthly,median_basic_monthly_wage,2025,SSOC_2024_DETAILED,national_only,https://stats.mom.gov.sg/iMAS_Tables1/Wages/Wages_2025/mrsd_2025Wages_table1.xlsx,2026-06-30,SG
SG-NAT,Market research professional,24312,detailed,7222,gross,SGD,monthly,median_gross_monthly_wage,2025,SSOC_2024_DETAILED,national_only,https://stats.mom.gov.sg/iMAS_Tables1/Wages/Wages_2025/mrsd_2025Wages_table1.xlsx,2026-06-30,SG
SG-NAT,Marketing strategy/planning professional,24313,detailed,8800,basic,SGD,monthly,median_basic_monthly_wage,2025,SSOC_2024_DETAILED,national_only,https://stats.mom.gov.sg/iMAS_Tables1/Wages/Wages_2025/mrsd_2025Wages_table1.xlsx,2026-06-30,SG
SG-NAT,Marketing strategy/planning professional,24313,detailed,9000,gross,SGD,monthly,median_gross_monthly_wage,2025,SSOC_2024_DETAILED,national_only,https://stats.mom.gov.sg/iMAS_Tables1/Wages/Wages_2025/mrsd_2025Wages_table1.xlsx,2026-06-30,SG
SG-NAT,Materials engineer,21492,detailed,7009,basic,SGD,monthly,median_basic_monthly_wage,2025,SSOC_2024_DETAILED,national_only,https://stats.mom.gov.sg/iMAS_Tables1/Wages/Wages_2025/mrsd_2025Wages_table1.xlsx,2026-06-30,SG
SG-NAT,Materials engineer,21492,detailed,7058,gross,SGD,monthly,median_gross_monthly_wage,2025,SSOC_2024_DETAILED,national_only,https://stats.mom.gov.sg/iMAS_Tables1/Wages/Wages_2025/mrsd_2025Wages_table1.xlsx,2026-06-30,SG
SG-NAT,Mechanical engineer,21441,detailed,5660,basic,SGD,monthly,median_basic_monthly_wage,2025,SSOC_2024_DETAILED,national_only,https://stats.mom.gov.sg/iMAS_Tables1/Wages/Wages_2025/mrsd_2025Wages_table1.xlsx,2026-06-30,SG
SG-NAT,Mechanical engineer,21441,detailed,6015,gross,SGD,monthly,median_gross_monthly_wage,2025,SSOC_2024_DETAILED,national_only,https://stats.mom.gov.sg/iMAS_Tables1/Wages/Wages_2025/mrsd_2025Wages_table1.xlsx,2026-06-30,SG
SG-NAT,Media/Broadcast engineer,21531,detailed,5531,basic,SGD,monthly,median_basic_monthly_wage,2025,SSOC_2024_DETAILED,national_only,https://stats.mom.gov.sg/iMAS_Tables1/Wages/Wages_2025/mrsd_2025Wages_table1.xlsx,2026-06-30,SG
SG-NAT,Media/Broadcast engineer,21531,detailed,5540,gross,SGD,monthly,median_gross_monthly_wage,2025,SSOC_2024_DETAILED,national_only,https://stats.mom.gov.sg/iMAS_Tables1/Wages/Wages_2025/mrsd_2025Wages_table1.xlsx,2026-06-30,SG
SG-NAT,Medical laboratory scientist,21342,detailed,7411,basic,SGD,monthly,median_basic_monthly_wage,2025,SSOC_2024_DETAILED,national_only,https://stats.mom.gov.sg/iMAS_Tables1/Wages/Wages_2025/mrsd_2025Wages_table1.xlsx,2026-06-30,SG
SG-NAT,Medical laboratory scientist,21342,detailed,7436,gross,SGD,monthly,median_gross_monthly_wage,2025,SSOC_2024_DETAILED,national_only,https://stats.mom.gov.sg/iMAS_Tables1/Wages/Wages_2025/mrsd_2025Wages_table1.xlsx,2026-06-30,SG
SG-NAT,Medical scientist,21346,detailed,9017,basic,SGD,monthly,median_basic_monthly_wage,2025,SSOC_2024_DETAILED,national_only,https://stats.mom.gov.sg/iMAS_Tables1/Wages/Wages_2025/mrsd_2025Wages_table1.xlsx,2026-06-30,SG
SG-NAT,Medical scientist,21346,detailed,9203,gross,SGD,monthly,median_gross_monthly_wage,2025,SSOC_2024_DETAILED,national_only,https://stats.mom.gov.sg/iMAS_Tables1/Wages/Wages_2025/mrsd_2025Wages_table1.xlsx,2026-06-30,SG
SG-NAT,Medical social worker,26622,detailed,4882,basic,SGD,monthly,median_basic_monthly_wage,2025,SSOC_2024_DETAILED,national_only,https://stats.mom.gov.sg/iMAS_Tables1/Wages/Wages_2025/mrsd_2025Wages_table1.xlsx,2026-06-30,SG
SG-NAT,Medical social worker,26622,detailed,4883,gross,SGD,monthly,median_gross_monthly_wage,2025,SSOC_2024_DETAILED,national_only,https://stats.mom.gov.sg/iMAS_Tables1/Wages/Wages_2025/mrsd_2025Wages_table1.xlsx,2026-06-30,SG
SG-NAT,Medical/Pharmaceutical products sales professional,24332,detailed,6174,basic,SGD,monthly,median_basic_monthly_wage,2025,SSOC_2024_DETAILED,national_only,https://stats.mom.gov.sg/iMAS_Tables1/Wages/Wages_2025/mrsd_2025Wages_table1.xlsx,2026-06-30,SG
SG-NAT,Medical/Pharmaceutical products sales professional,24332,detailed,6571,gross,SGD,monthly,median_gross_monthly_wage,2025,SSOC_2024_DETAILED,national_only,https://stats.mom.gov.sg/iMAS_Tables1/Wages/Wages_2025/mrsd_2025Wages_table1.xlsx,2026-06-30,SG
SG-NAT,Minister of religion,26361,detailed,5384,basic,SGD,monthly,median_basic_monthly_wage,2025,SSOC_2024_DETAILED,national_only,https://stats.mom.gov.sg/iMAS_Tables1/Wages/Wages_2025/mrsd_2025Wages_table1.xlsx,2026-06-30,SG
SG-NAT,Minister of religion,26361,detailed,5424,gross,SGD,monthly,median_gross_monthly_wage,2025,SSOC_2024_DETAILED,national_only,https://stats.mom.gov.sg/iMAS_Tables1/Wages/Wages_2025/mrsd_2025Wages_table1.xlsx,2026-06-30,SG
SG-NAT,Multimedia designer/artist/animator,21662,detailed,5400,basic,SGD,monthly,median_basic_monthly_wage,2025,SSOC_2024_DETAILED,national_only,https://stats.mom.gov.sg/iMAS_Tables1/Wages/Wages_2025/mrsd_2025Wages_table1.xlsx,2026-06-30,SG
SG-NAT,Multimedia designer/artist/animator,21662,detailed,5400,gross,SGD,monthly,median_gross_monthly_wage,2025,SSOC_2024_DETAILED,national_only,https://stats.mom.gov.sg/iMAS_Tables1/Wages/Wages_2025/mrsd_2025Wages_table1.xlsx,2026-06-30,SG
SG-NAT,Multimedia-games developer/designer,25123,detailed,7025,basic,SGD,monthly,median_basic_monthly_wage,2025,SSOC_2024_DETAILED,national_only,https://stats.mom.gov.sg/iMAS_Tables1/Wages/Wages_2025/mrsd_2025Wages_table1.xlsx,2026-06-30,SG
SG-NAT,Multimedia-games developer/designer,25123,detailed,7176,gross,SGD,monthly,median_gross_monthly_wage,2025,SSOC_2024_DETAILED,national_only,https://stats.mom.gov.sg/iMAS_Tables1/Wages/Wages_2025/mrsd_2025Wages_table1.xlsx,2026-06-30,SG
SG-NAT,Network/Server/Applications/Computer systems administrator,25220,detailed,6071,basic,SGD,monthly,median_basic_monthly_wage,2025,SSOC_2024_DETAILED,national_only,https://stats.mom.gov.sg/iMAS_Tables1/Wages/Wages_2025/mrsd_2025Wages_table1.xlsx,2026-06-30,SG
SG-NAT,Network/Server/Applications/Computer systems administrator,25220,detailed,6167,gross,SGD,monthly,median_gross_monthly_wage,2025,SSOC_2024_DETAILED,national_only,https://stats.mom.gov.sg/iMAS_Tables1/Wages/Wages_2025/mrsd_2025Wages_table1.xlsx,2026-06-30,SG
SG-NAT,Occupational health and safety professional,22631,detailed,5737,basic,SGD,monthly,median_basic_monthly_wage,2025,SSOC_2024_DETAILED,national_only,https://stats.mom.gov.sg/iMAS_Tables1/Wages/Wages_2025/mrsd_2025Wages_table1.xlsx,2026-06-30,SG
SG-NAT,Occupational health and safety professional,22631,detailed,5777,gross,SGD,monthly,median_gross_monthly_wage,2025,SSOC_2024_DETAILED,national_only,https://stats.mom.gov.sg/iMAS_Tables1/Wages/Wages_2025/mrsd_2025Wages_table1.xlsx,2026-06-30,SG
SG-NAT,Occupational therapist,22680,detailed,4919,basic,SGD,monthly,median_basic_monthly_wage,2025,SSOC_2024_DETAILED,national_only,https://stats.mom.gov.sg/iMAS_Tables1/Wages/Wages_2025/mrsd_2025Wages_table1.xlsx,2026-06-30,SG
SG-NAT,Occupational therapist,22680,detailed,4962,gross,SGD,monthly,median_gross_monthly_wage,2025,SSOC_2024_DETAILED,national_only,https://stats.mom.gov.sg/iMAS_Tables1/Wages/Wages_2025/mrsd_2025Wages_table1.xlsx,2026-06-30,SG
SG-NAT,Oil/Bunker trader,24352,detailed,10179,basic,SGD,monthly,median_basic_monthly_wage,2025,SSOC_2024_DETAILED,national_only,https://stats.mom.gov.sg/iMAS_Tables1/Wages/Wages_2025/mrsd_2025Wages_table1.xlsx,2026-06-30,SG
SG-NAT,Oil/Bunker trader,24352,detailed,10883,gross,SGD,monthly,median_gross_monthly_wage,2025,SSOC_2024_DETAILED,national_only,https://stats.mom.gov.sg/iMAS_Tables1/Wages/Wages_2025/mrsd_2025Wages_table1.xlsx,2026-06-30,SG
SG-NAT,Operations research analyst,21212,detailed,9055,basic,SGD,monthly,median_basic_monthly_wage,2025,SSOC_2024_DETAILED,national_only,https://stats.mom.gov.sg/iMAS_Tables1/Wages/Wages_2025/mrsd_2025Wages_table1.xlsx,2026-06-30,SG
SG-NAT,Operations research analyst,21212,detailed,9600,gross,SGD,monthly,median_gross_monthly_wage,2025,SSOC_2024_DETAILED,national_only,https://stats.mom.gov.sg/iMAS_Tables1/Wages/Wages_2025/mrsd_2025Wages_table1.xlsx,2026-06-30,SG
SG-NAT,Optical engineer,21497,detailed,9415,basic,SGD,monthly,median_basic_monthly_wage,2025,SSOC_2024_DETAILED,national_only,https://stats.mom.gov.sg/iMAS_Tables1/Wages/Wages_2025/mrsd_2025Wages_table1.xlsx,2026-06-30,SG
SG-NAT,Optical engineer,21497,detailed,9502,gross,SGD,monthly,median_gross_monthly_wage,2025,SSOC_2024_DETAILED,national_only,https://stats.mom.gov.sg/iMAS_Tables1/Wages/Wages_2025/mrsd_2025Wages_table1.xlsx,2026-06-30,SG
SG-NAT,Optometrist,22670,detailed,5561,basic,SGD,monthly,median_basic_monthly_wage,2025,SSOC_2024_DETAILED,national_only,https://stats.mom.gov.sg/iMAS_Tables1/Wages/Wages_2025/mrsd_2025Wages_table1.xlsx,2026-06-30,SG
SG-NAT,Optometrist,22670,detailed,5561,gross,SGD,monthly,median_gross_monthly_wage,2025,SSOC_2024_DETAILED,national_only,https://stats.mom.gov.sg/iMAS_Tables1/Wages/Wages_2025/mrsd_2025Wages_table1.xlsx,2026-06-30,SG
SG-NAT,Personnel/Human resource officer,24233,detailed,4500,basic,SGD,monthly,median_basic_monthly_wage,2025,SSOC_2024_DETAILED,national_only,https://stats.mom.gov.sg/iMAS_Tables1/Wages/Wages_2025/mrsd_2025Wages_table1.xlsx,2026-06-30,SG
SG-NAT,Personnel/Human resource officer,24233,detailed,4565,gross,SGD,monthly,median_gross_monthly_wage,2025,SSOC_2024_DETAILED,national_only,https://stats.mom.gov.sg/iMAS_Tables1/Wages/Wages_2025/mrsd_2025Wages_table1.xlsx,2026-06-30,SG
SG-NAT,Pharmacist (patient care),22621,detailed,5578,basic,SGD,monthly,median_basic_monthly_wage,2025,SSOC_2024_DETAILED,national_only,https://stats.mom.gov.sg/iMAS_Tables1/Wages/Wages_2025/mrsd_2025Wages_table1.xlsx,2026-06-30,SG
SG-NAT,Pharmacist (patient care),22621,detailed,5612,gross,SGD,monthly,median_gross_monthly_wage,2025,SSOC_2024_DETAILED,national_only,https://stats.mom.gov.sg/iMAS_Tables1/Wages/Wages_2025/mrsd_2025Wages_table1.xlsx,2026-06-30,SG
SG-NAT,Physiotherapist,22640,detailed,5323,basic,SGD,monthly,median_basic_monthly_wage,2025,SSOC_2024_DETAILED,national_only,https://stats.mom.gov.sg/iMAS_Tables1/Wages/Wages_2025/mrsd_2025Wages_table1.xlsx,2026-06-30,SG
SG-NAT,Physiotherapist,22640,detailed,5349,gross,SGD,monthly,median_gross_monthly_wage,2025,SSOC_2024_DETAILED,national_only,https://stats.mom.gov.sg/iMAS_Tables1/Wages/Wages_2025/mrsd_2025Wages_table1.xlsx,2026-06-30,SG
SG-NAT,Policy administration professional,24221,detailed,6138,basic,SGD,monthly,median_basic_monthly_wage,2025,SSOC_2024_DETAILED,national_only,https://stats.mom.gov.sg/iMAS_Tables1/Wages/Wages_2025/mrsd_2025Wages_table1.xlsx,2026-06-30,SG
SG-NAT,Policy administration professional,24221,detailed,6180,gross,SGD,monthly,median_gross_monthly_wage,2025,SSOC_2024_DETAILED,national_only,https://stats.mom.gov.sg/iMAS_Tables1/Wages/Wages_2025/mrsd_2025Wages_table1.xlsx,2026-06-30,SG
SG-NAT,Process engineer,21415,detailed,5800,basic,SGD,monthly,median_basic_monthly_wage,2025,SSOC_2024_DETAILED,national_only,https://stats.mom.gov.sg/iMAS_Tables1/Wages/Wages_2025/mrsd_2025Wages_table1.xlsx,2026-06-30,SG
SG-NAT,Process engineer,21415,detailed,6130,gross,SGD,monthly,median_gross_monthly_wage,2025,SSOC_2024_DETAILED,national_only,https://stats.mom.gov.sg/iMAS_Tables1/Wages/Wages_2025/mrsd_2025Wages_table1.xlsx,2026-06-30,SG
SG-NAT,Procurement engineer,21498,detailed,7671,basic,SGD,monthly,median_basic_monthly_wage,2025,SSOC_2024_DETAILED,national_only,https://stats.mom.gov.sg/iMAS_Tables1/Wages/Wages_2025/mrsd_2025Wages_table1.xlsx,2026-06-30,SG
SG-NAT,Procurement engineer,21498,detailed,7756,gross,SGD,monthly,median_gross_monthly_wage,2025,SSOC_2024_DETAILED,national_only,https://stats.mom.gov.sg/iMAS_Tables1/Wages/Wages_2025/mrsd_2025Wages_table1.xlsx,2026-06-30,SG
SG-NAT,Producer (stage/film/television/commercial/video/radio),26541,detailed,5812,basic,SGD,monthly,median_basic_monthly_wage,2025,SSOC_2024_DETAILED,national_only,https://stats.mom.gov.sg/iMAS_Tables1/Wages/Wages_2025/mrsd_2025Wages_table1.xlsx,2026-06-30,SG
SG-NAT,Producer (stage/film/television/commercial/video/radio),26541,detailed,5830,gross,SGD,monthly,median_gross_monthly_wage,2025,SSOC_2024_DETAILED,national_only,https://stats.mom.gov.sg/iMAS_Tables1/Wages/Wages_2025/mrsd_2025Wages_table1.xlsx,2026-06-30,SG
SG-NAT,Product/Industrial designer,21632,detailed,6235,basic,SGD,monthly,median_basic_monthly_wage,2025,SSOC_2024_DETAILED,national_only,https://stats.mom.gov.sg/iMAS_Tables1/Wages/Wages_2025/mrsd_2025Wages_table1.xlsx,2026-06-30,SG
SG-NAT,Product/Industrial designer,21632,detailed,6296,gross,SGD,monthly,median_gross_monthly_wage,2025,SSOC_2024_DETAILED,national_only,https://stats.mom.gov.sg/iMAS_Tables1/Wages/Wages_2025/mrsd_2025Wages_table1.xlsx,2026-06-30,SG
SG-NAT,Production engineer,21412,detailed,5610,basic,SGD,monthly,median_basic_monthly_wage,2025,SSOC_2024_DETAILED,national_only,https://stats.mom.gov.sg/iMAS_Tables1/Wages/Wages_2025/mrsd_2025Wages_table1.xlsx,2026-06-30,SG
SG-NAT,Production engineer,21412,detailed,5783,gross,SGD,monthly,median_gross_monthly_wage,2025,SSOC_2024_DETAILED,national_only,https://stats.mom.gov.sg/iMAS_Tables1/Wages/Wages_2025/mrsd_2025Wages_table1.xlsx,2026-06-30,SG
SG-NAT,Public relations/Corporate communications professional,24320,detailed,4864,basic,SGD,monthly,median_basic_monthly_wage,2025,SSOC_2024_DETAILED,national_only,https://stats.mom.gov.sg/iMAS_Tables1/Wages/Wages_2025/mrsd_2025Wages_table1.xlsx,2026-06-30,SG
SG-NAT,Public relations/Corporate communications professional,24320,detailed,5000,gross,SGD,monthly,median_gross_monthly_wage,2025,SSOC_2024_DETAILED,national_only,https://stats.mom.gov.sg/iMAS_Tables1/Wages/Wages_2025/mrsd_2025Wages_table1.xlsx,2026-06-30,SG
SG-NAT,Quality control/assurance engineer,21414,detailed,6652,basic,SGD,monthly,median_basic_monthly_wage,2025,SSOC_2024_DETAILED,national_only,https://stats.mom.gov.sg/iMAS_Tables1/Wages/Wages_2025/mrsd_2025Wages_table1.xlsx,2026-06-30,SG
SG-NAT,Quality control/assurance engineer,21414,detailed,6803,gross,SGD,monthly,median_gross_monthly_wage,2025,SSOC_2024_DETAILED,national_only,https://stats.mom.gov.sg/iMAS_Tables1/Wages/Wages_2025/mrsd_2025Wages_table1.xlsx,2026-06-30,SG
SG-NAT,Quantity surveyor,21494,detailed,4600,basic,SGD,monthly,median_basic_monthly_wage,2025,SSOC_2024_DETAILED,national_only,https://stats.mom.gov.sg/iMAS_Tables1/Wages/Wages_2025/mrsd_2025Wages_table1.xlsx,2026-06-30,SG
SG-NAT,Quantity surveyor,21494,detailed,4800,gross,SGD,monthly,median_gross_monthly_wage,2025,SSOC_2024_DETAILED,national_only,https://stats.mom.gov.sg/iMAS_Tables1/Wages/Wages_2025/mrsd_2025Wages_table1.xlsx,2026-06-30,SG
SG-NAT,Radiation therapist,22694,detailed,5410,basic,SGD,monthly,median_basic_monthly_wage,2025,SSOC_2024_DETAILED,national_only,https://stats.mom.gov.sg/iMAS_Tables1/Wages/Wages_2025/mrsd_2025Wages_table1.xlsx,2026-06-30,SG
SG-NAT,Radiation therapist,22694,detailed,5622,gross,SGD,monthly,median_gross_monthly_wage,2025,SSOC_2024_DETAILED,national_only,https://stats.mom.gov.sg/iMAS_Tables1/Wages/Wages_2025/mrsd_2025Wages_table1.xlsx,2026-06-30,SG
SG-NAT,Registered nurse and related nursing professional (excluding enrolled nurse),22200,detailed,4943,basic,SGD,monthly,median_basic_monthly_wage,2025,SSOC_2024_DETAILED,national_only,https://stats.mom.gov.sg/iMAS_Tables1/Wages/Wages_2025/mrsd_2025Wages_table1.xlsx,2026-06-30,SG
SG-NAT,Registered nurse and related nursing professional (excluding enrolled nurse),22200,detailed,5210,gross,SGD,monthly,median_gross_monthly_wage,2025,SSOC_2024_DETAILED,national_only,https://stats.mom.gov.sg/iMAS_Tables1/Wages/Wages_2025/mrsd_2025Wages_table1.xlsx,2026-06-30,SG
SG-NAT,Research officer (non-statistical),24291,detailed,6087,basic,SGD,monthly,median_basic_monthly_wage,2025,SSOC_2024_DETAILED,national_only,https://stats.mom.gov.sg/iMAS_Tables1/Wages/Wages_2025/mrsd_2025Wages_table1.xlsx,2026-06-30,SG
SG-NAT,Research officer (non-statistical),24291,detailed,6100,gross,SGD,monthly,median_gross_monthly_wage,2025,SSOC_2024_DETAILED,national_only,https://stats.mom.gov.sg/iMAS_Tables1/Wages/Wages_2025/mrsd_2025Wages_table1.xlsx,2026-06-30,SG
SG-NAT,Revenue specialist,24315,detailed,6601,basic,SGD,monthly,median_basic_monthly_wage,2025,SSOC_2024_DETAILED,national_only,https://stats.mom.gov.sg/iMAS_Tables1/Wages/Wages_2025/mrsd_2025Wages_table1.xlsx,2026-06-30,SG
SG-NAT,Revenue specialist,24315,detailed,6876,gross,SGD,monthly,median_gross_monthly_wage,2025,SSOC_2024_DETAILED,national_only,https://stats.mom.gov.sg/iMAS_Tables1/Wages/Wages_2025/mrsd_2025Wages_table1.xlsx,2026-06-30,SG
SG-NAT,Rolling stock engineer,21475,detailed,6111,basic,SGD,monthly,median_basic_monthly_wage,2025,SSOC_2024_DETAILED,national_only,https://stats.mom.gov.sg/iMAS_Tables1/Wages/Wages_2025/mrsd_2025Wages_table1.xlsx,2026-06-30,SG
SG-NAT,Rolling stock engineer,21475,detailed,6146,gross,SGD,monthly,median_gross_monthly_wage,2025,SSOC_2024_DETAILED,national_only,https://stats.mom.gov.sg/iMAS_Tables1/Wages/Wages_2025/mrsd_2025Wages_table1.xlsx,2026-06-30,SG
SG-NAT,Sales professional (institutional sales of financial products),24334,detailed,11158,basic,SGD,monthly,median_basic_monthly_wage,2025,SSOC_2024_DETAILED,national_only,https://stats.mom.gov.sg/iMAS_Tables1/Wages/Wages_2025/mrsd_2025Wages_table1.xlsx,2026-06-30,SG
SG-NAT,Sales professional (institutional sales of financial products),24334,detailed,11837,gross,SGD,monthly,median_gross_monthly_wage,2025,SSOC_2024_DETAILED,national_only,https://stats.mom.gov.sg/iMAS_Tables1/Wages/Wages_2025/mrsd_2025Wages_table1.xlsx,2026-06-30,SG
SG-NAT,Script writer/editor,26412,detailed,10439,basic,SGD,monthly,median_basic_monthly_wage,2025,SSOC_2024_DETAILED,national_only,https://stats.mom.gov.sg/iMAS_Tables1/Wages/Wages_2025/mrsd_2025Wages_table1.xlsx,2026-06-30,SG
SG-NAT,Script writer/editor,26412,detailed,10439,gross,SGD,monthly,median_gross_monthly_wage,2025,SSOC_2024_DETAILED,national_only,https://stats.mom.gov.sg/iMAS_Tables1/Wages/Wages_2025/mrsd_2025Wages_table1.xlsx,2026-06-30,SG
SG-NAT,Securities/Finance dealer,24141,detailed,7865,basic,SGD,monthly,median_basic_monthly_wage,2025,SSOC_2024_DETAILED,national_only,https://stats.mom.gov.sg/iMAS_Tables1/Wages/Wages_2025/mrsd_2025Wages_table1.xlsx,2026-06-30,SG
SG-NAT,Securities/Finance dealer,24141,detailed,8075,gross,SGD,monthly,median_gross_monthly_wage,2025,SSOC_2024_DETAILED,national_only,https://stats.mom.gov.sg/iMAS_Tables1/Wages/Wages_2025/mrsd_2025Wages_table1.xlsx,2026-06-30,SG
SG-NAT,Security operations specialist,25243,detailed,9625,basic,SGD,monthly,median_basic_monthly_wage,2025,SSOC_2024_DETAILED,national_only,https://stats.mom.gov.sg/iMAS_Tables1/Wages/Wages_2025/mrsd_2025Wages_table1.xlsx,2026-06-30,SG
SG-NAT,Security operations specialist,25243,detailed,10148,gross,SGD,monthly,median_gross_monthly_wage,2025,SSOC_2024_DETAILED,national_only,https://stats.mom.gov.sg/iMAS_Tables1/Wages/Wages_2025/mrsd_2025Wages_table1.xlsx,2026-06-30,SG
SG-NAT,Semi-conductor engineer,21523,detailed,6858,basic,SGD,monthly,median_basic_monthly_wage,2025,SSOC_2024_DETAILED,national_only,https://stats.mom.gov.sg/iMAS_Tables1/Wages/Wages_2025/mrsd_2025Wages_table1.xlsx,2026-06-30,SG
SG-NAT,Semi-conductor engineer,21523,detailed,6863,gross,SGD,monthly,median_gross_monthly_wage,2025,SSOC_2024_DETAILED,national_only,https://stats.mom.gov.sg/iMAS_Tables1/Wages/Wages_2025/mrsd_2025Wages_table1.xlsx,2026-06-30,SG
SG-NAT,Service designer,21670,detailed,9306,basic,SGD,monthly,median_basic_monthly_wage,2025,SSOC_2024_DETAILED,national_only,https://stats.mom.gov.sg/iMAS_Tables1/Wages/Wages_2025/mrsd_2025Wages_table1.xlsx,2026-06-30,SG
SG-NAT,Service designer,21670,detailed,10400,gross,SGD,monthly,median_gross_monthly_wage,2025,SSOC_2024_DETAILED,national_only,https://stats.mom.gov.sg/iMAS_Tables1/Wages/Wages_2025/mrsd_2025Wages_table1.xlsx,2026-06-30,SG
SG-NAT,Ship broker,24362,detailed,12351,basic,SGD,monthly,median_basic_monthly_wage,2025,SSOC_2024_DETAILED,national_only,https://stats.mom.gov.sg/iMAS_Tables1/Wages/Wages_2025/mrsd_2025Wages_table1.xlsx,2026-06-30,SG
SG-NAT,Ship broker,24362,detailed,13792,gross,SGD,monthly,median_gross_monthly_wage,2025,SSOC_2024_DETAILED,national_only,https://stats.mom.gov.sg/iMAS_Tables1/Wages/Wages_2025/mrsd_2025Wages_table1.xlsx,2026-06-30,SG
SG-NAT,Ship charterer,24353,detailed,10000,basic,SGD,monthly,median_basic_monthly_wage,2025,SSOC_2024_DETAILED,national_only,https://stats.mom.gov.sg/iMAS_Tables1/Wages/Wages_2025/mrsd_2025Wages_table1.xlsx,2026-06-30,SG
SG-NAT,Ship charterer,24353,detailed,10000,gross,SGD,monthly,median_gross_monthly_wage,2025,SSOC_2024_DETAILED,national_only,https://stats.mom.gov.sg/iMAS_Tables1/Wages/Wages_2025/mrsd_2025Wages_table1.xlsx,2026-06-30,SG
SG-NAT,Social worker (general),26621,detailed,4550,basic,SGD,monthly,median_basic_monthly_wage,2025,SSOC_2024_DETAILED,national_only,https://stats.mom.gov.sg/iMAS_Tables1/Wages/Wages_2025/mrsd_2025Wages_table1.xlsx,2026-06-30,SG
SG-NAT,Social worker (general),26621,detailed,4570,gross,SGD,monthly,median_gross_monthly_wage,2025,SSOC_2024_DETAILED,national_only,https://stats.mom.gov.sg/iMAS_Tables1/Wages/Wages_2025/mrsd_2025Wages_table1.xlsx,2026-06-30,SG
SG-NAT,Software developer,25121,detailed,7605,basic,SGD,monthly,median_basic_monthly_wage,2025,SSOC_2024_DETAILED,national_only,https://stats.mom.gov.sg/iMAS_Tables1/Wages/Wages_2025/mrsd_2025Wages_table1.xlsx,2026-06-30,SG
SG-NAT,Software developer,25121,detailed,7808,gross,SGD,monthly,median_gross_monthly_wage,2025,SSOC_2024_DETAILED,national_only,https://stats.mom.gov.sg/iMAS_Tables1/Wages/Wages_2025/mrsd_2025Wages_table1.xlsx,2026-06-30,SG
SG-NAT,Specialised dentist,22612,detailed,5059,basic,SGD,monthly,median_basic_monthly_wage,2025,SSOC_2024_DETAILED,national_only,https://stats.mom.gov.sg/iMAS_Tables1/Wages/Wages_2025/mrsd_2025Wages_table1.xlsx,2026-06-30,SG
SG-NAT,Specialised dentist,22612,detailed,5104,gross,SGD,monthly,median_gross_monthly_wage,2025,SSOC_2024_DETAILED,national_only,https://stats.mom.gov.sg/iMAS_Tables1/Wages/Wages_2025/mrsd_2025Wages_table1.xlsx,2026-06-30,SG
SG-NAT,Speech therapist,22662,detailed,4900,basic,SGD,monthly,median_basic_monthly_wage,2025,SSOC_2024_DETAILED,national_only,https://stats.mom.gov.sg/iMAS_Tables1/Wages/Wages_2025/mrsd_2025Wages_table1.xlsx,2026-06-30,SG
SG-NAT,Speech therapist,22662,detailed,4900,gross,SGD,monthly,median_gross_monthly_wage,2025,SSOC_2024_DETAILED,national_only,https://stats.mom.gov.sg/iMAS_Tables1/Wages/Wages_2025/mrsd_2025Wages_table1.xlsx,2026-06-30,SG
SG-NAT,Statistical officer/Data analyst,21231,detailed,5694,basic,SGD,monthly,median_basic_monthly_wage,2025,SSOC_2024_DETAILED,national_only,https://stats.mom.gov.sg/iMAS_Tables1/Wages/Wages_2025/mrsd_2025Wages_table1.xlsx,2026-06-30,SG
SG-NAT,Statistical officer/Data analyst,21231,detailed,5869,gross,SGD,monthly,median_gross_monthly_wage,2025,SSOC_2024_DETAILED,national_only,https://stats.mom.gov.sg/iMAS_Tables1/Wages/Wages_2025/mrsd_2025Wages_table1.xlsx,2026-06-30,SG
SG-NAT,Statistician,21221,detailed,7723,basic,SGD,monthly,median_basic_monthly_wage,2025,SSOC_2024_DETAILED,national_only,https://stats.mom.gov.sg/iMAS_Tables1/Wages/Wages_2025/mrsd_2025Wages_table1.xlsx,2026-06-30,SG
SG-NAT,Statistician,21221,detailed,7723,gross,SGD,monthly,median_gross_monthly_wage,2025,SSOC_2024_DETAILED,national_only,https://stats.mom.gov.sg/iMAS_Tables1/Wages/Wages_2025/mrsd_2025Wages_table1.xlsx,2026-06-30,SG
SG-NAT,Systems designer/analyst,25111,detailed,6789,basic,SGD,monthly,median_basic_monthly_wage,2025,SSOC_2024_DETAILED,national_only,https://stats.mom.gov.sg/iMAS_Tables1/Wages/Wages_2025/mrsd_2025Wages_table1.xlsx,2026-06-30,SG
SG-NAT,Systems designer/analyst,25111,detailed,6840,gross,SGD,monthly,median_gross_monthly_wage,2025,SSOC_2024_DETAILED,national_only,https://stats.mom.gov.sg/iMAS_Tables1/Wages/Wages_2025/mrsd_2025Wages_table1.xlsx,2026-06-30,SG
SG-NAT,Tax accountant,24113,detailed,9925,basic,SGD,monthly,median_basic_monthly_wage,2025,SSOC_2024_DETAILED,national_only,https://stats.mom.gov.sg/iMAS_Tables1/Wages/Wages_2025/mrsd_2025Wages_table1.xlsx,2026-06-30,SG
SG-NAT,Tax accountant,24113,detailed,10085,gross,SGD,monthly,median_gross_monthly_wage,2025,SSOC_2024_DETAILED,national_only,https://stats.mom.gov.sg/iMAS_Tables1/Wages/Wages_2025/mrsd_2025Wages_table1.xlsx,2026-06-30,SG
SG-NAT,Technical sales professional,24331,detailed,5239,basic,SGD,monthly,median_basic_monthly_wage,2025,SSOC_2024_DETAILED,national_only,https://stats.mom.gov.sg/iMAS_Tables1/Wages/Wages_2025/mrsd_2025Wages_table1.xlsx,2026-06-30,SG
SG-NAT,Technical sales professional,24331,detailed,5936,gross,SGD,monthly,median_gross_monthly_wage,2025,SSOC_2024_DETAILED,national_only,https://stats.mom.gov.sg/iMAS_Tables1/Wages/Wages_2025/mrsd_2025Wages_table1.xlsx,2026-06-30,SG
SG-NAT,Technical superintendent,21712,detailed,8000,basic,SGD,monthly,median_basic_monthly_wage,2025,SSOC_2024_DETAILED,national_only,https://stats.mom.gov.sg/iMAS_Tables1/Wages/Wages_2025/mrsd_2025Wages_table1.xlsx,2026-06-30,SG
SG-NAT,Technical superintendent,21712,detailed,8087,gross,SGD,monthly,median_gross_monthly_wage,2025,SSOC_2024_DETAILED,national_only,https://stats.mom.gov.sg/iMAS_Tables1/Wages/Wages_2025/mrsd_2025Wages_table1.xlsx,2026-06-30,SG
SG-NAT,Technical writer,26414,detailed,5801,basic,SGD,monthly,median_basic_monthly_wage,2025,SSOC_2024_DETAILED,national_only,https://stats.mom.gov.sg/iMAS_Tables1/Wages/Wages_2025/mrsd_2025Wages_table1.xlsx,2026-06-30,SG
SG-NAT,Technical writer,26414,detailed,6039,gross,SGD,monthly,median_gross_monthly_wage,2025,SSOC_2024_DETAILED,national_only,https://stats.mom.gov.sg/iMAS_Tables1/Wages/Wages_2025/mrsd_2025Wages_table1.xlsx,2026-06-30,SG
SG-NAT,Technical/Vocational/Commercial education institute teacher/trainer,23300,detailed,4603,basic,SGD,monthly,median_basic_monthly_wage,2025,SSOC_2024_DETAILED,national_only,https://stats.mom.gov.sg/iMAS_Tables1/Wages/Wages_2025/mrsd_2025Wages_table1.xlsx,2026-06-30,SG
SG-NAT,Technical/Vocational/Commercial education institute teacher/trainer,23300,detailed,4629,gross,SGD,monthly,median_gross_monthly_wage,2025,SSOC_2024_DETAILED,national_only,https://stats.mom.gov.sg/iMAS_Tables1/Wages/Wages_2025/mrsd_2025Wages_table1.xlsx,2026-06-30,SG
SG-NAT,Telecommunications engineer,21532,detailed,6143,basic,SGD,monthly,median_basic_monthly_wage,2025,SSOC_2024_DETAILED,national_only,https://stats.mom.gov.sg/iMAS_Tables1/Wages/Wages_2025/mrsd_2025Wages_table1.xlsx,2026-06-30,SG
SG-NAT,Telecommunications engineer,21532,detailed,6228,gross,SGD,monthly,median_gross_monthly_wage,2025,SSOC_2024_DETAILED,national_only,https://stats.mom.gov.sg/iMAS_Tables1/Wages/Wages_2025/mrsd_2025Wages_table1.xlsx,2026-06-30,SG
SG-NAT,Threat analysis specialist,25247,detailed,7590,basic,SGD,monthly,median_basic_monthly_wage,2025,SSOC_2024_DETAILED,national_only,https://stats.mom.gov.sg/iMAS_Tables1/Wages/Wages_2025/mrsd_2025Wages_table1.xlsx,2026-06-30,SG
SG-NAT,Threat analysis specialist,25247,detailed,7940,gross,SGD,monthly,median_gross_monthly_wage,2025,SSOC_2024_DETAILED,national_only,https://stats.mom.gov.sg/iMAS_Tables1/Wages/Wages_2025/mrsd_2025Wages_table1.xlsx,2026-06-30,SG
SG-NAT,Trade broker,24361,detailed,8988,basic,SGD,monthly,median_basic_monthly_wage,2025,SSOC_2024_DETAILED,national_only,https://stats.mom.gov.sg/iMAS_Tables1/Wages/Wages_2025/mrsd_2025Wages_table1.xlsx,2026-06-30,SG
SG-NAT,Trade broker,24361,detailed,9750,gross,SGD,monthly,median_gross_monthly_wage,2025,SSOC_2024_DETAILED,national_only,https://stats.mom.gov.sg/iMAS_Tables1/Wages/Wages_2025/mrsd_2025Wages_table1.xlsx,2026-06-30,SG
SG-NAT,Traditional Chinese medicine practitioner,22301,detailed,3789,basic,SGD,monthly,median_basic_monthly_wage,2025,SSOC_2024_DETAILED,national_only,https://stats.mom.gov.sg/iMAS_Tables1/Wages/Wages_2025/mrsd_2025Wages_table1.xlsx,2026-06-30,SG
SG-NAT,Traditional Chinese medicine practitioner,22301,detailed,4170,gross,SGD,monthly,median_gross_monthly_wage,2025,SSOC_2024_DETAILED,national_only,https://stats.mom.gov.sg/iMAS_Tables1/Wages/Wages_2025/mrsd_2025Wages_table1.xlsx,2026-06-30,SG
SG-NAT,Training/Staff development professional,24240,detailed,5717,basic,SGD,monthly,median_basic_monthly_wage,2025,SSOC_2024_DETAILED,national_only,https://stats.mom.gov.sg/iMAS_Tables1/Wages/Wages_2025/mrsd_2025Wages_table1.xlsx,2026-06-30,SG
SG-NAT,Training/Staff development professional,24240,detailed,5955,gross,SGD,monthly,median_gross_monthly_wage,2025,SSOC_2024_DETAILED,national_only,https://stats.mom.gov.sg/iMAS_Tables1/Wages/Wages_2025/mrsd_2025Wages_table1.xlsx,2026-06-30,SG
SG-NAT,Translator,26431,detailed,6839,basic,SGD,monthly,median_basic_monthly_wage,2025,SSOC_2024_DETAILED,national_only,https://stats.mom.gov.sg/iMAS_Tables1/Wages/Wages_2025/mrsd_2025Wages_table1.xlsx,2026-06-30,SG
SG-NAT,Translator,26431,detailed,6839,gross,SGD,monthly,median_gross_monthly_wage,2025,SSOC_2024_DETAILED,national_only,https://stats.mom.gov.sg/iMAS_Tables1/Wages/Wages_2025/mrsd_2025Wages_table1.xlsx,2026-06-30,SG
SG-NAT,Treasury manager,24134,detailed,11802,basic,SGD,monthly,median_basic_monthly_wage,2025,SSOC_2024_DETAILED,national_only,https://stats.mom.gov.sg/iMAS_Tables1/Wages/Wages_2025/mrsd_2025Wages_table1.xlsx,2026-06-30,SG
SG-NAT,Treasury manager,24134,detailed,12000,gross,SGD,monthly,median_gross_monthly_wage,2025,SSOC_2024_DETAILED,national_only,https://stats.mom.gov.sg/iMAS_Tables1/Wages/Wages_2025/mrsd_2025Wages_table1.xlsx,2026-06-30,SG
SG-NAT,University lecturer,23101,detailed,13374,basic,SGD,monthly,median_basic_monthly_wage,2025,SSOC_2024_DETAILED,national_only,https://stats.mom.gov.sg/iMAS_Tables1/Wages/Wages_2025/mrsd_2025Wages_table1.xlsx,2026-06-30,SG
SG-NAT,University lecturer,23101,detailed,13403,gross,SGD,monthly,median_gross_monthly_wage,2025,SSOC_2024_DETAILED,national_only,https://stats.mom.gov.sg/iMAS_Tables1/Wages/Wages_2025/mrsd_2025Wages_table1.xlsx,2026-06-30,SG
SG-NAT,Veterinarian,22500,detailed,8938,basic,SGD,monthly,median_basic_monthly_wage,2025,SSOC_2024_DETAILED,national_only,https://stats.mom.gov.sg/iMAS_Tables1/Wages/Wages_2025/mrsd_2025Wages_table1.xlsx,2026-06-30,SG
SG-NAT,Veterinarian,22500,detailed,9312,gross,SGD,monthly,median_gross_monthly_wage,2025,SSOC_2024_DETAILED,national_only,https://stats.mom.gov.sg/iMAS_Tables1/Wages/Wages_2025/mrsd_2025Wages_table1.xlsx,2026-06-30,SG
SG-NAT,Web/Mobile applications developer,25122,detailed,6290,basic,SGD,monthly,median_basic_monthly_wage,2025,SSOC_2024_DETAILED,national_only,https://stats.mom.gov.sg/iMAS_Tables1/Wages/Wages_2025/mrsd_2025Wages_table1.xlsx,2026-06-30,SG
SG-NAT,Web/Mobile applications developer,25122,detailed,6290,gross,SGD,monthly,median_gross_monthly_wage,2025,SSOC_2024_DETAILED,national_only,https://stats.mom.gov.sg/iMAS_Tables1/Wages/Wages_2025/mrsd_2025Wages_table1.xlsx,2026-06-30,SG
SG-NAT,Advertising salesperson,33392,detailed,5722,basic,SGD,monthly,median_basic_monthly_wage,2025,SSOC_2024_DETAILED,national_only,https://stats.mom.gov.sg/iMAS_Tables1/Wages/Wages_2025/mrsd_2025Wages_table1.xlsx,2026-06-30,SG
SG-NAT,Advertising salesperson,33392,detailed,5722,gross,SGD,monthly,median_gross_monthly_wage,2025,SSOC_2024_DETAILED,national_only,https://stats.mom.gov.sg/iMAS_Tables1/Wages/Wages_2025/mrsd_2025Wages_table1.xlsx,2026-06-30,SG
SG-NAT,Aeronautical engineering technician,31211,detailed,4959,basic,SGD,monthly,median_basic_monthly_wage,2025,SSOC_2024_DETAILED,national_only,https://stats.mom.gov.sg/iMAS_Tables1/Wages/Wages_2025/mrsd_2025Wages_table1.xlsx,2026-06-30,SG
SG-NAT,Aeronautical engineering technician,31211,detailed,5400,gross,SGD,monthly,median_gross_monthly_wage,2025,SSOC_2024_DETAILED,national_only,https://stats.mom.gov.sg/iMAS_Tables1/Wages/Wages_2025/mrsd_2025Wages_table1.xlsx,2026-06-30,SG
SG-NAT,After sales adviser/Client account service executive,33222,detailed,4492,basic,SGD,monthly,median_basic_monthly_wage,2025,SSOC_2024_DETAILED,national_only,https://stats.mom.gov.sg/iMAS_Tables1/Wages/Wages_2025/mrsd_2025Wages_table1.xlsx,2026-06-30,SG
SG-NAT,After sales adviser/Client account service executive,33222,detailed,4500,gross,SGD,monthly,median_gross_monthly_wage,2025,SSOC_2024_DETAILED,national_only,https://stats.mom.gov.sg/iMAS_Tables1/Wages/Wages_2025/mrsd_2025Wages_table1.xlsx,2026-06-30,SG
SG-NAT,Air cargo officer,31594,detailed,3926,basic,SGD,monthly,median_basic_monthly_wage,2025,SSOC_2024_DETAILED,national_only,https://stats.mom.gov.sg/iMAS_Tables1/Wages/Wages_2025/mrsd_2025Wages_table1.xlsx,2026-06-30,SG
SG-NAT,Air cargo officer,31594,detailed,4000,gross,SGD,monthly,median_gross_monthly_wage,2025,SSOC_2024_DETAILED,national_only,https://stats.mom.gov.sg/iMAS_Tables1/Wages/Wages_2025/mrsd_2025Wages_table1.xlsx,2026-06-30,SG
SG-NAT,Air transport equipment project executive,33601,detailed,3989,basic,SGD,monthly,median_basic_monthly_wage,2025,SSOC_2024_DETAILED,national_only,https://stats.mom.gov.sg/iMAS_Tables1/Wages/Wages_2025/mrsd_2025Wages_table1.xlsx,2026-06-30,SG
SG-NAT,Air transport equipment project executive,33601,detailed,3989,gross,SGD,monthly,median_gross_monthly_wage,2025,SSOC_2024_DETAILED,national_only,https://stats.mom.gov.sg/iMAS_Tables1/Wages/Wages_2025/mrsd_2025Wages_table1.xlsx,2026-06-30,SG
SG-NAT,Air transport service supervisor,31571,detailed,3895,basic,SGD,monthly,median_basic_monthly_wage,2025,SSOC_2024_DETAILED,national_only,https://stats.mom.gov.sg/iMAS_Tables1/Wages/Wages_2025/mrsd_2025Wages_table1.xlsx,2026-06-30,SG
SG-NAT,Air transport service supervisor,31571,detailed,3919,gross,SGD,monthly,median_gross_monthly_wage,2025,SSOC_2024_DETAILED,national_only,https://stats.mom.gov.sg/iMAS_Tables1/Wages/Wages_2025/mrsd_2025Wages_table1.xlsx,2026-06-30,SG
SG-NAT,Air-conditioning/Refrigeration engineering technician,31152,detailed,3507,basic,SGD,monthly,median_basic_monthly_wage,2025,SSOC_2024_DETAILED,national_only,https://stats.mom.gov.sg/iMAS_Tables1/Wages/Wages_2025/mrsd_2025Wages_table1.xlsx,2026-06-30,SG
SG-NAT,Air-conditioning/Refrigeration engineering technician,31152,detailed,3765,gross,SGD,monthly,median_gross_monthly_wage,2025,SSOC_2024_DETAILED,national_only,https://stats.mom.gov.sg/iMAS_Tables1/Wages/Wages_2025/mrsd_2025Wages_table1.xlsx,2026-06-30,SG
SG-NAT,Airport maintenance technician,31295,detailed,3699,basic,SGD,monthly,median_basic_monthly_wage,2025,SSOC_2024_DETAILED,national_only,https://stats.mom.gov.sg/iMAS_Tables1/Wages/Wages_2025/mrsd_2025Wages_table1.xlsx,2026-06-30,SG
SG-NAT,Airport maintenance technician,31295,detailed,3699,gross,SGD,monthly,median_gross_monthly_wage,2025,SSOC_2024_DETAILED,national_only,https://stats.mom.gov.sg/iMAS_Tables1/Wages/Wages_2025/mrsd_2025Wages_table1.xlsx,2026-06-30,SG
SG-NAT,Appraiser/Valuer (excluding intangible asset valuer),33151,detailed,3140,basic,SGD,monthly,median_basic_monthly_wage,2025,SSOC_2024_DETAILED,national_only,https://stats.mom.gov.sg/iMAS_Tables1/Wages/Wages_2025/mrsd_2025Wages_table1.xlsx,2026-06-30,SG
SG-NAT,Appraiser/Valuer (excluding intangible asset valuer),33151,detailed,3296,gross,SGD,monthly,median_gross_monthly_wage,2025,SSOC_2024_DETAILED,national_only,https://stats.mom.gov.sg/iMAS_Tables1/Wages/Wages_2025/mrsd_2025Wages_table1.xlsx,2026-06-30,SG
SG-NAT,Architectural draughtsperson,31184,detailed,4716,basic,SGD,monthly,median_basic_monthly_wage,2025,SSOC_2024_DETAILED,national_only,https://stats.mom.gov.sg/iMAS_Tables1/Wages/Wages_2025/mrsd_2025Wages_table1.xlsx,2026-06-30,SG
SG-NAT,Architectural draughtsperson,31184,detailed,4785,gross,SGD,monthly,median_gross_monthly_wage,2025,SSOC_2024_DETAILED,national_only,https://stats.mom.gov.sg/iMAS_Tables1/Wages/Wages_2025/mrsd_2025Wages_table1.xlsx,2026-06-30,SG
SG-NAT,Art and craft instructor (extracurriculum),36202,detailed,3826,basic,SGD,monthly,median_basic_monthly_wage,2025,SSOC_2024_DETAILED,national_only,https://stats.mom.gov.sg/iMAS_Tables1/Wages/Wages_2025/mrsd_2025Wages_table1.xlsx,2026-06-30,SG
SG-NAT,Art and craft instructor (extracurriculum),36202,detailed,3826,gross,SGD,monthly,median_gross_monthly_wage,2025,SSOC_2024_DETAILED,national_only,https://stats.mom.gov.sg/iMAS_Tables1/Wages/Wages_2025/mrsd_2025Wages_table1.xlsx,2026-06-30,SG
SG-NAT,Assessor,33152,detailed,4976,basic,SGD,monthly,median_basic_monthly_wage,2025,SSOC_2024_DETAILED,national_only,https://stats.mom.gov.sg/iMAS_Tables1/Wages/Wages_2025/mrsd_2025Wages_table1.xlsx,2026-06-30,SG
SG-NAT,Assessor,33152,detailed,5000,gross,SGD,monthly,median_gross_monthly_wage,2025,SSOC_2024_DETAILED,national_only,https://stats.mom.gov.sg/iMAS_Tables1/Wages/Wages_2025/mrsd_2025Wages_table1.xlsx,2026-06-30,SG
SG-NAT,Assistant accountant,33131,detailed,4264,basic,SGD,monthly,median_basic_monthly_wage,2025,SSOC_2024_DETAILED,national_only,https://stats.mom.gov.sg/iMAS_Tables1/Wages/Wages_2025/mrsd_2025Wages_table1.xlsx,2026-06-30,SG
SG-NAT,Assistant accountant,33131,detailed,4364,gross,SGD,monthly,median_gross_monthly_wage,2025,SSOC_2024_DETAILED,national_only,https://stats.mom.gov.sg/iMAS_Tables1/Wages/Wages_2025/mrsd_2025Wages_table1.xlsx,2026-06-30,SG
SG-NAT,Assistant civil/structural engineer,31001,detailed,4394,basic,SGD,monthly,median_basic_monthly_wage,2025,SSOC_2024_DETAILED,national_only,https://stats.mom.gov.sg/iMAS_Tables1/Wages/Wages_2025/mrsd_2025Wages_table1.xlsx,2026-06-30,SG
SG-NAT,Assistant civil/structural engineer,31001,detailed,4428,gross,SGD,monthly,median_gross_monthly_wage,2025,SSOC_2024_DETAILED,national_only,https://stats.mom.gov.sg/iMAS_Tables1/Wages/Wages_2025/mrsd_2025Wages_table1.xlsx,2026-06-30,SG
SG-NAT,Assistant electrical engineer,31002,detailed,4430,basic,SGD,monthly,median_basic_monthly_wage,2025,SSOC_2024_DETAILED,national_only,https://stats.mom.gov.sg/iMAS_Tables1/Wages/Wages_2025/mrsd_2025Wages_table1.xlsx,2026-06-30,SG
SG-NAT,Assistant electrical engineer,31002,detailed,4770,gross,SGD,monthly,median_gross_monthly_wage,2025,SSOC_2024_DETAILED,national_only,https://stats.mom.gov.sg/iMAS_Tables1/Wages/Wages_2025/mrsd_2025Wages_table1.xlsx,2026-06-30,SG
SG-NAT,Assistant electronics engineer,31003,detailed,4020,basic,SGD,monthly,median_basic_monthly_wage,2025,SSOC_2024_DETAILED,national_only,https://stats.mom.gov.sg/iMAS_Tables1/Wages/Wages_2025/mrsd_2025Wages_table1.xlsx,2026-06-30,SG
SG-NAT,Assistant electronics engineer,31003,detailed,4332,gross,SGD,monthly,median_gross_monthly_wage,2025,SSOC_2024_DETAILED,national_only,https://stats.mom.gov.sg/iMAS_Tables1/Wages/Wages_2025/mrsd_2025Wages_table1.xlsx,2026-06-30,SG
SG-NAT,Assistant manufacturing engineer,31006,detailed,3331,basic,SGD,monthly,median_basic_monthly_wage,2025,SSOC_2024_DETAILED,national_only,https://stats.mom.gov.sg/iMAS_Tables1/Wages/Wages_2025/mrsd_2025Wages_table1.xlsx,2026-06-30,SG
SG-NAT,Assistant manufacturing engineer,31006,detailed,3656,gross,SGD,monthly,median_gross_monthly_wage,2025,SSOC_2024_DETAILED,national_only,https://stats.mom.gov.sg/iMAS_Tables1/Wages/Wages_2025/mrsd_2025Wages_table1.xlsx,2026-06-30,SG
SG-NAT,Assistant mechanical engineer,31004,detailed,4022,basic,SGD,monthly,median_basic_monthly_wage,2025,SSOC_2024_DETAILED,national_only,https://stats.mom.gov.sg/iMAS_Tables1/Wages/Wages_2025/mrsd_2025Wages_table1.xlsx,2026-06-30,SG
SG-NAT,Assistant mechanical engineer,31004,detailed,4488,gross,SGD,monthly,median_gross_monthly_wage,2025,SSOC_2024_DETAILED,national_only,https://stats.mom.gov.sg/iMAS_Tables1/Wages/Wages_2025/mrsd_2025Wages_table1.xlsx,2026-06-30,SG
SG-NAT,Audio/Video equipment technician,31143,detailed,4030,basic,SGD,monthly,median_basic_monthly_wage,2025,SSOC_2024_DETAILED,national_only,https://stats.mom.gov.sg/iMAS_Tables1/Wages/Wages_2025/mrsd_2025Wages_table1.xlsx,2026-06-30,SG
SG-NAT,Audio/Video equipment technician,31143,detailed,4235,gross,SGD,monthly,median_gross_monthly_wage,2025,SSOC_2024_DETAILED,national_only,https://stats.mom.gov.sg/iMAS_Tables1/Wages/Wages_2025/mrsd_2025Wages_table1.xlsx,2026-06-30,SG
SG-NAT,Audit associate professional,33132,detailed,5600,basic,SGD,monthly,median_basic_monthly_wage,2025,SSOC_2024_DETAILED,national_only,https://stats.mom.gov.sg/iMAS_Tables1/Wages/Wages_2025/mrsd_2025Wages_table1.xlsx,2026-06-30,SG
SG-NAT,Audit associate professional,33132,detailed,5600,gross,SGD,monthly,median_gross_monthly_wage,2025,SSOC_2024_DETAILED,national_only,https://stats.mom.gov.sg/iMAS_Tables1/Wages/Wages_2025/mrsd_2025Wages_table1.xlsx,2026-06-30,SG
SG-NAT,Automation technician,31174,detailed,3254,basic,SGD,monthly,median_basic_monthly_wage,2025,SSOC_2024_DETAILED,national_only,https://stats.mom.gov.sg/iMAS_Tables1/Wages/Wages_2025/mrsd_2025Wages_table1.xlsx,2026-06-30,SG
SG-NAT,Automation technician,31174,detailed,3984,gross,SGD,monthly,median_gross_monthly_wage,2025,SSOC_2024_DETAILED,national_only,https://stats.mom.gov.sg/iMAS_Tables1/Wages/Wages_2025/mrsd_2025Wages_table1.xlsx,2026-06-30,SG
SG-NAT,Automotive engineering technician,31212,detailed,2950,basic,SGD,monthly,median_basic_monthly_wage,2025,SSOC_2024_DETAILED,national_only,https://stats.mom.gov.sg/iMAS_Tables1/Wages/Wages_2025/mrsd_2025Wages_table1.xlsx,2026-06-30,SG
SG-NAT,Automotive engineering technician,31212,detailed,3597,gross,SGD,monthly,median_gross_monthly_wage,2025,SSOC_2024_DETAILED,national_only,https://stats.mom.gov.sg/iMAS_Tables1/Wages/Wages_2025/mrsd_2025Wages_table1.xlsx,2026-06-30,SG
SG-NAT,Biological technician,31411,detailed,5107,basic,SGD,monthly,median_basic_monthly_wage,2025,SSOC_2024_DETAILED,national_only,https://stats.mom.gov.sg/iMAS_Tables1/Wages/Wages_2025/mrsd_2025Wages_table1.xlsx,2026-06-30,SG
SG-NAT,Biological technician,31411,detailed,5791,gross,SGD,monthly,median_gross_monthly_wage,2025,SSOC_2024_DETAILED,national_only,https://stats.mom.gov.sg/iMAS_Tables1/Wages/Wages_2025/mrsd_2025Wages_table1.xlsx,2026-06-30,SG
SG-NAT,Building technician,31122,detailed,3207,basic,SGD,monthly,median_basic_monthly_wage,2025,SSOC_2024_DETAILED,national_only,https://stats.mom.gov.sg/iMAS_Tables1/Wages/Wages_2025/mrsd_2025Wages_table1.xlsx,2026-06-30,SG
SG-NAT,Building technician,31122,detailed,3431,gross,SGD,monthly,median_gross_monthly_wage,2025,SSOC_2024_DETAILED,national_only,https://stats.mom.gov.sg/iMAS_Tables1/Wages/Wages_2025/mrsd_2025Wages_table1.xlsx,2026-06-30,SG
SG-NAT,Business development executive,33221,detailed,4920,basic,SGD,monthly,median_basic_monthly_wage,2025,SSOC_2024_DETAILED,national_only,https://stats.mom.gov.sg/iMAS_Tables1/Wages/Wages_2025/mrsd_2025Wages_table1.xlsx,2026-06-30,SG
SG-NAT,Business development executive,33221,detailed,5084,gross,SGD,monthly,median_gross_monthly_wage,2025,SSOC_2024_DETAILED,national_only,https://stats.mom.gov.sg/iMAS_Tables1/Wages/Wages_2025/mrsd_2025Wages_table1.xlsx,2026-06-30,SG
SG-NAT,Buyer,33231,detailed,4741,basic,SGD,monthly,median_basic_monthly_wage,2025,SSOC_2024_DETAILED,national_only,https://stats.mom.gov.sg/iMAS_Tables1/Wages/Wages_2025/mrsd_2025Wages_table1.xlsx,2026-06-30,SG
SG-NAT,Buyer,33231,detailed,4842,gross,SGD,monthly,median_gross_monthly_wage,2025,SSOC_2024_DETAILED,national_only,https://stats.mom.gov.sg/iMAS_Tables1/Wages/Wages_2025/mrsd_2025Wages_table1.xlsx,2026-06-30,SG
SG-NAT,Chef (excluding pastry chef),34341,detailed,3460,basic,SGD,monthly,median_basic_monthly_wage,2025,SSOC_2024_DETAILED,national_only,https://stats.mom.gov.sg/iMAS_Tables1/Wages/Wages_2025/mrsd_2025Wages_table1.xlsx,2026-06-30,SG
SG-NAT,Chef (excluding pastry chef),34341,detailed,3650,gross,SGD,monthly,median_gross_monthly_wage,2025,SSOC_2024_DETAILED,national_only,https://stats.mom.gov.sg/iMAS_Tables1/Wages/Wages_2025/mrsd_2025Wages_table1.xlsx,2026-06-30,SG
SG-NAT,"Chemical engineering technician (excluding petroleum, natural gas and petrochemical)",31161,detailed,4107,basic,SGD,monthly,median_basic_monthly_wage,2025,SSOC_2024_DETAILED,national_only,https://stats.mom.gov.sg/iMAS_Tables1/Wages/Wages_2025/mrsd_2025Wages_table1.xlsx,2026-06-30,SG
SG-NAT,"Chemical engineering technician (excluding petroleum, natural gas and petrochemical)",31161,detailed,5498,gross,SGD,monthly,median_gross_monthly_wage,2025,SSOC_2024_DETAILED,national_only,https://stats.mom.gov.sg/iMAS_Tables1/Wages/Wages_2025/mrsd_2025Wages_table1.xlsx,2026-06-30,SG
SG-NAT,Chemical engineering technician (petrochemical),31163,detailed,5038,basic,SGD,monthly,median_basic_monthly_wage,2025,SSOC_2024_DETAILED,national_only,https://stats.mom.gov.sg/iMAS_Tables1/Wages/Wages_2025/mrsd_2025Wages_table1.xlsx,2026-06-30,SG
SG-NAT,Chemical engineering technician (petrochemical),31163,detailed,8300,gross,SGD,monthly,median_gross_monthly_wage,2025,SSOC_2024_DETAILED,national_only,https://stats.mom.gov.sg/iMAS_Tables1/Wages/Wages_2025/mrsd_2025Wages_table1.xlsx,2026-06-30,SG
SG-NAT,Chemical engineering technician (petroleum/natural gas),31162,detailed,4942,basic,SGD,monthly,median_basic_monthly_wage,2025,SSOC_2024_DETAILED,national_only,https://stats.mom.gov.sg/iMAS_Tables1/Wages/Wages_2025/mrsd_2025Wages_table1.xlsx,2026-06-30,SG
SG-NAT,Chemical engineering technician (petroleum/natural gas),31162,detailed,5628,gross,SGD,monthly,median_gross_monthly_wage,2025,SSOC_2024_DETAILED,national_only,https://stats.mom.gov.sg/iMAS_Tables1/Wages/Wages_2025/mrsd_2025Wages_table1.xlsx,2026-06-30,SG
SG-NAT,Chemistry technician,31111,detailed,3600,basic,SGD,monthly,median_basic_monthly_wage,2025,SSOC_2024_DETAILED,national_only,https://stats.mom.gov.sg/iMAS_Tables1/Wages/Wages_2025/mrsd_2025Wages_table1.xlsx,2026-06-30,SG
SG-NAT,Chemistry technician,31111,detailed,4303,gross,SGD,monthly,median_gross_monthly_wage,2025,SSOC_2024_DETAILED,national_only,https://stats.mom.gov.sg/iMAS_Tables1/Wages/Wages_2025/mrsd_2025Wages_table1.xlsx,2026-06-30,SG
SG-NAT,Civil engineering technician,31121,detailed,2989,basic,SGD,monthly,median_basic_monthly_wage,2025,SSOC_2024_DETAILED,national_only,https://stats.mom.gov.sg/iMAS_Tables1/Wages/Wages_2025/mrsd_2025Wages_table1.xlsx,2026-06-30,SG
SG-NAT,Civil engineering technician,31121,detailed,3623,gross,SGD,monthly,median_gross_monthly_wage,2025,SSOC_2024_DETAILED,national_only,https://stats.mom.gov.sg/iMAS_Tables1/Wages/Wages_2025/mrsd_2025Wages_table1.xlsx,2026-06-30,SG
SG-NAT,Civil/Structural engineering draughtsperson,31183,detailed,4200,basic,SGD,monthly,median_basic_monthly_wage,2025,SSOC_2024_DETAILED,national_only,https://stats.mom.gov.sg/iMAS_Tables1/Wages/Wages_2025/mrsd_2025Wages_table1.xlsx,2026-06-30,SG
SG-NAT,Civil/Structural engineering draughtsperson,31183,detailed,4305,gross,SGD,monthly,median_gross_monthly_wage,2025,SSOC_2024_DETAILED,national_only,https://stats.mom.gov.sg/iMAS_Tables1/Wages/Wages_2025/mrsd_2025Wages_table1.xlsx,2026-06-30,SG
SG-NAT,Clearing/Forwarding agent,33311,detailed,4172,basic,SGD,monthly,median_basic_monthly_wage,2025,SSOC_2024_DETAILED,national_only,https://stats.mom.gov.sg/iMAS_Tables1/Wages/Wages_2025/mrsd_2025Wages_table1.xlsx,2026-06-30,SG
SG-NAT,Clearing/Forwarding agent,33311,detailed,4300,gross,SGD,monthly,median_gross_monthly_wage,2025,SSOC_2024_DETAILED,national_only,https://stats.mom.gov.sg/iMAS_Tables1/Wages/Wages_2025/mrsd_2025Wages_table1.xlsx,2026-06-30,SG
SG-NAT,Clinical research coordinator,31412,detailed,4729,basic,SGD,monthly,median_basic_monthly_wage,2025,SSOC_2024_DETAILED,national_only,https://stats.mom.gov.sg/iMAS_Tables1/Wages/Wages_2025/mrsd_2025Wages_table1.xlsx,2026-06-30,SG
SG-NAT,Clinical research coordinator,31412,detailed,4769,gross,SGD,monthly,median_gross_monthly_wage,2025,SSOC_2024_DETAILED,national_only,https://stats.mom.gov.sg/iMAS_Tables1/Wages/Wages_2025/mrsd_2025Wages_table1.xlsx,2026-06-30,SG
SG-NAT,Computer systems operator,35110,detailed,4979,basic,SGD,monthly,median_basic_monthly_wage,2025,SSOC_2024_DETAILED,national_only,https://stats.mom.gov.sg/iMAS_Tables1/Wages/Wages_2025/mrsd_2025Wages_table1.xlsx,2026-06-30,SG
SG-NAT,Computer systems operator,35110,detailed,5025,gross,SGD,monthly,median_gross_monthly_wage,2025,SSOC_2024_DETAILED,national_only,https://stats.mom.gov.sg/iMAS_Tables1/Wages/Wages_2025/mrsd_2025Wages_table1.xlsx,2026-06-30,SG
SG-NAT,Credit/Loans officer,33120,detailed,4826,basic,SGD,monthly,median_basic_monthly_wage,2025,SSOC_2024_DETAILED,national_only,https://stats.mom.gov.sg/iMAS_Tables1/Wages/Wages_2025/mrsd_2025Wages_table1.xlsx,2026-06-30,SG
SG-NAT,Credit/Loans officer,33120,detailed,4826,gross,SGD,monthly,median_gross_monthly_wage,2025,SSOC_2024_DETAILED,national_only,https://stats.mom.gov.sg/iMAS_Tables1/Wages/Wages_2025/mrsd_2025Wages_table1.xlsx,2026-06-30,SG
SG-NAT,Crewing executive (ship),33493,detailed,4895,basic,SGD,monthly,median_basic_monthly_wage,2025,SSOC_2024_DETAILED,national_only,https://stats.mom.gov.sg/iMAS_Tables1/Wages/Wages_2025/mrsd_2025Wages_table1.xlsx,2026-06-30,SG
SG-NAT,Crewing executive (ship),33493,detailed,5000,gross,SGD,monthly,median_gross_monthly_wage,2025,SSOC_2024_DETAILED,national_only,https://stats.mom.gov.sg/iMAS_Tables1/Wages/Wages_2025/mrsd_2025Wages_table1.xlsx,2026-06-30,SG
SG-NAT,Dental technician,32143,detailed,2978,basic,SGD,monthly,median_basic_monthly_wage,2025,SSOC_2024_DETAILED,national_only,https://stats.mom.gov.sg/iMAS_Tables1/Wages/Wages_2025/mrsd_2025Wages_table1.xlsx,2026-06-30,SG
SG-NAT,Dental technician,32143,detailed,2990,gross,SGD,monthly,median_gross_monthly_wage,2025,SSOC_2024_DETAILED,national_only,https://stats.mom.gov.sg/iMAS_Tables1/Wages/Wages_2025/mrsd_2025Wages_table1.xlsx,2026-06-30,SG
SG-NAT,Electrical engineering technician,31131,detailed,3868,basic,SGD,monthly,median_basic_monthly_wage,2025,SSOC_2024_DETAILED,national_only,https://stats.mom.gov.sg/iMAS_Tables1/Wages/Wages_2025/mrsd_2025Wages_table1.xlsx,2026-06-30,SG
SG-NAT,Electrical engineering technician,31131,detailed,4326,gross,SGD,monthly,median_gross_monthly_wage,2025,SSOC_2024_DETAILED,national_only,https://stats.mom.gov.sg/iMAS_Tables1/Wages/Wages_2025/mrsd_2025Wages_table1.xlsx,2026-06-30,SG
SG-NAT,Electrical/Electronics draughtsperson,31182,detailed,3850,basic,SGD,monthly,median_basic_monthly_wage,2025,SSOC_2024_DETAILED,national_only,https://stats.mom.gov.sg/iMAS_Tables1/Wages/Wages_2025/mrsd_2025Wages_table1.xlsx,2026-06-30,SG
SG-NAT,Electrical/Electronics draughtsperson,31182,detailed,4119,gross,SGD,monthly,median_gross_monthly_wage,2025,SSOC_2024_DETAILED,national_only,https://stats.mom.gov.sg/iMAS_Tables1/Wages/Wages_2025/mrsd_2025Wages_table1.xlsx,2026-06-30,SG
SG-NAT,Electronics engineering technician,31141,detailed,3665,basic,SGD,monthly,median_basic_monthly_wage,2025,SSOC_2024_DETAILED,national_only,https://stats.mom.gov.sg/iMAS_Tables1/Wages/Wages_2025/mrsd_2025Wages_table1.xlsx,2026-06-30,SG
SG-NAT,Electronics engineering technician,31141,detailed,3843,gross,SGD,monthly,median_gross_monthly_wage,2025,SSOC_2024_DETAILED,national_only,https://stats.mom.gov.sg/iMAS_Tables1/Wages/Wages_2025/mrsd_2025Wages_table1.xlsx,2026-06-30,SG
SG-NAT,Employment agent/Labour contractor,33330,detailed,4100,basic,SGD,monthly,median_basic_monthly_wage,2025,SSOC_2024_DETAILED,national_only,https://stats.mom.gov.sg/iMAS_Tables1/Wages/Wages_2025/mrsd_2025Wages_table1.xlsx,2026-06-30,SG
SG-NAT,Employment agent/Labour contractor,33330,detailed,4313,gross,SGD,monthly,median_gross_monthly_wage,2025,SSOC_2024_DETAILED,national_only,https://stats.mom.gov.sg/iMAS_Tables1/Wages/Wages_2025/mrsd_2025Wages_table1.xlsx,2026-06-30,SG
SG-NAT,Enrolled/Assistant nurse (excluding registered nurse),32200,detailed,3280,basic,SGD,monthly,median_basic_monthly_wage,2025,SSOC_2024_DETAILED,national_only,https://stats.mom.gov.sg/iMAS_Tables1/Wages/Wages_2025/mrsd_2025Wages_table1.xlsx,2026-06-30,SG
SG-NAT,Enrolled/Assistant nurse (excluding registered nurse),32200,detailed,3439,gross,SGD,monthly,median_gross_monthly_wage,2025,SSOC_2024_DETAILED,national_only,https://stats.mom.gov.sg/iMAS_Tables1/Wages/Wages_2025/mrsd_2025Wages_table1.xlsx,2026-06-30,SG
SG-NAT,Environmental inspector (environmental public health),32571,detailed,7418,basic,SGD,monthly,median_basic_monthly_wage,2025,SSOC_2024_DETAILED,national_only,https://stats.mom.gov.sg/iMAS_Tables1/Wages/Wages_2025/mrsd_2025Wages_table1.xlsx,2026-06-30,SG
SG-NAT,Environmental inspector (environmental public health),32571,detailed,7470,gross,SGD,monthly,median_gross_monthly_wage,2025,SSOC_2024_DETAILED,national_only,https://stats.mom.gov.sg/iMAS_Tables1/Wages/Wages_2025/mrsd_2025Wages_table1.xlsx,2026-06-30,SG
SG-NAT,Executive secretary,33494,detailed,5261,basic,SGD,monthly,median_basic_monthly_wage,2025,SSOC_2024_DETAILED,national_only,https://stats.mom.gov.sg/iMAS_Tables1/Wages/Wages_2025/mrsd_2025Wages_table1.xlsx,2026-06-30,SG
SG-NAT,Executive secretary,33494,detailed,5500,gross,SGD,monthly,median_gross_monthly_wage,2025,SSOC_2024_DETAILED,national_only,https://stats.mom.gov.sg/iMAS_Tables1/Wages/Wages_2025/mrsd_2025Wages_table1.xlsx,2026-06-30,SG
SG-NAT,Exhibition/Conference/Event planner,33320,detailed,4000,basic,SGD,monthly,median_basic_monthly_wage,2025,SSOC_2024_DETAILED,national_only,https://stats.mom.gov.sg/iMAS_Tables1/Wages/Wages_2025/mrsd_2025Wages_table1.xlsx,2026-06-30,SG
SG-NAT,Exhibition/Conference/Event planner,33320,detailed,4097,gross,SGD,monthly,median_gross_monthly_wage,2025,SSOC_2024_DETAILED,national_only,https://stats.mom.gov.sg/iMAS_Tables1/Wages/Wages_2025/mrsd_2025Wages_table1.xlsx,2026-06-30,SG
SG-NAT,Financial services back office administrator,33160,detailed,5529,basic,SGD,monthly,median_basic_monthly_wage,2025,SSOC_2024_DETAILED,national_only,https://stats.mom.gov.sg/iMAS_Tables1/Wages/Wages_2025/mrsd_2025Wages_table1.xlsx,2026-06-30,SG
SG-NAT,Financial services back office administrator,33160,detailed,5868,gross,SGD,monthly,median_gross_monthly_wage,2025,SSOC_2024_DETAILED,national_only,https://stats.mom.gov.sg/iMAS_Tables1/Wages/Wages_2025/mrsd_2025Wages_table1.xlsx,2026-06-30,SG
SG-NAT,Fire and safety inspector,31711,detailed,4697,basic,SGD,monthly,median_basic_monthly_wage,2025,SSOC_2024_DETAILED,national_only,https://stats.mom.gov.sg/iMAS_Tables1/Wages/Wages_2025/mrsd_2025Wages_table1.xlsx,2026-06-30,SG
SG-NAT,Fire and safety inspector,31711,detailed,4925,gross,SGD,monthly,median_gross_monthly_wage,2025,SSOC_2024_DETAILED,national_only,https://stats.mom.gov.sg/iMAS_Tables1/Wages/Wages_2025/mrsd_2025Wages_table1.xlsx,2026-06-30,SG
SG-NAT,Flight operations officer,31593,detailed,4663,basic,SGD,monthly,median_basic_monthly_wage,2025,SSOC_2024_DETAILED,national_only,https://stats.mom.gov.sg/iMAS_Tables1/Wages/Wages_2025/mrsd_2025Wages_table1.xlsx,2026-06-30,SG
SG-NAT,Flight operations officer,31593,detailed,4813,gross,SGD,monthly,median_gross_monthly_wage,2025,SSOC_2024_DETAILED,national_only,https://stats.mom.gov.sg/iMAS_Tables1/Wages/Wages_2025/mrsd_2025Wages_table1.xlsx,2026-06-30,SG
SG-NAT,Instrumentation technician,31144,detailed,4248,basic,SGD,monthly,median_basic_monthly_wage,2025,SSOC_2024_DETAILED,national_only,https://stats.mom.gov.sg/iMAS_Tables1/Wages/Wages_2025/mrsd_2025Wages_table1.xlsx,2026-06-30,SG
SG-NAT,Instrumentation technician,31144,detailed,4656,gross,SGD,monthly,median_gross_monthly_wage,2025,SSOC_2024_DETAILED,national_only,https://stats.mom.gov.sg/iMAS_Tables1/Wages/Wages_2025/mrsd_2025Wages_table1.xlsx,2026-06-30,SG
SG-NAT,Insurance sales agent/broker,33211,detailed,6013,basic,SGD,monthly,median_basic_monthly_wage,2025,SSOC_2024_DETAILED,national_only,https://stats.mom.gov.sg/iMAS_Tables1/Wages/Wages_2025/mrsd_2025Wages_table1.xlsx,2026-06-30,SG
SG-NAT,Insurance sales agent/broker,33211,detailed,6050,gross,SGD,monthly,median_gross_monthly_wage,2025,SSOC_2024_DETAILED,national_only,https://stats.mom.gov.sg/iMAS_Tables1/Wages/Wages_2025/mrsd_2025Wages_table1.xlsx,2026-06-30,SG
SG-NAT,Interior designer,34321,detailed,4000,basic,SGD,monthly,median_basic_monthly_wage,2025,SSOC_2024_DETAILED,national_only,https://stats.mom.gov.sg/iMAS_Tables1/Wages/Wages_2025/mrsd_2025Wages_table1.xlsx,2026-06-30,SG
SG-NAT,Interior designer,34321,detailed,4130,gross,SGD,monthly,median_gross_monthly_wage,2025,SSOC_2024_DETAILED,national_only,https://stats.mom.gov.sg/iMAS_Tables1/Wages/Wages_2025/mrsd_2025Wages_table1.xlsx,2026-06-30,SG
SG-NAT,IT infrastructure technician,35121,detailed,5043,basic,SGD,monthly,median_basic_monthly_wage,2025,SSOC_2024_DETAILED,national_only,https://stats.mom.gov.sg/iMAS_Tables1/Wages/Wages_2025/mrsd_2025Wages_table1.xlsx,2026-06-30,SG
SG-NAT,IT infrastructure technician,35121,detailed,5189,gross,SGD,monthly,median_gross_monthly_wage,2025,SSOC_2024_DETAILED,national_only,https://stats.mom.gov.sg/iMAS_Tables1/Wages/Wages_2025/mrsd_2025Wages_table1.xlsx,2026-06-30,SG
SG-NAT,IT support technician,35123,detailed,4437,basic,SGD,monthly,median_basic_monthly_wage,2025,SSOC_2024_DETAILED,national_only,https://stats.mom.gov.sg/iMAS_Tables1/Wages/Wages_2025/mrsd_2025Wages_table1.xlsx,2026-06-30,SG
SG-NAT,IT support technician,35123,detailed,4586,gross,SGD,monthly,median_gross_monthly_wage,2025,SSOC_2024_DETAILED,national_only,https://stats.mom.gov.sg/iMAS_Tables1/Wages/Wages_2025/mrsd_2025Wages_table1.xlsx,2026-06-30,SG
SG-NAT,Kitchen operations head/supervisor,34342,detailed,4386,basic,SGD,monthly,median_basic_monthly_wage,2025,SSOC_2024_DETAILED,national_only,https://stats.mom.gov.sg/iMAS_Tables1/Wages/Wages_2025/mrsd_2025Wages_table1.xlsx,2026-06-30,SG
SG-NAT,Kitchen operations head/supervisor,34342,detailed,4517,gross,SGD,monthly,median_gross_monthly_wage,2025,SSOC_2024_DETAILED,national_only,https://stats.mom.gov.sg/iMAS_Tables1/Wages/Wages_2025/mrsd_2025Wages_table1.xlsx,2026-06-30,SG
SG-NAT,Land surveying technician,31123,detailed,2960,basic,SGD,monthly,median_basic_monthly_wage,2025,SSOC_2024_DETAILED,national_only,https://stats.mom.gov.sg/iMAS_Tables1/Wages/Wages_2025/mrsd_2025Wages_table1.xlsx,2026-06-30,SG
SG-NAT,Land surveying technician,31123,detailed,3043,gross,SGD,monthly,median_gross_monthly_wage,2025,SSOC_2024_DETAILED,national_only,https://stats.mom.gov.sg/iMAS_Tables1/Wages/Wages_2025/mrsd_2025Wages_table1.xlsx,2026-06-30,SG
SG-NAT,Landscape operations officer,31602,detailed,3262,basic,SGD,monthly,median_basic_monthly_wage,2025,SSOC_2024_DETAILED,national_only,https://stats.mom.gov.sg/iMAS_Tables1/Wages/Wages_2025/mrsd_2025Wages_table1.xlsx,2026-06-30,SG
SG-NAT,Landscape operations officer,31602,detailed,3287,gross,SGD,monthly,median_gross_monthly_wage,2025,SSOC_2024_DETAILED,national_only,https://stats.mom.gov.sg/iMAS_Tables1/Wages/Wages_2025/mrsd_2025Wages_table1.xlsx,2026-06-30,SG
SG-NAT,Language instructor (extracurriculum),36201,detailed,4000,basic,SGD,monthly,median_basic_monthly_wage,2025,SSOC_2024_DETAILED,national_only,https://stats.mom.gov.sg/iMAS_Tables1/Wages/Wages_2025/mrsd_2025Wages_table1.xlsx,2026-06-30,SG
SG-NAT,Language instructor (extracurriculum),36201,detailed,4124,gross,SGD,monthly,median_gross_monthly_wage,2025,SSOC_2024_DETAILED,national_only,https://stats.mom.gov.sg/iMAS_Tables1/Wages/Wages_2025/mrsd_2025Wages_table1.xlsx,2026-06-30,SG
SG-NAT,Legal associate professional,34110,detailed,5590,basic,SGD,monthly,median_basic_monthly_wage,2025,SSOC_2024_DETAILED,national_only,https://stats.mom.gov.sg/iMAS_Tables1/Wages/Wages_2025/mrsd_2025Wages_table1.xlsx,2026-06-30,SG
SG-NAT,Legal associate professional,34110,detailed,5725,gross,SGD,monthly,median_gross_monthly_wage,2025,SSOC_2024_DETAILED,national_only,https://stats.mom.gov.sg/iMAS_Tables1/Wages/Wages_2025/mrsd_2025Wages_table1.xlsx,2026-06-30,SG
SG-NAT,Library officer,34331,detailed,2944,basic,SGD,monthly,median_basic_monthly_wage,2025,SSOC_2024_DETAILED,national_only,https://stats.mom.gov.sg/iMAS_Tables1/Wages/Wages_2025/mrsd_2025Wages_table1.xlsx,2026-06-30,SG
SG-NAT,Library officer,34331,detailed,2974,gross,SGD,monthly,median_gross_monthly_wage,2025,SSOC_2024_DETAILED,national_only,https://stats.mom.gov.sg/iMAS_Tables1/Wages/Wages_2025/mrsd_2025Wages_table1.xlsx,2026-06-30,SG
SG-NAT,Lift technician,31132,detailed,3678,basic,SGD,monthly,median_basic_monthly_wage,2025,SSOC_2024_DETAILED,national_only,https://stats.mom.gov.sg/iMAS_Tables1/Wages/Wages_2025/mrsd_2025Wages_table1.xlsx,2026-06-30,SG
SG-NAT,Lift technician,31132,detailed,4264,gross,SGD,monthly,median_gross_monthly_wage,2025,SSOC_2024_DETAILED,national_only,https://stats.mom.gov.sg/iMAS_Tables1/Wages/Wages_2025/mrsd_2025Wages_table1.xlsx,2026-06-30,SG
SG-NAT,Logistics/Production planner,33461,detailed,4257,basic,SGD,monthly,median_basic_monthly_wage,2025,SSOC_2024_DETAILED,national_only,https://stats.mom.gov.sg/iMAS_Tables1/Wages/Wages_2025/mrsd_2025Wages_table1.xlsx,2026-06-30,SG
SG-NAT,Logistics/Production planner,33461,detailed,4442,gross,SGD,monthly,median_gross_monthly_wage,2025,SSOC_2024_DETAILED,national_only,https://stats.mom.gov.sg/iMAS_Tables1/Wages/Wages_2025/mrsd_2025Wages_table1.xlsx,2026-06-30,SG
SG-NAT,Machining/Tooling technician,31153,detailed,2930,basic,SGD,monthly,median_basic_monthly_wage,2025,SSOC_2024_DETAILED,national_only,https://stats.mom.gov.sg/iMAS_Tables1/Wages/Wages_2025/mrsd_2025Wages_table1.xlsx,2026-06-30,SG
SG-NAT,Machining/Tooling technician,31153,detailed,3344,gross,SGD,monthly,median_gross_monthly_wage,2025,SSOC_2024_DETAILED,national_only,https://stats.mom.gov.sg/iMAS_Tables1/Wages/Wages_2025/mrsd_2025Wages_table1.xlsx,2026-06-30,SG
SG-NAT,Maintenance planner,33462,detailed,5100,basic,SGD,monthly,median_basic_monthly_wage,2025,SSOC_2024_DETAILED,national_only,https://stats.mom.gov.sg/iMAS_Tables1/Wages/Wages_2025/mrsd_2025Wages_table1.xlsx,2026-06-30,SG
SG-NAT,Maintenance planner,33462,detailed,5340,gross,SGD,monthly,median_gross_monthly_wage,2025,SSOC_2024_DETAILED,national_only,https://stats.mom.gov.sg/iMAS_Tables1/Wages/Wages_2025/mrsd_2025Wages_table1.xlsx,2026-06-30,SG
SG-NAT,Management executive,33491,detailed,4550,basic,SGD,monthly,median_basic_monthly_wage,2025,SSOC_2024_DETAILED,national_only,https://stats.mom.gov.sg/iMAS_Tables1/Wages/Wages_2025/mrsd_2025Wages_table1.xlsx,2026-06-30,SG
SG-NAT,Management executive,33491,detailed,4584,gross,SGD,monthly,median_gross_monthly_wage,2025,SSOC_2024_DETAILED,national_only,https://stats.mom.gov.sg/iMAS_Tables1/Wages/Wages_2025/mrsd_2025Wages_table1.xlsx,2026-06-30,SG
SG-NAT,Manufacturing engineering technician,31171,detailed,4472,basic,SGD,monthly,median_basic_monthly_wage,2025,SSOC_2024_DETAILED,national_only,https://stats.mom.gov.sg/iMAS_Tables1/Wages/Wages_2025/mrsd_2025Wages_table1.xlsx,2026-06-30,SG
SG-NAT,Manufacturing engineering technician,31171,detailed,5092,gross,SGD,monthly,median_gross_monthly_wage,2025,SSOC_2024_DETAILED,national_only,https://stats.mom.gov.sg/iMAS_Tables1/Wages/Wages_2025/mrsd_2025Wages_table1.xlsx,2026-06-30,SG
SG-NAT,Marine draughtsperson,31185,detailed,4500,basic,SGD,monthly,median_basic_monthly_wage,2025,SSOC_2024_DETAILED,national_only,https://stats.mom.gov.sg/iMAS_Tables1/Wages/Wages_2025/mrsd_2025Wages_table1.xlsx,2026-06-30,SG
SG-NAT,Marine draughtsperson,31185,detailed,4550,gross,SGD,monthly,median_gross_monthly_wage,2025,SSOC_2024_DETAILED,national_only,https://stats.mom.gov.sg/iMAS_Tables1/Wages/Wages_2025/mrsd_2025Wages_table1.xlsx,2026-06-30,SG
SG-NAT,Marine engineering officer,31510,detailed,3850,basic,SGD,monthly,median_basic_monthly_wage,2025,SSOC_2024_DETAILED,national_only,https://stats.mom.gov.sg/iMAS_Tables1/Wages/Wages_2025/mrsd_2025Wages_table1.xlsx,2026-06-30,SG
SG-NAT,Marine engineering officer,31510,detailed,4025,gross,SGD,monthly,median_gross_monthly_wage,2025,SSOC_2024_DETAILED,national_only,https://stats.mom.gov.sg/iMAS_Tables1/Wages/Wages_2025/mrsd_2025Wages_table1.xlsx,2026-06-30,SG
SG-NAT,Marine surveyor (ship/nautical),31213,detailed,7670,basic,SGD,monthly,median_basic_monthly_wage,2025,SSOC_2024_DETAILED,national_only,https://stats.mom.gov.sg/iMAS_Tables1/Wages/Wages_2025/mrsd_2025Wages_table1.xlsx,2026-06-30,SG
SG-NAT,Marine surveyor (ship/nautical),31213,detailed,8121,gross,SGD,monthly,median_gross_monthly_wage,2025,SSOC_2024_DETAILED,national_only,https://stats.mom.gov.sg/iMAS_Tables1/Wages/Wages_2025/mrsd_2025Wages_table1.xlsx,2026-06-30,SG
SG-NAT,Marketing and sales executive (food and beverage services),33223,detailed,2680,basic,SGD,monthly,median_basic_monthly_wage,2025,SSOC_2024_DETAILED,national_only,https://stats.mom.gov.sg/iMAS_Tables1/Wages/Wages_2025/mrsd_2025Wages_table1.xlsx,2026-06-30,SG
SG-NAT,Marketing and sales executive (food and beverage services),33223,detailed,2792,gross,SGD,monthly,median_gross_monthly_wage,2025,SSOC_2024_DETAILED,national_only,https://stats.mom.gov.sg/iMAS_Tables1/Wages/Wages_2025/mrsd_2025Wages_table1.xlsx,2026-06-30,SG
SG-NAT,Mechanical draughtsperson,31181,detailed,3620,basic,SGD,monthly,median_basic_monthly_wage,2025,SSOC_2024_DETAILED,national_only,https://stats.mom.gov.sg/iMAS_Tables1/Wages/Wages_2025/mrsd_2025Wages_table1.xlsx,2026-06-30,SG
SG-NAT,Mechanical draughtsperson,31181,detailed,3670,gross,SGD,monthly,median_gross_monthly_wage,2025,SSOC_2024_DETAILED,national_only,https://stats.mom.gov.sg/iMAS_Tables1/Wages/Wages_2025/mrsd_2025Wages_table1.xlsx,2026-06-30,SG
SG-NAT,Mechanical engineering technician,31151,detailed,3334,basic,SGD,monthly,median_basic_monthly_wage,2025,SSOC_2024_DETAILED,national_only,https://stats.mom.gov.sg/iMAS_Tables1/Wages/Wages_2025/mrsd_2025Wages_table1.xlsx,2026-06-30,SG
SG-NAT,Mechanical engineering technician,31151,detailed,3780,gross,SGD,monthly,median_gross_monthly_wage,2025,SSOC_2024_DETAILED,national_only,https://stats.mom.gov.sg/iMAS_Tables1/Wages/Wages_2025/mrsd_2025Wages_table1.xlsx,2026-06-30,SG
SG-NAT,Media/Broadcasting operations technician,35211,detailed,4250,basic,SGD,monthly,median_basic_monthly_wage,2025,SSOC_2024_DETAILED,national_only,https://stats.mom.gov.sg/iMAS_Tables1/Wages/Wages_2025/mrsd_2025Wages_table1.xlsx,2026-06-30,SG
SG-NAT,Media/Broadcasting operations technician,35211,detailed,4285,gross,SGD,monthly,median_gross_monthly_wage,2025,SSOC_2024_DETAILED,national_only,https://stats.mom.gov.sg/iMAS_Tables1/Wages/Wages_2025/mrsd_2025Wages_table1.xlsx,2026-06-30,SG
SG-NAT,Medical/Pathology laboratory technician,32120,detailed,4453,basic,SGD,monthly,median_basic_monthly_wage,2025,SSOC_2024_DETAILED,national_only,https://stats.mom.gov.sg/iMAS_Tables1/Wages/Wages_2025/mrsd_2025Wages_table1.xlsx,2026-06-30,SG
SG-NAT,Medical/Pathology laboratory technician,32120,detailed,4655,gross,SGD,monthly,median_gross_monthly_wage,2025,SSOC_2024_DETAILED,national_only,https://stats.mom.gov.sg/iMAS_Tables1/Wages/Wages_2025/mrsd_2025Wages_table1.xlsx,2026-06-30,SG
SG-NAT,Merchandising/Category executive,33225,detailed,3300,basic,SGD,monthly,median_basic_monthly_wage,2025,SSOC_2024_DETAILED,national_only,https://stats.mom.gov.sg/iMAS_Tables1/Wages/Wages_2025/mrsd_2025Wages_table1.xlsx,2026-06-30,SG
SG-NAT,Merchandising/Category executive,33225,detailed,3425,gross,SGD,monthly,median_gross_monthly_wage,2025,SSOC_2024_DETAILED,national_only,https://stats.mom.gov.sg/iMAS_Tables1/Wages/Wages_2025/mrsd_2025Wages_table1.xlsx,2026-06-30,SG
SG-NAT,Music instructor (extracurriculum),36204,detailed,2850,basic,SGD,monthly,median_basic_monthly_wage,2025,SSOC_2024_DETAILED,national_only,https://stats.mom.gov.sg/iMAS_Tables1/Wages/Wages_2025/mrsd_2025Wages_table1.xlsx,2026-06-30,SG
SG-NAT,Music instructor (extracurriculum),36204,detailed,3117,gross,SGD,monthly,median_gross_monthly_wage,2025,SSOC_2024_DETAILED,national_only,https://stats.mom.gov.sg/iMAS_Tables1/Wages/Wages_2025/mrsd_2025Wages_table1.xlsx,2026-06-30,SG
SG-NAT,Non-ordained religious associate professional,39910,detailed,3976,basic,SGD,monthly,median_basic_monthly_wage,2025,SSOC_2024_DETAILED,national_only,https://stats.mom.gov.sg/iMAS_Tables1/Wages/Wages_2025/mrsd_2025Wages_table1.xlsx,2026-06-30,SG
SG-NAT,Non-ordained religious associate professional,39910,detailed,4000,gross,SGD,monthly,median_gross_monthly_wage,2025,SSOC_2024_DETAILED,national_only,https://stats.mom.gov.sg/iMAS_Tables1/Wages/Wages_2025/mrsd_2025Wages_table1.xlsx,2026-06-30,SG
SG-NAT,Occupational health and safety inspector,32572,detailed,4848,basic,SGD,monthly,median_basic_monthly_wage,2025,SSOC_2024_DETAILED,national_only,https://stats.mom.gov.sg/iMAS_Tables1/Wages/Wages_2025/mrsd_2025Wages_table1.xlsx,2026-06-30,SG
SG-NAT,Occupational health and safety inspector,32572,detailed,5000,gross,SGD,monthly,median_gross_monthly_wage,2025,SSOC_2024_DETAILED,national_only,https://stats.mom.gov.sg/iMAS_Tables1/Wages/Wages_2025/mrsd_2025Wages_table1.xlsx,2026-06-30,SG
SG-NAT,Online sales channel executive,33224,detailed,3894,basic,SGD,monthly,median_basic_monthly_wage,2025,SSOC_2024_DETAILED,national_only,https://stats.mom.gov.sg/iMAS_Tables1/Wages/Wages_2025/mrsd_2025Wages_table1.xlsx,2026-06-30,SG
SG-NAT,Online sales channel executive,33224,detailed,4065,gross,SGD,monthly,median_gross_monthly_wage,2025,SSOC_2024_DETAILED,national_only,https://stats.mom.gov.sg/iMAS_Tables1/Wages/Wages_2025/mrsd_2025Wages_table1.xlsx,2026-06-30,SG
SG-NAT,Operations officer (administrative),33492,detailed,4000,basic,SGD,monthly,median_basic_monthly_wage,2025,SSOC_2024_DETAILED,national_only,https://stats.mom.gov.sg/iMAS_Tables1/Wages/Wages_2025/mrsd_2025Wages_table1.xlsx,2026-06-30,SG
SG-NAT,Operations officer (administrative),33492,detailed,4160,gross,SGD,monthly,median_gross_monthly_wage,2025,SSOC_2024_DETAILED,national_only,https://stats.mom.gov.sg/iMAS_Tables1/Wages/Wages_2025/mrsd_2025Wages_table1.xlsx,2026-06-30,SG
SG-NAT,Optician,32540,detailed,3657,basic,SGD,monthly,median_basic_monthly_wage,2025,SSOC_2024_DETAILED,national_only,https://stats.mom.gov.sg/iMAS_Tables1/Wages/Wages_2025/mrsd_2025Wages_table1.xlsx,2026-06-30,SG
SG-NAT,Optician,32540,detailed,4250,gross,SGD,monthly,median_gross_monthly_wage,2025,SSOC_2024_DETAILED,national_only,https://stats.mom.gov.sg/iMAS_Tables1/Wages/Wages_2025/mrsd_2025Wages_table1.xlsx,2026-06-30,SG
SG-NAT,Paramedic,32591,detailed,2440,basic,SGD,monthly,median_basic_monthly_wage,2025,SSOC_2024_DETAILED,national_only,https://stats.mom.gov.sg/iMAS_Tables1/Wages/Wages_2025/mrsd_2025Wages_table1.xlsx,2026-06-30,SG
SG-NAT,Paramedic,32591,detailed,3724,gross,SGD,monthly,median_gross_monthly_wage,2025,SSOC_2024_DETAILED,national_only,https://stats.mom.gov.sg/iMAS_Tables1/Wages/Wages_2025/mrsd_2025Wages_table1.xlsx,2026-06-30,SG
SG-NAT,Pastry chef,34343,detailed,3240,basic,SGD,monthly,median_basic_monthly_wage,2025,SSOC_2024_DETAILED,national_only,https://stats.mom.gov.sg/iMAS_Tables1/Wages/Wages_2025/mrsd_2025Wages_table1.xlsx,2026-06-30,SG
SG-NAT,Pastry chef,34343,detailed,3436,gross,SGD,monthly,median_gross_monthly_wage,2025,SSOC_2024_DETAILED,national_only,https://stats.mom.gov.sg/iMAS_Tables1/Wages/Wages_2025/mrsd_2025Wages_table1.xlsx,2026-06-30,SG
SG-NAT,Pharmacy technician,32130,detailed,3217,basic,SGD,monthly,median_basic_monthly_wage,2025,SSOC_2024_DETAILED,national_only,https://stats.mom.gov.sg/iMAS_Tables1/Wages/Wages_2025/mrsd_2025Wages_table1.xlsx,2026-06-30,SG
SG-NAT,Pharmacy technician,32130,detailed,3260,gross,SGD,monthly,median_gross_monthly_wage,2025,SSOC_2024_DETAILED,national_only,https://stats.mom.gov.sg/iMAS_Tables1/Wages/Wages_2025/mrsd_2025Wages_table1.xlsx,2026-06-30,SG
SG-NAT,Photographer,34310,detailed,7781,basic,SGD,monthly,median_basic_monthly_wage,2025,SSOC_2024_DETAILED,national_only,https://stats.mom.gov.sg/iMAS_Tables1/Wages/Wages_2025/mrsd_2025Wages_table1.xlsx,2026-06-30,SG
SG-NAT,Photographer,34310,detailed,7831,gross,SGD,monthly,median_gross_monthly_wage,2025,SSOC_2024_DETAILED,national_only,https://stats.mom.gov.sg/iMAS_Tables1/Wages/Wages_2025/mrsd_2025Wages_table1.xlsx,2026-06-30,SG
SG-NAT,Physical fitness instructor,34223,detailed,2339,basic,SGD,monthly,median_basic_monthly_wage,2025,SSOC_2024_DETAILED,national_only,https://stats.mom.gov.sg/iMAS_Tables1/Wages/Wages_2025/mrsd_2025Wages_table1.xlsx,2026-06-30,SG
SG-NAT,Physical fitness instructor,34223,detailed,2730,gross,SGD,monthly,median_gross_monthly_wage,2025,SSOC_2024_DETAILED,national_only,https://stats.mom.gov.sg/iMAS_Tables1/Wages/Wages_2025/mrsd_2025Wages_table1.xlsx,2026-06-30,SG
SG-NAT,Port/Shipping operations supervisor,31574,detailed,5121,basic,SGD,monthly,median_basic_monthly_wage,2025,SSOC_2024_DETAILED,national_only,https://stats.mom.gov.sg/iMAS_Tables1/Wages/Wages_2025/mrsd_2025Wages_table1.xlsx,2026-06-30,SG
SG-NAT,Port/Shipping operations supervisor,31574,detailed,5477,gross,SGD,monthly,median_gross_monthly_wage,2025,SSOC_2024_DETAILED,national_only,https://stats.mom.gov.sg/iMAS_Tables1/Wages/Wages_2025/mrsd_2025Wages_table1.xlsx,2026-06-30,SG
SG-NAT,Premises/Facilities maintenance officer,31601,detailed,3817,basic,SGD,monthly,median_basic_monthly_wage,2025,SSOC_2024_DETAILED,national_only,https://stats.mom.gov.sg/iMAS_Tables1/Wages/Wages_2025/mrsd_2025Wages_table1.xlsx,2026-06-30,SG
SG-NAT,Premises/Facilities maintenance officer,31601,detailed,3933,gross,SGD,monthly,median_gross_monthly_wage,2025,SSOC_2024_DETAILED,national_only,https://stats.mom.gov.sg/iMAS_Tables1/Wages/Wages_2025/mrsd_2025Wages_table1.xlsx,2026-06-30,SG
SG-NAT,Preschool education teacher,36100,detailed,3957,basic,SGD,monthly,median_basic_monthly_wage,2025,SSOC_2024_DETAILED,national_only,https://stats.mom.gov.sg/iMAS_Tables1/Wages/Wages_2025/mrsd_2025Wages_table1.xlsx,2026-06-30,SG
SG-NAT,Preschool education teacher,36100,detailed,4062,gross,SGD,monthly,median_gross_monthly_wage,2025,SSOC_2024_DETAILED,national_only,https://stats.mom.gov.sg/iMAS_Tables1/Wages/Wages_2025/mrsd_2025Wages_table1.xlsx,2026-06-30,SG
SG-NAT,Private tutor (academic),36910,detailed,4117,basic,SGD,monthly,median_basic_monthly_wage,2025,SSOC_2024_DETAILED,national_only,https://stats.mom.gov.sg/iMAS_Tables1/Wages/Wages_2025/mrsd_2025Wages_table1.xlsx,2026-06-30,SG
SG-NAT,Private tutor (academic),36910,detailed,4164,gross,SGD,monthly,median_gross_monthly_wage,2025,SSOC_2024_DETAILED,national_only,https://stats.mom.gov.sg/iMAS_Tables1/Wages/Wages_2025/mrsd_2025Wages_table1.xlsx,2026-06-30,SG
SG-NAT,Process engineering technician,31173,detailed,3078,basic,SGD,monthly,median_basic_monthly_wage,2025,SSOC_2024_DETAILED,national_only,https://stats.mom.gov.sg/iMAS_Tables1/Wages/Wages_2025/mrsd_2025Wages_table1.xlsx,2026-06-30,SG
SG-NAT,Process engineering technician,31173,detailed,3145,gross,SGD,monthly,median_gross_monthly_wage,2025,SSOC_2024_DETAILED,national_only,https://stats.mom.gov.sg/iMAS_Tables1/Wages/Wages_2025/mrsd_2025Wages_table1.xlsx,2026-06-30,SG
SG-NAT,Production engineering technician,31172,detailed,3200,basic,SGD,monthly,median_basic_monthly_wage,2025,SSOC_2024_DETAILED,national_only,https://stats.mom.gov.sg/iMAS_Tables1/Wages/Wages_2025/mrsd_2025Wages_table1.xlsx,2026-06-30,SG
SG-NAT,Production engineering technician,31172,detailed,3690,gross,SGD,monthly,median_gross_monthly_wage,2025,SSOC_2024_DETAILED,national_only,https://stats.mom.gov.sg/iMAS_Tables1/Wages/Wages_2025/mrsd_2025Wages_table1.xlsx,2026-06-30,SG
SG-NAT,Purchasing agent,33232,detailed,4000,basic,SGD,monthly,median_basic_monthly_wage,2025,SSOC_2024_DETAILED,national_only,https://stats.mom.gov.sg/iMAS_Tables1/Wages/Wages_2025/mrsd_2025Wages_table1.xlsx,2026-06-30,SG
SG-NAT,Purchasing agent,33232,detailed,4077,gross,SGD,monthly,median_gross_monthly_wage,2025,SSOC_2024_DETAILED,national_only,https://stats.mom.gov.sg/iMAS_Tables1/Wages/Wages_2025/mrsd_2025Wages_table1.xlsx,2026-06-30,SG
SG-NAT,Quality assurance technician,31175,detailed,3981,basic,SGD,monthly,median_basic_monthly_wage,2025,SSOC_2024_DETAILED,national_only,https://stats.mom.gov.sg/iMAS_Tables1/Wages/Wages_2025/mrsd_2025Wages_table1.xlsx,2026-06-30,SG
SG-NAT,Quality assurance technician,31175,detailed,4362,gross,SGD,monthly,median_gross_monthly_wage,2025,SSOC_2024_DETAILED,national_only,https://stats.mom.gov.sg/iMAS_Tables1/Wages/Wages_2025/mrsd_2025Wages_table1.xlsx,2026-06-30,SG
SG-NAT,Relief teacher,36991,detailed,3425,basic,SGD,monthly,median_basic_monthly_wage,2025,SSOC_2024_DETAILED,national_only,https://stats.mom.gov.sg/iMAS_Tables1/Wages/Wages_2025/mrsd_2025Wages_table1.xlsx,2026-06-30,SG
SG-NAT,Relief teacher,36991,detailed,3550,gross,SGD,monthly,median_gross_monthly_wage,2025,SSOC_2024_DETAILED,national_only,https://stats.mom.gov.sg/iMAS_Tables1/Wages/Wages_2025/mrsd_2025Wages_table1.xlsx,2026-06-30,SG
SG-NAT,Resident technical officer,31124,detailed,3011,basic,SGD,monthly,median_basic_monthly_wage,2025,SSOC_2024_DETAILED,national_only,https://stats.mom.gov.sg/iMAS_Tables1/Wages/Wages_2025/mrsd_2025Wages_table1.xlsx,2026-06-30,SG
SG-NAT,Resident technical officer,31124,detailed,3284,gross,SGD,monthly,median_gross_monthly_wage,2025,SSOC_2024_DETAILED,national_only,https://stats.mom.gov.sg/iMAS_Tables1/Wages/Wages_2025/mrsd_2025Wages_table1.xlsx,2026-06-30,SG
SG-NAT,Road transport operations officer,31597,detailed,2985,basic,SGD,monthly,median_basic_monthly_wage,2025,SSOC_2024_DETAILED,national_only,https://stats.mom.gov.sg/iMAS_Tables1/Wages/Wages_2025/mrsd_2025Wages_table1.xlsx,2026-06-30,SG
SG-NAT,Road transport operations officer,31597,detailed,3800,gross,SGD,monthly,median_gross_monthly_wage,2025,SSOC_2024_DETAILED,national_only,https://stats.mom.gov.sg/iMAS_Tables1/Wages/Wages_2025/mrsd_2025Wages_table1.xlsx,2026-06-30,SG
SG-NAT,Road transport supervisor,31573,detailed,3140,basic,SGD,monthly,median_basic_monthly_wage,2025,SSOC_2024_DETAILED,national_only,https://stats.mom.gov.sg/iMAS_Tables1/Wages/Wages_2025/mrsd_2025Wages_table1.xlsx,2026-06-30,SG
SG-NAT,Road transport supervisor,31573,detailed,3812,gross,SGD,monthly,median_gross_monthly_wage,2025,SSOC_2024_DETAILED,national_only,https://stats.mom.gov.sg/iMAS_Tables1/Wages/Wages_2025/mrsd_2025Wages_table1.xlsx,2026-06-30,SG
SG-NAT,Rolling stock engineering technician,31214,detailed,3197,basic,SGD,monthly,median_basic_monthly_wage,2025,SSOC_2024_DETAILED,national_only,https://stats.mom.gov.sg/iMAS_Tables1/Wages/Wages_2025/mrsd_2025Wages_table1.xlsx,2026-06-30,SG
SG-NAT,Rolling stock engineering technician,31214,detailed,3620,gross,SGD,monthly,median_gross_monthly_wage,2025,SSOC_2024_DETAILED,national_only,https://stats.mom.gov.sg/iMAS_Tables1/Wages/Wages_2025/mrsd_2025Wages_table1.xlsx,2026-06-30,SG
SG-NAT,Safety inspector (vehicles/processes/products),31720,detailed,3489,basic,SGD,monthly,median_basic_monthly_wage,2025,SSOC_2024_DETAILED,national_only,https://stats.mom.gov.sg/iMAS_Tables1/Wages/Wages_2025/mrsd_2025Wages_table1.xlsx,2026-06-30,SG
SG-NAT,Safety inspector (vehicles/processes/products),31720,detailed,3844,gross,SGD,monthly,median_gross_monthly_wage,2025,SSOC_2024_DETAILED,national_only,https://stats.mom.gov.sg/iMAS_Tables1/Wages/Wages_2025/mrsd_2025Wages_table1.xlsx,2026-06-30,SG
SG-NAT,Safety/Security consultant,33394,detailed,6200,basic,SGD,monthly,median_basic_monthly_wage,2025,SSOC_2024_DETAILED,national_only,https://stats.mom.gov.sg/iMAS_Tables1/Wages/Wages_2025/mrsd_2025Wages_table1.xlsx,2026-06-30,SG
SG-NAT,Safety/Security consultant,33394,detailed,6200,gross,SGD,monthly,median_gross_monthly_wage,2025,SSOC_2024_DETAILED,national_only,https://stats.mom.gov.sg/iMAS_Tables1/Wages/Wages_2025/mrsd_2025Wages_table1.xlsx,2026-06-30,SG
SG-NAT,Semi-conductor technician,31142,detailed,3637,basic,SGD,monthly,median_basic_monthly_wage,2025,SSOC_2024_DETAILED,national_only,https://stats.mom.gov.sg/iMAS_Tables1/Wages/Wages_2025/mrsd_2025Wages_table1.xlsx,2026-06-30,SG
SG-NAT,Semi-conductor technician,31142,detailed,5232,gross,SGD,monthly,median_gross_monthly_wage,2025,SSOC_2024_DETAILED,national_only,https://stats.mom.gov.sg/iMAS_Tables1/Wages/Wages_2025/mrsd_2025Wages_table1.xlsx,2026-06-30,SG
SG-NAT,Shipping agent/Boarding officer,33312,detailed,3729,basic,SGD,monthly,median_basic_monthly_wage,2025,SSOC_2024_DETAILED,national_only,https://stats.mom.gov.sg/iMAS_Tables1/Wages/Wages_2025/mrsd_2025Wages_table1.xlsx,2026-06-30,SG
SG-NAT,Shipping agent/Boarding officer,33312,detailed,3975,gross,SGD,monthly,median_gross_monthly_wage,2025,SSOC_2024_DETAILED,national_only,https://stats.mom.gov.sg/iMAS_Tables1/Wages/Wages_2025/mrsd_2025Wages_table1.xlsx,2026-06-30,SG
SG-NAT,Social work associate,34122,detailed,4010,basic,SGD,monthly,median_basic_monthly_wage,2025,SSOC_2024_DETAILED,national_only,https://stats.mom.gov.sg/iMAS_Tables1/Wages/Wages_2025/mrsd_2025Wages_table1.xlsx,2026-06-30,SG
SG-NAT,Social work associate,34122,detailed,4037,gross,SGD,monthly,median_gross_monthly_wage,2025,SSOC_2024_DETAILED,national_only,https://stats.mom.gov.sg/iMAS_Tables1/Wages/Wages_2025/mrsd_2025Wages_table1.xlsx,2026-06-30,SG
SG-NAT,Sonographer,32111,detailed,5692,basic,SGD,monthly,median_basic_monthly_wage,2025,SSOC_2024_DETAILED,national_only,https://stats.mom.gov.sg/iMAS_Tables1/Wages/Wages_2025/mrsd_2025Wages_table1.xlsx,2026-06-30,SG
SG-NAT,Sonographer,32111,detailed,5709,gross,SGD,monthly,median_gross_monthly_wage,2025,SSOC_2024_DETAILED,national_only,https://stats.mom.gov.sg/iMAS_Tables1/Wages/Wages_2025/mrsd_2025Wages_table1.xlsx,2026-06-30,SG
SG-NAT,Sports coach,34221,detailed,3495,basic,SGD,monthly,median_basic_monthly_wage,2025,SSOC_2024_DETAILED,national_only,https://stats.mom.gov.sg/iMAS_Tables1/Wages/Wages_2025/mrsd_2025Wages_table1.xlsx,2026-06-30,SG
SG-NAT,Sports coach,34221,detailed,3600,gross,SGD,monthly,median_gross_monthly_wage,2025,SSOC_2024_DETAILED,national_only,https://stats.mom.gov.sg/iMAS_Tables1/Wages/Wages_2025/mrsd_2025Wages_table1.xlsx,2026-06-30,SG
SG-NAT,Tax associate professional,33133,detailed,4043,basic,SGD,monthly,median_basic_monthly_wage,2025,SSOC_2024_DETAILED,national_only,https://stats.mom.gov.sg/iMAS_Tables1/Wages/Wages_2025/mrsd_2025Wages_table1.xlsx,2026-06-30,SG
SG-NAT,Tax associate professional,33133,detailed,4131,gross,SGD,monthly,median_gross_monthly_wage,2025,SSOC_2024_DETAILED,national_only,https://stats.mom.gov.sg/iMAS_Tables1/Wages/Wages_2025/mrsd_2025Wages_table1.xlsx,2026-06-30,SG
SG-NAT,Telecommunications engineering technician,35220,detailed,3397,basic,SGD,monthly,median_basic_monthly_wage,2025,SSOC_2024_DETAILED,national_only,https://stats.mom.gov.sg/iMAS_Tables1/Wages/Wages_2025/mrsd_2025Wages_table1.xlsx,2026-06-30,SG
SG-NAT,Telecommunications engineering technician,35220,detailed,3526,gross,SGD,monthly,median_gross_monthly_wage,2025,SSOC_2024_DETAILED,national_only,https://stats.mom.gov.sg/iMAS_Tables1/Wages/Wages_2025/mrsd_2025Wages_table1.xlsx,2026-06-30,SG
SG-NAT,Train operations officer,31596,detailed,3150,basic,SGD,monthly,median_basic_monthly_wage,2025,SSOC_2024_DETAILED,national_only,https://stats.mom.gov.sg/iMAS_Tables1/Wages/Wages_2025/mrsd_2025Wages_table1.xlsx,2026-06-30,SG
SG-NAT,Train operations officer,31596,detailed,3711,gross,SGD,monthly,median_gross_monthly_wage,2025,SSOC_2024_DETAILED,national_only,https://stats.mom.gov.sg/iMAS_Tables1/Wages/Wages_2025/mrsd_2025Wages_table1.xlsx,2026-06-30,SG
SG-NAT,Train service supervisor,31572,detailed,2622,basic,SGD,monthly,median_basic_monthly_wage,2025,SSOC_2024_DETAILED,national_only,https://stats.mom.gov.sg/iMAS_Tables1/Wages/Wages_2025/mrsd_2025Wages_table1.xlsx,2026-06-30,SG
SG-NAT,Train service supervisor,31572,detailed,3030,gross,SGD,monthly,median_gross_monthly_wage,2025,SSOC_2024_DETAILED,national_only,https://stats.mom.gov.sg/iMAS_Tables1/Wages/Wages_2025/mrsd_2025Wages_table1.xlsx,2026-06-30,SG
SG-NAT,Veterinary technician/assistant,32400,detailed,4098,basic,SGD,monthly,median_basic_monthly_wage,2025,SSOC_2024_DETAILED,national_only,https://stats.mom.gov.sg/iMAS_Tables1/Wages/Wages_2025/mrsd_2025Wages_table1.xlsx,2026-06-30,SG
SG-NAT,Veterinary technician/assistant,32400,detailed,4210,gross,SGD,monthly,median_gross_monthly_wage,2025,SSOC_2024_DETAILED,national_only,https://stats.mom.gov.sg/iMAS_Tables1/Wages/Wages_2025/mrsd_2025Wages_table1.xlsx,2026-06-30,SG
SG-NAT,Video camera operator,35212,detailed,5588,basic,SGD,monthly,median_basic_monthly_wage,2025,SSOC_2024_DETAILED,national_only,https://stats.mom.gov.sg/iMAS_Tables1/Wages/Wages_2025/mrsd_2025Wages_table1.xlsx,2026-06-30,SG
SG-NAT,Video camera operator,35212,detailed,5588,gross,SGD,monthly,median_gross_monthly_wage,2025,SSOC_2024_DETAILED,national_only,https://stats.mom.gov.sg/iMAS_Tables1/Wages/Wages_2025/mrsd_2025Wages_table1.xlsx,2026-06-30,SG
SG-NAT,Visual merchandiser,34323,detailed,3787,basic,SGD,monthly,median_basic_monthly_wage,2025,SSOC_2024_DETAILED,national_only,https://stats.mom.gov.sg/iMAS_Tables1/Wages/Wages_2025/mrsd_2025Wages_table1.xlsx,2026-06-30,SG
SG-NAT,Visual merchandiser,34323,detailed,3810,gross,SGD,monthly,median_gross_monthly_wage,2025,SSOC_2024_DETAILED,national_only,https://stats.mom.gov.sg/iMAS_Tables1/Wages/Wages_2025/mrsd_2025Wages_table1.xlsx,2026-06-30,SG
SG-NAT,Volunteer executive,34123,detailed,3975,basic,SGD,monthly,median_basic_monthly_wage,2025,SSOC_2024_DETAILED,national_only,https://stats.mom.gov.sg/iMAS_Tables1/Wages/Wages_2025/mrsd_2025Wages_table1.xlsx,2026-06-30,SG
SG-NAT,Volunteer executive,34123,detailed,3985,gross,SGD,monthly,median_gross_monthly_wage,2025,SSOC_2024_DETAILED,national_only,https://stats.mom.gov.sg/iMAS_Tables1/Wages/Wages_2025/mrsd_2025Wages_table1.xlsx,2026-06-30,SG
SG-NAT,Website administrator/Webmaster,35140,detailed,3150,basic,SGD,monthly,median_basic_monthly_wage,2025,SSOC_2024_DETAILED,national_only,https://stats.mom.gov.sg/iMAS_Tables1/Wages/Wages_2025/mrsd_2025Wages_table1.xlsx,2026-06-30,SG
SG-NAT,Website administrator/Webmaster,35140,detailed,3169,gross,SGD,monthly,median_gross_monthly_wage,2025,SSOC_2024_DETAILED,national_only,https://stats.mom.gov.sg/iMAS_Tables1/Wages/Wages_2025/mrsd_2025Wages_table1.xlsx,2026-06-30,SG
SG-NAT,Youth work associate,34121,detailed,3985,basic,SGD,monthly,median_basic_monthly_wage,2025,SSOC_2024_DETAILED,national_only,https://stats.mom.gov.sg/iMAS_Tables1/Wages/Wages_2025/mrsd_2025Wages_table1.xlsx,2026-06-30,SG
SG-NAT,Youth work associate,34121,detailed,4010,gross,SGD,monthly,median_gross_monthly_wage,2025,SSOC_2024_DETAILED,national_only,https://stats.mom.gov.sg/iMAS_Tables1/Wages/Wages_2025/mrsd_2025Wages_table1.xlsx,2026-06-30,SG
SG-NAT,Air transport clerk,43233,detailed,3284,basic,SGD,monthly,median_basic_monthly_wage,2025,SSOC_2024_DETAILED,national_only,https://stats.mom.gov.sg/iMAS_Tables1/Wages/Wages_2025/mrsd_2025Wages_table1.xlsx,2026-06-30,SG
SG-NAT,Air transport clerk,43233,detailed,3318,gross,SGD,monthly,median_gross_monthly_wage,2025,SSOC_2024_DETAILED,national_only,https://stats.mom.gov.sg/iMAS_Tables1/Wages/Wages_2025/mrsd_2025Wages_table1.xlsx,2026-06-30,SG
SG-NAT,Audit clerk,43113,detailed,3850,basic,SGD,monthly,median_basic_monthly_wage,2025,SSOC_2024_DETAILED,national_only,https://stats.mom.gov.sg/iMAS_Tables1/Wages/Wages_2025/mrsd_2025Wages_table1.xlsx,2026-06-30,SG
SG-NAT,Audit clerk,43113,detailed,4525,gross,SGD,monthly,median_gross_monthly_wage,2025,SSOC_2024_DETAILED,national_only,https://stats.mom.gov.sg/iMAS_Tables1/Wages/Wages_2025/mrsd_2025Wages_table1.xlsx,2026-06-30,SG
SG-NAT,Bank operations clerk,43121,detailed,5219,basic,SGD,monthly,median_basic_monthly_wage,2025,SSOC_2024_DETAILED,national_only,https://stats.mom.gov.sg/iMAS_Tables1/Wages/Wages_2025/mrsd_2025Wages_table1.xlsx,2026-06-30,SG
SG-NAT,Bank operations clerk,43121,detailed,5294,gross,SGD,monthly,median_gross_monthly_wage,2025,SSOC_2024_DETAILED,national_only,https://stats.mom.gov.sg/iMAS_Tables1/Wages/Wages_2025/mrsd_2025Wages_table1.xlsx,2026-06-30,SG
SG-NAT,Bank teller,42111,detailed,4530,basic,SGD,monthly,median_basic_monthly_wage,2025,SSOC_2024_DETAILED,national_only,https://stats.mom.gov.sg/iMAS_Tables1/Wages/Wages_2025/mrsd_2025Wages_table1.xlsx,2026-06-30,SG
SG-NAT,Bank teller,42111,detailed,4571,gross,SGD,monthly,median_gross_monthly_wage,2025,SSOC_2024_DETAILED,national_only,https://stats.mom.gov.sg/iMAS_Tables1/Wages/Wages_2025/mrsd_2025Wages_table1.xlsx,2026-06-30,SG
SG-NAT,Bill collector,42141,detailed,3182,basic,SGD,monthly,median_basic_monthly_wage,2025,SSOC_2024_DETAILED,national_only,https://stats.mom.gov.sg/iMAS_Tables1/Wages/Wages_2025/mrsd_2025Wages_table1.xlsx,2026-06-30,SG
SG-NAT,Bill collector,42141,detailed,3209,gross,SGD,monthly,median_gross_monthly_wage,2025,SSOC_2024_DETAILED,national_only,https://stats.mom.gov.sg/iMAS_Tables1/Wages/Wages_2025/mrsd_2025Wages_table1.xlsx,2026-06-30,SG
SG-NAT,Billing clerk,43115,detailed,3247,basic,SGD,monthly,median_basic_monthly_wage,2025,SSOC_2024_DETAILED,national_only,https://stats.mom.gov.sg/iMAS_Tables1/Wages/Wages_2025/mrsd_2025Wages_table1.xlsx,2026-06-30,SG
SG-NAT,Billing clerk,43115,detailed,3296,gross,SGD,monthly,median_gross_monthly_wage,2025,SSOC_2024_DETAILED,national_only,https://stats.mom.gov.sg/iMAS_Tables1/Wages/Wages_2025/mrsd_2025Wages_table1.xlsx,2026-06-30,SG
SG-NAT,Bookkeeper,43111,detailed,2850,basic,SGD,monthly,median_basic_monthly_wage,2025,SSOC_2024_DETAILED,national_only,https://stats.mom.gov.sg/iMAS_Tables1/Wages/Wages_2025/mrsd_2025Wages_table1.xlsx,2026-06-30,SG
SG-NAT,Bookkeeper,43111,detailed,2910,gross,SGD,monthly,median_gross_monthly_wage,2025,SSOC_2024_DETAILED,national_only,https://stats.mom.gov.sg/iMAS_Tables1/Wages/Wages_2025/mrsd_2025Wages_table1.xlsx,2026-06-30,SG
SG-NAT,Contact centre information clerk,42246,detailed,3272,basic,SGD,monthly,median_basic_monthly_wage,2025,SSOC_2024_DETAILED,national_only,https://stats.mom.gov.sg/iMAS_Tables1/Wages/Wages_2025/mrsd_2025Wages_table1.xlsx,2026-06-30,SG
SG-NAT,Contact centre information clerk,42246,detailed,3304,gross,SGD,monthly,median_gross_monthly_wage,2025,SSOC_2024_DETAILED,national_only,https://stats.mom.gov.sg/iMAS_Tables1/Wages/Wages_2025/mrsd_2025Wages_table1.xlsx,2026-06-30,SG
SG-NAT,Customer service officer/clerk,42245,detailed,3193,basic,SGD,monthly,median_basic_monthly_wage,2025,SSOC_2024_DETAILED,national_only,https://stats.mom.gov.sg/iMAS_Tables1/Wages/Wages_2025/mrsd_2025Wages_table1.xlsx,2026-06-30,SG
SG-NAT,Customer service officer/clerk,42245,detailed,3300,gross,SGD,monthly,median_gross_monthly_wage,2025,SSOC_2024_DETAILED,national_only,https://stats.mom.gov.sg/iMAS_Tables1/Wages/Wages_2025/mrsd_2025Wages_table1.xlsx,2026-06-30,SG
SG-NAT,Data entry clerk,41320,detailed,2051,basic,SGD,monthly,median_basic_monthly_wage,2025,SSOC_2024_DETAILED,national_only,https://stats.mom.gov.sg/iMAS_Tables1/Wages/Wages_2025/mrsd_2025Wages_table1.xlsx,2026-06-30,SG
SG-NAT,Data entry clerk,41320,detailed,2100,gross,SGD,monthly,median_gross_monthly_wage,2025,SSOC_2024_DETAILED,national_only,https://stats.mom.gov.sg/iMAS_Tables1/Wages/Wages_2025/mrsd_2025Wages_table1.xlsx,2026-06-30,SG
SG-NAT,Data processing control clerk,43151,detailed,2711,basic,SGD,monthly,median_basic_monthly_wage,2025,SSOC_2024_DETAILED,national_only,https://stats.mom.gov.sg/iMAS_Tables1/Wages/Wages_2025/mrsd_2025Wages_table1.xlsx,2026-06-30,SG
SG-NAT,Data processing control clerk,43151,detailed,2857,gross,SGD,monthly,median_gross_monthly_wage,2025,SSOC_2024_DETAILED,national_only,https://stats.mom.gov.sg/iMAS_Tables1/Wages/Wages_2025/mrsd_2025Wages_table1.xlsx,2026-06-30,SG
SG-NAT,Enumerator/Market research interviewer,43142,detailed,2972,basic,SGD,monthly,median_basic_monthly_wage,2025,SSOC_2024_DETAILED,national_only,https://stats.mom.gov.sg/iMAS_Tables1/Wages/Wages_2025/mrsd_2025Wages_table1.xlsx,2026-06-30,SG
SG-NAT,Enumerator/Market research interviewer,43142,detailed,3000,gross,SGD,monthly,median_gross_monthly_wage,2025,SSOC_2024_DETAILED,national_only,https://stats.mom.gov.sg/iMAS_Tables1/Wages/Wages_2025/mrsd_2025Wages_table1.xlsx,2026-06-30,SG
SG-NAT,Hotel executive,42247,detailed,2780,basic,SGD,monthly,median_basic_monthly_wage,2025,SSOC_2024_DETAILED,national_only,https://stats.mom.gov.sg/iMAS_Tables1/Wages/Wages_2025/mrsd_2025Wages_table1.xlsx,2026-06-30,SG
SG-NAT,Hotel executive,42247,detailed,2968,gross,SGD,monthly,median_gross_monthly_wage,2025,SSOC_2024_DETAILED,national_only,https://stats.mom.gov.sg/iMAS_Tables1/Wages/Wages_2025/mrsd_2025Wages_table1.xlsx,2026-06-30,SG
SG-NAT,Hotel receptionist,42242,detailed,2800,basic,SGD,monthly,median_basic_monthly_wage,2025,SSOC_2024_DETAILED,national_only,https://stats.mom.gov.sg/iMAS_Tables1/Wages/Wages_2025/mrsd_2025Wages_table1.xlsx,2026-06-30,SG
SG-NAT,Hotel receptionist,42242,detailed,3100,gross,SGD,monthly,median_gross_monthly_wage,2025,SSOC_2024_DETAILED,national_only,https://stats.mom.gov.sg/iMAS_Tables1/Wages/Wages_2025/mrsd_2025Wages_table1.xlsx,2026-06-30,SG
SG-NAT,Insurance/Underwriting clerk,43122,detailed,4419,basic,SGD,monthly,median_basic_monthly_wage,2025,SSOC_2024_DETAILED,national_only,https://stats.mom.gov.sg/iMAS_Tables1/Wages/Wages_2025/mrsd_2025Wages_table1.xlsx,2026-06-30,SG
SG-NAT,Insurance/Underwriting clerk,43122,detailed,4534,gross,SGD,monthly,median_gross_monthly_wage,2025,SSOC_2024_DETAILED,national_only,https://stats.mom.gov.sg/iMAS_Tables1/Wages/Wages_2025/mrsd_2025Wages_table1.xlsx,2026-06-30,SG
SG-NAT,Land transport clerk,43232,detailed,2701,basic,SGD,monthly,median_basic_monthly_wage,2025,SSOC_2024_DETAILED,national_only,https://stats.mom.gov.sg/iMAS_Tables1/Wages/Wages_2025/mrsd_2025Wages_table1.xlsx,2026-06-30,SG
SG-NAT,Land transport clerk,43232,detailed,3000,gross,SGD,monthly,median_gross_monthly_wage,2025,SSOC_2024_DETAILED,national_only,https://stats.mom.gov.sg/iMAS_Tables1/Wages/Wages_2025/mrsd_2025Wages_table1.xlsx,2026-06-30,SG
SG-NAT,Ledger/Accounts clerk,43112,detailed,3400,basic,SGD,monthly,median_basic_monthly_wage,2025,SSOC_2024_DETAILED,national_only,https://stats.mom.gov.sg/iMAS_Tables1/Wages/Wages_2025/mrsd_2025Wages_table1.xlsx,2026-06-30,SG
SG-NAT,Ledger/Accounts clerk,43112,detailed,3470,gross,SGD,monthly,median_gross_monthly_wage,2025,SSOC_2024_DETAILED,national_only,https://stats.mom.gov.sg/iMAS_Tables1/Wages/Wages_2025/mrsd_2025Wages_table1.xlsx,2026-06-30,SG
SG-NAT,Legal clerk,44170,detailed,4245,basic,SGD,monthly,median_basic_monthly_wage,2025,SSOC_2024_DETAILED,national_only,https://stats.mom.gov.sg/iMAS_Tables1/Wages/Wages_2025/mrsd_2025Wages_table1.xlsx,2026-06-30,SG
SG-NAT,Legal clerk,44170,detailed,4500,gross,SGD,monthly,median_gross_monthly_wage,2025,SSOC_2024_DETAILED,national_only,https://stats.mom.gov.sg/iMAS_Tables1/Wages/Wages_2025/mrsd_2025Wages_table1.xlsx,2026-06-30,SG
SG-NAT,Library clerk,44110,detailed,2580,basic,SGD,monthly,median_basic_monthly_wage,2025,SSOC_2024_DETAILED,national_only,https://stats.mom.gov.sg/iMAS_Tables1/Wages/Wages_2025/mrsd_2025Wages_table1.xlsx,2026-06-30,SG
SG-NAT,Library clerk,44110,detailed,2580,gross,SGD,monthly,median_gross_monthly_wage,2025,SSOC_2024_DETAILED,national_only,https://stats.mom.gov.sg/iMAS_Tables1/Wages/Wages_2025/mrsd_2025Wages_table1.xlsx,2026-06-30,SG
SG-NAT,Material planning clerk,43221,detailed,4460,basic,SGD,monthly,median_basic_monthly_wage,2025,SSOC_2024_DETAILED,national_only,https://stats.mom.gov.sg/iMAS_Tables1/Wages/Wages_2025/mrsd_2025Wages_table1.xlsx,2026-06-30,SG
SG-NAT,Material planning clerk,43221,detailed,4532,gross,SGD,monthly,median_gross_monthly_wage,2025,SSOC_2024_DETAILED,national_only,https://stats.mom.gov.sg/iMAS_Tables1/Wages/Wages_2025/mrsd_2025Wages_table1.xlsx,2026-06-30,SG
SG-NAT,Medical/Dental receptionist,42243,detailed,2896,basic,SGD,monthly,median_basic_monthly_wage,2025,SSOC_2024_DETAILED,national_only,https://stats.mom.gov.sg/iMAS_Tables1/Wages/Wages_2025/mrsd_2025Wages_table1.xlsx,2026-06-30,SG
SG-NAT,Medical/Dental receptionist,42243,detailed,2931,gross,SGD,monthly,median_gross_monthly_wage,2025,SSOC_2024_DETAILED,national_only,https://stats.mom.gov.sg/iMAS_Tables1/Wages/Wages_2025/mrsd_2025Wages_table1.xlsx,2026-06-30,SG
SG-NAT,Money changer,42113,detailed,3511,basic,SGD,monthly,median_basic_monthly_wage,2025,SSOC_2024_DETAILED,national_only,https://stats.mom.gov.sg/iMAS_Tables1/Wages/Wages_2025/mrsd_2025Wages_table1.xlsx,2026-06-30,SG
SG-NAT,Money changer,42113,detailed,3511,gross,SGD,monthly,median_gross_monthly_wage,2025,SSOC_2024_DETAILED,national_only,https://stats.mom.gov.sg/iMAS_Tables1/Wages/Wages_2025/mrsd_2025Wages_table1.xlsx,2026-06-30,SG
SG-NAT,Office clerk,41101,detailed,2215,basic,SGD,monthly,median_basic_monthly_wage,2025,SSOC_2024_DETAILED,national_only,https://stats.mom.gov.sg/iMAS_Tables1/Wages/Wages_2025/mrsd_2025Wages_table1.xlsx,2026-06-30,SG
SG-NAT,Office clerk,41101,detailed,2286,gross,SGD,monthly,median_gross_monthly_wage,2025,SSOC_2024_DETAILED,national_only,https://stats.mom.gov.sg/iMAS_Tables1/Wages/Wages_2025/mrsd_2025Wages_table1.xlsx,2026-06-30,SG
SG-NAT,Office supervisor,40000,detailed,3545,basic,SGD,monthly,median_basic_monthly_wage,2025,SSOC_2024_DETAILED,national_only,https://stats.mom.gov.sg/iMAS_Tables1/Wages/Wages_2025/mrsd_2025Wages_table1.xlsx,2026-06-30,SG
SG-NAT,Office supervisor,40000,detailed,3706,gross,SGD,monthly,median_gross_monthly_wage,2025,SSOC_2024_DETAILED,national_only,https://stats.mom.gov.sg/iMAS_Tables1/Wages/Wages_2025/mrsd_2025Wages_table1.xlsx,2026-06-30,SG
SG-NAT,Passenger services agent,42244,detailed,3226,basic,SGD,monthly,median_basic_monthly_wage,2025,SSOC_2024_DETAILED,national_only,https://stats.mom.gov.sg/iMAS_Tables1/Wages/Wages_2025/mrsd_2025Wages_table1.xlsx,2026-06-30,SG
SG-NAT,Passenger services agent,42244,detailed,3233,gross,SGD,monthly,median_gross_monthly_wage,2025,SSOC_2024_DETAILED,national_only,https://stats.mom.gov.sg/iMAS_Tables1/Wages/Wages_2025/mrsd_2025Wages_table1.xlsx,2026-06-30,SG
SG-NAT,Payroll/Wages clerk,43114,detailed,4027,basic,SGD,monthly,median_basic_monthly_wage,2025,SSOC_2024_DETAILED,national_only,https://stats.mom.gov.sg/iMAS_Tables1/Wages/Wages_2025/mrsd_2025Wages_table1.xlsx,2026-06-30,SG
SG-NAT,Payroll/Wages clerk,43114,detailed,4100,gross,SGD,monthly,median_gross_monthly_wage,2025,SSOC_2024_DETAILED,national_only,https://stats.mom.gov.sg/iMAS_Tables1/Wages/Wages_2025/mrsd_2025Wages_table1.xlsx,2026-06-30,SG
SG-NAT,Personnel/Human resource clerk,41102,detailed,2787,basic,SGD,monthly,median_basic_monthly_wage,2025,SSOC_2024_DETAILED,national_only,https://stats.mom.gov.sg/iMAS_Tables1/Wages/Wages_2025/mrsd_2025Wages_table1.xlsx,2026-06-30,SG
SG-NAT,Personnel/Human resource clerk,41102,detailed,2810,gross,SGD,monthly,median_gross_monthly_wage,2025,SSOC_2024_DETAILED,national_only,https://stats.mom.gov.sg/iMAS_Tables1/Wages/Wages_2025/mrsd_2025Wages_table1.xlsx,2026-06-30,SG
SG-NAT,Procurement/Purchasing clerk,43116,detailed,2704,basic,SGD,monthly,median_basic_monthly_wage,2025,SSOC_2024_DETAILED,national_only,https://stats.mom.gov.sg/iMAS_Tables1/Wages/Wages_2025/mrsd_2025Wages_table1.xlsx,2026-06-30,SG
SG-NAT,Procurement/Purchasing clerk,43116,detailed,2800,gross,SGD,monthly,median_gross_monthly_wage,2025,SSOC_2024_DETAILED,national_only,https://stats.mom.gov.sg/iMAS_Tables1/Wages/Wages_2025/mrsd_2025Wages_table1.xlsx,2026-06-30,SG
SG-NAT,Production planning clerk,43222,detailed,2680,basic,SGD,monthly,median_basic_monthly_wage,2025,SSOC_2024_DETAILED,national_only,https://stats.mom.gov.sg/iMAS_Tables1/Wages/Wages_2025/mrsd_2025Wages_table1.xlsx,2026-06-30,SG
SG-NAT,Production planning clerk,43222,detailed,2800,gross,SGD,monthly,median_gross_monthly_wage,2025,SSOC_2024_DETAILED,national_only,https://stats.mom.gov.sg/iMAS_Tables1/Wages/Wages_2025/mrsd_2025Wages_table1.xlsx,2026-06-30,SG
SG-NAT,Receptionist (general),42241,detailed,2755,basic,SGD,monthly,median_basic_monthly_wage,2025,SSOC_2024_DETAILED,national_only,https://stats.mom.gov.sg/iMAS_Tables1/Wages/Wages_2025/mrsd_2025Wages_table1.xlsx,2026-06-30,SG
SG-NAT,Receptionist (general),42241,detailed,2849,gross,SGD,monthly,median_gross_monthly_wage,2025,SSOC_2024_DETAILED,national_only,https://stats.mom.gov.sg/iMAS_Tables1/Wages/Wages_2025/mrsd_2025Wages_table1.xlsx,2026-06-30,SG
SG-NAT,Secretary,41201,detailed,4410,basic,SGD,monthly,median_basic_monthly_wage,2025,SSOC_2024_DETAILED,national_only,https://stats.mom.gov.sg/iMAS_Tables1/Wages/Wages_2025/mrsd_2025Wages_table1.xlsx,2026-06-30,SG
SG-NAT,Secretary,41201,detailed,4480,gross,SGD,monthly,median_gross_monthly_wage,2025,SSOC_2024_DETAILED,national_only,https://stats.mom.gov.sg/iMAS_Tables1/Wages/Wages_2025/mrsd_2025Wages_table1.xlsx,2026-06-30,SG
SG-NAT,Shipping clerk,43231,detailed,3350,basic,SGD,monthly,median_basic_monthly_wage,2025,SSOC_2024_DETAILED,national_only,https://stats.mom.gov.sg/iMAS_Tables1/Wages/Wages_2025/mrsd_2025Wages_table1.xlsx,2026-06-30,SG
SG-NAT,Shipping clerk,43231,detailed,3442,gross,SGD,monthly,median_gross_monthly_wage,2025,SSOC_2024_DETAILED,national_only,https://stats.mom.gov.sg/iMAS_Tables1/Wages/Wages_2025/mrsd_2025Wages_table1.xlsx,2026-06-30,SG
SG-NAT,Statistical clerk,43141,detailed,4321,basic,SGD,monthly,median_basic_monthly_wage,2025,SSOC_2024_DETAILED,national_only,https://stats.mom.gov.sg/iMAS_Tables1/Wages/Wages_2025/mrsd_2025Wages_table1.xlsx,2026-06-30,SG
SG-NAT,Statistical clerk,43141,detailed,4321,gross,SGD,monthly,median_gross_monthly_wage,2025,SSOC_2024_DETAILED,national_only,https://stats.mom.gov.sg/iMAS_Tables1/Wages/Wages_2025/mrsd_2025Wages_table1.xlsx,2026-06-30,SG
SG-NAT,Stock records clerk,43211,detailed,2485,basic,SGD,monthly,median_basic_monthly_wage,2025,SSOC_2024_DETAILED,national_only,https://stats.mom.gov.sg/iMAS_Tables1/Wages/Wages_2025/mrsd_2025Wages_table1.xlsx,2026-06-30,SG
SG-NAT,Stock records clerk,43211,detailed,2580,gross,SGD,monthly,median_gross_monthly_wage,2025,SSOC_2024_DETAILED,national_only,https://stats.mom.gov.sg/iMAS_Tables1/Wages/Wages_2025/mrsd_2025Wages_table1.xlsx,2026-06-30,SG
SG-NAT,Storekeeper,43212,detailed,2430,basic,SGD,monthly,median_basic_monthly_wage,2025,SSOC_2024_DETAILED,national_only,https://stats.mom.gov.sg/iMAS_Tables1/Wages/Wages_2025/mrsd_2025Wages_table1.xlsx,2026-06-30,SG
SG-NAT,Storekeeper,43212,detailed,2556,gross,SGD,monthly,median_gross_monthly_wage,2025,SSOC_2024_DETAILED,national_only,https://stats.mom.gov.sg/iMAS_Tables1/Wages/Wages_2025/mrsd_2025Wages_table1.xlsx,2026-06-30,SG
SG-NAT,Telephone operator,42230,detailed,2502,basic,SGD,monthly,median_basic_monthly_wage,2025,SSOC_2024_DETAILED,national_only,https://stats.mom.gov.sg/iMAS_Tables1/Wages/Wages_2025/mrsd_2025Wages_table1.xlsx,2026-06-30,SG
SG-NAT,Telephone operator,42230,detailed,2614,gross,SGD,monthly,median_gross_monthly_wage,2025,SSOC_2024_DETAILED,national_only,https://stats.mom.gov.sg/iMAS_Tables1/Wages/Wages_2025/mrsd_2025Wages_table1.xlsx,2026-06-30,SG
SG-NAT,Travel consultant/reservation executive,42210,detailed,3469,basic,SGD,monthly,median_basic_monthly_wage,2025,SSOC_2024_DETAILED,national_only,https://stats.mom.gov.sg/iMAS_Tables1/Wages/Wages_2025/mrsd_2025Wages_table1.xlsx,2026-06-30,SG
SG-NAT,Travel consultant/reservation executive,42210,detailed,3500,gross,SGD,monthly,median_gross_monthly_wage,2025,SSOC_2024_DETAILED,national_only,https://stats.mom.gov.sg/iMAS_Tables1/Wages/Wages_2025/mrsd_2025Wages_table1.xlsx,2026-06-30,SG
SG-NAT,Typist/Word processing operator,41310,detailed,2700,basic,SGD,monthly,median_basic_monthly_wage,2025,SSOC_2024_DETAILED,national_only,https://stats.mom.gov.sg/iMAS_Tables1/Wages/Wages_2025/mrsd_2025Wages_table1.xlsx,2026-06-30,SG
SG-NAT,Typist/Word processing operator,41310,detailed,2770,gross,SGD,monthly,median_gross_monthly_wage,2025,SSOC_2024_DETAILED,national_only,https://stats.mom.gov.sg/iMAS_Tables1/Wages/Wages_2025/mrsd_2025Wages_table1.xlsx,2026-06-30,SG
SG-NAT,Attractions guide,51132,detailed,3080,basic,SGD,monthly,median_basic_monthly_wage,2025,SSOC_2024_DETAILED,national_only,https://stats.mom.gov.sg/iMAS_Tables1/Wages/Wages_2025/mrsd_2025Wages_table1.xlsx,2026-06-30,SG
SG-NAT,Attractions guide,51132,detailed,3080,gross,SGD,monthly,median_gross_monthly_wage,2025,SSOC_2024_DETAILED,national_only,https://stats.mom.gov.sg/iMAS_Tables1/Wages/Wages_2025/mrsd_2025Wages_table1.xlsx,2026-06-30,SG
SG-NAT,Barista,51322,detailed,2155,basic,SGD,monthly,median_basic_monthly_wage,2025,SSOC_2024_DETAILED,national_only,https://stats.mom.gov.sg/iMAS_Tables1/Wages/Wages_2025/mrsd_2025Wages_table1.xlsx,2026-06-30,SG
SG-NAT,Barista,51322,detailed,2242,gross,SGD,monthly,median_gross_monthly_wage,2025,SSOC_2024_DETAILED,national_only,https://stats.mom.gov.sg/iMAS_Tables1/Wages/Wages_2025/mrsd_2025Wages_table1.xlsx,2026-06-30,SG
SG-NAT,Bartender/Mixologist,51321,detailed,2695,basic,SGD,monthly,median_basic_monthly_wage,2025,SSOC_2024_DETAILED,national_only,https://stats.mom.gov.sg/iMAS_Tables1/Wages/Wages_2025/mrsd_2025Wages_table1.xlsx,2026-06-30,SG
SG-NAT,Bartender/Mixologist,51321,detailed,2751,gross,SGD,monthly,median_gross_monthly_wage,2025,SSOC_2024_DETAILED,national_only,https://stats.mom.gov.sg/iMAS_Tables1/Wages/Wages_2025/mrsd_2025Wages_table1.xlsx,2026-06-30,SG
SG-NAT,Beautician,51421,detailed,1600,basic,SGD,monthly,median_basic_monthly_wage,2025,SSOC_2024_DETAILED,national_only,https://stats.mom.gov.sg/iMAS_Tables1/Wages/Wages_2025/mrsd_2025Wages_table1.xlsx,2026-06-30,SG
SG-NAT,Beautician,51421,detailed,1618,gross,SGD,monthly,median_gross_monthly_wage,2025,SSOC_2024_DETAILED,national_only,https://stats.mom.gov.sg/iMAS_Tables1/Wages/Wages_2025/mrsd_2025Wages_table1.xlsx,2026-06-30,SG
SG-NAT,Bookmaker/Croupier/Casino dealer and related gaming worker,51702,detailed,3853,basic,SGD,monthly,median_basic_monthly_wage,2025,SSOC_2024_DETAILED,national_only,https://stats.mom.gov.sg/iMAS_Tables1/Wages/Wages_2025/mrsd_2025Wages_table1.xlsx,2026-06-30,SG
SG-NAT,Bookmaker/Croupier/Casino dealer and related gaming worker,51702,detailed,3958,gross,SGD,monthly,median_gross_monthly_wage,2025,SSOC_2024_DETAILED,national_only,https://stats.mom.gov.sg/iMAS_Tables1/Wages/Wages_2025/mrsd_2025Wages_table1.xlsx,2026-06-30,SG
SG-NAT,Cabin attendant/steward,51112,detailed,4287,basic,SGD,monthly,median_basic_monthly_wage,2025,SSOC_2024_DETAILED,national_only,https://stats.mom.gov.sg/iMAS_Tables1/Wages/Wages_2025/mrsd_2025Wages_table1.xlsx,2026-06-30,SG
SG-NAT,Cabin attendant/steward,51112,detailed,4290,gross,SGD,monthly,median_gross_monthly_wage,2025,SSOC_2024_DETAILED,national_only,https://stats.mom.gov.sg/iMAS_Tables1/Wages/Wages_2025/mrsd_2025Wages_table1.xlsx,2026-06-30,SG
SG-NAT,Captain waiter/Waiter supervisor,51311,detailed,2573,basic,SGD,monthly,median_basic_monthly_wage,2025,SSOC_2024_DETAILED,national_only,https://stats.mom.gov.sg/iMAS_Tables1/Wages/Wages_2025/mrsd_2025Wages_table1.xlsx,2026-06-30,SG
SG-NAT,Captain waiter/Waiter supervisor,51311,detailed,2784,gross,SGD,monthly,median_gross_monthly_wage,2025,SSOC_2024_DETAILED,national_only,https://stats.mom.gov.sg/iMAS_Tables1/Wages/Wages_2025/mrsd_2025Wages_table1.xlsx,2026-06-30,SG
SG-NAT,Cashier (general),52302,detailed,2300,basic,SGD,monthly,median_basic_monthly_wage,2025,SSOC_2024_DETAILED,national_only,https://stats.mom.gov.sg/iMAS_Tables1/Wages/Wages_2025/mrsd_2025Wages_table1.xlsx,2026-06-30,SG
SG-NAT,Cashier (general),52302,detailed,2407,gross,SGD,monthly,median_gross_monthly_wage,2025,SSOC_2024_DETAILED,national_only,https://stats.mom.gov.sg/iMAS_Tables1/Wages/Wages_2025/mrsd_2025Wages_table1.xlsx,2026-06-30,SG
SG-NAT,Chief steward,51111,detailed,7375,basic,SGD,monthly,median_basic_monthly_wage,2025,SSOC_2024_DETAILED,national_only,https://stats.mom.gov.sg/iMAS_Tables1/Wages/Wages_2025/mrsd_2025Wages_table1.xlsx,2026-06-30,SG
SG-NAT,Chief steward,51111,detailed,7375,gross,SGD,monthly,median_gross_monthly_wage,2025,SSOC_2024_DETAILED,national_only,https://stats.mom.gov.sg/iMAS_Tables1/Wages/Wages_2025/mrsd_2025Wages_table1.xlsx,2026-06-30,SG
SG-NAT,Child/After school care centre worker,53113,detailed,2330,basic,SGD,monthly,median_basic_monthly_wage,2025,SSOC_2024_DETAILED,national_only,https://stats.mom.gov.sg/iMAS_Tables1/Wages/Wages_2025/mrsd_2025Wages_table1.xlsx,2026-06-30,SG
SG-NAT,Child/After school care centre worker,53113,detailed,2350,gross,SGD,monthly,median_gross_monthly_wage,2025,SSOC_2024_DETAILED,national_only,https://stats.mom.gov.sg/iMAS_Tables1/Wages/Wages_2025/mrsd_2025Wages_table1.xlsx,2026-06-30,SG
SG-NAT,Cook,51201,detailed,1791,basic,SGD,monthly,median_basic_monthly_wage,2025,SSOC_2024_DETAILED,national_only,https://stats.mom.gov.sg/iMAS_Tables1/Wages/Wages_2025/mrsd_2025Wages_table1.xlsx,2026-06-30,SG
SG-NAT,Cook,51201,detailed,1897,gross,SGD,monthly,median_gross_monthly_wage,2025,SSOC_2024_DETAILED,national_only,https://stats.mom.gov.sg/iMAS_Tables1/Wages/Wages_2025/mrsd_2025Wages_table1.xlsx,2026-06-30,SG
SG-NAT,Dental aide/assistant,53203,detailed,2851,basic,SGD,monthly,median_basic_monthly_wage,2025,SSOC_2024_DETAILED,national_only,https://stats.mom.gov.sg/iMAS_Tables1/Wages/Wages_2025/mrsd_2025Wages_table1.xlsx,2026-06-30,SG
SG-NAT,Dental aide/assistant,53203,detailed,2887,gross,SGD,monthly,median_gross_monthly_wage,2025,SSOC_2024_DETAILED,national_only,https://stats.mom.gov.sg/iMAS_Tables1/Wages/Wages_2025/mrsd_2025Wages_table1.xlsx,2026-06-30,SG
SG-NAT,Driving instructor/tester,51950,detailed,3733,basic,SGD,monthly,median_basic_monthly_wage,2025,SSOC_2024_DETAILED,national_only,https://stats.mom.gov.sg/iMAS_Tables1/Wages/Wages_2025/mrsd_2025Wages_table1.xlsx,2026-06-30,SG
SG-NAT,Driving instructor/tester,51950,detailed,4015,gross,SGD,monthly,median_gross_monthly_wage,2025,SSOC_2024_DETAILED,national_only,https://stats.mom.gov.sg/iMAS_Tables1/Wages/Wages_2025/mrsd_2025Wages_table1.xlsx,2026-06-30,SG
SG-NAT,Food service counter attendant,52492,detailed,1882,basic,SGD,monthly,median_basic_monthly_wage,2025,SSOC_2024_DETAILED,national_only,https://stats.mom.gov.sg/iMAS_Tables1/Wages/Wages_2025/mrsd_2025Wages_table1.xlsx,2026-06-30,SG
SG-NAT,Food service counter attendant,52492,detailed,2279,gross,SGD,monthly,median_gross_monthly_wage,2025,SSOC_2024_DETAILED,national_only,https://stats.mom.gov.sg/iMAS_Tables1/Wages/Wages_2025/mrsd_2025Wages_table1.xlsx,2026-06-30,SG
SG-NAT,Funeral director,51931,detailed,2898,basic,SGD,monthly,median_basic_monthly_wage,2025,SSOC_2024_DETAILED,national_only,https://stats.mom.gov.sg/iMAS_Tables1/Wages/Wages_2025/mrsd_2025Wages_table1.xlsx,2026-06-30,SG
SG-NAT,Funeral director,51931,detailed,3572,gross,SGD,monthly,median_gross_monthly_wage,2025,SSOC_2024_DETAILED,national_only,https://stats.mom.gov.sg/iMAS_Tables1/Wages/Wages_2025/mrsd_2025Wages_table1.xlsx,2026-06-30,SG
SG-NAT,Gaming supervisor,51701,detailed,3922,basic,SGD,monthly,median_basic_monthly_wage,2025,SSOC_2024_DETAILED,national_only,https://stats.mom.gov.sg/iMAS_Tables1/Wages/Wages_2025/mrsd_2025Wages_table1.xlsx,2026-06-30,SG
SG-NAT,Gaming supervisor,51701,detailed,4000,gross,SGD,monthly,median_gross_monthly_wage,2025,SSOC_2024_DETAILED,national_only,https://stats.mom.gov.sg/iMAS_Tables1/Wages/Wages_2025/mrsd_2025Wages_table1.xlsx,2026-06-30,SG
SG-NAT,Hair stylist/Hairdresser,51411,detailed,1524,basic,SGD,monthly,median_basic_monthly_wage,2025,SSOC_2024_DETAILED,national_only,https://stats.mom.gov.sg/iMAS_Tables1/Wages/Wages_2025/mrsd_2025Wages_table1.xlsx,2026-06-30,SG
SG-NAT,Hair stylist/Hairdresser,51411,detailed,1600,gross,SGD,monthly,median_gross_monthly_wage,2025,SSOC_2024_DETAILED,national_only,https://stats.mom.gov.sg/iMAS_Tables1/Wages/Wages_2025/mrsd_2025Wages_table1.xlsx,2026-06-30,SG
SG-NAT,Healthcare assistant,53201,detailed,2351,basic,SGD,monthly,median_basic_monthly_wage,2025,SSOC_2024_DETAILED,national_only,https://stats.mom.gov.sg/iMAS_Tables1/Wages/Wages_2025/mrsd_2025Wages_table1.xlsx,2026-06-30,SG
SG-NAT,Healthcare assistant,53201,detailed,2410,gross,SGD,monthly,median_gross_monthly_wage,2025,SSOC_2024_DETAILED,national_only,https://stats.mom.gov.sg/iMAS_Tables1/Wages/Wages_2025/mrsd_2025Wages_table1.xlsx,2026-06-30,SG
SG-NAT,House steward,51502,detailed,2494,basic,SGD,monthly,median_basic_monthly_wage,2025,SSOC_2024_DETAILED,national_only,https://stats.mom.gov.sg/iMAS_Tables1/Wages/Wages_2025/mrsd_2025Wages_table1.xlsx,2026-06-30,SG
SG-NAT,House steward,51502,detailed,2672,gross,SGD,monthly,median_gross_monthly_wage,2025,SSOC_2024_DETAILED,national_only,https://stats.mom.gov.sg/iMAS_Tables1/Wages/Wages_2025/mrsd_2025Wages_table1.xlsx,2026-06-30,SG
SG-NAT,Housekeeper (hotel and related establishment),51501,detailed,3159,basic,SGD,monthly,median_basic_monthly_wage,2025,SSOC_2024_DETAILED,national_only,https://stats.mom.gov.sg/iMAS_Tables1/Wages/Wages_2025/mrsd_2025Wages_table1.xlsx,2026-06-30,SG
SG-NAT,Housekeeper (hotel and related establishment),51501,detailed,3264,gross,SGD,monthly,median_gross_monthly_wage,2025,SSOC_2024_DETAILED,national_only,https://stats.mom.gov.sg/iMAS_Tables1/Wages/Wages_2025/mrsd_2025Wages_table1.xlsx,2026-06-30,SG
SG-NAT,Housekeeping matron,51503,detailed,2455,basic,SGD,monthly,median_basic_monthly_wage,2025,SSOC_2024_DETAILED,national_only,https://stats.mom.gov.sg/iMAS_Tables1/Wages/Wages_2025/mrsd_2025Wages_table1.xlsx,2026-06-30,SG
SG-NAT,Housekeeping matron,51503,detailed,2455,gross,SGD,monthly,median_gross_monthly_wage,2025,SSOC_2024_DETAILED,national_only,https://stats.mom.gov.sg/iMAS_Tables1/Wages/Wages_2025/mrsd_2025Wages_table1.xlsx,2026-06-30,SG
SG-NAT,Keeper/Trainer in zoological/bird/aquatic park,51942,detailed,3163,basic,SGD,monthly,median_basic_monthly_wage,2025,SSOC_2024_DETAILED,national_only,https://stats.mom.gov.sg/iMAS_Tables1/Wages/Wages_2025/mrsd_2025Wages_table1.xlsx,2026-06-30,SG
SG-NAT,Keeper/Trainer in zoological/bird/aquatic park,51942,detailed,3164,gross,SGD,monthly,median_gross_monthly_wage,2025,SSOC_2024_DETAILED,national_only,https://stats.mom.gov.sg/iMAS_Tables1/Wages/Wages_2025/mrsd_2025Wages_table1.xlsx,2026-06-30,SG
SG-NAT,Lifeguard,54150,detailed,2790,basic,SGD,monthly,median_basic_monthly_wage,2025,SSOC_2024_DETAILED,national_only,https://stats.mom.gov.sg/iMAS_Tables1/Wages/Wages_2025/mrsd_2025Wages_table1.xlsx,2026-06-30,SG
SG-NAT,Lifeguard,54150,detailed,2829,gross,SGD,monthly,median_gross_monthly_wage,2025,SSOC_2024_DETAILED,national_only,https://stats.mom.gov.sg/iMAS_Tables1/Wages/Wages_2025/mrsd_2025Wages_table1.xlsx,2026-06-30,SG
SG-NAT,Manicurist,51422,detailed,1898,basic,SGD,monthly,median_basic_monthly_wage,2025,SSOC_2024_DETAILED,national_only,https://stats.mom.gov.sg/iMAS_Tables1/Wages/Wages_2025/mrsd_2025Wages_table1.xlsx,2026-06-30,SG
SG-NAT,Manicurist,51422,detailed,2050,gross,SGD,monthly,median_gross_monthly_wage,2025,SSOC_2024_DETAILED,national_only,https://stats.mom.gov.sg/iMAS_Tables1/Wages/Wages_2025/mrsd_2025Wages_table1.xlsx,2026-06-30,SG
SG-NAT,Nursing aide/assistant,53202,detailed,2762,basic,SGD,monthly,median_basic_monthly_wage,2025,SSOC_2024_DETAILED,national_only,https://stats.mom.gov.sg/iMAS_Tables1/Wages/Wages_2025/mrsd_2025Wages_table1.xlsx,2026-06-30,SG
SG-NAT,Nursing aide/assistant,53202,detailed,2762,gross,SGD,monthly,median_gross_monthly_wage,2025,SSOC_2024_DETAILED,national_only,https://stats.mom.gov.sg/iMAS_Tables1/Wages/Wages_2025/mrsd_2025Wages_table1.xlsx,2026-06-30,SG
SG-NAT,Office cashier,52303,detailed,2524,basic,SGD,monthly,median_basic_monthly_wage,2025,SSOC_2024_DETAILED,national_only,https://stats.mom.gov.sg/iMAS_Tables1/Wages/Wages_2025/mrsd_2025Wages_table1.xlsx,2026-06-30,SG
SG-NAT,Office cashier,52303,detailed,2650,gross,SGD,monthly,median_gross_monthly_wage,2025,SSOC_2024_DETAILED,national_only,https://stats.mom.gov.sg/iMAS_Tables1/Wages/Wages_2025/mrsd_2025Wages_table1.xlsx,2026-06-30,SG
SG-NAT,Petrol station attendant,52491,detailed,1500,basic,SGD,monthly,median_basic_monthly_wage,2025,SSOC_2024_DETAILED,national_only,https://stats.mom.gov.sg/iMAS_Tables1/Wages/Wages_2025/mrsd_2025Wages_table1.xlsx,2026-06-30,SG
SG-NAT,Petrol station attendant,52491,detailed,1724,gross,SGD,monthly,median_gross_monthly_wage,2025,SSOC_2024_DETAILED,national_only,https://stats.mom.gov.sg/iMAS_Tables1/Wages/Wages_2025/mrsd_2025Wages_table1.xlsx,2026-06-30,SG
SG-NAT,Private security officer,54144,detailed,2870,basic,SGD,monthly,median_basic_monthly_wage,2025,SSOC_2024_DETAILED,national_only,https://stats.mom.gov.sg/iMAS_Tables1/Wages/Wages_2025/mrsd_2025Wages_table1.xlsx,2026-06-30,SG
SG-NAT,Private security officer,54144,detailed,2990,gross,SGD,monthly,median_gross_monthly_wage,2025,SSOC_2024_DETAILED,national_only,https://stats.mom.gov.sg/iMAS_Tables1/Wages/Wages_2025/mrsd_2025Wages_table1.xlsx,2026-06-30,SG
SG-NAT,Rail station service assistant,51121,detailed,3044,basic,SGD,monthly,median_basic_monthly_wage,2025,SSOC_2024_DETAILED,national_only,https://stats.mom.gov.sg/iMAS_Tables1/Wages/Wages_2025/mrsd_2025Wages_table1.xlsx,2026-06-30,SG
SG-NAT,Rail station service assistant,51121,detailed,3564,gross,SGD,monthly,median_gross_monthly_wage,2025,SSOC_2024_DETAILED,national_only,https://stats.mom.gov.sg/iMAS_Tables1/Wages/Wages_2025/mrsd_2025Wages_table1.xlsx,2026-06-30,SG
SG-NAT,Sales demonstrator,52421,detailed,1627,basic,SGD,monthly,median_basic_monthly_wage,2025,SSOC_2024_DETAILED,national_only,https://stats.mom.gov.sg/iMAS_Tables1/Wages/Wages_2025/mrsd_2025Wages_table1.xlsx,2026-06-30,SG
SG-NAT,Sales demonstrator,52421,detailed,1977,gross,SGD,monthly,median_gross_monthly_wage,2025,SSOC_2024_DETAILED,national_only,https://stats.mom.gov.sg/iMAS_Tables1/Wages/Wages_2025/mrsd_2025Wages_table1.xlsx,2026-06-30,SG
SG-NAT,Sales supervisor,52201,detailed,2943,basic,SGD,monthly,median_basic_monthly_wage,2025,SSOC_2024_DETAILED,national_only,https://stats.mom.gov.sg/iMAS_Tables1/Wages/Wages_2025/mrsd_2025Wages_table1.xlsx,2026-06-30,SG
SG-NAT,Sales supervisor,52201,detailed,3173,gross,SGD,monthly,median_gross_monthly_wage,2025,SSOC_2024_DETAILED,national_only,https://stats.mom.gov.sg/iMAS_Tables1/Wages/Wages_2025/mrsd_2025Wages_table1.xlsx,2026-06-30,SG
SG-NAT,Salesperson (door-to-door),52422,detailed,2293,basic,SGD,monthly,median_basic_monthly_wage,2025,SSOC_2024_DETAILED,national_only,https://stats.mom.gov.sg/iMAS_Tables1/Wages/Wages_2025/mrsd_2025Wages_table1.xlsx,2026-06-30,SG
SG-NAT,Salesperson (door-to-door),52422,detailed,2884,gross,SGD,monthly,median_gross_monthly_wage,2025,SSOC_2024_DETAILED,national_only,https://stats.mom.gov.sg/iMAS_Tables1/Wages/Wages_2025/mrsd_2025Wages_table1.xlsx,2026-06-30,SG
SG-NAT,Security supervisor,54142,detailed,3211,basic,SGD,monthly,median_basic_monthly_wage,2025,SSOC_2024_DETAILED,national_only,https://stats.mom.gov.sg/iMAS_Tables1/Wages/Wages_2025/mrsd_2025Wages_table1.xlsx,2026-06-30,SG
SG-NAT,Security supervisor,54142,detailed,3470,gross,SGD,monthly,median_gross_monthly_wage,2025,SSOC_2024_DETAILED,national_only,https://stats.mom.gov.sg/iMAS_Tables1/Wages/Wages_2025/mrsd_2025Wages_table1.xlsx,2026-06-30,SG
SG-NAT,Senior cook,51202,detailed,2400,basic,SGD,monthly,median_basic_monthly_wage,2025,SSOC_2024_DETAILED,national_only,https://stats.mom.gov.sg/iMAS_Tables1/Wages/Wages_2025/mrsd_2025Wages_table1.xlsx,2026-06-30,SG
SG-NAT,Senior cook,51202,detailed,2515,gross,SGD,monthly,median_gross_monthly_wage,2025,SSOC_2024_DETAILED,national_only,https://stats.mom.gov.sg/iMAS_Tables1/Wages/Wages_2025/mrsd_2025Wages_table1.xlsx,2026-06-30,SG
SG-NAT,Senior private security officer,54143,detailed,3170,basic,SGD,monthly,median_basic_monthly_wage,2025,SSOC_2024_DETAILED,national_only,https://stats.mom.gov.sg/iMAS_Tables1/Wages/Wages_2025/mrsd_2025Wages_table1.xlsx,2026-06-30,SG
SG-NAT,Senior private security officer,54143,detailed,3304,gross,SGD,monthly,median_gross_monthly_wage,2025,SSOC_2024_DETAILED,national_only,https://stats.mom.gov.sg/iMAS_Tables1/Wages/Wages_2025/mrsd_2025Wages_table1.xlsx,2026-06-30,SG
SG-NAT,Senior security supervisor,54141,detailed,3555,basic,SGD,monthly,median_basic_monthly_wage,2025,SSOC_2024_DETAILED,national_only,https://stats.mom.gov.sg/iMAS_Tables1/Wages/Wages_2025/mrsd_2025Wages_table1.xlsx,2026-06-30,SG
SG-NAT,Senior security supervisor,54141,detailed,3835,gross,SGD,monthly,median_gross_monthly_wage,2025,SSOC_2024_DETAILED,national_only,https://stats.mom.gov.sg/iMAS_Tables1/Wages/Wages_2025/mrsd_2025Wages_table1.xlsx,2026-06-30,SG
SG-NAT,Shop sales assistant,52202,detailed,2116,basic,SGD,monthly,median_basic_monthly_wage,2025,SSOC_2024_DETAILED,national_only,https://stats.mom.gov.sg/iMAS_Tables1/Wages/Wages_2025/mrsd_2025Wages_table1.xlsx,2026-06-30,SG
SG-NAT,Shop sales assistant,52202,detailed,2305,gross,SGD,monthly,median_gross_monthly_wage,2025,SSOC_2024_DETAILED,national_only,https://stats.mom.gov.sg/iMAS_Tables1/Wages/Wages_2025/mrsd_2025Wages_table1.xlsx,2026-06-30,SG
SG-NAT,Sommelier,51313,detailed,4787,basic,SGD,monthly,median_basic_monthly_wage,2025,SSOC_2024_DETAILED,national_only,https://stats.mom.gov.sg/iMAS_Tables1/Wages/Wages_2025/mrsd_2025Wages_table1.xlsx,2026-06-30,SG
SG-NAT,Sommelier,51313,detailed,4792,gross,SGD,monthly,median_gross_monthly_wage,2025,SSOC_2024_DETAILED,national_only,https://stats.mom.gov.sg/iMAS_Tables1/Wages/Wages_2025/mrsd_2025Wages_table1.xlsx,2026-06-30,SG
SG-NAT,Teacher aide,53120,detailed,3011,basic,SGD,monthly,median_basic_monthly_wage,2025,SSOC_2024_DETAILED,national_only,https://stats.mom.gov.sg/iMAS_Tables1/Wages/Wages_2025/mrsd_2025Wages_table1.xlsx,2026-06-30,SG
SG-NAT,Teacher aide,53120,detailed,3092,gross,SGD,monthly,median_gross_monthly_wage,2025,SSOC_2024_DETAILED,national_only,https://stats.mom.gov.sg/iMAS_Tables1/Wages/Wages_2025/mrsd_2025Wages_table1.xlsx,2026-06-30,SG
SG-NAT,Telemarketer,52440,detailed,2563,basic,SGD,monthly,median_basic_monthly_wage,2025,SSOC_2024_DETAILED,national_only,https://stats.mom.gov.sg/iMAS_Tables1/Wages/Wages_2025/mrsd_2025Wages_table1.xlsx,2026-06-30,SG
SG-NAT,Telemarketer,52440,detailed,2710,gross,SGD,monthly,median_gross_monthly_wage,2025,SSOC_2024_DETAILED,national_only,https://stats.mom.gov.sg/iMAS_Tables1/Wages/Wages_2025/mrsd_2025Wages_table1.xlsx,2026-06-30,SG
SG-NAT,Tour guide,51131,detailed,2124,basic,SGD,monthly,median_basic_monthly_wage,2025,SSOC_2024_DETAILED,national_only,https://stats.mom.gov.sg/iMAS_Tables1/Wages/Wages_2025/mrsd_2025Wages_table1.xlsx,2026-06-30,SG
SG-NAT,Tour guide,51131,detailed,2237,gross,SGD,monthly,median_gross_monthly_wage,2025,SSOC_2024_DETAILED,national_only,https://stats.mom.gov.sg/iMAS_Tables1/Wages/Wages_2025/mrsd_2025Wages_table1.xlsx,2026-06-30,SG
SG-NAT,Waiter,51312,detailed,1546,basic,SGD,monthly,median_basic_monthly_wage,2025,SSOC_2024_DETAILED,national_only,https://stats.mom.gov.sg/iMAS_Tables1/Wages/Wages_2025/mrsd_2025Wages_table1.xlsx,2026-06-30,SG
SG-NAT,Waiter,51312,detailed,1600,gross,SGD,monthly,median_gross_monthly_wage,2025,SSOC_2024_DETAILED,national_only,https://stats.mom.gov.sg/iMAS_Tables1/Wages/Wages_2025/mrsd_2025Wages_table1.xlsx,2026-06-30,SG
SG-NAT,Gardener/Horticultural worker,61133,detailed,1835,basic,SGD,monthly,median_basic_monthly_wage,2025,SSOC_2024_DETAILED,national_only,https://stats.mom.gov.sg/iMAS_Tables1/Wages/Wages_2025/mrsd_2025Wages_table1.xlsx,2026-06-30,SG
SG-NAT,Gardener/Horticultural worker,61133,detailed,1850,gross,SGD,monthly,median_gross_monthly_wage,2025,SSOC_2024_DETAILED,national_only,https://stats.mom.gov.sg/iMAS_Tables1/Wages/Wages_2025/mrsd_2025Wages_table1.xlsx,2026-06-30,SG
SG-NAT,Landscape/Plant nursery supervisor,61131,detailed,1700,basic,SGD,monthly,median_basic_monthly_wage,2025,SSOC_2024_DETAILED,national_only,https://stats.mom.gov.sg/iMAS_Tables1/Wages/Wages_2025/mrsd_2025Wages_table1.xlsx,2026-06-30,SG
SG-NAT,Landscape/Plant nursery supervisor,61131,detailed,1740,gross,SGD,monthly,median_gross_monthly_wage,2025,SSOC_2024_DETAILED,national_only,https://stats.mom.gov.sg/iMAS_Tables1/Wages/Wages_2025/mrsd_2025Wages_table1.xlsx,2026-06-30,SG
SG-NAT,Plant nursery worker,61132,detailed,1846,basic,SGD,monthly,median_basic_monthly_wage,2025,SSOC_2024_DETAILED,national_only,https://stats.mom.gov.sg/iMAS_Tables1/Wages/Wages_2025/mrsd_2025Wages_table1.xlsx,2026-06-30,SG
SG-NAT,Plant nursery worker,61132,detailed,1860,gross,SGD,monthly,median_gross_monthly_wage,2025,SSOC_2024_DETAILED,national_only,https://stats.mom.gov.sg/iMAS_Tables1/Wages/Wages_2025/mrsd_2025Wages_table1.xlsx,2026-06-30,SG
SG-NAT,Air-conditioning/Refrigeration equipment mechanic,71271,detailed,2738,basic,SGD,monthly,median_basic_monthly_wage,2025,SSOC_2024_DETAILED,national_only,https://stats.mom.gov.sg/iMAS_Tables1/Wages/Wages_2025/mrsd_2025Wages_table1.xlsx,2026-06-30,SG
SG-NAT,Air-conditioning/Refrigeration equipment mechanic,71271,detailed,2771,gross,SGD,monthly,median_gross_monthly_wage,2025,SSOC_2024_DETAILED,national_only,https://stats.mom.gov.sg/iMAS_Tables1/Wages/Wages_2025/mrsd_2025Wages_table1.xlsx,2026-06-30,SG
SG-NAT,Automotive mechanic,72310,detailed,2375,basic,SGD,monthly,median_basic_monthly_wage,2025,SSOC_2024_DETAILED,national_only,https://stats.mom.gov.sg/iMAS_Tables1/Wages/Wages_2025/mrsd_2025Wages_table1.xlsx,2026-06-30,SG
SG-NAT,Automotive mechanic,72310,detailed,2500,gross,SGD,monthly,median_gross_monthly_wage,2025,SSOC_2024_DETAILED,national_only,https://stats.mom.gov.sg/iMAS_Tables1/Wages/Wages_2025/mrsd_2025Wages_table1.xlsx,2026-06-30,SG
SG-NAT,Baker,75121,detailed,1849,basic,SGD,monthly,median_basic_monthly_wage,2025,SSOC_2024_DETAILED,national_only,https://stats.mom.gov.sg/iMAS_Tables1/Wages/Wages_2025/mrsd_2025Wages_table1.xlsx,2026-06-30,SG
SG-NAT,Baker,75121,detailed,2000,gross,SGD,monthly,median_gross_monthly_wage,2025,SSOC_2024_DETAILED,national_only,https://stats.mom.gov.sg/iMAS_Tables1/Wages/Wages_2025/mrsd_2025Wages_table1.xlsx,2026-06-30,SG
SG-NAT,Building maintenance worker,71331,detailed,2400,basic,SGD,monthly,median_basic_monthly_wage,2025,SSOC_2024_DETAILED,national_only,https://stats.mom.gov.sg/iMAS_Tables1/Wages/Wages_2025/mrsd_2025Wages_table1.xlsx,2026-06-30,SG
SG-NAT,Building maintenance worker,71331,detailed,2621,gross,SGD,monthly,median_gross_monthly_wage,2025,SSOC_2024_DETAILED,national_only,https://stats.mom.gov.sg/iMAS_Tables1/Wages/Wages_2025/mrsd_2025Wages_table1.xlsx,2026-06-30,SG
SG-NAT,Building painter,71311,detailed,1600,basic,SGD,monthly,median_basic_monthly_wage,2025,SSOC_2024_DETAILED,national_only,https://stats.mom.gov.sg/iMAS_Tables1/Wages/Wages_2025/mrsd_2025Wages_table1.xlsx,2026-06-30,SG
SG-NAT,Building painter,71311,detailed,1600,gross,SGD,monthly,median_gross_monthly_wage,2025,SSOC_2024_DETAILED,national_only,https://stats.mom.gov.sg/iMAS_Tables1/Wages/Wages_2025/mrsd_2025Wages_table1.xlsx,2026-06-30,SG
SG-NAT,Butcher/Fishmonger and related food preparer,75110,detailed,2763,basic,SGD,monthly,median_basic_monthly_wage,2025,SSOC_2024_DETAILED,national_only,https://stats.mom.gov.sg/iMAS_Tables1/Wages/Wages_2025/mrsd_2025Wages_table1.xlsx,2026-06-30,SG
SG-NAT,Butcher/Fishmonger and related food preparer,75110,detailed,2780,gross,SGD,monthly,median_gross_monthly_wage,2025,SSOC_2024_DETAILED,national_only,https://stats.mom.gov.sg/iMAS_Tables1/Wages/Wages_2025/mrsd_2025Wages_table1.xlsx,2026-06-30,SG
SG-NAT,Carpenter,71151,detailed,1600,basic,SGD,monthly,median_basic_monthly_wage,2025,SSOC_2024_DETAILED,national_only,https://stats.mom.gov.sg/iMAS_Tables1/Wages/Wages_2025/mrsd_2025Wages_table1.xlsx,2026-06-30,SG
SG-NAT,Carpenter,71151,detailed,1630,gross,SGD,monthly,median_gross_monthly_wage,2025,SSOC_2024_DETAILED,national_only,https://stats.mom.gov.sg/iMAS_Tables1/Wages/Wages_2025/mrsd_2025Wages_table1.xlsx,2026-06-30,SG
SG-NAT,Electrical fitter,74121,detailed,2302,basic,SGD,monthly,median_basic_monthly_wage,2025,SSOC_2024_DETAILED,national_only,https://stats.mom.gov.sg/iMAS_Tables1/Wages/Wages_2025/mrsd_2025Wages_table1.xlsx,2026-06-30,SG
SG-NAT,Electrical fitter,74121,detailed,2491,gross,SGD,monthly,median_gross_monthly_wage,2025,SSOC_2024_DETAILED,national_only,https://stats.mom.gov.sg/iMAS_Tables1/Wages/Wages_2025/mrsd_2025Wages_table1.xlsx,2026-06-30,SG
SG-NAT,Electrical lift/escalator and related equipment fitter,74122,detailed,2983,basic,SGD,monthly,median_basic_monthly_wage,2025,SSOC_2024_DETAILED,national_only,https://stats.mom.gov.sg/iMAS_Tables1/Wages/Wages_2025/mrsd_2025Wages_table1.xlsx,2026-06-30,SG
SG-NAT,Electrical lift/escalator and related equipment fitter,74122,detailed,3750,gross,SGD,monthly,median_gross_monthly_wage,2025,SSOC_2024_DETAILED,national_only,https://stats.mom.gov.sg/iMAS_Tables1/Wages/Wages_2025/mrsd_2025Wages_table1.xlsx,2026-06-30,SG
SG-NAT,Electrician,74110,detailed,2334,basic,SGD,monthly,median_basic_monthly_wage,2025,SSOC_2024_DETAILED,national_only,https://stats.mom.gov.sg/iMAS_Tables1/Wages/Wages_2025/mrsd_2025Wages_table1.xlsx,2026-06-30,SG
SG-NAT,Electrician,74110,detailed,2400,gross,SGD,monthly,median_gross_monthly_wage,2025,SSOC_2024_DETAILED,national_only,https://stats.mom.gov.sg/iMAS_Tables1/Wages/Wages_2025/mrsd_2025Wages_table1.xlsx,2026-06-30,SG
SG-NAT,Floor/Wall tiler,71220,detailed,1600,basic,SGD,monthly,median_basic_monthly_wage,2025,SSOC_2024_DETAILED,national_only,https://stats.mom.gov.sg/iMAS_Tables1/Wages/Wages_2025/mrsd_2025Wages_table1.xlsx,2026-06-30,SG
SG-NAT,Floor/Wall tiler,71220,detailed,1600,gross,SGD,monthly,median_gross_monthly_wage,2025,SSOC_2024_DETAILED,national_only,https://stats.mom.gov.sg/iMAS_Tables1/Wages/Wages_2025/mrsd_2025Wages_table1.xlsx,2026-06-30,SG
SG-NAT,Fumigator and related pest/weed controller,75440,detailed,2232,basic,SGD,monthly,median_basic_monthly_wage,2025,SSOC_2024_DETAILED,national_only,https://stats.mom.gov.sg/iMAS_Tables1/Wages/Wages_2025/mrsd_2025Wages_table1.xlsx,2026-06-30,SG
SG-NAT,Fumigator and related pest/weed controller,75440,detailed,2400,gross,SGD,monthly,median_gross_monthly_wage,2025,SSOC_2024_DETAILED,national_only,https://stats.mom.gov.sg/iMAS_Tables1/Wages/Wages_2025/mrsd_2025Wages_table1.xlsx,2026-06-30,SG
SG-NAT,Lift supervisor,74001,detailed,4131,basic,SGD,monthly,median_basic_monthly_wage,2025,SSOC_2024_DETAILED,national_only,https://stats.mom.gov.sg/iMAS_Tables1/Wages/Wages_2025/mrsd_2025Wages_table1.xlsx,2026-06-30,SG
SG-NAT,Lift supervisor,74001,detailed,4701,gross,SGD,monthly,median_gross_monthly_wage,2025,SSOC_2024_DETAILED,national_only,https://stats.mom.gov.sg/iMAS_Tables1/Wages/Wages_2025/mrsd_2025Wages_table1.xlsx,2026-06-30,SG
SG-NAT,Medical device assembler/repairer,73113,detailed,2597,basic,SGD,monthly,median_basic_monthly_wage,2025,SSOC_2024_DETAILED,national_only,https://stats.mom.gov.sg/iMAS_Tables1/Wages/Wages_2025/mrsd_2025Wages_table1.xlsx,2026-06-30,SG
SG-NAT,Medical device assembler/repairer,73113,detailed,2946,gross,SGD,monthly,median_gross_monthly_wage,2025,SSOC_2024_DETAILED,national_only,https://stats.mom.gov.sg/iMAS_Tables1/Wages/Wages_2025/mrsd_2025Wages_table1.xlsx,2026-06-30,SG
SG-NAT,Metal polisher/Wheel grinder/Tool sharpener,72240,detailed,2289,basic,SGD,monthly,median_basic_monthly_wage,2025,SSOC_2024_DETAILED,national_only,https://stats.mom.gov.sg/iMAS_Tables1/Wages/Wages_2025/mrsd_2025Wages_table1.xlsx,2026-06-30,SG
SG-NAT,Metal polisher/Wheel grinder/Tool sharpener,72240,detailed,2387,gross,SGD,monthly,median_gross_monthly_wage,2025,SSOC_2024_DETAILED,national_only,https://stats.mom.gov.sg/iMAS_Tables1/Wages/Wages_2025/mrsd_2025Wages_table1.xlsx,2026-06-30,SG
SG-NAT,Pastry/Confectionery maker,75122,detailed,1838,basic,SGD,monthly,median_basic_monthly_wage,2025,SSOC_2024_DETAILED,national_only,https://stats.mom.gov.sg/iMAS_Tables1/Wages/Wages_2025/mrsd_2025Wages_table1.xlsx,2026-06-30,SG
SG-NAT,Pastry/Confectionery maker,75122,detailed,2341,gross,SGD,monthly,median_gross_monthly_wage,2025,SSOC_2024_DETAILED,national_only,https://stats.mom.gov.sg/iMAS_Tables1/Wages/Wages_2025/mrsd_2025Wages_table1.xlsx,2026-06-30,SG
SG-NAT,Pipe fitter,71262,detailed,1675,basic,SGD,monthly,median_basic_monthly_wage,2025,SSOC_2024_DETAILED,national_only,https://stats.mom.gov.sg/iMAS_Tables1/Wages/Wages_2025/mrsd_2025Wages_table1.xlsx,2026-06-30,SG
SG-NAT,Pipe fitter,71262,detailed,1700,gross,SGD,monthly,median_gross_monthly_wage,2025,SSOC_2024_DETAILED,national_only,https://stats.mom.gov.sg/iMAS_Tables1/Wages/Wages_2025/mrsd_2025Wages_table1.xlsx,2026-06-30,SG
SG-NAT,Plumber,71261,detailed,2500,basic,SGD,monthly,median_basic_monthly_wage,2025,SSOC_2024_DETAILED,national_only,https://stats.mom.gov.sg/iMAS_Tables1/Wages/Wages_2025/mrsd_2025Wages_table1.xlsx,2026-06-30,SG
SG-NAT,Plumber,71261,detailed,2500,gross,SGD,monthly,median_gross_monthly_wage,2025,SSOC_2024_DETAILED,national_only,https://stats.mom.gov.sg/iMAS_Tables1/Wages/Wages_2025/mrsd_2025Wages_table1.xlsx,2026-06-30,SG
SG-NAT,Supervisor/General foreman (building and related trades),71000,detailed,1949,basic,SGD,monthly,median_basic_monthly_wage,2025,SSOC_2024_DETAILED,national_only,https://stats.mom.gov.sg/iMAS_Tables1/Wages/Wages_2025/mrsd_2025Wages_table1.xlsx,2026-06-30,SG
SG-NAT,Supervisor/General foreman (building and related trades),71000,detailed,2000,gross,SGD,monthly,median_gross_monthly_wage,2025,SSOC_2024_DETAILED,national_only,https://stats.mom.gov.sg/iMAS_Tables1/Wages/Wages_2025/mrsd_2025Wages_table1.xlsx,2026-06-30,SG
SG-NAT,"Supervisor/General foreman (electrical/electronic trades, excluding lift)",74002,detailed,3418,basic,SGD,monthly,median_basic_monthly_wage,2025,SSOC_2024_DETAILED,national_only,https://stats.mom.gov.sg/iMAS_Tables1/Wages/Wages_2025/mrsd_2025Wages_table1.xlsx,2026-06-30,SG
SG-NAT,"Supervisor/General foreman (electrical/electronic trades, excluding lift)",74002,detailed,3733,gross,SGD,monthly,median_gross_monthly_wage,2025,SSOC_2024_DETAILED,national_only,https://stats.mom.gov.sg/iMAS_Tables1/Wages/Wages_2025/mrsd_2025Wages_table1.xlsx,2026-06-30,SG
SG-NAT,Supervisor/General foreman (food processing/woodworking/garment/leather and related trades),75000,detailed,2800,basic,SGD,monthly,median_basic_monthly_wage,2025,SSOC_2024_DETAILED,national_only,https://stats.mom.gov.sg/iMAS_Tables1/Wages/Wages_2025/mrsd_2025Wages_table1.xlsx,2026-06-30,SG
SG-NAT,Supervisor/General foreman (food processing/woodworking/garment/leather and related trades),75000,detailed,3015,gross,SGD,monthly,median_gross_monthly_wage,2025,SSOC_2024_DETAILED,national_only,https://stats.mom.gov.sg/iMAS_Tables1/Wages/Wages_2025/mrsd_2025Wages_table1.xlsx,2026-06-30,SG
SG-NAT,Supervisor/General foreman (metal/machinery and related trades),72000,detailed,4099,basic,SGD,monthly,median_basic_monthly_wage,2025,SSOC_2024_DETAILED,national_only,https://stats.mom.gov.sg/iMAS_Tables1/Wages/Wages_2025/mrsd_2025Wages_table1.xlsx,2026-06-30,SG
SG-NAT,Supervisor/General foreman (metal/machinery and related trades),72000,detailed,4412,gross,SGD,monthly,median_gross_monthly_wage,2025,SSOC_2024_DETAILED,national_only,https://stats.mom.gov.sg/iMAS_Tables1/Wages/Wages_2025/mrsd_2025Wages_table1.xlsx,2026-06-30,SG
SG-NAT,Supervisor/General foreman (precision/handicraft/printing and related trades),73000,detailed,3531,basic,SGD,monthly,median_basic_monthly_wage,2025,SSOC_2024_DETAILED,national_only,https://stats.mom.gov.sg/iMAS_Tables1/Wages/Wages_2025/mrsd_2025Wages_table1.xlsx,2026-06-30,SG
SG-NAT,Supervisor/General foreman (precision/handicraft/printing and related trades),73000,detailed,3700,gross,SGD,monthly,median_gross_monthly_wage,2025,SSOC_2024_DETAILED,national_only,https://stats.mom.gov.sg/iMAS_Tables1/Wages/Wages_2025/mrsd_2025Wages_table1.xlsx,2026-06-30,SG
SG-NAT,Tailor/Dressmaker,75310,detailed,2260,basic,SGD,monthly,median_basic_monthly_wage,2025,SSOC_2024_DETAILED,national_only,https://stats.mom.gov.sg/iMAS_Tables1/Wages/Wages_2025/mrsd_2025Wages_table1.xlsx,2026-06-30,SG
SG-NAT,Tailor/Dressmaker,75310,detailed,2318,gross,SGD,monthly,median_gross_monthly_wage,2025,SSOC_2024_DETAILED,national_only,https://stats.mom.gov.sg/iMAS_Tables1/Wages/Wages_2025/mrsd_2025Wages_table1.xlsx,2026-06-30,SG
SG-NAT,Tool/Die maker,72221,detailed,2837,basic,SGD,monthly,median_basic_monthly_wage,2025,SSOC_2024_DETAILED,national_only,https://stats.mom.gov.sg/iMAS_Tables1/Wages/Wages_2025/mrsd_2025Wages_table1.xlsx,2026-06-30,SG
SG-NAT,Tool/Die maker,72221,detailed,3323,gross,SGD,monthly,median_gross_monthly_wage,2025,SSOC_2024_DETAILED,national_only,https://stats.mom.gov.sg/iMAS_Tables1/Wages/Wages_2025/mrsd_2025Wages_table1.xlsx,2026-06-30,SG
SG-NAT,Welder/Flame cutter,72120,detailed,2777,basic,SGD,monthly,median_basic_monthly_wage,2025,SSOC_2024_DETAILED,national_only,https://stats.mom.gov.sg/iMAS_Tables1/Wages/Wages_2025/mrsd_2025Wages_table1.xlsx,2026-06-30,SG
SG-NAT,Welder/Flame cutter,72120,detailed,3000,gross,SGD,monthly,median_gross_monthly_wage,2025,SSOC_2024_DETAILED,national_only,https://stats.mom.gov.sg/iMAS_Tables1/Wages/Wages_2025/mrsd_2025Wages_table1.xlsx,2026-06-30,SG
SG-NAT,Airport mobile equipment operator,83492,detailed,3175,basic,SGD,monthly,median_basic_monthly_wage,2025,SSOC_2024_DETAILED,national_only,https://stats.mom.gov.sg/iMAS_Tables1/Wages/Wages_2025/mrsd_2025Wages_table1.xlsx,2026-06-30,SG
SG-NAT,Airport mobile equipment operator,83492,detailed,3202,gross,SGD,monthly,median_gross_monthly_wage,2025,SSOC_2024_DETAILED,national_only,https://stats.mom.gov.sg/iMAS_Tables1/Wages/Wages_2025/mrsd_2025Wages_table1.xlsx,2026-06-30,SG
SG-NAT,Ambulance driver,83224,detailed,2776,basic,SGD,monthly,median_basic_monthly_wage,2025,SSOC_2024_DETAILED,national_only,https://stats.mom.gov.sg/iMAS_Tables1/Wages/Wages_2025/mrsd_2025Wages_table1.xlsx,2026-06-30,SG
SG-NAT,Ambulance driver,83224,detailed,2934,gross,SGD,monthly,median_gross_monthly_wage,2025,SSOC_2024_DETAILED,national_only,https://stats.mom.gov.sg/iMAS_Tables1/Wages/Wages_2025/mrsd_2025Wages_table1.xlsx,2026-06-30,SG
SG-NAT,Bus driver,83311,detailed,2418,basic,SGD,monthly,median_basic_monthly_wage,2025,SSOC_2024_DETAILED,national_only,https://stats.mom.gov.sg/iMAS_Tables1/Wages/Wages_2025/mrsd_2025Wages_table1.xlsx,2026-06-30,SG
SG-NAT,Bus driver,83311,detailed,3618,gross,SGD,monthly,median_gross_monthly_wage,2025,SSOC_2024_DETAILED,national_only,https://stats.mom.gov.sg/iMAS_Tables1/Wages/Wages_2025/mrsd_2025Wages_table1.xlsx,2026-06-30,SG
SG-NAT,Chauffeur,83222,detailed,2323,basic,SGD,monthly,median_basic_monthly_wage,2025,SSOC_2024_DETAILED,national_only,https://stats.mom.gov.sg/iMAS_Tables1/Wages/Wages_2025/mrsd_2025Wages_table1.xlsx,2026-06-30,SG
SG-NAT,Chauffeur,83222,detailed,2536,gross,SGD,monthly,median_gross_monthly_wage,2025,SSOC_2024_DETAILED,national_only,https://stats.mom.gov.sg/iMAS_Tables1/Wages/Wages_2025/mrsd_2025Wages_table1.xlsx,2026-06-30,SG
SG-NAT,Chemical processing/products plant/machine operator,81311,detailed,3232,basic,SGD,monthly,median_basic_monthly_wage,2025,SSOC_2024_DETAILED,national_only,https://stats.mom.gov.sg/iMAS_Tables1/Wages/Wages_2025/mrsd_2025Wages_table1.xlsx,2026-06-30,SG
SG-NAT,Chemical processing/products plant/machine operator,81311,detailed,4168,gross,SGD,monthly,median_gross_monthly_wage,2025,SSOC_2024_DETAILED,national_only,https://stats.mom.gov.sg/iMAS_Tables1/Wages/Wages_2025/mrsd_2025Wages_table1.xlsx,2026-06-30,SG
SG-NAT,Concrete mix truck driver,83323,detailed,2659,basic,SGD,monthly,median_basic_monthly_wage,2025,SSOC_2024_DETAILED,national_only,https://stats.mom.gov.sg/iMAS_Tables1/Wages/Wages_2025/mrsd_2025Wages_table1.xlsx,2026-06-30,SG
SG-NAT,Concrete mix truck driver,83323,detailed,3131,gross,SGD,monthly,median_gross_monthly_wage,2025,SSOC_2024_DETAILED,national_only,https://stats.mom.gov.sg/iMAS_Tables1/Wages/Wages_2025/mrsd_2025Wages_table1.xlsx,2026-06-30,SG
SG-NAT,Crane operator (on-site),83432,detailed,2995,basic,SGD,monthly,median_basic_monthly_wage,2025,SSOC_2024_DETAILED,national_only,https://stats.mom.gov.sg/iMAS_Tables1/Wages/Wages_2025/mrsd_2025Wages_table1.xlsx,2026-06-30,SG
SG-NAT,Crane operator (on-site),83432,detailed,2998,gross,SGD,monthly,median_gross_monthly_wage,2025,SSOC_2024_DETAILED,national_only,https://stats.mom.gov.sg/iMAS_Tables1/Wages/Wages_2025/mrsd_2025Wages_table1.xlsx,2026-06-30,SG
SG-NAT,Crane/Hoist operator (excluding port),83431,detailed,3808,basic,SGD,monthly,median_basic_monthly_wage,2025,SSOC_2024_DETAILED,national_only,https://stats.mom.gov.sg/iMAS_Tables1/Wages/Wages_2025/mrsd_2025Wages_table1.xlsx,2026-06-30,SG
SG-NAT,Crane/Hoist operator (excluding port),83431,detailed,5194,gross,SGD,monthly,median_gross_monthly_wage,2025,SSOC_2024_DETAILED,national_only,https://stats.mom.gov.sg/iMAS_Tables1/Wages/Wages_2025/mrsd_2025Wages_table1.xlsx,2026-06-30,SG
SG-NAT,Dairy/Confectionery products machine operator,81602,detailed,2255,basic,SGD,monthly,median_basic_monthly_wage,2025,SSOC_2024_DETAILED,national_only,https://stats.mom.gov.sg/iMAS_Tables1/Wages/Wages_2025/mrsd_2025Wages_table1.xlsx,2026-06-30,SG
SG-NAT,Dairy/Confectionery products machine operator,81602,detailed,2617,gross,SGD,monthly,median_gross_monthly_wage,2025,SSOC_2024_DETAILED,national_only,https://stats.mom.gov.sg/iMAS_Tables1/Wages/Wages_2025/mrsd_2025Wages_table1.xlsx,2026-06-30,SG
SG-NAT,Electrical equipment/component assembler,82121,detailed,2402,basic,SGD,monthly,median_basic_monthly_wage,2025,SSOC_2024_DETAILED,national_only,https://stats.mom.gov.sg/iMAS_Tables1/Wages/Wages_2025/mrsd_2025Wages_table1.xlsx,2026-06-30,SG
SG-NAT,Electrical equipment/component assembler,82121,detailed,2572,gross,SGD,monthly,median_gross_monthly_wage,2025,SSOC_2024_DETAILED,national_only,https://stats.mom.gov.sg/iMAS_Tables1/Wages/Wages_2025/mrsd_2025Wages_table1.xlsx,2026-06-30,SG
SG-NAT,Electrical/Electronic products quality checker/tester,82131,detailed,2209,basic,SGD,monthly,median_basic_monthly_wage,2025,SSOC_2024_DETAILED,national_only,https://stats.mom.gov.sg/iMAS_Tables1/Wages/Wages_2025/mrsd_2025Wages_table1.xlsx,2026-06-30,SG
SG-NAT,Electrical/Electronic products quality checker/tester,82131,detailed,2325,gross,SGD,monthly,median_gross_monthly_wage,2025,SSOC_2024_DETAILED,national_only,https://stats.mom.gov.sg/iMAS_Tables1/Wages/Wages_2025/mrsd_2025Wages_table1.xlsx,2026-06-30,SG
SG-NAT,Electronic equipment/component assembler,82122,detailed,1769,basic,SGD,monthly,median_basic_monthly_wage,2025,SSOC_2024_DETAILED,national_only,https://stats.mom.gov.sg/iMAS_Tables1/Wages/Wages_2025/mrsd_2025Wages_table1.xlsx,2026-06-30,SG
SG-NAT,Electronic equipment/component assembler,82122,detailed,2121,gross,SGD,monthly,median_gross_monthly_wage,2025,SSOC_2024_DETAILED,national_only,https://stats.mom.gov.sg/iMAS_Tables1/Wages/Wages_2025/mrsd_2025Wages_table1.xlsx,2026-06-30,SG
SG-NAT,Excavating/Trench digging machine operator,83421,detailed,3175,basic,SGD,monthly,median_basic_monthly_wage,2025,SSOC_2024_DETAILED,national_only,https://stats.mom.gov.sg/iMAS_Tables1/Wages/Wages_2025/mrsd_2025Wages_table1.xlsx,2026-06-30,SG
SG-NAT,Excavating/Trench digging machine operator,83421,detailed,3652,gross,SGD,monthly,median_gross_monthly_wage,2025,SSOC_2024_DETAILED,national_only,https://stats.mom.gov.sg/iMAS_Tables1/Wages/Wages_2025/mrsd_2025Wages_table1.xlsx,2026-06-30,SG
SG-NAT,Fork lift truck operator,83441,detailed,2385,basic,SGD,monthly,median_basic_monthly_wage,2025,SSOC_2024_DETAILED,national_only,https://stats.mom.gov.sg/iMAS_Tables1/Wages/Wages_2025/mrsd_2025Wages_table1.xlsx,2026-06-30,SG
SG-NAT,Fork lift truck operator,83441,detailed,2669,gross,SGD,monthly,median_gross_monthly_wage,2025,SSOC_2024_DETAILED,national_only,https://stats.mom.gov.sg/iMAS_Tables1/Wages/Wages_2025/mrsd_2025Wages_table1.xlsx,2026-06-30,SG
SG-NAT,"Laundry/Dry cleaning worker (machine, non-household)",81502,detailed,1700,basic,SGD,monthly,median_basic_monthly_wage,2025,SSOC_2024_DETAILED,national_only,https://stats.mom.gov.sg/iMAS_Tables1/Wages/Wages_2025/mrsd_2025Wages_table1.xlsx,2026-06-30,SG
SG-NAT,"Laundry/Dry cleaning worker (machine, non-household)",81502,detailed,1825,gross,SGD,monthly,median_gross_monthly_wage,2025,SSOC_2024_DETAILED,national_only,https://stats.mom.gov.sg/iMAS_Tables1/Wages/Wages_2025/mrsd_2025Wages_table1.xlsx,2026-06-30,SG
SG-NAT,Lorry driver,83321,detailed,2001,basic,SGD,monthly,median_basic_monthly_wage,2025,SSOC_2024_DETAILED,national_only,https://stats.mom.gov.sg/iMAS_Tables1/Wages/Wages_2025/mrsd_2025Wages_table1.xlsx,2026-06-30,SG
SG-NAT,Lorry driver,83321,detailed,2200,gross,SGD,monthly,median_gross_monthly_wage,2025,SSOC_2024_DETAILED,national_only,https://stats.mom.gov.sg/iMAS_Tables1/Wages/Wages_2025/mrsd_2025Wages_table1.xlsx,2026-06-30,SG
SG-NAT,Mechanical equipment/component assembler,82110,detailed,1700,basic,SGD,monthly,median_basic_monthly_wage,2025,SSOC_2024_DETAILED,national_only,https://stats.mom.gov.sg/iMAS_Tables1/Wages/Wages_2025/mrsd_2025Wages_table1.xlsx,2026-06-30,SG
SG-NAT,Mechanical equipment/component assembler,82110,detailed,1845,gross,SGD,monthly,median_gross_monthly_wage,2025,SSOC_2024_DETAILED,national_only,https://stats.mom.gov.sg/iMAS_Tables1/Wages/Wages_2025/mrsd_2025Wages_table1.xlsx,2026-06-30,SG
SG-NAT,Mechanical products quality checker/tester,82132,detailed,2712,basic,SGD,monthly,median_basic_monthly_wage,2025,SSOC_2024_DETAILED,national_only,https://stats.mom.gov.sg/iMAS_Tables1/Wages/Wages_2025/mrsd_2025Wages_table1.xlsx,2026-06-30,SG
SG-NAT,Mechanical products quality checker/tester,82132,detailed,3396,gross,SGD,monthly,median_gross_monthly_wage,2025,SSOC_2024_DETAILED,national_only,https://stats.mom.gov.sg/iMAS_Tables1/Wages/Wages_2025/mrsd_2025Wages_table1.xlsx,2026-06-30,SG
SG-NAT,Metalworking machine setter-operator,81251,detailed,2242,basic,SGD,monthly,median_basic_monthly_wage,2025,SSOC_2024_DETAILED,national_only,https://stats.mom.gov.sg/iMAS_Tables1/Wages/Wages_2025/mrsd_2025Wages_table1.xlsx,2026-06-30,SG
SG-NAT,Metalworking machine setter-operator,81251,detailed,2718,gross,SGD,monthly,median_gross_monthly_wage,2025,SSOC_2024_DETAILED,national_only,https://stats.mom.gov.sg/iMAS_Tables1/Wages/Wages_2025/mrsd_2025Wages_table1.xlsx,2026-06-30,SG
SG-NAT,Mobile machinery supervisor/general foreman,83000,detailed,2713,basic,SGD,monthly,median_basic_monthly_wage,2025,SSOC_2024_DETAILED,national_only,https://stats.mom.gov.sg/iMAS_Tables1/Wages/Wages_2025/mrsd_2025Wages_table1.xlsx,2026-06-30,SG
SG-NAT,Mobile machinery supervisor/general foreman,83000,detailed,2766,gross,SGD,monthly,median_gross_monthly_wage,2025,SSOC_2024_DETAILED,national_only,https://stats.mom.gov.sg/iMAS_Tables1/Wages/Wages_2025/mrsd_2025Wages_table1.xlsx,2026-06-30,SG
SG-NAT,Motorcycle delivery worker,83211,detailed,1971,basic,SGD,monthly,median_basic_monthly_wage,2025,SSOC_2024_DETAILED,national_only,https://stats.mom.gov.sg/iMAS_Tables1/Wages/Wages_2025/mrsd_2025Wages_table1.xlsx,2026-06-30,SG
SG-NAT,Motorcycle delivery worker,83211,detailed,2181,gross,SGD,monthly,median_gross_monthly_wage,2025,SSOC_2024_DETAILED,national_only,https://stats.mom.gov.sg/iMAS_Tables1/Wages/Wages_2025/mrsd_2025Wages_table1.xlsx,2026-06-30,SG
SG-NAT,Motorised sweeper operator,83491,detailed,2700,basic,SGD,monthly,median_basic_monthly_wage,2025,SSOC_2024_DETAILED,national_only,https://stats.mom.gov.sg/iMAS_Tables1/Wages/Wages_2025/mrsd_2025Wages_table1.xlsx,2026-06-30,SG
SG-NAT,Motorised sweeper operator,83491,detailed,3566,gross,SGD,monthly,median_gross_monthly_wage,2025,SSOC_2024_DETAILED,national_only,https://stats.mom.gov.sg/iMAS_Tables1/Wages/Wages_2025/mrsd_2025Wages_table1.xlsx,2026-06-30,SG
SG-NAT,Packing/Bottling/Labelling machine operator,81830,detailed,1795,basic,SGD,monthly,median_basic_monthly_wage,2025,SSOC_2024_DETAILED,national_only,https://stats.mom.gov.sg/iMAS_Tables1/Wages/Wages_2025/mrsd_2025Wages_table1.xlsx,2026-06-30,SG
SG-NAT,Packing/Bottling/Labelling machine operator,81830,detailed,1988,gross,SGD,monthly,median_gross_monthly_wage,2025,SSOC_2024_DETAILED,national_only,https://stats.mom.gov.sg/iMAS_Tables1/Wages/Wages_2025/mrsd_2025Wages_table1.xlsx,2026-06-30,SG
SG-NAT,Plastic products machine operator,81420,detailed,1490,basic,SGD,monthly,median_basic_monthly_wage,2025,SSOC_2024_DETAILED,national_only,https://stats.mom.gov.sg/iMAS_Tables1/Wages/Wages_2025/mrsd_2025Wages_table1.xlsx,2026-06-30,SG
SG-NAT,Plastic products machine operator,81420,detailed,1624,gross,SGD,monthly,median_gross_monthly_wage,2025,SSOC_2024_DETAILED,national_only,https://stats.mom.gov.sg/iMAS_Tables1/Wages/Wages_2025/mrsd_2025Wages_table1.xlsx,2026-06-30,SG
SG-NAT,Port limit helmsman/steersman/engine driver/tugmaster,83501,detailed,2599,basic,SGD,monthly,median_basic_monthly_wage,2025,SSOC_2024_DETAILED,national_only,https://stats.mom.gov.sg/iMAS_Tables1/Wages/Wages_2025/mrsd_2025Wages_table1.xlsx,2026-06-30,SG
SG-NAT,Port limit helmsman/steersman/engine driver/tugmaster,83501,detailed,3000,gross,SGD,monthly,median_gross_monthly_wage,2025,SSOC_2024_DETAILED,national_only,https://stats.mom.gov.sg/iMAS_Tables1/Wages/Wages_2025/mrsd_2025Wages_table1.xlsx,2026-06-30,SG
SG-NAT,Precision grinding machine setter-operator,81252,detailed,2472,basic,SGD,monthly,median_basic_monthly_wage,2025,SSOC_2024_DETAILED,national_only,https://stats.mom.gov.sg/iMAS_Tables1/Wages/Wages_2025/mrsd_2025Wages_table1.xlsx,2026-06-30,SG
SG-NAT,Precision grinding machine setter-operator,81252,detailed,2784,gross,SGD,monthly,median_gross_monthly_wage,2025,SSOC_2024_DETAILED,national_only,https://stats.mom.gov.sg/iMAS_Tables1/Wages/Wages_2025/mrsd_2025Wages_table1.xlsx,2026-06-30,SG
SG-NAT,Sewing machine operator,81501,detailed,1800,basic,SGD,monthly,median_basic_monthly_wage,2025,SSOC_2024_DETAILED,national_only,https://stats.mom.gov.sg/iMAS_Tables1/Wages/Wages_2025/mrsd_2025Wages_table1.xlsx,2026-06-30,SG
SG-NAT,Sewing machine operator,81501,detailed,1800,gross,SGD,monthly,median_gross_monthly_wage,2025,SSOC_2024_DETAILED,national_only,https://stats.mom.gov.sg/iMAS_Tables1/Wages/Wages_2025/mrsd_2025Wages_table1.xlsx,2026-06-30,SG
SG-NAT,Stationary plant/machine supervisor/general foreman,81000,detailed,3770,basic,SGD,monthly,median_basic_monthly_wage,2025,SSOC_2024_DETAILED,national_only,https://stats.mom.gov.sg/iMAS_Tables1/Wages/Wages_2025/mrsd_2025Wages_table1.xlsx,2026-06-30,SG
SG-NAT,Stationary plant/machine supervisor/general foreman,81000,detailed,4312,gross,SGD,monthly,median_gross_monthly_wage,2025,SSOC_2024_DETAILED,national_only,https://stats.mom.gov.sg/iMAS_Tables1/Wages/Wages_2025/mrsd_2025Wages_table1.xlsx,2026-06-30,SG
SG-NAT,Supervisor/General foreman of assemblers/quality checkers,82000,detailed,3060,basic,SGD,monthly,median_basic_monthly_wage,2025,SSOC_2024_DETAILED,national_only,https://stats.mom.gov.sg/iMAS_Tables1/Wages/Wages_2025/mrsd_2025Wages_table1.xlsx,2026-06-30,SG
SG-NAT,Supervisor/General foreman of assemblers/quality checkers,82000,detailed,3486,gross,SGD,monthly,median_gross_monthly_wage,2025,SSOC_2024_DETAILED,national_only,https://stats.mom.gov.sg/iMAS_Tables1/Wages/Wages_2025/mrsd_2025Wages_table1.xlsx,2026-06-30,SG
SG-NAT,Trailer-truck driver,83322,detailed,2074,basic,SGD,monthly,median_basic_monthly_wage,2025,SSOC_2024_DETAILED,national_only,https://stats.mom.gov.sg/iMAS_Tables1/Wages/Wages_2025/mrsd_2025Wages_table1.xlsx,2026-06-30,SG
SG-NAT,Trailer-truck driver,83322,detailed,3070,gross,SGD,monthly,median_gross_monthly_wage,2025,SSOC_2024_DETAILED,national_only,https://stats.mom.gov.sg/iMAS_Tables1/Wages/Wages_2025/mrsd_2025Wages_table1.xlsx,2026-06-30,SG
SG-NAT,Train operator,83110,detailed,2378,basic,SGD,monthly,median_basic_monthly_wage,2025,SSOC_2024_DETAILED,national_only,https://stats.mom.gov.sg/iMAS_Tables1/Wages/Wages_2025/mrsd_2025Wages_table1.xlsx,2026-06-30,SG
SG-NAT,Train operator,83110,detailed,2875,gross,SGD,monthly,median_gross_monthly_wage,2025,SSOC_2024_DETAILED,national_only,https://stats.mom.gov.sg/iMAS_Tables1/Wages/Wages_2025/mrsd_2025Wages_table1.xlsx,2026-06-30,SG
SG-NAT,Van driver,83223,detailed,2000,basic,SGD,monthly,median_basic_monthly_wage,2025,SSOC_2024_DETAILED,national_only,https://stats.mom.gov.sg/iMAS_Tables1/Wages/Wages_2025/mrsd_2025Wages_table1.xlsx,2026-06-30,SG
SG-NAT,Van driver,83223,detailed,2150,gross,SGD,monthly,median_gross_monthly_wage,2025,SSOC_2024_DETAILED,national_only,https://stats.mom.gov.sg/iMAS_Tables1/Wages/Wages_2025/mrsd_2025Wages_table1.xlsx,2026-06-30,SG
SG-NAT,Waste truck driver,83324,detailed,2810,basic,SGD,monthly,median_basic_monthly_wage,2025,SSOC_2024_DETAILED,national_only,https://stats.mom.gov.sg/iMAS_Tables1/Wages/Wages_2025/mrsd_2025Wages_table1.xlsx,2026-06-30,SG
SG-NAT,Waste truck driver,83324,detailed,4235,gross,SGD,monthly,median_gross_monthly_wage,2025,SSOC_2024_DETAILED,national_only,https://stats.mom.gov.sg/iMAS_Tables1/Wages/Wages_2025/mrsd_2025Wages_table1.xlsx,2026-06-30,SG
SG-NAT,Aircraft cleaner,91292,detailed,1652,basic,SGD,monthly,median_basic_monthly_wage,2025,SSOC_2024_DETAILED,national_only,https://stats.mom.gov.sg/iMAS_Tables1/Wages/Wages_2025/mrsd_2025Wages_table1.xlsx,2026-06-30,SG
SG-NAT,Aircraft cleaner,91292,detailed,2848,gross,SGD,monthly,median_gross_monthly_wage,2025,SSOC_2024_DETAILED,national_only,https://stats.mom.gov.sg/iMAS_Tables1/Wages/Wages_2025/mrsd_2025Wages_table1.xlsx,2026-06-30,SG
SG-NAT,Aircraft loader,93333,detailed,2000,basic,SGD,monthly,median_basic_monthly_wage,2025,SSOC_2024_DETAILED,national_only,https://stats.mom.gov.sg/iMAS_Tables1/Wages/Wages_2025/mrsd_2025Wages_table1.xlsx,2026-06-30,SG
SG-NAT,Aircraft loader,93333,detailed,2003,gross,SGD,monthly,median_gross_monthly_wage,2025,SSOC_2024_DETAILED,national_only,https://stats.mom.gov.sg/iMAS_Tables1/Wages/Wages_2025/mrsd_2025Wages_table1.xlsx,2026-06-30,SG
SG-NAT,Bellboy/Hotel porter,96212,detailed,2174,basic,SGD,monthly,median_basic_monthly_wage,2025,SSOC_2024_DETAILED,national_only,https://stats.mom.gov.sg/iMAS_Tables1/Wages/Wages_2025/mrsd_2025Wages_table1.xlsx,2026-06-30,SG
SG-NAT,Bellboy/Hotel porter,96212,detailed,2377,gross,SGD,monthly,median_gross_monthly_wage,2025,SSOC_2024_DETAILED,national_only,https://stats.mom.gov.sg/iMAS_Tables1/Wages/Wages_2025/mrsd_2025Wages_table1.xlsx,2026-06-30,SG
SG-NAT,Building caretaker,96261,detailed,2468,basic,SGD,monthly,median_basic_monthly_wage,2025,SSOC_2024_DETAILED,national_only,https://stats.mom.gov.sg/iMAS_Tables1/Wages/Wages_2025/mrsd_2025Wages_table1.xlsx,2026-06-30,SG
SG-NAT,Building caretaker,96261,detailed,2483,gross,SGD,monthly,median_gross_monthly_wage,2025,SSOC_2024_DETAILED,national_only,https://stats.mom.gov.sg/iMAS_Tables1/Wages/Wages_2025/mrsd_2025Wages_table1.xlsx,2026-06-30,SG
SG-NAT,Bus attendant,96256,detailed,1576,basic,SGD,monthly,median_basic_monthly_wage,2025,SSOC_2024_DETAILED,national_only,https://stats.mom.gov.sg/iMAS_Tables1/Wages/Wages_2025/mrsd_2025Wages_table1.xlsx,2026-06-30,SG
SG-NAT,Bus attendant,96256,detailed,1600,gross,SGD,monthly,median_gross_monthly_wage,2025,SSOC_2024_DETAILED,national_only,https://stats.mom.gov.sg/iMAS_Tables1/Wages/Wages_2025/mrsd_2025Wages_table1.xlsx,2026-06-30,SG
SG-NAT,Car park attendant,96254,detailed,1667,basic,SGD,monthly,median_basic_monthly_wage,2025,SSOC_2024_DETAILED,national_only,https://stats.mom.gov.sg/iMAS_Tables1/Wages/Wages_2025/mrsd_2025Wages_table1.xlsx,2026-06-30,SG
SG-NAT,Car park attendant,96254,detailed,1783,gross,SGD,monthly,median_gross_monthly_wage,2025,SSOC_2024_DETAILED,national_only,https://stats.mom.gov.sg/iMAS_Tables1/Wages/Wages_2025/mrsd_2025Wages_table1.xlsx,2026-06-30,SG
SG-NAT,Civil engineering/Building construction labourer,93100,detailed,1600,basic,SGD,monthly,median_basic_monthly_wage,2025,SSOC_2024_DETAILED,national_only,https://stats.mom.gov.sg/iMAS_Tables1/Wages/Wages_2025/mrsd_2025Wages_table1.xlsx,2026-06-30,SG
SG-NAT,Civil engineering/Building construction labourer,93100,detailed,1600,gross,SGD,monthly,median_gross_monthly_wage,2025,SSOC_2024_DETAILED,national_only,https://stats.mom.gov.sg/iMAS_Tables1/Wages/Wages_2025/mrsd_2025Wages_table1.xlsx,2026-06-30,SG
SG-NAT,Cleaning supervisor,91000,detailed,2048,basic,SGD,monthly,median_basic_monthly_wage,2025,SSOC_2024_DETAILED,national_only,https://stats.mom.gov.sg/iMAS_Tables1/Wages/Wages_2025/mrsd_2025Wages_table1.xlsx,2026-06-30,SG
SG-NAT,Cleaning supervisor,91000,detailed,2129,gross,SGD,monthly,median_gross_monthly_wage,2025,SSOC_2024_DETAILED,national_only,https://stats.mom.gov.sg/iMAS_Tables1/Wages/Wages_2025/mrsd_2025Wages_table1.xlsx,2026-06-30,SG
SG-NAT,Concierge (hotel),96272,detailed,3123,basic,SGD,monthly,median_basic_monthly_wage,2025,SSOC_2024_DETAILED,national_only,https://stats.mom.gov.sg/iMAS_Tables1/Wages/Wages_2025/mrsd_2025Wages_table1.xlsx,2026-06-30,SG
SG-NAT,Concierge (hotel),96272,detailed,3222,gross,SGD,monthly,median_gross_monthly_wage,2025,SSOC_2024_DETAILED,national_only,https://stats.mom.gov.sg/iMAS_Tables1/Wages/Wages_2025/mrsd_2025Wages_table1.xlsx,2026-06-30,SG
SG-NAT,Dishwasher,91153,detailed,1600,basic,SGD,monthly,median_basic_monthly_wage,2025,SSOC_2024_DETAILED,national_only,https://stats.mom.gov.sg/iMAS_Tables1/Wages/Wages_2025/mrsd_2025Wages_table1.xlsx,2026-06-30,SG
SG-NAT,Dishwasher,91153,detailed,1600,gross,SGD,monthly,median_gross_monthly_wage,2025,SSOC_2024_DETAILED,national_only,https://stats.mom.gov.sg/iMAS_Tables1/Wages/Wages_2025/mrsd_2025Wages_table1.xlsx,2026-06-30,SG
SG-NAT,Fast food preparer,94103,detailed,1901,basic,SGD,monthly,median_basic_monthly_wage,2025,SSOC_2024_DETAILED,national_only,https://stats.mom.gov.sg/iMAS_Tables1/Wages/Wages_2025/mrsd_2025Wages_table1.xlsx,2026-06-30,SG
SG-NAT,Fast food preparer,94103,detailed,2420,gross,SGD,monthly,median_gross_monthly_wage,2025,SSOC_2024_DETAILED,national_only,https://stats.mom.gov.sg/iMAS_Tables1/Wages/Wages_2025/mrsd_2025Wages_table1.xlsx,2026-06-30,SG
SG-NAT,Food and beverage establishment general cleaner,91151,detailed,1600,basic,SGD,monthly,median_basic_monthly_wage,2025,SSOC_2024_DETAILED,national_only,https://stats.mom.gov.sg/iMAS_Tables1/Wages/Wages_2025/mrsd_2025Wages_table1.xlsx,2026-06-30,SG
SG-NAT,Food and beverage establishment general cleaner,91151,detailed,1600,gross,SGD,monthly,median_gross_monthly_wage,2025,SSOC_2024_DETAILED,national_only,https://stats.mom.gov.sg/iMAS_Tables1/Wages/Wages_2025/mrsd_2025Wages_table1.xlsx,2026-06-30,SG
SG-NAT,Food/Drink stall assistant,94102,detailed,1600,basic,SGD,monthly,median_basic_monthly_wage,2025,SSOC_2024_DETAILED,national_only,https://stats.mom.gov.sg/iMAS_Tables1/Wages/Wages_2025/mrsd_2025Wages_table1.xlsx,2026-06-30,SG
SG-NAT,Food/Drink stall assistant,94102,detailed,1600,gross,SGD,monthly,median_gross_monthly_wage,2025,SSOC_2024_DETAILED,national_only,https://stats.mom.gov.sg/iMAS_Tables1/Wages/Wages_2025/mrsd_2025Wages_table1.xlsx,2026-06-30,SG
SG-NAT,General waste collection/recycling/material recovery worker,96101,detailed,2320,basic,SGD,monthly,median_basic_monthly_wage,2025,SSOC_2024_DETAILED,national_only,https://stats.mom.gov.sg/iMAS_Tables1/Wages/Wages_2025/mrsd_2025Wages_table1.xlsx,2026-06-30,SG
SG-NAT,General waste collection/recycling/material recovery worker,96101,detailed,2691,gross,SGD,monthly,median_gross_monthly_wage,2025,SSOC_2024_DETAILED,national_only,https://stats.mom.gov.sg/iMAS_Tables1/Wages/Wages_2025/mrsd_2025Wages_table1.xlsx,2026-06-30,SG
SG-NAT,Hand launderer/presser (non-household),91210,detailed,1600,basic,SGD,monthly,median_basic_monthly_wage,2025,SSOC_2024_DETAILED,national_only,https://stats.mom.gov.sg/iMAS_Tables1/Wages/Wages_2025/mrsd_2025Wages_table1.xlsx,2026-06-30,SG
SG-NAT,Hand launderer/presser (non-household),91210,detailed,1600,gross,SGD,monthly,median_gross_monthly_wage,2025,SSOC_2024_DETAILED,national_only,https://stats.mom.gov.sg/iMAS_Tables1/Wages/Wages_2025/mrsd_2025Wages_table1.xlsx,2026-06-30,SG
SG-NAT,Hand packer,93201,detailed,1610,basic,SGD,monthly,median_basic_monthly_wage,2025,SSOC_2024_DETAILED,national_only,https://stats.mom.gov.sg/iMAS_Tables1/Wages/Wages_2025/mrsd_2025Wages_table1.xlsx,2026-06-30,SG
SG-NAT,Hand packer,93201,detailed,1630,gross,SGD,monthly,median_gross_monthly_wage,2025,SSOC_2024_DETAILED,national_only,https://stats.mom.gov.sg/iMAS_Tables1/Wages/Wages_2025/mrsd_2025Wages_table1.xlsx,2026-06-30,SG
SG-NAT,Hospital/Clinic attendant,96253,detailed,1300,basic,SGD,monthly,median_basic_monthly_wage,2025,SSOC_2024_DETAILED,national_only,https://stats.mom.gov.sg/iMAS_Tables1/Wages/Wages_2025/mrsd_2025Wages_table1.xlsx,2026-06-30,SG
SG-NAT,Hospital/Clinic attendant,96253,detailed,1700,gross,SGD,monthly,median_gross_monthly_wage,2025,SSOC_2024_DETAILED,national_only,https://stats.mom.gov.sg/iMAS_Tables1/Wages/Wages_2025/mrsd_2025Wages_table1.xlsx,2026-06-30,SG
SG-NAT,Hotel cleaner,91122,detailed,2030,basic,SGD,monthly,median_basic_monthly_wage,2025,SSOC_2024_DETAILED,national_only,https://stats.mom.gov.sg/iMAS_Tables1/Wages/Wages_2025/mrsd_2025Wages_table1.xlsx,2026-06-30,SG
SG-NAT,Hotel cleaner,91122,detailed,2093,gross,SGD,monthly,median_gross_monthly_wage,2025,SSOC_2024_DETAILED,national_only,https://stats.mom.gov.sg/iMAS_Tables1/Wages/Wages_2025/mrsd_2025Wages_table1.xlsx,2026-06-30,SG
SG-NAT,Housekeeping/Linen room attendant,91121,detailed,2010,basic,SGD,monthly,median_basic_monthly_wage,2025,SSOC_2024_DETAILED,national_only,https://stats.mom.gov.sg/iMAS_Tables1/Wages/Wages_2025/mrsd_2025Wages_table1.xlsx,2026-06-30,SG
SG-NAT,Housekeeping/Linen room attendant,91121,detailed,2110,gross,SGD,monthly,median_gross_monthly_wage,2025,SSOC_2024_DETAILED,national_only,https://stats.mom.gov.sg/iMAS_Tables1/Wages/Wages_2025/mrsd_2025Wages_table1.xlsx,2026-06-30,SG
SG-NAT,Kitchen assistant,94101,detailed,1600,basic,SGD,monthly,median_basic_monthly_wage,2025,SSOC_2024_DETAILED,national_only,https://stats.mom.gov.sg/iMAS_Tables1/Wages/Wages_2025/mrsd_2025Wages_table1.xlsx,2026-06-30,SG
SG-NAT,Kitchen assistant,94101,detailed,1620,gross,SGD,monthly,median_gross_monthly_wage,2025,SSOC_2024_DETAILED,national_only,https://stats.mom.gov.sg/iMAS_Tables1/Wages/Wages_2025/mrsd_2025Wages_table1.xlsx,2026-06-30,SG
SG-NAT,Laboratory attendant,96252,detailed,2303,basic,SGD,monthly,median_basic_monthly_wage,2025,SSOC_2024_DETAILED,national_only,https://stats.mom.gov.sg/iMAS_Tables1/Wages/Wages_2025/mrsd_2025Wages_table1.xlsx,2026-06-30,SG
SG-NAT,Laboratory attendant,96252,detailed,2346,gross,SGD,monthly,median_gross_monthly_wage,2025,SSOC_2024_DETAILED,national_only,https://stats.mom.gov.sg/iMAS_Tables1/Wages/Wages_2025/mrsd_2025Wages_table1.xlsx,2026-06-30,SG
SG-NAT,Landscape worker,92142,detailed,1850,basic,SGD,monthly,median_basic_monthly_wage,2025,SSOC_2024_DETAILED,national_only,https://stats.mom.gov.sg/iMAS_Tables1/Wages/Wages_2025/mrsd_2025Wages_table1.xlsx,2026-06-30,SG
SG-NAT,Landscape worker,92142,detailed,1865,gross,SGD,monthly,median_gross_monthly_wage,2025,SSOC_2024_DETAILED,national_only,https://stats.mom.gov.sg/iMAS_Tables1/Wages/Wages_2025/mrsd_2025Wages_table1.xlsx,2026-06-30,SG
SG-NAT,Motor vehicle cleaner/polisher,91220,detailed,2700,basic,SGD,monthly,median_basic_monthly_wage,2025,SSOC_2024_DETAILED,national_only,https://stats.mom.gov.sg/iMAS_Tables1/Wages/Wages_2025/mrsd_2025Wages_table1.xlsx,2026-06-30,SG
SG-NAT,Motor vehicle cleaner/polisher,91220,detailed,3660,gross,SGD,monthly,median_gross_monthly_wage,2025,SSOC_2024_DETAILED,national_only,https://stats.mom.gov.sg/iMAS_Tables1/Wages/Wages_2025/mrsd_2025Wages_table1.xlsx,2026-06-30,SG
SG-NAT,Mover,93336,detailed,2108,basic,SGD,monthly,median_basic_monthly_wage,2025,SSOC_2024_DETAILED,national_only,https://stats.mom.gov.sg/iMAS_Tables1/Wages/Wages_2025/mrsd_2025Wages_table1.xlsx,2026-06-30,SG
SG-NAT,Mover,93336,detailed,2183,gross,SGD,monthly,median_gross_monthly_wage,2025,SSOC_2024_DETAILED,national_only,https://stats.mom.gov.sg/iMAS_Tables1/Wages/Wages_2025/mrsd_2025Wages_table1.xlsx,2026-06-30,SG
SG-NAT,Odd job person,96293,detailed,1600,basic,SGD,monthly,median_basic_monthly_wage,2025,SSOC_2024_DETAILED,national_only,https://stats.mom.gov.sg/iMAS_Tables1/Wages/Wages_2025/mrsd_2025Wages_table1.xlsx,2026-06-30,SG
SG-NAT,Odd job person,96293,detailed,1600,gross,SGD,monthly,median_gross_monthly_wage,2025,SSOC_2024_DETAILED,national_only,https://stats.mom.gov.sg/iMAS_Tables1/Wages/Wages_2025/mrsd_2025Wages_table1.xlsx,2026-06-30,SG
SG-NAT,Office/Commercial/Industrial establishment indoor cleaner,91131,detailed,1740,basic,SGD,monthly,median_basic_monthly_wage,2025,SSOC_2024_DETAILED,national_only,https://stats.mom.gov.sg/iMAS_Tables1/Wages/Wages_2025/mrsd_2025Wages_table1.xlsx,2026-06-30,SG
SG-NAT,Office/Commercial/Industrial establishment indoor cleaner,91131,detailed,1820,gross,SGD,monthly,median_gross_monthly_wage,2025,SSOC_2024_DETAILED,national_only,https://stats.mom.gov.sg/iMAS_Tables1/Wages/Wages_2025/mrsd_2025Wages_table1.xlsx,2026-06-30,SG
SG-NAT,Office/Commercial/Industrial establishment multi-skilled cleaner cum machine operator,91133,detailed,2157,basic,SGD,monthly,median_basic_monthly_wage,2025,SSOC_2024_DETAILED,national_only,https://stats.mom.gov.sg/iMAS_Tables1/Wages/Wages_2025/mrsd_2025Wages_table1.xlsx,2026-06-30,SG
SG-NAT,Office/Commercial/Industrial establishment multi-skilled cleaner cum machine operator,91133,detailed,2307,gross,SGD,monthly,median_gross_monthly_wage,2025,SSOC_2024_DETAILED,national_only,https://stats.mom.gov.sg/iMAS_Tables1/Wages/Wages_2025/mrsd_2025Wages_table1.xlsx,2026-06-30,SG
SG-NAT,Office/Commercial/Industrial establishment outdoor cleaner,91132,detailed,2060,basic,SGD,monthly,median_basic_monthly_wage,2025,SSOC_2024_DETAILED,national_only,https://stats.mom.gov.sg/iMAS_Tables1/Wages/Wages_2025/mrsd_2025Wages_table1.xlsx,2026-06-30,SG
SG-NAT,Office/Commercial/Industrial establishment outdoor cleaner,91132,detailed,2218,gross,SGD,monthly,median_gross_monthly_wage,2025,SSOC_2024_DETAILED,national_only,https://stats.mom.gov.sg/iMAS_Tables1/Wages/Wages_2025/mrsd_2025Wages_table1.xlsx,2026-06-30,SG
SG-NAT,Office/Library attendant,96251,detailed,3087,basic,SGD,monthly,median_basic_monthly_wage,2025,SSOC_2024_DETAILED,national_only,https://stats.mom.gov.sg/iMAS_Tables1/Wages/Wages_2025/mrsd_2025Wages_table1.xlsx,2026-06-30,SG
SG-NAT,Office/Library attendant,96251,detailed,3100,gross,SGD,monthly,median_gross_monthly_wage,2025,SSOC_2024_DETAILED,national_only,https://stats.mom.gov.sg/iMAS_Tables1/Wages/Wages_2025/mrsd_2025Wages_table1.xlsx,2026-06-30,SG
SG-NAT,Residential/Open areas general cleaner,91161,detailed,1740,basic,SGD,monthly,median_basic_monthly_wage,2025,SSOC_2024_DETAILED,national_only,https://stats.mom.gov.sg/iMAS_Tables1/Wages/Wages_2025/mrsd_2025Wages_table1.xlsx,2026-06-30,SG
SG-NAT,Residential/Open areas general cleaner,91161,detailed,1850,gross,SGD,monthly,median_gross_monthly_wage,2025,SSOC_2024_DETAILED,national_only,https://stats.mom.gov.sg/iMAS_Tables1/Wages/Wages_2025/mrsd_2025Wages_table1.xlsx,2026-06-30,SG
SG-NAT,Residential/Open areas multi-skilled cleaner cum machine operator,91162,detailed,2270,basic,SGD,monthly,median_basic_monthly_wage,2025,SSOC_2024_DETAILED,national_only,https://stats.mom.gov.sg/iMAS_Tables1/Wages/Wages_2025/mrsd_2025Wages_table1.xlsx,2026-06-30,SG
SG-NAT,Residential/Open areas multi-skilled cleaner cum machine operator,91162,detailed,2323,gross,SGD,monthly,median_gross_monthly_wage,2025,SSOC_2024_DETAILED,national_only,https://stats.mom.gov.sg/iMAS_Tables1/Wages/Wages_2025/mrsd_2025Wages_table1.xlsx,2026-06-30,SG
SG-NAT,Restroom attendant,96257,detailed,2300,basic,SGD,monthly,median_basic_monthly_wage,2025,SSOC_2024_DETAILED,national_only,https://stats.mom.gov.sg/iMAS_Tables1/Wages/Wages_2025/mrsd_2025Wages_table1.xlsx,2026-06-30,SG
SG-NAT,Restroom attendant,96257,detailed,2325,gross,SGD,monthly,median_gross_monthly_wage,2025,SSOC_2024_DETAILED,national_only,https://stats.mom.gov.sg/iMAS_Tables1/Wages/Wages_2025/mrsd_2025Wages_table1.xlsx,2026-06-30,SG
SG-NAT,Sports/Recreational attendant,96255,detailed,1853,basic,SGD,monthly,median_basic_monthly_wage,2025,SSOC_2024_DETAILED,national_only,https://stats.mom.gov.sg/iMAS_Tables1/Wages/Wages_2025/mrsd_2025Wages_table1.xlsx,2026-06-30,SG
SG-NAT,Sports/Recreational attendant,96255,detailed,1904,gross,SGD,monthly,median_gross_monthly_wage,2025,SSOC_2024_DETAILED,national_only,https://stats.mom.gov.sg/iMAS_Tables1/Wages/Wages_2025/mrsd_2025Wages_table1.xlsx,2026-06-30,SG
SG-NAT,Table-top cleaner,91152,detailed,1683,basic,SGD,monthly,median_basic_monthly_wage,2025,SSOC_2024_DETAILED,national_only,https://stats.mom.gov.sg/iMAS_Tables1/Wages/Wages_2025/mrsd_2025Wages_table1.xlsx,2026-06-30,SG
SG-NAT,Table-top cleaner,91152,detailed,1800,gross,SGD,monthly,median_gross_monthly_wage,2025,SSOC_2024_DETAILED,national_only,https://stats.mom.gov.sg/iMAS_Tables1/Wages/Wages_2025/mrsd_2025Wages_table1.xlsx,2026-06-30,SG
SG-NAT,"Tea server/steward (excluding bartender, barista and food/drink stall assistant)",94104,detailed,1764,basic,SGD,monthly,median_basic_monthly_wage,2025,SSOC_2024_DETAILED,national_only,https://stats.mom.gov.sg/iMAS_Tables1/Wages/Wages_2025/mrsd_2025Wages_table1.xlsx,2026-06-30,SG
SG-NAT,"Tea server/steward (excluding bartender, barista and food/drink stall assistant)",94104,detailed,1800,gross,SGD,monthly,median_gross_monthly_wage,2025,SSOC_2024_DETAILED,national_only,https://stats.mom.gov.sg/iMAS_Tables1/Wages/Wages_2025/mrsd_2025Wages_table1.xlsx,2026-06-30,SG
SG-NAT,Tree worker/technician,92141,detailed,2170,basic,SGD,monthly,median_basic_monthly_wage,2025,SSOC_2024_DETAILED,national_only,https://stats.mom.gov.sg/iMAS_Tables1/Wages/Wages_2025/mrsd_2025Wages_table1.xlsx,2026-06-30,SG
SG-NAT,Tree worker/technician,92141,detailed,2200,gross,SGD,monthly,median_gross_monthly_wage,2025,SSOC_2024_DETAILED,national_only,https://stats.mom.gov.sg/iMAS_Tables1/Wages/Wages_2025/mrsd_2025Wages_table1.xlsx,2026-06-30,SG
SG-NAT,Vehicle attendant,93335,detailed,1759,basic,SGD,monthly,median_basic_monthly_wage,2025,SSOC_2024_DETAILED,national_only,https://stats.mom.gov.sg/iMAS_Tables1/Wages/Wages_2025/mrsd_2025Wages_table1.xlsx,2026-06-30,SG
SG-NAT,Vehicle attendant,93335,detailed,2000,gross,SGD,monthly,median_gross_monthly_wage,2025,SSOC_2024_DETAILED,national_only,https://stats.mom.gov.sg/iMAS_Tables1/Wages/Wages_2025/mrsd_2025Wages_table1.xlsx,2026-06-30,SG
SG-NAT,Warehouse worker,93334,detailed,2369,basic,SGD,monthly,median_basic_monthly_wage,2025,SSOC_2024_DETAILED,national_only,https://stats.mom.gov.sg/iMAS_Tables1/Wages/Wages_2025/mrsd_2025Wages_table1.xlsx,2026-06-30,SG
SG-NAT,Warehouse worker,93334,detailed,2526,gross,SGD,monthly,median_gross_monthly_wage,2025,SSOC_2024_DETAILED,national_only,https://stats.mom.gov.sg/iMAS_Tables1/Wages/Wages_2025/mrsd_2025Wages_table1.xlsx,2026-06-30,SG
SG-NAT,Waste collection/recycling/material recovery supervisor,96000,detailed,4140,basic,SGD,monthly,median_basic_monthly_wage,2025,SSOC_2024_DETAILED,national_only,https://stats.mom.gov.sg/iMAS_Tables1/Wages/Wages_2025/mrsd_2025Wages_table1.xlsx,2026-06-30,SG
SG-NAT,Waste collection/recycling/material recovery supervisor,96000,detailed,4300,gross,SGD,monthly,median_gross_monthly_wage,2025,SSOC_2024_DETAILED,national_only,https://stats.mom.gov.sg/iMAS_Tables1/Wages/Wages_2025/mrsd_2025Wages_table1.xlsx,2026-06-30,SG
SG-NAT,Waste recycling sorter,96102,detailed,2341,basic,SGD,monthly,median_basic_monthly_wage,2025,SSOC_2024_DETAILED,national_only,https://stats.mom.gov.sg/iMAS_Tables1/Wages/Wages_2025/mrsd_2025Wages_table1.xlsx,2026-06-30,SG
SG-NAT,Waste recycling sorter,96102,detailed,2455,gross,SGD,monthly,median_gross_monthly_wage,2025,SSOC_2024_DETAILED,national_only,https://stats.mom.gov.sg/iMAS_Tables1/Wages/Wages_2025/mrsd_2025Wages_table1.xlsx,2026-06-30,SG
